{"metrics": {"ACC": 49.65034965034965, "F1": 37.478045430015214}, "predictions": [1, 1, 1, 1, 1, 1, 1, 1, 1, 1, 1, 0, 2, 0, 0, 1, 3, 0, 1, 0, 1, 1, 0, 2, 2, 1, 1, 1, 2, 1, 0, 1, 2, 2, 2, 1, 1, 2, 2, 2, 2, 0, 0, 0, 0, 2, 2, 1, 2, 1, 0, 1, 1, 1, 2, 1, 0, 1, 2, 0, 0, 1, 3, 1, 1, 2, 0, 0, 0, 2, 1, 2, 2, 2, 2, 2, 0, 0, 0, 1, 1, 0, 0, 1, 1, 1, 1, 1, 2, 2, 2, 2, 2, 1, 2, 2, 2, 2, 2, 2, 2, 0, 1, 1, 1, 1, 1, 1, 1, 0, 0, 1, 1, 0, 1, 1, 2, 1, 0, 0, 1, 1, 1, 2, 1, 2, 2, 1, 0, 1, 0, 0, 2, 0, 0, 0, 0, 0, 0, 1, 1, 0, 1], "uids": ["0", "1", "2", "3", "4", "5", "6", "7", "8", "9", "10", "11", "12", "13", "14", "15", "16", "17", "18", "19", "20", "21", "22", "23", "24", "25", "26", "27", "28", "29", "30", "31", "32", "33", "34", "35", "36", "37", "38", "39", "40", "41", "42", "43", "44", "45", "46", "47", "48", "49", "50", "51", "52", "53", "54", "55", "56", "57", "58", "59", "60", "61", "62", "63", "64", "65", "66", "67", "68", "69", "70", "71", "72", "73", "74", "75", "76", "77", "78", "79", "80", "81", "82", "83", "84", "85", "86", "87", "88", "89", "90", "91", "92", "93", "94", "95", "96", "97", "98", "99", "100", "101", "102", "103", "104", "105", "106", "107", "108", "109", "110", "111", "112", "113", "114", "115", "116", "117", "118", "119", "120", "121", "122", "123", "124", "125", "126", "127", "128", "129", "130", "131", "132", "133", "134", "135", "136", "137", "138", "139", "140", "141", "142"], "scores": [0.014315602369606495, 0.8784177303314209, 0.10112322866916656, 0.00614343024790287, 0.003597814356908202, 0.9882764220237732, 0.00536105502396822, 0.0027646911330521107, 0.0029261510353535414, 0.9880378246307373, 0.004081848543137312, 0.00495411129668355, 0.0010423893108963966, 0.9919987320899963, 0.004822203423827887, 0.002136689145117998, 0.01606440357863903, 0.9708889722824097, 0.009540949016809464, 0.0035056169144809246, 0.024341871961951256, 0.9598309993743896, 0.009509624913334846, 0.006317485123872757, 0.001838164054788649, 0.9811665415763855, 0.015778258442878723, 0.0012170058907940984, 0.015038899146020412, 0.8666872978210449, 0.11687585711479187, 0.0013979899231344461, 0.002964385785162449, 0.49810296297073364, 0.4933132827281952, 0.005619394592940807, 0.3446921408176422, 0.5522382259368896, 0.09936478734016418, 0.0037048193626105785, 0.08508645743131638, 0.8903622031211853, 0.02259603515267372, 0.001955323154106736, 0.7949112057685852, 0.06069227680563927, 0.13211072981357574, 0.012285761535167694, 0.04022585228085518, 0.09999746829271317, 0.8496873378753662, 0.010089338757097721, 0.9384345412254333, 0.005219171289354563, 0.036738865077495575, 0.019607489928603172, 0.7507997751235962, 0.23418889939785004, 0.007822091691195965, 0.007189285475760698, 0.252023309469223, 0.4524632394313812, 0.2616947591304779, 0.033818669617176056, 0.17915301024913788, 0.3101390302181244, 0.15289108455181122, 0.3578169047832489, 0.9588508009910583, 0.0030332475434988737, 0.005350126419216394, 0.03276573866605759, 0.05966099351644516, 0.5092971324920654, 0.38601797819137573, 0.045023925602436066, 0.990537703037262, 0.0005982642178423703, 0.0034003553446382284, 0.005463597364723682, 0.0010954393073916435, 0.9907428622245789, 0.0065134004689753056, 0.0016483351355418563, 0.0014859030488878489, 0.9927603006362915, 0.0034894521813839674, 0.0022643341217190027, 0.9850146174430847, 0.00458178948611021, 0.0015806464944034815, 0.00882287509739399, 0.05254390835762024, 0.00835991557687521, 0.93419349193573, 0.004902692977339029, 0.3095366060733795, 0.008196843788027763, 0.6750267744064331, 0.007239772938191891, 0.0012033096281811595, 0.9610182046890259, 0.03527800366282463, 0.0025004518683999777, 0.0008359022904187441, 0.9928801655769348, 0.0041296822018921375, 0.002154301619157195, 0.004121983423829079, 0.9070794582366943, 0.08440142869949341, 0.004397079814225435, 0.039682142436504364, 0.010731003247201443, 0.9348748922348022, 0.014711938798427582, 0.09639500826597214, 0.8795563578605652, 0.020086832344532013, 0.00396175729110837, 0.984689474105835, 0.0010369428200647235, 0.0033496555406600237, 0.010923941619694233, 0.005486262496560812, 0.9886019825935364, 0.004947407636791468, 0.0009644036763347685, 0.0016824486665427685, 0.12692604959011078, 0.8651461005210876, 0.006245444994419813, 0.0015059317229315639, 0.14006702601909637, 0.8521178960800171, 0.00630915816873312, 0.001645269338041544, 0.006095418240875006, 0.9843893647193909, 0.007870001718401909, 0.001870458130724728, 0.8399930000305176, 0.1557304412126541, 0.0024061347357928753, 0.0010283300653100014, 0.9848169684410095, 0.01281465869396925, 0.0013401652686297894, 0.0941723957657814, 0.06444520503282547, 0.8217163681983948, 0.01966612972319126, 0.2663593292236328, 0.13464133441448212, 0.568871021270752, 0.030128343030810356, 0.09300690144300461, 0.04644230753183365, 0.8563312292098999, 0.004219536203891039, 0.2765957713127136, 0.13941963016986847, 0.5792355537414551, 0.004749060608446598, 0.9775288105010986, 0.0022568744607269764, 0.004588430747389793, 0.015625901520252228, 0.7812459468841553, 0.19739565253257751, 0.005322474520653486, 0.016035862267017365, 0.8994133472442627, 0.004146565683186054, 0.004749690648168325, 0.09169042110443115, 0.8801485896110535, 0.07600714266300201, 0.0028404819313436747, 0.04100387543439865, 0.12573520839214325, 0.011246247217059135, 0.8476625680923462, 0.015355927869677544, 0.1423066109418869, 0.018831701949238777, 0.8168020844459534, 0.022059613838791847, 0.0058431015349924564, 0.9893173575401306, 0.0033012263011187315, 0.0015382413985207677, 0.0037705267313867807, 0.10093246400356293, 0.8878070116043091, 0.007490053307265043, 0.0037440790329128504, 0.9876911640167236, 0.0054230717942118645, 0.0031416593119502068, 0.8406094908714294, 0.019613955169916153, 0.13087671995162964, 0.008899684064090252, 0.3637562394142151, 0.6221945285797119, 0.011081655509769917, 0.002967613050714135, 0.21853220462799072, 0.7320310473442078, 0.04724959656596184, 0.002187123289331794, 0.021773623302578926, 0.9201054573059082, 0.05559356510639191, 0.0025274150539189577, 0.008384290151298046, 0.023791752755641937, 0.964459240436554, 0.003364661242812872, 0.005716569721698761, 0.979688823223114, 0.011806819587945938, 0.002787856850773096, 0.46383485198020935, 0.4152248501777649, 0.1157013326883316, 0.005238922778517008, 0.010851100087165833, 0.9684978127479553, 0.014341302216053009, 0.00630979984998703, 0.05600321665406227, 0.002014713129028678, 0.8658231496810913, 0.07615891098976135, 0.6735526919364929, 0.0018198636826127768, 0.22742891311645508, 0.09719854593276978, 0.9883133172988892, 0.002076591830700636, 0.0034684590063989162, 0.006141570396721363, 0.07234223186969757, 0.9099563956260681, 0.003932042513042688, 0.013769274577498436, 0.10005027800798416, 0.4160090386867523, 0.03726372867822647, 0.44667693972587585, 0.014366372488439083, 0.8743566870689392, 0.1024264544248581, 0.008850489743053913, 0.23551346361637115, 0.7277122139930725, 0.02756352908909321, 0.009210800752043724, 0.06779129058122635, 0.1451704055070877, 0.7719194889068604, 0.01511874608695507, 0.5527111291885376, 0.021377701312303543, 0.3984200358390808, 0.027491072192788124, 0.9501869678497314, 0.0023743847850710154, 0.02984520047903061, 0.01759341172873974, 0.9336659908294678, 0.011201117187738419, 0.03983014449477196, 0.015302792191505432, 0.0048106517642736435, 0.0030197123996913433, 0.9877249598503113, 0.00444469228386879, 0.007171479985117912, 0.7827250361442566, 0.19225357472896576, 0.017849905416369438, 0.0051807016134262085, 0.005160304717719555, 0.9682776927947998, 0.02138129621744156, 0.015484056435525417, 0.06017017364501953, 0.9176262617111206, 0.006719440687447786, 0.010468093678355217, 0.09701652079820633, 0.8817036747932434, 0.01081175822764635, 0.003773608012124896, 0.004209381062537432, 0.9879535436630249, 0.004063429310917854, 0.02176513709127903, 0.028825722634792328, 0.944299578666687, 0.005109566729515791, 0.9838756918907166, 0.008855374529957771, 0.0021725359838455915, 0.005096407141536474, 0.9046658277511597,