{"metrics": {"ACC": 53.14685314685315, "F1": 39.91073525957247}, "predictions": [1, 1, 1, 1, 1, 1, 1, 2, 2, 0, 1, 0, 2, 0, 0, 0, 0, 0, 1, 0, 1, 1, 0, 2, 2, 1, 1, 1, 2, 1, 0, 1, 2, 2, 2, 1, 1, 2, 0, 2, 0, 0, 0, 0, 0, 2, 2, 1, 2, 1, 0, 0, 1, 1, 2, 1, 0, 1, 2, 0, 0, 1, 1, 1, 0, 0, 0, 0, 0, 2, 1, 2, 2, 2, 2, 2, 0, 0, 0, 1, 1, 0, 0, 1, 1, 1, 1, 1, 2, 2, 2, 2, 2, 1, 2, 2, 0, 2, 2, 2, 2, 0, 1, 0, 1, 1, 0, 1, 1, 0, 0, 1, 1, 0, 1, 1, 2, 1, 0, 0, 0, 1, 1, 2, 2, 2, 2, 1, 0, 1, 0, 0, 0, 0, 0, 0, 0, 0, 0, 1, 1, 0, 0], "uids": ["0", "1", "2", "3", "4", "5", "6", "7", "8", "9", "10", "11", "12", "13", "14", "15", "16", "17", "18", "19", "20", "21", "22", "23", "24", "25", "26", "27", "28", "29", "30", "31", "32", "33", "34", "35", "36", "37", "38", "39", "40", "41", "42", "43", "44", "45", "46", "47", "48", "49", "50", "51", "52", "53", "54", "55", "56", "57", "58", "59", "60", "61", "62", "63", "64", "65", "66", "67", "68", "69", "70", "71", "72", "73", "74", "75", "76", "77", "78", "79", "80", "81", "82", "83", "84", "85", "86", "87", "88", "89", "90", "91", "92", "93", "94", "95", "96", "97", "98", "99", "100", "101", "102", "103", "104", "105", "106", "107", "108", "109", "110", "111", "112", "113", "114", "115", "116", "117", "118", "119", "120", "121", "122", "123", "124", "125", "126", "127", "128", "129", "130", "131", "132", "133", "134", "135", "136", "137", "138", "139", "140", "141", "142"], "scores": [0.0840335562825203, 0.7270417809486389, 0.17825481295585632, 0.010669905692338943, 0.011027602478861809, 0.9775651693344116, 0.007602075580507517, 0.003805195912718773, 0.009159566834568977, 0.9769781827926636, 0.006871972233057022, 0.006990222726017237, 0.002562516601756215, 0.9893118739128113, 0.005534077528864145, 0.002591479104012251, 0.10556592047214508, 0.8654464483261108, 0.02273135632276535, 0.006256320513784885, 0.07069176435470581, 0.9067320227622986, 0.014306326396763325, 0.008269784972071648, 0.004544333089143038, 0.9333383440971375, 0.05978943407535553, 0.002327933209016919, 0.09948407113552094, 0.4463846981525421, 0.4504653513431549, 0.0036658160388469696, 0.00603325804695487, 0.3878483772277832, 0.6000556945800781, 0.00606268597766757, 0.5286009311676025, 0.3287337124347687, 0.13744425773620605, 0.005221147555857897, 0.2250402867794037, 0.7051919102668762, 0.06584086269140244, 0.003926949575543404, 0.8234243392944336, 0.030150659382343292, 0.13016432523727417, 0.016260629519820213, 0.3442075848579407, 0.15146443247795105, 0.4808763563632965, 0.02345157228410244, 0.9363269209861755, 0.008645620197057724, 0.03183341771364212, 0.023194078356027603, 0.930526614189148, 0.0548907034099102, 0.007291037123650312, 0.007291669957339764, 0.7357825040817261, 0.10033532232046127, 0.13328488171100616, 0.03059730865061283, 0.4149962365627289, 0.21775740385055542, 0.11364610493183136, 0.25360026955604553, 0.9354816675186157, 0.005584127735346556, 0.01763802394270897, 0.04129612073302269, 0.12617813050746918, 0.49489307403564453, 0.3033283054828644, 0.07560041546821594, 0.9845207333564758, 0.0009995560394600034, 0.006543427240103483, 0.00793630350381136, 0.0023918559309095144, 0.9852661490440369, 0.010498905554413795, 0.001843168749473989, 0.0030857890378683805, 0.9879725575447083, 0.006071833427995443, 0.0028698642272502184, 0.9441226124763489, 0.03982151672244072, 0.0038609516341239214, 0.012194966897368431, 0.2625616788864136, 0.015101785771548748, 0.7116530537605286, 0.010683558881282806, 0.4875083863735199, 0.01090960018336773, 0.4901030659675598, 0.011479014530777931, 0.003428367432206869, 0.9297680258750916, 0.06385712325572968, 0.002946388442069292, 0.0016430186806246638, 0.9902889728546143, 0.005738100968301296, 0.002329923678189516, 0.007073231972754002, 0.9374013543128967, 0.05210799723863602, 0.0034172842279076576, 0.2047863006591797, 0.032698582857847214, 0.7362433075904846, 0.02627183496952057, 0.2667710483074188, 0.7053768634796143, 0.022367162629961967, 0.005484915804117918, 0.9819045662879944, 0.002355997683480382, 0.005684260744601488, 0.010055089369416237, 0.021840639412403107, 0.9632683396339417, 0.013369014486670494, 0.0015219388296827674, 0.003202621126547456, 0.1214078739285469, 0.8679191470146179, 0.007470347918570042, 0.0026653639506548643, 0.10918941348791122, 0.8808322548866272, 0.007312962785363197, 0.0033375644125044346, 0.009220425970852375, 0.9754467606544495, 0.01199520193040371, 0.005673128180205822, 0.8010929226875305, 0.19065076112747192, 0.00258307415060699, 0.0024638453032821417, 0.9615649580955505, 0.034178972244262695, 0.0017923539271578193, 0.22294330596923828, 0.05129510536789894, 0.7004082202911377, 0.025353381410241127, 0.5447304844856262, 0.13471996784210205, 0.28739047050476074, 0.03315898776054382, 0.37625500559806824, 0.08066534250974655, 0.5356990694999695, 0.007380614057183266, 0.5163769721984863, 0.10509266704320908, 0.37232428789138794, 0.00620610686019063, 0.9686059355735779, 0.003641642164438963, 0.007558502722531557, 0.020194031298160553, 0.9054158329963684, 0.07357163727283478, 0.005607134662568569, 0.015405314043164253, 0.8532230854034424, 0.0073286849074065685, 0.01073847059160471, 0.12870977818965912, 0.8792804479598999, 0.074581578373909, 0.005290886387228966, 0.04084713011980057, 0.1719929426908493, 0.012644471600651741, 0.7959778308868408, 0.01938478834927082, 0.20406313240528107, 0.020887013524770737, 0.7497183084487915, 0.025331532582640648, 0.02149796672165394, 0.9679539203643799, 0.007957729510962963, 0.002590431831777096, 0.011271608993411064, 0.19441300630569458, 0.7835461497306824, 0.010769263841211796, 0.008004747331142426, 0.980999231338501, 0.00742364814504981, 0.0035723678302019835, 0.9282560348510742, 0.014292972162365913, 0.05024738982319832, 0.007203659042716026, 0.6189626455307007, 0.3538163900375366, 0.02375672198832035, 0.0034642317332327366, 0.43892720341682434, 0.5026652216911316, 0.0554528646171093, 0.0029546667356044054, 0.08383110165596008, 0.8019649386405945, 0.10949826240539551, 0.004705684259533882, 0.04027409479022026, 0.03562271595001221, 0.9180208444595337, 0.006082363426685333, 0.01967460848391056, 0.959733247756958, 0.016687223687767982, 0.003904941026121378, 0.543851912021637, 0.31150373816490173, 0.13788937032222748, 0.0067549655213952065, 0.020103396847844124, 0.9522668123245239, 0.020892556756734848, 0.006737089715898037, 0.06465907394886017, 0.0027643081266433, 0.8594448566436768, 0.0731317326426506, 0.5940585732460022, 0.0028448491357266903, 0.315973162651062, 0.08712336421012878, 0.9798216819763184, 0.002777471672743559, 0.008007469587028027, 0.009393409825861454, 0.19814427196979523, 0.7669634819030762, 0.008381039835512638, 0.026511186733841896, 0.13389500975608826, 0.4893137514591217, 0.04484627768397331, 0.33194494247436523, 0.0913604348897934, 0.7134371995925903, 0.17812280356884003, 0.017079582437872887, 0.7631717920303345, 0.18341520428657532, 0.03952890634536743, 0.01388406939804554, 0.4518674910068512, 0.1219487264752388, 0.4076717793941498, 0.018511975184082985, 0.6084917783737183, 0.024800702929496765, 0.3411961495876312, 0.025511454790830612, 0.937578558921814, 0.004349222872406244, 0.0383826345205307, 0.01968957670032978, 0.916581928730011, 0.024553844705224037, 0.04310499131679535, 0.015759272500872612, 0.02006547898054123, 0.0051660374738276005, 0.9681232571601868, 0.006645224057137966, 0.024184538051486015, 0.6624633073806763, 0.2887060344219208, 0.024646058678627014, 0.01587568037211895, 0.009876272641122341, 0.9414053559303284, 0.03284262493252754, 0.058586280792951584, 0.07632666826248169, 0.8531247973442078, 0.011962267570197582, 0.10714628547430038, 0.2646695375442505, 0.5995590686798096, 0.028625141829252243, 0.014974779449403286, 0.0074195354245603085, 0.9703994989395142, 0.0072061847895383835, 0.23729240894317627, 0.07581040263175964, 0.6731647849082947, 0.013732455670833588, 0.9528285264968872, 0.033740222454071045, 0.0049376776441931725, 0.008493459783494473, 0.9249879121780396, 0.025005387142300606, 0.007690921891480684, 