{"metrics": {"ACC": 56.64335664335665, "F1": 42.10972850678733}, "predictions": [1, 1, 1, 1, 1, 1, 1, 1, 1, 2, 1, 0, 1, 0, 2, 2, 2, 0, 1, 0, 1, 1, 0, 2, 2, 1, 1, 1, 2, 1, 0, 1, 1, 1, 2, 1, 1, 2, 2, 2, 2, 0, 1, 0, 1, 2, 2, 1, 2, 1, 0, 1, 1, 1, 2, 1, 1, 1, 2, 2, 2, 1, 1, 2, 0, 1, 2, 2, 2, 2, 2, 2, 2, 0, 2, 0, 0, 1, 1, 0, 1, 0, 0, 1, 1, 2, 2, 2, 2, 2, 2, 2, 2, 1, 2, 2, 2, 2, 2, 2, 2, 0, 1, 2, 2, 1, 1, 2, 1, 0, 0, 1, 1, 0, 1, 1, 0, 2, 0, 2, 0, 1, 1, 2, 2, 1, 2, 1, 0, 0, 0, 0, 2, 2, 2, 0, 2, 2, 0, 0, 0, 0, 1], "uids": ["0", "1", "2", "3", "4", "5", "6", "7", "8", "9", "10", "11", "12", "13", "14", "15", "16", "17", "18", "19", "20", "21", "22", "23", "24", "25", "26", "27", "28", "29", "30", "31", "32", "33", "34", "35", "36", "37", "38", "39", "40", "41", "42", "43", "44", "45", "46", "47", "48", "49", "50", "51", "52", "53", "54", "55", "56", "57", "58", "59", "60", "61", "62", "63", "64", "65", "66", "67", "68", "69", "70", "71", "72", "73", "74", "75", "76", "77", "78", "79", "80", "81", "82", "83", "84", "85", "86", "87", "88", "89", "90", "91", "92", "93", "94", "95", "96", "97", "98", "99", "100", "101", "102", "103", "104", "105", "106", "107", "108", "109", "110", "111", "112", "113", "114", "115", "116", "117", "118", "119", "120", "121", "122", "123", "124", "125", "126", "127", "128", "129", "130", "131", "132", "133", "134", "135", "136", "137", "138", "139", "140", "141", "142"], "scores": [0.1997705101966858, 0.4311191141605377, 0.3587290346622467, 0.010381367057561874, 0.1145930141210556, 0.748012900352478, 0.12798599898815155, 0.009408054873347282, 0.1930525153875351, 0.6298667192459106, 0.15322761237621307, 0.023853125050663948, 0.15970201790332794, 0.7139517068862915, 0.11331113427877426, 0.013035107403993607, 0.2370956689119339, 0.47105807065963745, 0.28115707635879517, 0.010689192451536655, 0.14739786088466644, 0.5810677409172058, 0.25885626673698425, 0.012678172439336777, 0.18501631915569305, 0.42074117064476013, 0.377566397190094, 0.01667611114680767, 0.20169861614704132, 0.519229531288147, 0.2676258683204651, 0.011446020565927029, 0.10148414224386215, 0.47284165024757385, 0.4125439524650574, 0.013130275532603264, 0.2470119446516037, 0.3687373399734497, 0.3693923354148865, 0.014858406037092209, 0.23776325583457947, 0.4250233769416809, 0.32509660720825195, 0.012116729281842709, 0.3297139108181, 0.32247695326805115, 0.32753825187683105, 0.02027088589966297, 0.30549120903015137, 0.4289883077144623, 0.24869683384895325, 0.016823720186948776, 0.4578121304512024, 0.3251098096370697, 0.18979191780090332, 0.027286140248179436, 0.2586927115917206, 0.2166648656129837, 0.5070479512214661, 0.01759452559053898, 0.1540002077817917, 0.13928759098052979, 0.6848223805427551, 0.021889764815568924, 0.16791214048862457, 0.14516045153141022, 0.6638385057449341, 0.023088889196515083, 0.564691960811615, 0.22736495733261108, 0.17708726227283478, 0.030855825170874596, 0.3749115467071533, 0.4272730350494385, 0.1612260937690735, 0.03658933565020561, 0.8953444957733154, 0.021143393591046333, 0.0498993881046772, 0.03361282870173454, 0.1107548177242279, 0.7824205756187439, 0.09788373112678528, 0.008940867148339748, 0.11803728342056274, 0.7868448495864868, 0.08425028622150421, 0.010867558419704437, 0.49426499009132385, 0.39141854643821716, 0.09848876297473907, 0.015827668830752373, 0.21790149807929993, 0.18120220303535461, 0.5832259654998779, 0.017670292407274246, 0.23827645182609558, 0.1833276003599167, 0.5628402233123779, 0.01555578038096428, 0.09791108220815659, 0.57826167345047, 0.31237077713012695, 0.011456500738859177, 0.07376344501972198, 0.7899897694587708, 0.12824378907680511, 0.008003056049346924, 0.15600186586380005, 0.6770480871200562, 0.15791992843151093, 0.009030130691826344, 0.28288114070892334, 0.24767358601093292, 0.4450392425060272, 0.02440601773560047, 0.24710005521774292, 0.5224521160125732, 0.22071406245231628, 0.009733779355883598, 0.5762054324150085, 0.09501934796571732, 0.2977626919746399, 0.031012486666440964, 0.193460151553154, 0.6572026014328003, 0.139428973197937, 0.009908359497785568, 0.091892771422863, 0.45684710144996643, 0.4369508624076843, 0.014309369027614594, 0.08293324708938599, 0.5014520287513733, 0.40113648772239685, 0.014478233642876148, 0.14138275384902954, 0.24082361161708832, 0.5844480395317078, 0.03334562107920647, 0.1304301917552948, 0.48368605971336365, 0.3710927367210388, 0.014790983870625496, 0.1339777112007141, 0.6854893565177917, 0.16785620152950287, 0.012676689773797989, 0.25701403617858887, 0.1639549285173416, 0.5553261041641235, 0.02370499074459076, 0.3033251166343689, 0.3067835867404938, 0.3680735230445862, 0.021817762404680252, 0.1750173270702362, 0.2152566760778427, 0.5947772264480591, 0.014948750846087933, 0.21818599104881287, 0.30906057357788086, 0.4613977074623108, 0.011355766095221043, 0.5477761626243591, 0.23792611062526703, 0.1752106100320816, 0.03908706083893776, 0.37761542201042175, 0.5182018280029297, 0.09169202297925949, 0.012490717694163322, 0.5160526037216187, 0.202096089720726, 0.22237280011177063, 0.0594785138964653, 0.36300352215766907, 0.4117068648338318, 0.20164425671100616, 0.02364533394575119, 0.28713342547416687, 0.20362721383571625, 0.4879179894924164, 0.021321380510926247, 0.296857088804245, 0.23161502182483673, 0.4507671892642975, 0.020760685205459595, 0.3536961078643799, 0.4633621871471405, 0.1689157783985138, 0.014025905169546604, 0.28123122453689575, 0.3404081463813782, 0.3602106273174286, 0.018149999901652336, 0.19266340136528015, 0.549522340297699, 0.2483300268650055, 0.009484264068305492, 0.4327252209186554, 0.19371435046195984, 0.3573768734931946, 0.01618352346122265, 0.24022799730300903, 0.6365023851394653, 0.11429808288812637, 0.00897153839468956, 0.22351142764091492, 0.648543119430542, 0.11980824917554855, 0.008137178607285023, 0.2162604033946991, 0.5033948421478271, 0.26914069056510925, 0.01120405551046133, 0.20584338903427124, 0.29899343848228455, 0.4805378019809723, 0.014625408686697483, 0.14074525237083435, 0.6914328336715698, 0.15894272923469543, 0.008879183791577816, 0.2404910773038864, 0.4900362491607666, 0.25652486085891724, 0.012947851791977882, 0.17200975120067596, 0.7189695239067078, 0.0960114523768425, 0.01300925575196743, 0.2294468730688095, 0.08765554428100586, 0.6409686803817749, 0.041928812861442566, 0.2891722321510315, 0.09693462401628494, 0.5807803869247437, 0.03311273083090782, 0.3129149079322815, 0.17458567023277283, 0.4921642541885376, 0.020335230976343155, 0.32214629650115967, 0.5050304532051086, 0.15527774393558502, 0.01754544861614704, 0.24641422927379608, 0.6010907888412476, 0.12263134866952896, 0.029863638803362846, 0.2915905714035034, 0.3258863389492035, 0.3674715757369995, 0.015051528811454773, 0.3878096044063568, 0.25913670659065247, 0.3339671790599823, 0.01908653974533081, 0.23189039528369904, 0.43776533007621765, 0.316035658121109, 0.0143086863681674, 0.289626806974411, 0.21435126662254333, 0.4725750684738159, 0.02344692312180996, 0.353329062461853, 0.18882668018341064, 0.43432968854904175, 0.023514585569500923, 0.2815335988998413, 0.34823495149612427, 0.3534093201160431, 0.01682211086153984, 0.26652848720550537, 0.14476750791072845, 0.57143235206604, 0.01727161556482315, 0.24975702166557312, 0.35482192039489746, 0.3773214519023895, 0.018099570646882057, 0.3429242968559265, 0.19804227352142334, 0.4342828691005707, 0.024750608950853348, 0.3467935621738434, 0.17451968789100647, 0.452760249376297, 0.025926431640982628, 0.412100613117218, 0.24105854332447052, 0.32266470789909363, 0.024176165461540222, 0.2683066427707672, 0.19020716845989227, 0.5234327912330627, 0.018053367733955383, 0.3477396070957184, 0.31255006790161133, 0.32270824909210205, 0.017002085223793983, 0.7226037383079529, 0.17811623215675354, 0.08202080428600311, 0.017259208485484123, 0.3771728277206421, 0.3913678824901581, 0.20952162146568298, 0.021937726065516472, 0.34346675872802734, 0.3499848544597626, 0.28958621621131897, 0.016962140798568726, 0.4695254862308502, 