{"metrics": {"ACC": 55.24475524475524, "F1": 41.70746511172043}, "predictions": [1, 1, 1, 1, 1, 1, 1, 1, 2, 1, 1, 2, 2, 0, 0, 2, 2, 0, 0, 0, 1, 1, 0, 2, 0, 1, 1, 1, 2, 1, 0, 1, 2, 2, 2, 1, 1, 2, 2, 2, 2, 0, 0, 0, 0, 2, 2, 1, 2, 1, 0, 1, 1, 1, 2, 1, 1, 1, 2, 0, 0, 1, 1, 1, 0, 0, 0, 0, 0, 2, 2, 2, 0, 0, 2, 0, 0, 0, 0, 1, 1, 0, 0, 1, 1, 1, 1, 1, 2, 2, 2, 2, 2, 1, 2, 2, 2, 2, 2, 2, 2, 0, 1, 2, 1, 1, 0, 2, 1, 0, 0, 1, 1, 0, 1, 1, 2, 1, 0, 2, 0, 1, 1, 2, 2, 2, 2, 2, 0, 0, 0, 0, 2, 0, 0, 0, 0, 2, 0, 1, 1, 0, 1], "uids": ["0", "1", "2", "3", "4", "5", "6", "7", "8", "9", "10", "11", "12", "13", "14", "15", "16", "17", "18", "19", "20", "21", "22", "23", "24", "25", "26", "27", "28", "29", "30", "31", "32", "33", "34", "35", "36", "37", "38", "39", "40", "41", "42", "43", "44", "45", "46", "47", "48", "49", "50", "51", "52", "53", "54", "55", "56", "57", "58", "59", "60", "61", "62", "63", "64", "65", "66", "67", "68", "69", "70", "71", "72", "73", "74", "75", "76", "77", "78", "79", "80", "81", "82", "83", "84", "85", "86", "87", "88", "89", "90", "91", "92", "93", "94", "95", "96", "97", "98", "99", "100", "101", "102", "103", "104", "105", "106", "107", "108", "109", "110", "111", "112", "113", "114", "115", "116", "117", "118", "119", "120", "121", "122", "123", "124", "125", "126", "127", "128", "129", "130", "131", "132", "133", "134", "135", "136", "137", "138", "139", "140", "141", "142"], "scores": [0.21228912472724915, 0.40234366059303284, 0.3702318072319031, 0.01513540931046009, 0.04843805730342865, 0.8775451183319092, 0.06547968089580536, 0.008537090383470058, 0.10340754687786102, 0.7501137852668762, 0.12406975775957108, 0.02240893617272377, 0.03921249881386757, 0.8996480107307434, 0.05279019474983215, 0.008349252864718437, 0.18408411741256714, 0.6470947861671448, 0.1566646844148636, 0.01215642224997282, 0.10714948922395706, 0.7309678792953491, 0.15021497011184692, 0.011667750775814056, 0.058126598596572876, 0.8047800660133362, 0.12262476980686188, 0.014468574896454811, 0.06956280767917633, 0.8175820112228394, 0.10673121362924576, 0.006123939994722605, 0.06523401290178299, 0.3497069478034973, 0.5690863132476807, 0.01597272977232933, 0.3059842884540558, 0.4172006845474243, 0.2651790380477905, 0.011635985225439072, 0.2636148929595947, 0.517463743686676, 0.2078171670436859, 0.011104276403784752, 0.38788118958473206, 0.18454806506633759, 0.3982667326927185, 0.0293040182441473, 0.2836434245109558, 0.269102543592453, 0.41665932536125183, 0.03059474565088749, 0.6175816059112549, 0.12856240570545197, 0.20118583738803864, 0.05267016589641571, 0.549627959728241, 0.22088931500911713, 0.21293558180332184, 0.01654716208577156, 0.1397017389535904, 0.06587990373373032, 0.7592623233795166, 0.03515606001019478, 0.21415123343467712, 0.13038888573646545, 0.591796875, 0.06366300582885742, 0.5994355082511902, 0.2798287868499756, 0.09137682616710663, 0.029358936473727226, 0.4568822681903839, 0.34243497252464294, 0.13108594715595245, 0.06959682703018188, 0.9420202374458313, 0.008122553117573261, 0.030059926211833954, 0.019797224551439285, 0.029004011303186417, 0.925140917301178, 0.03829973563551903, 0.0075553893111646175, 0.03192296624183655, 0.9194717407226562, 0.03951747342944145, 0.009087933227419853, 0.7780770063400269, 0.16704268753528595, 0.031923774629831314, 0.02295641228556633, 0.32818803191185, 0.22243747115135193, 0.4380667805671692, 0.011307739652693272, 0.4432332217693329, 0.1224578395485878, 0.42052990198135376, 0.013779074884951115, 0.04550561308860779, 0.6888859272003174, 0.2557159960269928, 0.009892459958791733, 0.01838528737425804, 0.9236582517623901, 0.05202345550060272, 0.005932964384555817, 0.04296295717358589, 0.8661640286445618, 0.08373294770717621, 0.007140120957046747, 0.3611074686050415, 0.24871505796909332, 0.3622232675552368, 0.027954230085015297, 0.17915692925453186, 0.7015530467033386, 0.10889466106891632, 0.010395330376923084, 0.7531262636184692, 0.027693746611475945, 0.17278724908828735, 0.04639270156621933, 0.08163932710886002, 0.8583328723907471, 0.054197754710912704, 0.005830022972077131, 0.03624700754880905, 0.15790244936943054, 0.7855890393257141, 0.020261408761143684, 0.03436117619276047, 0.19578589498996735, 0.74676913022995, 0.023083822801709175, 0.04517337679862976, 0.053120363503694534, 0.8607362508773804, 0.0409700945019722, 0.07906600087881088, 0.46294495463371277, 0.44464874267578125, 0.013340245001018047, 0.030341101810336113, 0.9073894023895264, 0.054309919476509094, 0.00795957911759615, 0.41371020674705505, 0.1390923708677292, 0.41709762811660767, 0.03009979799389839, 0.3238760530948639, 0.20245136320590973, 0.446039617061615, 0.027633043006062508, 0.16649974882602692, 0.1409752517938614, 0.6784204840660095, 0.014104573056101799, 0.1989734172821045, 0.19024363160133362, 0.5979195237159729, 0.01286347582936287, 0.7942085862159729, 0.08258615434169769, 0.07971158623695374, 0.043493665754795074, 0.5174477696418762, 0.42358410358428955, 0.03887558728456497, 0.020092513412237167, 0.7361087203025818, 0.08536164462566376, 0.08179417997598648, 0.09673549234867096, 0.5958296656608582, 0.27400362491607666, 0.0829484611749649, 0.04721824824810028, 0.3760910630226135, 0.08937513083219528, 0.509962797164917, 0.02457098476588726, 0.3792805075645447, 0.13545387983322144, 0.4590608477592468, 0.026204785332083702, 0.28590938448905945, 0.6430411338806152, 0.0599304661154747, 0.011119021102786064, 0.18826696276664734, 0.3073994815349579, 0.4796430170536041, 0.024690575897693634, 0.06234688684344292, 0.8778063654899597, 0.052972909063100815, 0.006873809266835451, 0.7851492762565613, 0.11793498694896698, 0.08373817056417465, 0.013177648186683655, 0.11333395540714264, 0.832675576210022, 0.04731877148151398, 0.0066716657020151615, 0.12168571352958679, 0.8285819292068481, 0.04404103383421898, 0.005691295489668846, 0.18129324913024902, 0.6038408875465393, 0.2035130262374878, 0.011352891102433205, 0.2038387656211853, 0.2623261511325836, 0.5212816596031189, 0.012553395703434944, 0.07194197177886963, 0.8319022059440613, 0.08906468749046326, 0.00709119439125061, 0.29881051182746887, 0.40150928497314453, 0.2854049801826477, 0.014275257475674152, 0.06886729598045349, 0.8737819194793701, 0.04662252217531204, 0.010728299617767334, 0.292423278093338, 0.018059592694044113, 0.6420101523399353, 0.04750701040029526, 0.6110538840293884, 0.02001303993165493, 0.32481759786605835, 0.04411543533205986, 0.7552706599235535, 0.028910214081406593, 0.19103699922561646, 0.024782108142971992, 0.3516825735569, 0.5282125473022461, 0.07581761479377747, 0.04428720846772194, 0.26416176557540894, 0.4218514859676361, 0.13704684376716614, 0.17693987488746643, 0.27926933765411377, 0.40954452753067017, 0.2919515371322632, 0.019234564155340195, 0.5746533274650574, 0.19421938061714172, 0.20583394169807434, 0.02529333159327507, 0.5253598093986511, 0.2054864913225174, 0.24734249711036682, 0.021811211481690407, 0.5263285040855408, 0.2149817943572998, 0.23722884058952332, 0.021460866555571556, 0.7081790566444397, 0.09408057481050491, 0.1712333858013153, 0.02650693990290165, 0.4538925588130951, 0.29192668199539185, 0.23138417303562164, 0.022796612232923508, 0.3007256090641022, 0.10101274400949478, 0.5814651250839233, 0.016796575859189034, 0.206751748919487, 0.2550152838230133, 0.5055668950080872, 0.03266605734825134, 0.25940725207328796, 0.05583089590072632, 0.6367704272270203, 0.04799136891961098, 0.5121971964836121, 0.11007650941610336, 0.3534219563007355, 0.0243043452501297, 0.6319429874420166, 0.176075279712677, 0.16442681849002838, 0.027554908767342567, 0.34181535243988037, 0.07365746796131134, 0.5528925657272339, 0.03163457289338112, 0.5973946452140808, 0.14588050544261932, 0.22870175540447235, 0.028023110702633858, 0.8684953451156616, 0.08974551409482956, 0.022160975262522697, 0.01959819719195366, 0.6485698223114014, 0.20987075567245483, 0.1043948382139206, 0.037164557725191116, 0.5464302897453308, 0.19324491918087006, 0.23409470915794373, 0.026230091229081154, 