{"metrics": {"ACC": 51.048951048951054, "F1": 38.32218123897723}, "predictions": [1, 1, 1, 1, 1, 1, 1, 1, 1, 1, 1, 0, 2, 0, 0, 2, 2, 0, 1, 0, 1, 1, 0, 2, 2, 1, 1, 1, 2, 1, 0, 1, 2, 2, 2, 1, 1, 2, 2, 2, 2, 0, 0, 0, 0, 2, 2, 1, 1, 1, 0, 1, 1, 1, 2, 1, 1, 1, 2, 2, 0, 1, 1, 1, 1, 2, 0, 0, 0, 2, 1, 2, 2, 2, 2, 2, 0, 1, 0, 1, 1, 0, 0, 1, 1, 1, 1, 1, 2, 2, 2, 2, 2, 1, 2, 2, 2, 2, 2, 2, 2, 0, 1, 2, 1, 1, 1, 1, 1, 0, 0, 1, 1, 0, 1, 1, 2, 1, 0, 0, 0, 1, 1, 2, 2, 2, 2, 1, 0, 1, 0, 0, 2, 0, 0, 0, 0, 2, 0, 1, 1, 0, 1], "uids": ["0", "1", "2", "3", "4", "5", "6", "7", "8", "9", "10", "11", "12", "13", "14", "15", "16", "17", "18", "19", "20", "21", "22", "23", "24", "25", "26", "27", "28", "29", "30", "31", "32", "33", "34", "35", "36", "37", "38", "39", "40", "41", "42", "43", "44", "45", "46", "47", "48", "49", "50", "51", "52", "53", "54", "55", "56", "57", "58", "59", "60", "61", "62", "63", "64", "65", "66", "67", "68", "69", "70", "71", "72", "73", "74", "75", "76", "77", "78", "79", "80", "81", "82", "83", "84", "85", "86", "87", "88", "89", "90", "91", "92", "93", "94", "95", "96", "97", "98", "99", "100", "101", "102", "103", "104", "105", "106", "107", "108", "109", "110", "111", "112", "113", "114", "115", "116", "117", "118", "119", "120", "121", "122", "123", "124", "125", "126", "127", "128", "129", "130", "131", "132", "133", "134", "135", "136", "137", "138", "139", "140", "141", "142"], "scores": [0.06912833452224731, 0.6888712048530579, 0.23257794976234436, 0.009422498755156994, 0.01724991202354431, 0.9565416574478149, 0.021928802132606506, 0.004279583226889372, 0.01662459783256054, 0.958004355430603, 0.01727929711341858, 0.008091745898127556, 0.007721494417637587, 0.9704599380493164, 0.017933566123247147, 0.003885022597387433, 0.13008035719394684, 0.7688589096069336, 0.09263269603252411, 0.00842807162553072, 0.08395044505596161, 0.8326017260551453, 0.07475681602954865, 0.008691041730344296, 0.014374520629644394, 0.8911840915679932, 0.09053777158260345, 0.0039035596419125795, 0.07021062821149826, 0.7208314538002014, 0.2055024951696396, 0.003455415368080139, 0.012725996784865856, 0.6130533218383789, 0.36773011088371277, 0.0064905863255262375, 0.1944534331560135, 0.6317929625511169, 0.16824662685394287, 0.005507075693458319, 0.16166168451309204, 0.7521218061447144, 0.08198476582765579, 0.004231811035424471, 0.4653356671333313, 0.1784491240978241, 0.3371720612049103, 0.019043248146772385, 0.14085233211517334, 0.31734758615493774, 0.5251295566558838, 0.01667046546936035, 0.8148756623268127, 0.05691732093691826, 0.09752451628446579, 0.030682481825351715, 0.5026564598083496, 0.4328104555606842, 0.05536343902349472, 0.009169640950858593, 0.07309285551309586, 0.06929972767829895, 0.8371788263320923, 0.020428510382771492, 0.1015574261546135, 0.18287363648414612, 0.6329597234725952, 0.08260918408632278, 0.9077869653701782, 0.024254610762000084, 0.03584367781877518, 0.03211474418640137, 0.12201545387506485, 0.6487628221511841, 0.1869465559720993, 0.0422750860452652, 0.9759900569915771, 0.0026070429012179375, 0.011820109561085701, 0.00958280824124813, 0.007791245821863413, 0.9690964221954346, 0.020444342866539955, 0.0026678885333240032, 0.007787047419697046, 0.9742144346237183, 0.013705417513847351, 0.004293183330446482, 0.5548173785209656, 0.4177547097206116, 0.013702008873224258, 0.013725864700973034, 0.10021108388900757, 0.035869255661964417, 0.8566009402275085, 0.007318794261664152, 0.24702362716197968, 0.030948316678404808, 0.7130077481269836, 0.00902031734585762, 0.00974233914166689, 0.885348379611969, 0.1004427820444107, 0.004466371610760689, 0.003934424836188555, 0.9785590171813965, 0.014664092101156712, 0.0028423559851944447, 0.017223041504621506, 0.8307962417602539, 0.14606527984142303, 0.0059154643677175045, 0.2170720249414444, 0.10104439407587051, 0.6567369103431702, 0.025146711617708206, 0.15257807075977325, 0.760970950126648, 0.08047991245985031, 0.005971112288534641, 0.9639826416969299, 0.008759967982769012, 0.015128652565181255, 0.012128710746765137, 0.019655531272292137, 0.9634096026420593, 0.014822269789874554, 0.002112514805048704, 0.008493087254464626, 0.21112266182899475, 0.7682684659957886, 0.01211574487388134, 0.0075488220900297165, 0.15028859674930573, 0.8292582631111145, 0.012904416769742966, 0.01194400992244482, 0.0243870597332716, 0.9403395056724548, 0.023329392075538635, 0.015766935423016548, 0.744779109954834, 0.23531627655029297, 0.004137697163969278, 0.008162098936736584, 0.941895604133606, 0.04725844785571098, 0.0026839054189622402, 0.21723051369190216, 0.19718904793262482, 0.5620988607406616, 0.023481516167521477, 0.2597907781600952, 0.22414852678775787, 0.4902195632457733, 0.025841139256954193, 0.11801318824291229, 0.08990909904241562, 0.784747302532196, 0.007330458611249924, 0.1662081480026245, 0.15012125670909882, 0.6771456599235535, 0.006524904165416956, 0.9093140959739685, 0.038730453699827194, 0.02183886244893074, 0.030116654932498932, 0.5696331262588501, 0.3860279619693756, 0.02015826106071472, 0.024180665612220764, 0.8343608379364014, 0.036321334540843964, 0.024634789675474167, 0.1046830415725708, 0.7007598280906677, 0.23658838868141174, 0.016784600913524628, 0.04586724564433098, 0.14350371062755585, 0.05240955576300621, 0.7875316143035889, 0.016555048525333405, 0.13420931994915009, 0.060155224055051804, 0.7856038212776184, 0.02003166824579239, 0.05033201351761818, 0.9266616106033325, 0.01860657148063183, 0.004399818368256092, 0.04163529723882675, 0.5799900889396667, 0.3646056652069092, 0.01376900915056467, 0.012590686790645123, 0.9647550582885742, 0.01834656298160553, 0.0043075960129499435, 0.3899820148944855, 0.3582324683666229, 0.23976543545722961, 0.012020128779113293, 0.12861263751983643, 0.8512672781944275, 0.016800837591290474, 0.0033192585688084364, 0.3329465389251709, 0.6070524454116821, 0.05621801316738129, 0.0037829692009836435, 0.11583524197340012, 0.7381953597068787, 0.13919511437416077, 0.006774348206818104, 0.07975413650274277, 0.1877216249704361, 0.7248205542564392, 0.007703663781285286, 0.01818360760807991, 0.9539203643798828, 0.024405689910054207, 0.0034904086496680975, 0.32558080554008484, 0.5068063139915466, 0.15980054438114166, 0.007812288124114275, 0.032022759318351746, 0.9339986443519592, 0.02734305150806904, 0.0066354963928461075, 0.04607454687356949, 0.004355878569185734, 0.9059188365936279, 0.04365066811442375, 0.3682001829147339, 0.006233354564756155, 0.5662253499031067, 0.05934109538793564, 0.9171432852745056, 0.014344440773129463, 0.05756799131631851, 0.010944279842078686, 0.20798954367637634, 0.7394787073135376, 0.024304112419486046, 0.028227686882019043, 0.1906328648328781, 0.4436435401439667, 0.09341754019260406, 0.27230608463287354, 0.06650447100400925, 0.7683302164077759, 0.15208688378334045, 0.013078426010906696, 0.3681120276451111, 0.5401001572608948, 0.07832521200180054, 0.013462649658322334, 0.1239176020026207, 0.17712368071079254, 0.6854640245437622, 0.013494716957211494, 0.4063687324523926, 0.24405573308467865, 0.33206096291542053, 0.017514532431960106, 0.8267267942428589, 0.05945560708642006, 0.09627335518598557, 0.017544254660606384, 0.4928973317146301, 0.31666699051856995, 0.16935862600803375, 0.02107708714902401, 0.11882303655147552, 0.03534921258687973, 0.8338996171951294, 0.01192817185074091, 0.0809565857052803, 0.5458512306213379, 0.3438892364501953, 0.029302969574928284, 0.07828643918037415, 0.04215429350733757, 0.8338491320610046, 0.04571012780070305, 0.05056052282452583, 0.1605140119791031, 0.7781064510345459, 0.010818995535373688, 0.0948161631822586, 0.3214857578277588, 0.5618353486061096, 0.021862730383872986, 0.022623257711529732, 0.024548305198550224, 0.9432704448699951, 0.009558011777698994, 0.1300835907459259, 0.16898377239704132, 0.6880608201026917, 0.01287171896547079, 0.8536601662635803, 0.12687769532203674, 0.009928857907652855, 0.009533312171697617, 0.43575382232666016, 0.5035699605941772, 0.02833881787955761, 0.03233746066689491, 0.8360351920127869, 