{"metrics": {"ACC": 51.74825174825175, "F1": 39.30578630314551}, "predictions": [1, 1, 1, 1, 1, 1, 1, 1, 2, 0, 1, 0, 2, 0, 0, 2, 0, 0, 2, 0, 1, 1, 0, 2, 2, 1, 1, 1, 2, 1, 0, 1, 2, 2, 2, 1, 1, 2, 2, 2, 2, 0, 0, 0, 0, 2, 2, 1, 2, 1, 0, 1, 1, 1, 2, 1, 0, 1, 2, 2, 0, 1, 3, 1, 0, 2, 2, 0, 0, 2, 2, 2, 2, 2, 2, 2, 0, 0, 0, 1, 1, 0, 0, 1, 1, 1, 1, 1, 2, 2, 2, 2, 2, 1, 2, 2, 2, 2, 2, 2, 2, 0, 1, 0, 1, 1, 0, 1, 1, 0, 0, 1, 1, 0, 1, 1, 2, 1, 0, 0, 0, 1, 1, 2, 2, 2, 2, 2, 0, 1, 3, 0, 2, 0, 0, 0, 0, 2, 0, 1, 1, 0, 1], "uids": ["0", "1", "2", "3", "4", "5", "6", "7", "8", "9", "10", "11", "12", "13", "14", "15", "16", "17", "18", "19", "20", "21", "22", "23", "24", "25", "26", "27", "28", "29", "30", "31", "32", "33", "34", "35", "36", "37", "38", "39", "40", "41", "42", "43", "44", "45", "46", "47", "48", "49", "50", "51", "52", "53", "54", "55", "56", "57", "58", "59", "60", "61", "62", "63", "64", "65", "66", "67", "68", "69", "70", "71", "72", "73", "74", "75", "76", "77", "78", "79", "80", "81", "82", "83", "84", "85", "86", "87", "88", "89", "90", "91", "92", "93", "94", "95", "96", "97", "98", "99", "100", "101", "102", "103", "104", "105", "106", "107", "108", "109", "110", "111", "112", "113", "114", "115", "116", "117", "118", "119", "120", "121", "122", "123", "124", "125", "126", "127", "128", "129", "130", "131", "132", "133", "134", "135", "136", "137", "138", "139", "140", "141", "142"], "scores": [0.10643300414085388, 0.5875022411346436, 0.2917289733886719, 0.014335732907056808, 0.017075693234801292, 0.9582973122596741, 0.019585035741329193, 0.005041885655373335, 0.016081517562270164, 0.9570604562759399, 0.016126491129398346, 0.010731589049100876, 0.005390711594372988, 0.9774144887924194, 0.013554766774177551, 0.0036400838289409876, 0.15688355267047882, 0.7431136965751648, 0.08875331282615662, 0.011249471455812454, 0.16242440044879913, 0.762067973613739, 0.06083514541387558, 0.014672568067908287, 0.00628866208717227, 0.8804095983505249, 0.10936255753040314, 0.003939059562981129, 0.025839751586318016, 0.7347244024276733, 0.2367313802242279, 0.0027043952140957117, 0.009570120833814144, 0.21853254735469818, 0.7637358903884888, 0.008161433972418308, 0.6238003969192505, 0.21722213923931122, 0.1521504819393158, 0.0068269227631390095, 0.37290364503860474, 0.4763911962509155, 0.1445845365524292, 0.006120665930211544, 0.8431351780891418, 0.06447726488113403, 0.07705317437648773, 0.015334402211010456, 0.23467248678207397, 0.09901591390371323, 0.6414026021957397, 0.02490905299782753, 0.8987377882003784, 0.01098288968205452, 0.05468226596713066, 0.03559710830450058, 0.8352495431900024, 0.1350366175174713, 0.020416218787431717, 0.009297634474933147, 0.33095598220825195, 0.15282723307609558, 0.477105975151062, 0.03911092132329941, 0.31173640489578247, 0.20433762669563293, 0.23300321400165558, 0.2509227395057678, 0.899178147315979, 0.009600342251360416, 0.042161520570516586, 0.04906011000275612, 0.2791116237640381, 0.16419126093387604, 0.4202647805213928, 0.13643227517604828, 0.9828600287437439, 0.0014821895165368915, 0.007227339316159487, 0.008430498652160168, 0.0036353731993585825, 0.9753893613815308, 0.01836187019944191, 0.00261344900354743, 0.004296391271054745, 0.982010543346405, 0.010078496299684048, 0.0036146375350654125, 0.9619990587234497, 0.01767640933394432, 0.005431069061160088, 0.01489337533712387, 0.13741731643676758, 0.015871159732341766, 0.8362805247306824, 0.010430985130369663, 0.3412960469722748, 0.015662962570786476, 0.6310585737228394, 0.011982426047325134, 0.006410275120288134, 0.8480100631713867, 0.14039595425128937, 0.005183681845664978, 0.0022731528151780367, 0.9846766591072083, 0.010349741205573082, 0.0027004953008145094, 0.01460406556725502, 0.7457533478736877, 0.23252210021018982, 0.0071204607374966145, 0.17630453407764435, 0.06519296765327454, 0.7331118583679199, 0.025390656664967537, 0.18128982186317444, 0.7665221095085144, 0.04589512571692467, 0.006292893551290035, 0.9675253033638, 0.005725658033043146, 0.013562846928834915, 0.013186299242079258, 0.02873203530907631, 0.956395149230957, 0.01306157372891903, 0.001811235910281539, 0.004140336997807026, 0.05811160430312157, 0.928059995174408, 0.009688066318631172, 0.0035527837462723255, 0.03869388625025749, 0.9471542239189148, 0.010599094443023205, 0.00581579701974988, 0.009250923991203308, 0.9648693799972534, 0.02006392553448677, 0.009668553248047829, 0.5999813079833984, 0.3860568702220917, 0.004293310455977917, 0.0033558406867086887, 0.9446020126342773, 0.049434129148721695, 0.0026080745737999678, 0.12570451200008392, 0.024993466213345528, 0.8218789100646973, 0.02742314711213112, 0.31083446741104126, 0.0738278403878212, 0.5837466716766357, 0.031591106206178665, 0.1461915522813797, 0.047317154705524445, 0.7993079423904419, 0.007183374371379614, 0.23381704092025757, 0.10790440440177917, 0.651217520236969, 0.007061016280204058, 0.9570006132125854, 0.005974483676254749, 0.012069473043084145, 0.024955520406365395, 0.8920009732246399, 0.0794692113995552, 0.009564188309013844, 0.018965695053339005, 0.8036199808120728, 0.011361561715602875, 0.020381920039653778, 0.1646365374326706, 0.8904466032981873, 0.053996145725250244, 0.009056735783815384, 0.04650050401687622, 0.10688136518001556, 0.01467127911746502, 0.8592536449432373, 0.01919371634721756, 0.09094035625457764, 0.01557632815092802, 0.8704655766487122, 0.02301769331097603, 0.04898430034518242, 0.9332138299942017, 0.014446305111050606, 0.0033556181006133556, 0.01434272713959217, 0.08645899593830109, 0.8869314193725586, 0.012266797013580799, 0.016394371166825294, 0.963539183139801, 0.015033607371151447, 0.005032823886722326, 0.7792827486991882, 0.02946983277797699, 0.177591010928154, 0.01365636195987463, 0.37253278493881226, 0.603227436542511, 0.020117150619626045, 0.00412260415032506, 0.36051467061042786, 0.5946305394172668, 0.04161107912659645, 0.0032437406480312347, 0.19561214745044708, 0.6174950003623962, 0.17807283997535706, 0.008819910697638988, 0.04824908822774887, 0.05417303740978241, 0.8902578949928284, 0.007319982163608074, 0.02716347575187683, 0.9338434934616089, 0.03383415937423706, 0.005158933810889721, 0.5461896061897278, 0.26203083992004395, 0.18257731199264526, 0.009202233515679836, 0.030233798548579216, 0.9313007593154907, 0.030029963701963425, 0.008435534313321114, 0.03666587918996811, 0.003279776545241475, 0.9012701511383057, 0.058784134685993195, 0.33283111453056335, 0.004581342916935682, 0.5664257407188416, 0.09616179764270782, 0.9665756225585938, 0.006381990388035774, 0.017473027110099792, 0.009569376707077026, 0.2838499844074249, 0.6587610244750977, 0.014071298763155937, 0.043317705392837524, 0.21017760038375854, 0.3544526994228363, 0.05831034854054451, 0.3770594000816345, 0.08719604462385178, 0.6637116074562073, 0.2296682447195053, 0.019424118101596832, 0.6096300482749939, 0.30703380703926086, 0.06705953925848007, 0.016276659443974495, 0.033249031752347946, 0.03624904900789261, 0.9187485575675964, 0.011753414757549763, 0.4333212375640869, 0.052174512296915054, 0.486687034368515, 0.027817178517580032, 0.8521365523338318, 0.011045696213841438, 0.10542397201061249, 0.031393807381391525, 0.7486615180969238, 0.0531335286796093, 0.1697016805410385, 0.028503242880105972, 0.025543931871652603, 0.011980184353888035, 0.9540757536888123, 0.00840005837380886, 0.04264227673411369, 0.23068492114543915, 0.6877068281173706, 0.03896602615714073, 0.02085762470960617, 0.012063278816640377, 0.9243977069854736, 0.042681433260440826, 0.051667384803295135, 0.07590511441230774, 0.8590942025184631, 0.013333335518836975, 0.033482521772384644, 0.08250024914741516, 0.8626688122749329, 0.021348360925912857, 0.028198977932333946, 0.01021955069154501, 0.9506316184997559, 0.010949792340397835, 0.2485794574022293, 0.03197072446346283, 0.6987621188163757, 0.02068771794438362, 0.9474530220031738, 0.03854428604245186, 0.005619172006845474, 0.008383619599044323, 0.9128900766372681, 0.03158675506711006, 0.012696313671767712, 0.04282686114311218, 