{"metrics": {"ACC": 50.349650349650354, "F1": 37.91580192796323}, "predictions": [1, 1, 1, 1, 1, 1, 1, 1, 1, 1, 1, 0, 2, 0, 0, 1, 1, 0, 1, 0, 1, 1, 0, 2, 2, 1, 1, 1, 2, 1, 0, 1, 2, 2, 2, 1, 1, 2, 2, 2, 2, 0, 0, 0, 0, 2, 2, 1, 2, 1, 0, 1, 1, 1, 2, 1, 0, 1, 2, 0, 0, 1, 3, 1, 1, 2, 0, 0, 0, 2, 1, 2, 2, 2, 2, 2, 0, 0, 0, 1, 1, 0, 2, 1, 1, 1, 1, 1, 2, 2, 2, 2, 2, 1, 2, 2, 0, 2, 2, 2, 2, 0, 1, 1, 1, 1, 0, 1, 1, 0, 0, 1, 1, 0, 1, 1, 2, 1, 0, 0, 1, 1, 1, 2, 1, 2, 2, 1, 0, 1, 0, 0, 2, 0, 0, 0, 0, 0, 0, 1, 1, 0, 1], "uids": ["0", "1", "2", "3", "4", "5", "6", "7", "8", "9", "10", "11", "12", "13", "14", "15", "16", "17", "18", "19", "20", "21", "22", "23", "24", "25", "26", "27", "28", "29", "30", "31", "32", "33", "34", "35", "36", "37", "38", "39", "40", "41", "42", "43", "44", "45", "46", "47", "48", "49", "50", "51", "52", "53", "54", "55", "56", "57", "58", "59", "60", "61", "62", "63", "64", "65", "66", "67", "68", "69", "70", "71", "72", "73", "74", "75", "76", "77", "78", "79", "80", "81", "82", "83", "84", "85", "86", "87", "88", "89", "90", "91", "92", "93", "94", "95", "96", "97", "98", "99", "100", "101", "102", "103", "104", "105", "106", "107", "108", "109", "110", "111", "112", "113", "114", "115", "116", "117", "118", "119", "120", "121", "122", "123", "124", "125", "126", "127", "128", "129", "130", "131", "132", "133", "134", "135", "136", "137", "138", "139", "140", "141", "142"], "scores": [0.012391873635351658, 0.9207779169082642, 0.06227363646030426, 0.004556596744805574, 0.0036860688123852015, 0.9883953332901001, 0.005138724576681852, 0.0027798577211797237, 0.003169805509969592, 0.9873440265655518, 0.004360395483672619, 0.00512575963512063, 0.0011482932604849339, 0.9919276237487793, 0.004707592539489269, 0.0022164799738675356, 0.01200502086430788, 0.9762820601463318, 0.008624994195997715, 0.003087974851951003, 0.019436128437519073, 0.9667906761169434, 0.008268953301012516, 0.005504082888364792, 0.0017489729216322303, 0.9799213409423828, 0.01703815348446369, 0.0012915160041302443, 0.008113796822726727, 0.8904398083686829, 0.10014913976192474, 0.001297287060879171, 0.0031593567691743374, 0.49911072850227356, 0.4919804036617279, 0.005749491974711418, 0.31639987230300903, 0.5874078273773193, 0.0925079807639122, 0.0036843325942754745, 0.08547750860452652, 0.890468418598175, 0.02203623577952385, 0.0020178607665002346, 0.7691256999969482, 0.07163658738136292, 0.1461123526096344, 0.013125396333634853, 0.04361560195684433, 0.11330875009298325, 0.8324249982833862, 0.010650654323399067, 0.9438180923461914, 0.005839996971189976, 0.03174562379717827, 0.018596181645989418, 0.743399441242218, 0.2411411553621292, 0.007989499717950821, 0.007469858042895794, 0.2544097304344177, 0.554615318775177, 0.16494621336460114, 0.026028765365481377, 0.17986823618412018, 0.42773914337158203, 0.11690397560596466, 0.27548864483833313, 0.9635205864906311, 0.003491874085739255, 0.004812129773199558, 0.028175467625260353, 0.0469106025993824, 0.6901524066925049, 0.22893908619880676, 0.03399794176220894, 0.9903116226196289, 0.0006643423694185913, 0.0035989130847156048, 0.005425218027085066, 0.0011752928839996457, 0.9907446503639221, 0.006316725164651871, 0.0017633151728659868, 0.0015346790896728635, 0.9924025535583496, 0.0037307823076844215, 0.002332032425329089, 0.9824275374412537, 0.006541077047586441, 0.0016957380576059222, 0.009335685521364212, 0.055400196462869644, 0.012884700670838356, 0.9269471764564514, 0.0047679077833890915, 0.3286132514476776, 0.010757450014352798, 0.6535693407058716, 0.0070600491017103195, 0.001262431382201612, 0.9631690382957458, 0.033030249178409576, 0.002538271714001894, 0.0009085464407689869, 0.9926546812057495, 0.004180049058049917, 0.0022567915730178356, 0.0037411926314234734, 0.9326515197753906, 0.05983876436948776, 0.0037684428971260786, 0.0483727790415287, 0.014173735864460468, 0.9220643043518066, 0.015389171428978443, 0.08130529522895813, 0.9006737470626831, 0.014544005505740643, 0.003476946149021387, 0.9868271350860596, 0.001302424119785428, 0.0031552619766443968, 0.008715181611478329, 0.00506571913138032, 0.9884529709815979, 0.005477899685502052, 0.0010033778380602598, 0.0018438079860061407, 0.15053774416446686, 0.8410924077033997, 0.006526084616780281, 0.0016527363331988454, 0.165286585688591, 0.8264415264129639, 0.006619127932935953, 0.001803383813239634, 0.00727136991918087, 0.9828481674194336, 0.008077127858996391, 0.001872466062195599, 0.8565656542778015, 0.13917535543441772, 0.002386579057201743, 0.0010463246144354343, 0.9845010042190552, 0.013002043589949608, 0.0014507229207083583, 0.12106688320636749, 0.09533098340034485, 0.7618853449821472, 0.02171682007610798, 0.33388471603393555, 0.1865319311618805, 0.4489889144897461, 0.030594415962696075, 0.10318607091903687, 0.06805282086133957, 0.8242617845535278, 0.004499335773289204, 0.25508400797843933, 0.18503037095069885, 0.5550844073295593, 0.004801166709512472, 0.9768237471580505, 0.0026023376267403364, 0.004786074161529541, 0.015787756070494652, 0.7595809698104858, 0.21814928948879242, 0.005634695291519165, 0.016635023057460785, 0.9036503434181213, 0.004504060838371515, 0.004882029257714748, 0.08696355670690536, 0.8857024312019348, 0.07241697609424591, 0.0029487237334251404, 0.03893185406923294, 0.15042927861213684, 0.015292725525796413, 0.8187094330787659, 0.015568551607429981, 0.1685088574886322, 0.02625538967549801, 0.7832086682319641, 0.022027144208550453, 0.005959224421530962, 0.9889829754829407, 0.003474803175777197, 0.0015831204364076257, 0.004291641991585493, 0.1477380245923996, 0.8397989273071289, 0.00817142054438591, 0.0037739051040261984, 0.9879390001296997, 0.00519550358876586, 0.003091584425419569, 0.8328907489776611, 0.027300214394927025, 0.1309538632631302, 0.008855254389345646, 0.27449339628219604, 0.7101612091064453, 0.012648363597691059, 0.0026970193721354008, 0.13963189721107483, 0.8217530250549316, 0.0367254912853241, 0.0018895362736657262, 0.02098199725151062, 0.9281278848648071, 0.04846518859267235, 0.002424937207251787, 0.009518972598016262, 0.03348761051893234, 0.953399121761322, 0.0035942785907536745, 0.005433294922113419, 0.9815775752067566, 0.010305794887244701, 0.002683383645489812, 0.4519970715045929, 0.43489745259284973, 0.10785697400569916, 0.0052485354244709015, 0.010238587856292725, 0.9697098731994629, 0.01398838497698307, 0.006063241511583328, 0.07068808376789093, 0.0021080009173601866, 0.8580650091171265, 0.06913886964321136, 0.7588437795639038, 0.0016895974986255169, 0.1690501868724823, 0.07041643559932709, 0.9878820180892944, 0.002373520517721772, 0.0035293621476739645, 0.006215051747858524, 0.10070113092660904, 0.8781531453132629, 0.004522341303527355, 0.016623452305793762, 0.11119238287210464, 0.4199712872505188, 0.03683329001069069, 0.432002991437912, 0.015056556090712547, 0.8858157396316528, 0.09024202823638916, 0.008885744027793407, 0.235045924782753, 0.7295154333114624, 0.026106905192136765, 0.009331782348453999, 0.0796050950884819, 0.21460257470607758, 0.6902968883514404, 0.01549544744193554, 0.6366138458251953, 0.025125818327069283, 0.31394028663635254, 0.02432001195847988, 0.9572349786758423, 0.002532903803512454, 0.024794617667794228, 0.015437418594956398, 0.9442452788352966, 0.01247615460306406, 0.029903361573815346, 0.013375256210565567, 0.005484529305249453, 0.004285557195544243, 0.9860274791717529, 0.00420247670263052, 0.006483881268650293, 0.8448757529258728, 0.13389578461647034, 0.014744633808732033, 0.0058456650003790855, 0.006377389654517174, 0.9668025970458984, 0.020974300801753998, 0.02002398669719696, 0.06716472655534744, 0.9055885672569275, 0.00722265662625432, 0.014993309043347836, 0.12298178672790527, 0.8497278094291687, 0.012297109700739384, 0.0045045288279652596, 0.00482882559299469, 0.986469030380249, 0.004197649657726288, 0.032965146005153656, 0.04299300163984299, 0.9180991649627686, 0.005942684132605791, 0.9791887402534485, 0.01300252415239811, 0.0024142656475305557, 0.005394541192799807, 0.9128850102424622, 