{"metrics": {"ACC": 53.14685314685315, "F1": 39.90100430416069}, "predictions": [1, 1, 1, 1, 1, 1, 1, 1, 2, 1, 1, 2, 2, 0, 0, 2, 2, 0, 0, 0, 1, 1, 0, 2, 2, 1, 1, 1, 2, 1, 0, 1, 2, 2, 2, 1, 1, 2, 2, 2, 2, 0, 0, 0, 0, 2, 2, 1, 2, 1, 0, 1, 1, 1, 2, 1, 1, 1, 2, 0, 0, 1, 1, 1, 0, 2, 2, 0, 0, 2, 2, 2, 2, 2, 2, 2, 0, 0, 0, 1, 1, 0, 0, 1, 1, 1, 2, 1, 2, 2, 2, 2, 2, 1, 2, 2, 2, 2, 2, 2, 2, 0, 1, 2, 1, 1, 0, 1, 1, 0, 1, 1, 1, 0, 1, 1, 2, 1, 0, 0, 0, 1, 1, 2, 2, 2, 2, 1, 0, 1, 2, 0, 2, 0, 0, 0, 2, 2, 0, 1, 1, 0, 1], "uids": ["0", "1", "2", "3", "4", "5", "6", "7", "8", "9", "10", "11", "12", "13", "14", "15", "16", "17", "18", "19", "20", "21", "22", "23", "24", "25", "26", "27", "28", "29", "30", "31", "32", "33", "34", "35", "36", "37", "38", "39", "40", "41", "42", "43", "44", "45", "46", "47", "48", "49", "50", "51", "52", "53", "54", "55", "56", "57", "58", "59", "60", "61", "62", "63", "64", "65", "66", "67", "68", "69", "70", "71", "72", "73", "74", "75", "76", "77", "78", "79", "80", "81", "82", "83", "84", "85", "86", "87", "88", "89", "90", "91", "92", "93", "94", "95", "96", "97", "98", "99", "100", "101", "102", "103", "104", "105", "106", "107", "108", "109", "110", "111", "112", "113", "114", "115", "116", "117", "118", "119", "120", "121", "122", "123", "124", "125", "126", "127", "128", "129", "130", "131", "132", "133", "134", "135", "136", "137", "138", "139", "140", "141", "142"], "scores": [0.1114245057106018, 0.44639259576797485, 0.4238422214984894, 0.01834065653383732, 0.03369591012597084, 0.9182243943214417, 0.041078146547079086, 0.007001522928476334, 0.0336143895983696, 0.8946208953857422, 0.05344738811254501, 0.018317265436053276, 0.018647829070687294, 0.9369363784790039, 0.037302371114492416, 0.007113452535122633, 0.14579777419567108, 0.6910282373428345, 0.14916130900382996, 0.01401269156485796, 0.08376561850309372, 0.8341487050056458, 0.07147971540689468, 0.010605956427752972, 0.027563733980059624, 0.6997115015983582, 0.26068174839019775, 0.012043111026287079, 0.18581892549991608, 0.554648220539093, 0.2529864013195038, 0.006546452641487122, 0.024267880246043205, 0.46262264251708984, 0.5017679929733276, 0.011341504752635956, 0.22456610202789307, 0.46150097250938416, 0.3028751015663147, 0.011057879775762558, 0.23586399853229523, 0.5281896591186523, 0.2253306657075882, 0.0106156961992383, 0.32850536704063416, 0.1626187562942505, 0.48219358921051025, 0.026682253926992416, 0.16493943333625793, 0.26516807079315186, 0.5403968691825867, 0.0294956024736166, 0.6003817915916443, 0.08001155406236649, 0.2597142457962036, 0.059892505407333374, 0.48800840973854065, 0.3694116473197937, 0.12835091352462769, 0.014229055494070053, 0.0925290510058403, 0.04126042500138283, 0.8335177302360535, 0.03269278258085251, 0.11351475119590759, 0.06166915223002434, 0.7844257354736328, 0.04039030894637108, 0.8060662150382996, 0.03624214604496956, 0.09456618875265121, 0.06312548369169235, 0.3353416621685028, 0.306155800819397, 0.25267115235328674, 0.10583136230707169, 0.9621212482452393, 0.004307541996240616, 0.020611342042684555, 0.012959831394255161, 0.014695359393954277, 0.946964681148529, 0.03391485661268234, 0.004425060469657183, 0.025994177907705307, 0.9415463209152222, 0.02629901096224785, 0.006160600110888481, 0.757012128829956, 0.18861551582813263, 0.03462933376431465, 0.01974293403327465, 0.3049851357936859, 0.07192583382129669, 0.6093312501907349, 0.013757798820734024, 0.35495972633361816, 0.060036979615688324, 0.5715704560279846, 0.013432847335934639, 0.01882830262184143, 0.8215040564537048, 0.15079756081104279, 0.008870106190443039, 0.007912591099739075, 0.9649879932403564, 0.02218504436314106, 0.0049143023788928986, 0.02770702913403511, 0.7672262191772461, 0.19614006578922272, 0.008926721289753914, 0.26324957609176636, 0.12761494517326355, 0.5657167434692383, 0.04341869056224823, 0.19508178532123566, 0.697050929069519, 0.09872685372829437, 0.009140419773757458, 0.8919950723648071, 0.024298224598169327, 0.06147312372922897, 0.022233588621020317, 0.036272063851356506, 0.9288631081581116, 0.030935965478420258, 0.0039288438856601715, 0.018537018448114395, 0.08843807876110077, 0.8624939322471619, 0.030530957505106926, 0.018751507624983788, 0.08963930606842041, 0.857954204082489, 0.033654987812042236, 0.02857007458806038, 0.041160035878419876, 0.8767582178115845, 0.05351158604025841, 0.03168247267603874, 0.527090847492218, 0.4326452910900116, 0.008581386879086494, 0.014105829410254955, 0.9092763662338257, 0.07192011177539825, 0.004697711672633886, 0.3586386442184448, 0.07796750962734222, 0.5282386541366577, 0.035155169665813446, 0.21782319247722626, 0.11395358294248581, 0.6367248296737671, 0.03149842098355293, 0.06876545399427414, 0.047530949115753174, 0.8729123473167419, 0.01079125702381134, 0.10993628203868866, 0.1030585914850235, 0.7770728468894958, 0.009932223707437515, 0.8680338263511658, 0.04054035246372223, 0.052484653890132904, 0.03894118219614029, 0.5193837881088257, 0.43624094128608704, 0.025170061737298965, 0.019205154851078987, 0.7070457935333252, 0.05143968015909195, 0.07886259257793427, 0.1626519113779068, 0.6834598779678345, 0.2235693484544754, 0.04479677975177765, 0.04817397519946098, 0.25171974301338196, 0.06373921781778336, 0.6567942500114441, 0.027746738865971565, 0.24789097905158997, 0.07716718316078186, 0.6448495984077454, 0.030092233791947365, 0.12618540227413177, 0.8264057040214539, 0.03853582590818405, 0.008873101323843002, 0.06342654675245285, 0.23623418807983398, 0.6775984764099121, 0.022740785032510757, 0.0609746016561985, 0.9001666307449341, 0.03211979940533638, 0.006738989148288965, 0.7052633762359619, 0.14287224411964417, 0.1408924162387848, 0.010972005315124989, 0.09913367033004761, 0.8628842830657959, 0.03367743641138077, 0.004304641392081976, 0.189286008477211, 0.7526450753211975, 0.0537300668656826, 0.004338751081377268, 0.09519045799970627, 0.7975343465805054, 0.10034482926130295, 0.006930375937372446, 0.10164942592382431, 0.16598734259605408, 0.720177412033081, 0.012185809202492237, 0.04481000453233719, 0.8842584490776062, 0.06531544774770737, 0.005616059061139822, 0.3413821756839752, 0.4190997779369354, 0.22639434039592743, 0.01312379352748394, 0.07505514472723007, 0.8736637830734253, 0.04139744117856026, 0.00988362543284893, 0.12666261196136475, 0.008424537256360054, 0.8060006499290466, 0.058912135660648346, 0.48766446113586426, 0.011254745535552502, 0.44408634305000305, 0.0569944754242897, 0.8505548238754272, 0.022500067949295044, 0.11167479306459427, 0.015270345844328403, 0.2029571831226349, 0.700590968132019, 0.052653927356004715, 0.04379787668585777, 0.20373576879501343, 0.4945535957813263, 0.10839217156171799, 0.1933184713125229, 0.3334181308746338, 0.3398844599723816, 0.2889774739742279, 0.0377199687063694, 0.6799651384353638, 0.15951094031333923, 0.12942133843898773, 0.03110256791114807, 0.04461872950196266, 0.2214193493127823, 0.723913311958313, 0.010048584081232548, 0.39451172947883606, 0.1386871486902237, 0.4407458007335663, 0.02605539932847023, 0.45336273312568665, 0.09914341568946838, 0.4176397919654846, 0.029854098334908485, 0.5094975829124451, 0.2226312905550003, 0.24123428761959076, 0.026636801660060883, 0.153774231672287, 0.06517677754163742, 0.764314591884613, 0.016734404489398003, 0.13683617115020752, 0.27369511127471924, 0.5437571406364441, 0.04571158438920975, 0.07444503903388977, 0.043361321091651917, 0.8313165903091431, 0.050877127796411514, 0.11404082924127579, 0.1195291057229042, 0.7429283261299133, 0.023501738905906677, 0.14410410821437836, 0.22982841730117798, 0.5893422365188599, 0.036725226789712906, 0.08788929879665375, 0.04630851373076439, 0.8431698083877563, 0.02263236604630947, 0.21229927241802216, 0.09784593433141708, 0.6634008884429932, 0.026453901082277298, 0.896907389163971, 0.0743459165096283, 0.012782366946339607, 0.015964236110448837, 0.7911850810050964, 0.11038415879011154, 0.06006212905049324, 0.03836853429675102, 0.6801607012748718, 0.08621815592050552, 0.2022615373134613, 