{"metrics": {"ACC": 51.048951048951054, "F1": 38.669846316905144}, "predictions": [1, 1, 1, 1, 1, 1, 1, 1, 1, 1, 1, 0, 2, 0, 0, 1, 3, 0, 1, 0, 1, 1, 0, 2, 2, 1, 1, 1, 2, 1, 0, 1, 2, 2, 2, 1, 1, 2, 0, 2, 1, 0, 0, 0, 0, 2, 2, 1, 2, 1, 0, 1, 1, 1, 2, 1, 1, 1, 2, 0, 0, 1, 3, 1, 1, 2, 0, 0, 0, 2, 1, 2, 2, 2, 2, 2, 0, 0, 0, 1, 1, 0, 0, 1, 1, 1, 1, 1, 2, 2, 2, 2, 2, 1, 2, 2, 0, 2, 2, 2, 2, 0, 1, 1, 1, 1, 1, 1, 1, 0, 0, 1, 1, 0, 1, 1, 2, 1, 0, 0, 1, 1, 1, 2, 1, 2, 2, 1, 0, 1, 3, 0, 2, 0, 0, 0, 0, 0, 0, 1, 1, 0, 1], "uids": ["0", "1", "2", "3", "4", "5", "6", "7", "8", "9", "10", "11", "12", "13", "14", "15", "16", "17", "18", "19", "20", "21", "22", "23", "24", "25", "26", "27", "28", "29", "30", "31", "32", "33", "34", "35", "36", "37", "38", "39", "40", "41", "42", "43", "44", "45", "46", "47", "48", "49", "50", "51", "52", "53", "54", "55", "56", "57", "58", "59", "60", "61", "62", "63", "64", "65", "66", "67", "68", "69", "70", "71", "72", "73", "74", "75", "76", "77", "78", "79", "80", "81", "82", "83", "84", "85", "86", "87", "88", "89", "90", "91", "92", "93", "94", "95", "96", "97", "98", "99", "100", "101", "102", "103", "104", "105", "106", "107", "108", "109", "110", "111", "112", "113", "114", "115", "116", "117", "118", "119", "120", "121", "122", "123", "124", "125", "126", "127", "128", "129", "130", "131", "132", "133", "134", "135", "136", "137", "138", "139", "140", "141", "142"], "scores": [0.01700887270271778, 0.9267205595970154, 0.050614308565855026, 0.00565629918128252, 0.004335744772106409, 0.9874996542930603, 0.005107693839818239, 0.0030568738002330065, 0.0038958617951720953, 0.9858782291412354, 0.004539056681096554, 0.005686822347342968, 0.0014312599087134004, 0.9910807013511658, 0.005032507702708244, 0.0024555460549890995, 0.0157993882894516, 0.9717198610305786, 0.008815386332571507, 0.0036653669085353613, 0.018608955666422844, 0.9679722189903259, 0.007684437092393637, 0.005734421778470278, 0.0021757350768893957, 0.9840595722198486, 0.012463230639696121, 0.0013014384312555194, 0.01025877520442009, 0.9210217595100403, 0.06740681082010269, 0.0013127110432833433, 0.0035122691188007593, 0.6140772104263306, 0.37658146023750305, 0.005829100497066975, 0.41928306221961975, 0.5045527219772339, 0.07186879217624664, 0.004295441787689924, 0.07571957260370255, 0.902616024017334, 0.019446207210421562, 0.0022182411048561335, 0.777587354183197, 0.08727525919675827, 0.12027281522750854, 0.014864608645439148, 0.09047780185937881, 0.23175804316997528, 0.660323977470398, 0.017440147697925568, 0.9386281371116638, 0.008153659291565418, 0.029126925393939018, 0.024091266095638275, 0.747775673866272, 0.23473769426345825, 0.008526487275958061, 0.008960198611021042, 0.2372865527868271, 0.5728904604911804, 0.1546562761068344, 0.0351666696369648, 0.1700083613395691, 0.3442177176475525, 0.10858286917209625, 0.37719109654426575, 0.9590857625007629, 0.007632553111761808, 0.0047719767317175865, 0.02850973792374134, 0.07945981621742249, 0.7037323713302612, 0.15636304020881653, 0.060444802045822144, 0.9889053106307983, 0.0008114657830446959, 0.00396097032353282, 0.006322227884083986, 0.0015420871786773205, 0.9912012815475464, 0.0053590089082717896, 0.0018975515849888325, 0.0019342651357874274, 0.9916130304336548, 0.0040170568972826, 0.0024356250651180744, 0.9620298743247986, 0.02137429267168045, 0.0023214498069137335, 0.014274450950324535, 0.13019002974033356, 0.022721458226442337, 0.8406151533126831, 0.006473269313573837, 0.4656951129436493, 0.01289999671280384, 0.5129340291023254, 0.008470848202705383, 0.0014819097705185413, 0.9714734554290771, 0.024612335488200188, 0.0024323270190507174, 0.0011675807181745768, 0.9921030402183533, 0.004235006868839264, 0.0024943617172539234, 0.0033955909311771393, 0.9639526605606079, 0.029670868068933487, 0.0029809873085469007, 0.1564960479736328, 0.042263615876436234, 0.7779189944267273, 0.023321298882365227, 0.03990297392010689, 0.9500271677970886, 0.007323692087084055, 0.0027461685240268707, 0.985969066619873, 0.002525969408452511, 0.002749520819634199, 0.0087553970515728, 0.007991594262421131, 0.9841169714927673, 0.006790570914745331, 0.0011008491273969412, 0.0027660441119223833, 0.4302288293838501, 0.5587859153747559, 0.00821914803236723, 0.0023081174585968256, 0.3959386944770813, 0.5937014818191528, 0.008051655255258083, 0.002451462671160698, 0.015322462655603886, 0.9712187647819519, 0.011007249355316162, 0.0019533506128937006, 0.9155157208442688, 0.08035122603178024, 0.0021796799264848232, 0.00127024098765105, 0.9876311421394348, 0.009598364122211933, 0.0015003402950242162, 0.17537622153759003, 0.17362478375434875, 0.6179221272468567, 0.03307686373591423, 0.372092604637146, 0.22890321910381317, 0.3618326485157013, 0.03717152774333954, 0.23947773873806, 0.22447176277637482, 0.5296357274055481, 0.006414756178855896, 0.3035031855106354, 0.3776605427265167, 0.31353646516799927, 0.00529981916770339, 0.9703333973884583, 0.003884253092110157, 0.005625619553029537, 0.020156659185886383, 0.681950032711029, 0.2917052209377289, 0.006333611439913511, 0.02001117542386055, 0.8502995371818542, 0.006804266944527626, 0.006944752298295498, 0.13595150411128998, 0.8072840571403503, 0.13374848663806915, 0.00440877303481102, 0.054558780044317245, 0.17488710582256317, 0.026417134329676628, 0.7785102725028992, 0.020185470581054688, 0.19390471279621124, 0.05319594219326973, 0.7206977009773254, 0.03220166638493538, 0.00763062434270978, 0.9864912033081055, 0.004036284517496824, 0.0018419827101752162, 0.006530186627060175, 0.272494375705719, 0.7090685367584229, 0.01190687995404005, 0.003969317767769098, 0.9878661632537842, 0.005013244226574898, 0.0031512067653238773, 0.8122662901878357, 0.04105769470334053, 0.13523733615875244, 0.011438606306910515, 0.3082912266254425, 0.6743499040603638, 0.014331880956888199, 0.0030269843991845846, 0.10268056392669678, 0.874456524848938, 0.021039368584752083, 0.0018236180767416954, 0.01430508028715849, 0.9562385082244873, 0.027242794632911682, 0.002213632222265005, 0.01826031692326069, 0.0682455375790596, 0.9084538817405701, 0.005040246061980724, 0.005774985067546368, 0.9838268160820007, 0.007741371635347605, 0.002656936412677169, 0.3373301029205322, 0.5661967396736145, 0.09111561626195908, 0.005357468966394663, 0.008542855270206928, 0.9749035239219666, 0.011356090195477009, 0.005197541322559118, 0.08326594531536102, 0.0028391305822879076, 0.8178572654724121, 0.09603762626647949, 0.7326384782791138, 0.00209807138890028, 0.17863823473453522, 0.0866251289844513, 0.9839313626289368, 0.004437402822077274, 0.004388979636132717, 0.007242176216095686, 0.1079738661646843, 0.8666185736656189, 0.005374156404286623, 0.020033366978168488, 0.12126937508583069, 0.4145113527774811, 0.04119972139596939, 0.4230196475982666, 0.017402460798621178, 0.9162437319755554, 0.05805901065468788, 0.008294831030070782, 0.25599321722984314, 0.7090677618980408, 0.02436886914074421, 0.01057019829750061, 0.2210177481174469, 0.3235352337360382, 0.43173885345458984, 0.02370818331837654, 0.7167320251464844, 0.03473643958568573, 0.2222047597169876, 0.026326781138777733, 0.9598744511604309, 0.0032543358393013477, 0.019212519749999046, 0.017658552154898643, 0.9362252354621887, 0.020359069108963013, 0.027040522545576096, 0.016375206410884857, 0.010020734742283821, 0.008704817853868008, 0.9756271243095398, 0.0056473687291145325, 0.007137309294193983, 0.8846293091773987, 0.09315653890371323, 0.015076952986419201, 0.008904898539185524, 0.011351032182574272, 0.9478835463523865, 0.03186045214533806, 0.02399495057761669, 0.1016920730471611, 0.8643856644630432, 0.009927247650921345, 0.023697545751929283, 0.20957285165786743, 0.7478380799293518, 0.01889152079820633, 0.006178847514092922, 0.007274514064192772, 0.9807575941085815, 0.005789014510810375, 0.0584084689617157, 0.09074890613555908, 0.8411977291107178, 0.009644904173910618, 0.9673286080360413, 0.0224933959543705, 0.002523068804293871, 0.007654971443116665, 0.8550046682357788, 0.06406378746032715, 