{"metrics": {"ACC": 34.96503496503497, "F1": 22.53956117592481}, "predictions": [1, 1, 1, 0, 1, 1, 0, 1, 1, 1, 0, 1, 1, 1, 0, 2, 2, 1, 0, 0, 1, 1, 0, 1, 1, 1, 1, 1, 1, 1, 0, 1, 1, 1, 1, 1, 1, 0, 1, 1, 1, 0, 0, 0, 0, 1, 1, 0, 1, 0, 0, 1, 1, 1, 1, 1, 1, 1, 0, 0, 0, 0, 1, 1, 1, 1, 0, 0, 0, 0, 0, 0, 0, 0, 0, 0, 0, 1, 1, 0, 1, 1, 0, 1, 1, 0, 0, 0, 1, 1, 0, 1, 0, 1, 0, 0, 0, 0, 0, 0, 0, 1, 1, 0, 1, 1, 1, 1, 1, 0, 0, 1, 1, 1, 1, 1, 1, 1, 0, 1, 0, 1, 1, 0, 0, 0, 0, 1, 0, 0, 0, 0, 1, 0, 0, 0, 2, 2, 0, 0, 0, 0, 1], "uids": ["0", "1", "2", "3", "4", "5", "6", "7", "8", "9", "10", "11", "12", "13", "14", "15", "16", "17", "18", "19", "20", "21", "22", "23", "24", "25", "26", "27", "28", "29", "30", "31", "32", "33", "34", "35", "36", "37", "38", "39", "40", "41", "42", "43", "44", "45", "46", "47", "48", "49", "50", "51", "52", "53", "54", "55", "56", "57", "58", "59", "60", "61", "62", "63", "64", "65", "66", "67", "68", "69", "70", "71", "72", "73", "74", "75", "76", "77", "78", "79", "80", "81", "82", "83", "84", "85", "86", "87", "88", "89", "90", "91", "92", "93", "94", "95", "96", "97", "98", "99", "100", "101", "102", "103", "104", "105", "106", "107", "108", "109", "110", "111", "112", "113", "114", "115", "116", "117", "118", "119", "120", "121", "122", "123", "124", "125", "126", "127", "128", "129", "130", "131", "132", "133", "134", "135", "136", "137", "138", "139", "140", "141", "142"], "scores": [0.3369012475013733, 0.4505353569984436, 0.19014562666416168, 0.02241767756640911, 0.2994210720062256, 0.5209226608276367, 0.15957018733024597, 0.020086035132408142, 0.3807271122932434, 0.45272281765937805, 0.14314965903759003, 0.02340046316385269, 0.49631717801094055, 0.353356271982193, 0.12187398970127106, 0.028452511876821518, 0.34904637932777405, 0.4773269593715668, 0.15391720831394196, 0.019709454849362373, 0.35486599802970886, 0.46977242827415466, 0.15387824177742004, 0.021483389660716057, 0.49646833539009094, 0.3371458351612091, 0.14631327986717224, 0.020072471350431442, 0.3901478350162506, 0.4703044593334198, 0.1219993606209755, 0.017548343166708946, 0.28859782218933105, 0.5016376972198486, 0.18821297585964203, 0.02155154198408127, 0.39001190662384033, 0.4111648499965668, 0.1789039820432663, 0.019919347018003464, 0.4069198966026306, 0.3915679454803467, 0.1807321310043335, 0.020779993385076523, 0.3934262692928314, 0.4272768199443817, 0.15969552099704742, 0.019601328298449516, 0.3780161440372467, 0.46041256189346313, 0.14087437093257904, 0.02069699950516224, 0.4147713780403137, 0.41948139667510986, 0.14375071227550507, 0.02199644222855568, 0.3853197693824768, 0.31146109104156494, 0.2816900610923767, 0.021529002115130424, 0.3062412738800049, 0.3323119878768921, 0.3354925513267517, 0.025954272598028183, 0.3205667734146118, 0.32386165857315063, 0.3290862441062927, 0.0264852624386549, 0.324383020401001, 0.544603705406189, 0.11076658219099045, 0.02024669572710991, 0.5711427330970764, 0.2742946445941925, 0.1232718899846077, 0.031290724873542786, 0.7867740988731384, 0.07705279439687729, 0.0969858393073082, 0.03918732702732086, 0.3224380314350128, 0.5453410744667053, 0.11201529949903488, 0.020205562934279442, 0.38262346386909485, 0.488459050655365, 0.10756993293762207, 0.02134757488965988, 0.48226648569107056, 0.37913650274276733, 0.11256536841392517, 0.026031674817204475, 0.35788074135780334, 0.4136897623538971, 0.2104245275259018, 0.01800490729510784, 0.37065526843070984, 0.38632872700691223, 0.2237863540649414, 0.01922965794801712, 0.2834942042827606, 0.5345595479011536, 0.1619720757007599, 0.019974147900938988, 0.28720277547836304, 0.5562035441398621, 0.13616977632045746, 0.02042393758893013, 0.3142852783203125, 0.5443965196609497, 0.12223094701766968, 0.019087301567196846, 0.35902896523475647, 0.4545791447162628, 0.1646074801683426, 0.021784361451864243, 0.35509923100471497, 0.47428444027900696, 0.15074795484542847, 0.019868358969688416, 0.4363996684551239, 0.3359399437904358, 0.2024388164281845, 0.025221610441803932, 0.33555299043655396, 0.5266173481941223, 0.11973243951797485, 0.01809721812605858, 0.25417810678482056, 0.5375807881355286, 0.18744972348213196, 0.0207914300262928, 0.25942155718803406, 0.5326902270317078, 0.18847672641277313, 0.0194114800542593, 0.27754923701286316, 0.5240141749382019, 0.1797570437192917, 0.018679503351449966, 0.3240874707698822, 0.4871818423271179, 0.1678466945886612, 0.020883960649371147, 0.3880014419555664, 0.47687554359436035, 0.11590386182069778, 0.019219161942601204, 0.36650049686431885, 0.3308606445789337, 0.2789188325405121, 0.023720014840364456, 0.3744592070579529, 0.41793549060821533, 0.18624456226825714, 0.02136079967021942, 0.373771995306015, 0.40249261260032654, 0.205524280667305, 0.01821104809641838, 0.37553027272224426, 0.4073033034801483, 0.19928152859210968, 0.017884884029626846, 0.4288012385368347, 0.37951669096946716, 0.16380000114440918, 0.027882026508450508, 0.43574345111846924, 0.40881824493408203, 0.1337181031703949, 0.021720146760344505, 0.4609970152378082, 0.29177170991897583, 0.21672596037387848, 0.030505288392305374, 0.41679397225379944, 0.3763867914676666, 0.18165139853954315, 0.025167860090732574, 0.3552124798297882, 0.42897161841392517, 0.19569335877895355, 0.02012256160378456, 0.36558374762535095, 0.4335561692714691, 0.18010185658931732, 0.02075822837650776, 0.4330430328845978, 0.4280211627483368, 0.119401715695858, 0.019534099847078323, 0.4105471074581146, 0.4416852295398712, 0.12896811962127686, 0.01879958249628544, 0.4420187473297119, 0.3356447219848633, 0.20195390284061432, 0.02038262039422989, 0.46847546100616455, 0.2610344886779785, 0.24598471820354462, 0.02450529672205448, 0.3960610330104828, 0.48017629981040955, 0.10284943133592606, 0.020913198590278625, 0.3466067314147949, 0.5197187066078186, 0.11256567388772964, 0.02110893279314041, 0.3939591348171234, 0.4559675455093384, 0.13130176067352295, 0.018771536648273468, 0.3632493317127228, 0.42247727513313293, 0.19384007155895233, 0.020433353260159492, 0.3520943522453308, 0.4638262093067169, 0.16281351447105408, 0.021265855059027672, 0.35740646719932556, 0.44679832458496094, 0.1734020709991455, 0.022393159568309784, 0.35489797592163086, 0.508360743522644, 0.10706916451454163, 0.029672134667634964, 0.48376601934432983, 0.306470662355423, 0.18866907060146332, 0.021094270050525665, 0.5528226494789124, 0.2487586885690689, 0.1760171353816986, 0.02240154705941677, 0.5160426497459412, 0.3012351393699646, 0.16144680976867676, 0.021275410428643227, 0.42285698652267456, 0.39066654443740845, 0.16114388406276703, 0.025332551449537277, 0.4079558253288269, 0.42759010195732117, 0.13924871385097504, 0.02520541287958622, 0.3380204439163208, 0.44945812225341797, 0.1954338103532791, 0.017087697982788086, 0.3766380250453949, 0.39907798171043396, 0.20415043830871582, 0.02013365551829338, 0.34146639704704285, 0.4310738444328308, 0.2085970640182495, 0.018862642347812653, 0.39937010407447815, 0.3406943082809448, 0.2350456565618515, 0.024890005588531494, 0.39903929829597473, 0.3225593864917755, 0.2505883276462555, 0.02781306393444538, 0.40631240606307983, 0.3728705942630768, 0.1985175758600235, 0.022299470379948616, 0.43712836503982544, 0.33316388726234436, 0.20984788239002228, 0.019859883934259415, 0.3976902365684509, 0.37537309527397156, 0.2037958949804306, 0.023140741512179375, 0.4169623851776123, 0.3215102553367615, 0.2346653938293457, 0.026861872524023056, 0.585365891456604, 0.18616123497486115, 0.20064625144004822, 0.027826616540551186, 0.5815989971160889, 0.1887926310300827, 0.2002667933702469, 0.029341591522097588, 0.4941517114639282, 0.24948535859584808, 0.22784794867038727, 0.02851494774222374, 0.5042739510536194, 0.26005303859710693, 0.2082158923149109, 0.02745715342462063, 0.613949716091156, 0.2402966469526291, 0.12094247341156006, 0.02481118217110634, 0.30830731987953186, 0.5230766534805298, 0.145766943693161, 0.022849062457680702, 0.4003099203109741, 0.4070916473865509, 0.1711275279521942, 0.021470932289958, 0.5158315896987915, 