{"metrics": {"ACC": 48.25174825174825, "F1": 35.113071008593394}, "predictions": [0, 0, 3, 0, 4, 1, 1, 1, 0, 4, 4, 0, 4, 3, 0, 0, 0, 0, 1, 0, 1, 0, 1, 1, 3, 0, 0, 0, 0, 0, 0, 0, 0, 1, 0, 0, 1, 0, 0, 0, 3, 3, 3, 3, 0, 0, 0, 3, 0, 4, 0, 0, 0, 0, 0, 4, 0, 4, 0, 0, 0, 3, 3, 4, 0, 4, 4, 0, 4, 0, 0, 3, 0, 3, 0, 0, 0, 3, 3, 3, 3, 0, 0, 0, 0, 3, 3, 3, 1, 1, 4, 4, 0, 0, 0, 0, 0, 4, 0, 1, 0, 0, 0, 4, 0, 0, 0, 3, 0, 0, 0, 0, 0, 0, 0, 0, 0, 0, 1, 0, 0, 0, 1, 0, 3, 1, 0, 1, 1, 0, 1, 1, 3, 1, 3, 1, 0, 3, 1, 0, 0, 1, 0], "uids": ["0", "1", "2", "3", "4", "5", "6", "7", "8", "9", "10", "11", "12", "13", "14", "15", "16", "17", "18", "19", "20", "21", "22", "23", "24", "25", "26", "27", "28", "29", "30", "31", "32", "33", "34", "35", "36", "37", "38", "39", "40", "41", "42", "43", "44", "45", "46", "47", "48", "49", "50", "51", "52", "53", "54", "55", "56", "57", "58", "59", "60", "61", "62", "63", "64", "65", "66", "67", "68", "69", "70", "71", "72", "73", "74", "75", "76", "77", "78", "79", "80", "81", "82", "83", "84", "85", "86", "87", "88", "89", "90", "91", "92", "93", "94", "95", "96", "97", "98", "99", "100", "101", "102", "103", "104", "105", "106", "107", "108", "109", "110", "111", "112", "113", "114", "115", "116", "117", "118", "119", "120", "121", "122", "123", "124", "125", "126", "127", "128", "129", "130", "131", "132", "133", "134", "135", "136", "137", "138", "139", "140", "141", "142"], "scores": [0.6707215905189514, 0.05794467777013779, 0.06800664216279984, 0.052793338894844055, 0.1505337506532669, 0.8257204294204712, 0.03615378960967064, 0.019833341240882874, 0.039133746176958084, 0.0791587308049202, 0.061521172523498535, 0.012402771972119808, 0.10231329500675201, 0.7468377947807312, 0.07692505419254303, 0.4280317425727844, 0.11262574046850204, 0.06558857858181, 0.31920114159584045, 0.07455289363861084, 0.07433893531560898, 0.17026066780090332, 0.18789389729499817, 0.1677902638912201, 0.3997162878513336, 0.10767066478729248, 0.42437705397605896, 0.10518129914999008, 0.03441627323627472, 0.32835471630096436, 0.18620242178440094, 0.6434483528137207, 0.030798032879829407, 0.02871989831328392, 0.11083123087882996, 0.3659899830818176, 0.4976653754711151, 0.02635999210178852, 0.014091221615672112, 0.09589338302612305, 0.7483626008033752, 0.011923758313059807, 0.05193180590867996, 0.12031931430101395, 0.06746255606412888, 0.12063229084014893, 0.14342261850833893, 0.10615722090005875, 0.2897396683692932, 0.3400481641292572, 0.09354906529188156, 0.07768034189939499, 0.16955424845218658, 0.16946229338645935, 0.4897540807723999, 0.5244104266166687, 0.26789402961730957, 0.03981221467256546, 0.07252977788448334, 0.09535350650548935, 0.10444124788045883, 0.23225226998329163, 0.11034315079450607, 0.24986425042152405, 0.303099125623703, 0.06470965594053268, 0.17875461280345917, 0.10425271093845367, 0.5357173681259155, 0.11656561493873596, 0.724613606929779, 0.035931821912527084, 0.05054901912808418, 0.032860565930604935, 0.15604491531848907, 0.6735820770263672, 0.047272469848394394, 0.05286899209022522, 0.1114521473646164, 0.1148243397474289, 0.5864681601524353, 0.06881322711706161, 0.05913304537534714, 0.18182241916656494, 0.10376309603452682, 0.9086158871650696, 0.015293192118406296, 0.011501512490212917, 0.03125414997339249, 0.0333353728055954, 0.02010204829275608, 0.9378333687782288, 0.006314417812973261, 0.022038349881768227, 0.013711896724998951, 0.9448004364967346, 0.0065247854217886925, 0.007432610262185335, 0.03609774261713028, 0.005144433118402958, 0.03767417371273041, 0.9149340987205505, 0.007397026754915714, 0.0059390743263065815, 0.03405560180544853, 0.7663201689720154, 0.040596961975097656, 0.02981945499777794, 0.11121028661727905, 0.05205310881137848, 0.13154999911785126, 0.4011666476726532, 0.030324574559926987, 0.3047952651977539, 0.13216350972652435, 0.012243181467056274, 0.9209921360015869, 0.009915274567902088, 0.012244904413819313, 0.04460451751947403, 0.09849199652671814, 0.11457697302103043, 0.09068905562162399, 0.47080427408218384, 0.22543774545192719, 0.8830204606056213, 0.03100176714360714, 0.022236686199903488, 0.011045948602259159, 0.052695225924253464, 0.6618518233299255, 0.1607891023159027, 0.05068615823984146, 0.05251062661409378, 0.07416237145662308, 0.913089394569397, 0.04296393319964409, 0.01053515262901783, 0.011159895919263363, 0.022251611575484276, 0.2904611825942993, 0.0989079624414444, 0.13239192962646484, 0.2858857810497284, 0.19235311448574066, 0.35204413533210754, 0.06772493571043015, 0.1347360610961914, 0.2695038914680481, 0.1759909987449646, 0.8938934206962585, 0.038999393582344055, 0.012863479554653168, 0.012203587219119072, 0.042040128260850906, 0.9567080140113831, 0.012565761804580688, 0.009024009108543396, 0.007368392311036587, 0.014333870261907578, 0.7407824993133545, 0.08595310896635056, 0.036844316869974136, 0.012336011976003647, 0.12408401072025299, 0.3155372142791748, 0.4784621596336365, 0.03943595290184021, 0.011606653220951557, 0.1549580842256546, 0.7200651168823242, 0.09043367952108383, 0.03904299810528755, 0.018220843747258186, 0.13223733007907867, 0.9524322748184204, 0.023549498990178108, 0.006031561177223921, 0.006170715671032667, 0.011815948411822319, 0.06774678826332092, 0.8858948945999146, 0.00788950826972723, 0.0073068588972091675, 0.031161952763795853, 0.41579318046569824, 0.029749011620879173, 0.19072414934635162, 0.13032108545303345, 0.23341260850429535, 0.6658307313919067, 0.03644067421555519, 0.08348340541124344, 0.10083485394716263, 0.11341036111116409, 0.448601096868515, 0.1978066861629486, 0.06909402459859848, 0.17589998245239258, 0.10859829187393188, 0.3003733456134796, 0.2581367492675781, 0.04783966392278671, 0.30594518780708313, 0.0877050831913948, 0.07146867364645004, 0.011432482860982418, 0.10653161257505417, 0.7252880334854126, 0.08527923375368118, 0.011311890557408333, 0.014601015485823154, 0.052612025290727615, 0.8754934668540955, 0.04598161205649376, 0.05321979895234108, 0.11007606238126755, 0.14248132705688477, 0.538651704788208, 0.1555711179971695, 0.4061781167984009, 0.06027922406792641, 0.15372301638126373, 0.14124524593353271, 0.23857443034648895, 0.35931849479675293, 0.31917041540145874, 0.07751043885946274, 0.018486643210053444, 0.22551396489143372, 0.6124668121337891, 0.031916216015815735, 0.09845949709415436, 0.03492861986160278, 0.22222892940044403, 0.07342646270990372, 0.2577415406703949, 0.08760736882686615, 0.4361463189125061, 0.14507827162742615, 0.794788658618927, 0.025708233937621117, 0.0571892112493515, 0.016559192910790443, 0.1057547852396965, 0.14365479350090027, 0.28709736466407776, 0.0694274753332138, 0.19313910603523254, 0.3066813051700592, 0.7326475381851196, 0.05120311677455902, 0.05159120634198189, 0.07454513758420944, 0.09001299738883972, 0.9113644957542419, 0.008731302805244923, 0.01911994256079197, 0.04062211513519287, 0.02016211301088333, 0.5930660367012024, 0.10465686768293381, 0.04144427925348282, 0.18525050580501556, 0.07558231800794601, 0.7413673400878906, 0.023532366380095482, 0.04358651861548424, 0.08064498752355576, 0.11086875200271606, 0.5018707513809204, 0.047311265021562576, 0.09789793938398361, 0.20785117149353027, 0.14506880939006805, 0.1737489402294159, 0.10448934882879257, 0.1262628436088562, 0.09462099522352219, 0.500877857208252, 0.29906684160232544, 0.09685108810663223, 0.08117612451314926, 0.24079333245754242, 0.28211262822151184, 0.16142331063747406, 0.1673102080821991, 0.17816534638404846, 0.11788016557693481, 0.3752209544181824, 0.754199206829071, 0.020202284678816795, 0.0592590868473053, 0.07758843898773193, 0.08875098824501038, 0.6006006002426147, 0.02209981344640255, 0.048297733068466187, 0.29187631607055664, 0.037125520408153534, 0.4635288119316101, 0.02266620844602585, 0.05197770893573761, 0.4219861924648285, 0.03984107822179794, 0.2582840919494629, 0.05464794859290123, 0.08104319870471954, 0.4763341248035431, 0.12969064712524414, 0.336417555809021, 0.06013988330960274, 0.07455260306596756, 0.3696553707122803, 