{"metrics": {"ACC": 45.45454545454545, "F1": 30.61307461307461}, "predictions": [0, 0, 3, 0, 0, 0, 1, 1, 0, 3, 3, 0, 3, 3, 0, 0, 0, 0, 1, 0, 1, 0, 0, 1, 0, 0, 0, 0, 0, 0, 0, 0, 0, 0, 0, 0, 1, 0, 0, 0, 0, 3, 3, 3, 0, 0, 0, 3, 0, 3, 0, 0, 0, 0, 0, 0, 3, 0, 0, 0, 0, 3, 3, 0, 0, 3, 0, 3, 0, 0, 0, 3, 3, 3, 0, 0, 0, 3, 3, 3, 3, 0, 0, 0, 0, 3, 3, 3, 0, 0, 0, 0, 0, 0, 0, 0, 0, 3, 0, 0, 0, 0, 0, 0, 0, 0, 0, 3, 0, 3, 0, 0, 0, 0, 0, 0, 0, 0, 1, 0, 0, 0, 1, 0, 0, 1, 0, 0, 1, 3, 1, 1, 3, 3, 3, 1, 0, 3, 1, 0, 0, 1, 0], "uids": ["0", "1", "2", "3", "4", "5", "6", "7", "8", "9", "10", "11", "12", "13", "14", "15", "16", "17", "18", "19", "20", "21", "22", "23", "24", "25", "26", "27", "28", "29", "30", "31", "32", "33", "34", "35", "36", "37", "38", "39", "40", "41", "42", "43", "44", "45", "46", "47", "48", "49", "50", "51", "52", "53", "54", "55", "56", "57", "58", "59", "60", "61", "62", "63", "64", "65", "66", "67", "68", "69", "70", "71", "72", "73", "74", "75", "76", "77", "78", "79", "80", "81", "82", "83", "84", "85", "86", "87", "88", "89", "90", "91", "92", "93", "94", "95", "96", "97", "98", "99", "100", "101", "102", "103", "104", "105", "106", "107", "108", "109", "110", "111", "112", "113", "114", "115", "116", "117", "118", "119", "120", "121", "122", "123", "124", "125", "126", "127", "128", "129", "130", "131", "132", "133", "134", "135", "136", "137", "138", "139", "140", "141", "142"], "scores": [0.4552832841873169, 0.08964700251817703, 0.08356297761201859, 0.22252967953681946, 0.1489771008491516, 0.537200927734375, 0.06420886516571045, 0.058007460087537766, 0.17520950734615326, 0.16537326574325562, 0.2681512236595154, 0.04050843045115471, 0.08873045444488525, 0.48146578669548035, 0.12114404886960983, 0.5136444568634033, 0.09531586617231369, 0.07513859122991562, 0.2012138068675995, 0.11468732357025146, 0.4365007281303406, 0.09501556307077408, 0.09266158938407898, 0.21043972671031952, 0.1653824895620346, 0.4399253726005554, 0.14855143427848816, 0.07748816162347794, 0.16478104889392853, 0.16925404965877533, 0.22229444980621338, 0.5955372452735901, 0.03981080278754234, 0.05841521546244621, 0.08394227921962738, 0.21820752322673798, 0.6006950736045837, 0.034598447382450104, 0.06228995323181152, 0.08420895785093307, 0.46912625432014465, 0.042212728410959244, 0.06993967294692993, 0.2909151017665863, 0.12780626118183136, 0.19925366342067719, 0.17396342754364014, 0.08511784672737122, 0.3303966820240021, 0.21126843988895416, 0.21113120019435883, 0.11834076046943665, 0.08301787078380585, 0.3781072795391083, 0.20940285921096802, 0.40959492325782776, 0.20653803646564484, 0.07054180651903152, 0.20793350040912628, 0.10539178550243378, 0.2597537636756897, 0.17293959856033325, 0.08656773716211319, 0.3233092129230499, 0.15742971003055573, 0.16447047889232635, 0.22376058995723724, 0.10061822086572647, 0.37382444739341736, 0.13732625544071198, 0.5024590492248535, 0.05528926104307175, 0.0721234604716301, 0.17750807106494904, 0.19262012839317322, 0.5003134608268738, 0.055242616683244705, 0.06211940199136734, 0.24650640785694122, 0.13581807911396027, 0.49245941638946533, 0.05376897379755974, 0.06627636402845383, 0.2525990605354309, 0.13489611446857452, 0.6814650893211365, 0.048512376844882965, 0.03853258490562439, 0.1503041535615921, 0.08118587732315063, 0.08814727514982224, 0.7946662902832031, 0.021927401423454285, 0.05841875448822975, 0.0368402823805809, 0.8793277144432068, 0.019366784021258354, 0.024234933778643608, 0.04838140308856964, 0.028689172118902206, 0.10362137854099274, 0.7378235459327698, 0.026612019166350365, 0.058283235877752304, 0.07365983724594116, 0.7461264729499817, 0.059818584471940994, 0.0348995104432106, 0.0963495597243309, 0.06280593574047089, 0.2879878282546997, 0.2556300759315491, 0.0456017404794693, 0.2595696449279785, 0.1512107104063034, 0.08075511455535889, 0.6512541770935059, 0.03748773783445358, 0.12322090566158295, 0.10728218406438828, 0.37901806831359863, 0.06526154279708862, 0.0777030661702156, 0.33150726556777954, 0.14651009440422058, 0.7480602264404297, 0.05528360977768898, 0.03624189645051956, 0.08544626832008362, 0.07496795803308487, 0.6895678639411926, 0.08029735088348389, 0.047895647585392, 0.10846402496099472, 0.07377512007951736, 0.7695077061653137, 0.0687110647559166, 0.0325196273624897, 0.0784752294421196, 0.05078641697764397, 0.40564075112342834, 0.08236391097307205, 0.09434740990400314, 0.2889992594718933, 0.12864874303340912, 0.45571398735046387, 0.06869687885046005, 0.08456356078386307, 0.2675779163837433, 0.12344761192798615, 0.8259111642837524, 0.04516037926077843, 0.027405995875597, 0.045840125530958176, 0.05568219721317291, 0.8449705243110657, 0.030230006203055382, 0.03049623779952526, 0.04834120348095894, 0.04596203938126564, 0.6732200384140015, 0.057857997715473175, 0.05748963728547096, 0.09479338675737381, 0.11663898825645447, 0.6444292068481445, 0.06877326965332031, 0.05956481024622917, 0.09810689091682434, 0.12912575900554657, 0.6548945903778076, 0.05250104144215584, 0.05625004321336746, 0.10825951397418976, 0.12809474766254425, 0.8383172154426575, 0.043582335114479065, 0.027663959190249443, 0.049170009791851044, 0.04126647859811783, 0.15526452660560608, 0.7092195749282837, 0.025247307494282722, 0.04876427352428436, 0.06150428578257561, 0.42279595136642456, 0.04631086438894272, 0.10585139691829681, 0.25758692622184753, 0.16745488345623016, 0.43618136644363403, 0.08431941270828247, 0.09018496423959732, 0.2380400151014328, 0.151274174451828, 0.4713660776615143, 0.12737464904785156, 0.06739924848079681, 0.23020410537719727, 0.10365588963031769, 0.5274172425270081, 0.09325558692216873, 0.057634688913822174, 0.21293598413467407, 0.10875645279884338, 0.2006172239780426, 0.0540660135447979, 0.09127622097730637, 0.5093328952789307, 0.14470763504505157, 0.13248778879642487, 0.05980809032917023, 0.08412224799394608, 0.5897699594497681, 0.13381199538707733, 0.2184736579656601, 0.17279282212257385, 0.11211813986301422, 0.30499789118766785, 0.19161753356456757, 0.35378456115722656, 0.07438244670629501, 0.11972891539335251, 0.2678717076778412, 0.18423229455947876, 0.4811307489871979, 0.11305005848407745, 0.09048248082399368, 0.16480010747909546, 0.15053655207157135, 0.4443657100200653, 0.054671913385391235, 0.09674156457185745, 0.2586524784564972, 0.145568385720253, 0.23105110228061676, 0.18947850167751312, 0.08770773559808731, 0.3582855761051178, 0.1334770768880844, 0.6685057878494263, 0.04258841648697853, 0.07021267712116241, 0.10112068802118301, 0.11757249385118484, 0.3210112750530243, 0.10214344412088394, 0.06286412477493286, 0.3579288721084595, 0.1560523509979248, 0.5772797465324402, 0.06903834640979767, 0.060871709138154984, 0.15078005194664001, 0.14203013479709625, 0.8052262663841248, 0.03369791805744171, 0.03829750046133995, 0.07592963427305222, 0.046848706901073456, 0.7188369035720825, 0.05646725744009018, 0.037591833621263504, 0.12336643040180206, 0.06373756378889084, 0.6087745428085327, 0.04007325321435928, 0.04952629283070564, 0.20042677223682404, 0.10119924694299698, 0.5044457912445068, 0.05307546257972717, 0.060376569628715515, 0.2761407792568207, 0.10596141964197159, 0.3511047661304474, 0.09081460535526276, 0.07804831117391586, 0.28261783719062805, 0.19741453230381012, 0.33164528012275696, 0.07562363892793655, 0.07490065693855286, 0.37236273288726807, 0.14546768367290497, 0.3913592994213104, 0.14987309277057648, 0.08578677475452423, 0.22597654163837433, 0.14700427651405334, 0.7257472276687622, 0.03246577829122543, 0.04330667853355408, 0.12981575727462769, 0.0686645433306694, 0.6157459616661072, 0.0412590391933918, 0.05580673739314079, 0.20226745307445526, 0.08492080122232437, 0.6507823467254639, 0.03746139258146286, 0.05489964410662651, 0.18111543357372284, 0.07574113458395004, 0.311732679605484, 0.06593120098114014, 0.06661009043455124, 0.4196411073207855, 0.13608495891094208, 0.30986109375953674, 0.05667387694120407, 0.06730636209249496, 0.4362795650959015, 0.12987913191318512, 0.4390738606452942, 