{"metrics": {"ACC": 40.55944055944056, "F1": 18.743243243243242}, "predictions": [0, 0, 0, 0, 0, 0, 0, 0, 0, 0, 0, 0, 0, 0, 0, 0, 0, 0, 1, 0, 0, 0, 0, 0, 0, 0, 0, 0, 0, 0, 0, 0, 0, 0, 0, 0, 0, 0, 0, 0, 0, 0, 0, 0, 0, 0, 0, 0, 0, 0, 0, 0, 0, 0, 0, 0, 0, 0, 0, 0, 0, 0, 0, 0, 0, 0, 0, 0, 0, 0, 0, 0, 0, 0, 0, 0, 0, 0, 0, 0, 0, 0, 0, 0, 0, 0, 0, 0, 0, 0, 0, 0, 0, 0, 0, 0, 0, 0, 0, 0, 0, 0, 0, 0, 0, 0, 0, 0, 0, 0, 0, 0, 0, 0, 0, 0, 0, 0, 1, 0, 0, 0, 0, 0, 0, 1, 0, 0, 1, 1, 1, 1, 0, 0, 0, 1, 0, 0, 0, 1, 1, 1, 0], "uids": ["0", "1", "2", "3", "4", "5", "6", "7", "8", "9", "10", "11", "12", "13", "14", "15", "16", "17", "18", "19", "20", "21", "22", "23", "24", "25", "26", "27", "28", "29", "30", "31", "32", "33", "34", "35", "36", "37", "38", "39", "40", "41", "42", "43", "44", "45", "46", "47", "48", "49", "50", "51", "52", "53", "54", "55", "56", "57", "58", "59", "60", "61", "62", "63", "64", "65", "66", "67", "68", "69", "70", "71", "72", "73", "74", "75", "76", "77", "78", "79", "80", "81", "82", "83", "84", "85", "86", "87", "88", "89", "90", "91", "92", "93", "94", "95", "96", "97", "98", "99", "100", "101", "102", "103", "104", "105", "106", "107", "108", "109", "110", "111", "112", "113", "114", "115", "116", "117", "118", "119", "120", "121", "122", "123", "124", "125", "126", "127", "128", "129", "130", "131", "132", "133", "134", "135", "136", "137", "138", "139", "140", "141", "142"], "scores": [0.6511440873146057, 0.07052407413721085, 0.06183212250471115, 0.13302026689052582, 0.08347952365875244, 0.6931504011154175, 0.0661795511841774, 0.05063914507627487, 0.10735831409692764, 0.08267264068126678, 0.6146978139877319, 0.06865625828504562, 0.06655671447515488, 0.16515734791755676, 0.08493176102638245, 0.5854663848876953, 0.12224913388490677, 0.07880876958370209, 0.10860500484704971, 0.10487072914838791, 0.6601085066795349, 0.07129855453968048, 0.058734215795993805, 0.12612511217594147, 0.08373364061117172, 0.6860030889511108, 0.06437553465366364, 0.05516098067164421, 0.1032530665397644, 0.09120737016201019, 0.4054594933986664, 0.22586067020893097, 0.08424395322799683, 0.16898593306541443, 0.1154499426484108, 0.48989245295524597, 0.22126081585884094, 0.06261090934276581, 0.14297185838222504, 0.08326390385627747, 0.7093492150306702, 0.05892636626958847, 0.05140986293554306, 0.11062740534543991, 0.06968716531991959, 0.5420647859573364, 0.1261938065290451, 0.06959452480077744, 0.16805635392665863, 0.09409058839082718, 0.5098066329956055, 0.13174839317798615, 0.07605592161417007, 0.18486960232257843, 0.09751946479082108, 0.3807789087295532, 0.23652030527591705, 0.08504796028137207, 0.18747982382774353, 0.1101730540394783, 0.3017231225967407, 0.26329779624938965, 0.09340568631887436, 0.22309330105781555, 0.11848007887601852, 0.2908839285373688, 0.25359803438186646, 0.09431349486112595, 0.24780026078224182, 0.11340431123971939, 0.459251344203949, 0.13739505410194397, 0.07821500301361084, 0.2114967405796051, 0.11364182829856873, 0.5820350646972656, 0.072540283203125, 0.07264501601457596, 0.15766891837120056, 0.11511065810918808, 0.5747683048248291, 0.07273004949092865, 0.0738760456442833, 0.16123318672180176, 0.11739244312047958, 0.761580765247345, 0.06402333825826645, 0.04112754762172699, 0.07963242381811142, 0.0536358542740345, 0.18767108023166656, 0.43371155858039856, 0.09010875970125198, 0.20375986397266388, 0.08474872261285782, 0.7976199984550476, 0.05001164972782135, 0.048376329243183136, 0.052027344703674316, 0.051964666694402695, 0.3573574125766754, 0.31602558493614197, 0.0656651183962822, 0.16029134392738342, 0.10066043585538864, 0.7344800233840942, 0.07349590957164764, 0.0498814731836319, 0.08468464016914368, 0.05745795741677284, 0.32569727301597595, 0.3002391755580902, 0.08620037138462067, 0.18148061633110046, 0.1063825935125351, 0.4205835461616516, 0.21375665068626404, 0.0703267902135849, 0.1857869178056717, 0.10954605042934418, 0.6408829689025879, 0.09409324079751968, 0.05445988476276398, 0.1279478669166565, 0.08261600881814957, 0.706407904624939, 0.07881680130958557, 0.04954303056001663, 0.09621825069189072, 0.06901390850543976, 0.7477858662605286, 0.06094548478722572, 0.04509436711668968, 0.08686722069978714, 0.05930710211396217, 0.7340145707130432, 0.074294812977314, 0.05381317064166069, 0.08177749067544937, 0.05610000714659691, 0.6951217651367188, 0.0731770470738411, 0.053446218371391296, 0.11192636936903, 0.06632852554321289, 0.7237979769706726, 0.05805215984582901, 0.04880902171134949, 0.10212477296590805, 0.06721611320972443, 0.7402878403663635, 0.06870368868112564, 0.05015765130519867, 0.07739540189504623, 0.06345541775226593, 0.7864761352539062, 0.05035417154431343, 0.040902648121118546, 0.07348670810461044, 0.04878039285540581, 0.5370076894760132, 0.17258460819721222, 0.06036553531885147, 0.13038642704486847, 0.09965570271015167, 0.4807806611061096, 0.21288014948368073, 0.06484886258840561, 0.14031918346881866, 0.10117106139659882, 0.5814866423606873, 0.14325280487537384, 0.057474568486213684, 0.12328550964593887, 0.09450046718120575, 0.7494012117385864, 0.0690985694527626, 0.04557439312338829, 0.07901179790496826, 0.0569140687584877, 0.4736693799495697, 0.24656005203723907, 0.06137317419052124, 0.1322338581085205, 0.08616355806589127, 0.6071961522102356, 0.07575257867574692, 0.07318191230297089, 0.15152475237846375, 0.09234459698200226, 0.48891398310661316, 0.1500115841627121, 0.10009477287530899, 0.13731472194194794, 0.1236649826169014, 0.677656352519989, 0.08484487235546112, 0.05558951944112778, 0.11110392212867737, 0.07080535590648651, 0.7191383242607117, 0.06207871064543724, 0.05011000484228134, 0.09336226433515549, 0.07531070709228516, 0.6169047355651855, 0.07763919979333878, 0.06436944752931595, 0.15778997540473938, 0.08329659700393677, 0.6553646326065063, 0.06337716430425644, 0.05766986310482025, 0.13847017288208008, 0.0851181223988533, 0.3645703196525574, 0.1748255044221878, 0.09272687882184982, 0.2563968896865845, 0.11148045212030411, 0.5958741307258606, 0.07343173772096634, 0.06866884976625443, 0.17037366330623627, 0.09165164083242416, 0.48858940601348877, 0.15159660577774048, 0.10082203894853592, 0.14102178812026978, 0.11797022074460983, 0.47848495841026306, 0.1504794955253601, 0.10741209238767624, 0.1423448622226715, 0.1212785616517067, 0.574991762638092, 0.12576843798160553, 0.0648786798119545, 0.15193162858486176, 0.08242947608232498, 0.4687937796115875, 0.15352226793766022, 0.07718288898468018, 0.19687362015247345, 0.10362739115953445, 0.4936671257019043, 0.12937399744987488, 0.07186058163642883, 0.19415590167045593, 0.11094240099191666, 0.608185887336731, 0.08735425025224686, 0.06281133741140366, 0.14989982545375824, 0.0917486771941185, 0.7667988538742065, 0.05673986300826073, 0.04721235856413841, 0.07807143777608871, 0.05117745324969292, 0.7775787115097046, 0.05944785103201866, 0.04148119315505028, 0.07050956785678864, 0.050982724875211716, 0.7486507296562195, 0.05850670486688614, 0.04806928709149361, 0.08459319174289703, 0.060180068016052246, 0.661943256855011, 0.07590527832508087, 0.056289587169885635, 0.12985892593860626, 0.07600301504135132, 0.6586238741874695, 0.07386509329080582, 0.05508745089173317, 0.1298924833536148, 0.08253113925457001, 0.6679142713546753, 0.0604100339114666, 0.057684626430273056, 0.12912386655807495, 0.08486725389957428, 0.6014265418052673, 0.12483743578195572, 0.06574614346027374, 0.1270279586315155, 0.08096200972795486, 0.6961879730224609, 0.06607823818922043, 0.058713704347610474, 0.11251901090145111, 0.06650108098983765, 0.7324752807617188, 0.05616501718759537, 0.05109717324376106, 0.09827958047389984, 0.0619828924536705, 0.7397958040237427, 0.052754923701286316, 0.04952248930931091, 0.09414193779230118, 0.0637848749756813, 0.6821540594100952, 0.06925487518310547, 0.052986834198236465, 0.12474492937326431, 0.07085937261581421, 0.6875590085983276, 0.07011200487613678, 0.051520198583602905, 0.12599237263202667, 0.06481638550758362, 0.5588447451591492, 0.07400555163621902, 