{"metrics": {"ACC": 47.55244755244755, "F1": 29.25674700533988}, "predictions": [0, 0, 0, 0, 0, 0, 1, 1, 0, 0, 0, 0, 0, 3, 0, 0, 0, 0, 1, 0, 1, 0, 0, 1, 0, 0, 0, 0, 0, 0, 0, 0, 0, 1, 0, 0, 1, 0, 0, 0, 0, 3, 3, 1, 0, 0, 0, 0, 0, 0, 0, 0, 0, 0, 0, 0, 0, 0, 0, 0, 0, 0, 0, 0, 0, 0, 0, 0, 0, 0, 0, 0, 0, 0, 0, 0, 0, 0, 0, 0, 3, 0, 0, 0, 0, 3, 3, 3, 0, 0, 0, 0, 0, 0, 0, 0, 0, 0, 0, 1, 0, 0, 0, 0, 0, 0, 0, 3, 0, 0, 0, 0, 0, 0, 0, 0, 0, 0, 1, 0, 0, 0, 1, 0, 0, 1, 0, 0, 1, 0, 1, 1, 0, 3, 0, 1, 0, 0, 1, 0, 0, 1, 0], "uids": ["0", "1", "2", "3", "4", "5", "6", "7", "8", "9", "10", "11", "12", "13", "14", "15", "16", "17", "18", "19", "20", "21", "22", "23", "24", "25", "26", "27", "28", "29", "30", "31", "32", "33", "34", "35", "36", "37", "38", "39", "40", "41", "42", "43", "44", "45", "46", "47", "48", "49", "50", "51", "52", "53", "54", "55", "56", "57", "58", "59", "60", "61", "62", "63", "64", "65", "66", "67", "68", "69", "70", "71", "72", "73", "74", "75", "76", "77", "78", "79", "80", "81", "82", "83", "84", "85", "86", "87", "88", "89", "90", "91", "92", "93", "94", "95", "96", "97", "98", "99", "100", "101", "102", "103", "104", "105", "106", "107", "108", "109", "110", "111", "112", "113", "114", "115", "116", "117", "118", "119", "120", "121", "122", "123", "124", "125", "126", "127", "128", "129", "130", "131", "132", "133", "134", "135", "136", "137", "138", "139", "140", "141", "142"], "scores": [0.4666055142879486, 0.11882612854242325, 0.07492290437221527, 0.16329213976860046, 0.17635326087474823, 0.41068679094314575, 0.12943091988563538, 0.06684622168540955, 0.187416672706604, 0.2056194245815277, 0.42041459679603577, 0.07806100696325302, 0.08434169739484787, 0.25699514150619507, 0.16018761694431305, 0.5308489799499512, 0.110547736287117, 0.07106342911720276, 0.14926683902740479, 0.1382729858160019, 0.43212777376174927, 0.15745531022548676, 0.08738706260919571, 0.15753303468227386, 0.16549670696258545, 0.4708211421966553, 0.15203171968460083, 0.06979754567146301, 0.1313779205083847, 0.17597168684005737, 0.17241589725017548, 0.5900233387947083, 0.05101067200303078, 0.08378734439611435, 0.10276267677545547, 0.15998674929141998, 0.6266263723373413, 0.03946362063288689, 0.07904628664255142, 0.0948769599199295, 0.4815194010734558, 0.08873646706342697, 0.07300779968500137, 0.21417050063610077, 0.1425658017396927, 0.32202422618865967, 0.20134584605693817, 0.0842835009098053, 0.2089252471923828, 0.18342119455337524, 0.29942265152931213, 0.21079687774181366, 0.0943760946393013, 0.21137461066246033, 0.1840297430753708, 0.3570347726345062, 0.3001629710197449, 0.06786379218101501, 0.15198317170143127, 0.1229553297162056, 0.29039493203163147, 0.21832549571990967, 0.07890626043081284, 0.2452421337366104, 0.16713114082813263, 0.2283618301153183, 0.2560504078865051, 0.08994320034980774, 0.2630486488342285, 0.16259591281414032, 0.438456654548645, 0.12058509886264801, 0.07233106344938278, 0.1753643900156021, 0.19326281547546387, 0.44247666001319885, 0.11270546913146973, 0.07858796417713165, 0.18565696477890015, 0.18057292699813843, 0.44350501894950867, 0.10936634987592697, 0.08060553669929504, 0.18341247737407684, 0.1831105798482895, 0.5640798211097717, 0.12963102757930756, 0.04759391024708748, 0.15035898983478546, 0.10833617299795151, 0.11428624391555786, 0.7438228130340576, 0.02654777467250824, 0.06489129364490509, 0.05045190453529358, 0.7795184850692749, 0.05372520536184311, 0.0400046668946743, 0.061974603682756424, 0.06477715075016022, 0.11799534410238266, 0.6784254908561707, 0.03631215542554855, 0.07504505664110184, 0.09222198277711868, 0.6536334753036499, 0.11014288663864136, 0.04182121157646179, 0.0982426330447197, 0.09615985304117203, 0.36483755707740784, 0.2532937228679657, 0.051106005907058716, 0.17788100242614746, 0.15288174152374268, 0.11051744967699051, 0.6217893362045288, 0.04103381931781769, 0.1077401414513588, 0.1189192458987236, 0.42049458622932434, 0.13231892883777618, 0.07602272182703018, 0.19773796200752258, 0.1734258383512497, 0.6093080043792725, 0.11131560802459717, 0.050356362015008926, 0.10087618976831436, 0.12814390659332275, 0.5998654961585999, 0.1342603713274002, 0.05646199360489845, 0.10475379973649979, 0.10465829819440842, 0.6382735371589661, 0.1406363993883133, 0.043719854205846786, 0.09432855248451233, 0.08304166793823242, 0.4038183391094208, 0.1763278692960739, 0.07967810332775116, 0.20191393792629242, 0.13826178014278412, 0.4807177186012268, 0.11548806726932526, 0.07965952157974243, 0.1864393800497055, 0.1376952826976776, 0.5928919911384583, 0.14551907777786255, 0.05820557475090027, 0.08711430430412292, 0.11626909673213959, 0.7184227108955383, 0.08526436984539032, 0.04347286745905876, 0.07114791125059128, 0.08169213682413101, 0.5219500660896301, 0.16885268688201904, 0.05829211696982384, 0.11387038975954056, 0.13703474402427673, 0.3111974596977234, 0.3877815306186676, 0.055856648832559586, 0.10408108681440353, 0.1410832703113556, 0.5387340188026428, 0.1397840529680252, 0.05730491131544113, 0.11541720479726791, 0.14875981211662292, 0.6873631477355957, 0.10720377415418625, 0.04922701418399811, 0.07372767478227615, 0.08247830718755722, 0.14527378976345062, 0.6586290597915649, 0.03642804175615311, 0.07428813725709915, 0.08538097143173218, 0.39625024795532227, 0.10075676441192627, 0.11060307919979095, 0.21216242015361786, 0.18022748827934265, 0.4147869050502777, 0.15623193979263306, 0.08527842909097672, 0.16238145530223846, 0.18132123351097107, 0.41026023030281067, 0.20844951272010803, 0.0758022591471672, 0.16612981259822845, 0.13935813307762146, 0.4804478585720062, 0.15176387131214142, 0.06988511979579926, 0.16232441365718842, 0.13557876646518707, 0.27674600481987, 0.11537683010101318, 0.08906633406877518, 0.33959951996803284, 0.1792113035917282, 0.27991798520088196, 0.08765697479248047, 0.07860498875379562, 0.37774142622947693, 0.1760786473751068, 0.22841224074363708, 0.2978205680847168, 0.08697715401649475, 0.2248101383447647, 0.16197988390922546, 0.36710482835769653, 0.11924097687005997, 0.10420005768537521, 0.2264988273382187, 0.1829552799463272, 0.43321293592453003, 0.1869371384382248, 0.08143444359302521, 0.15476912260055542, 0.14364634454250336, 0.40112775564193726, 0.1313527673482895, 0.09248501807451248, 0.20652270317077637, 0.16851182281970978, 0.391777902841568, 0.18059957027435303, 0.0647469162940979, 0.2174379527568817, 0.14543767273426056, 0.5373270511627197, 0.1023312360048294, 0.08100252598524094, 0.12189257889986038, 0.15744659304618835, 0.47968003153800964, 0.12993928790092468, 0.07090940326452255, 0.15618643164634705, 0.16328491270542145, 0.5364179611206055, 0.11402463912963867, 0.06638143956661224, 0.12251218408346176, 0.16066382825374603, 0.7248666286468506, 0.06469513475894928, 0.0453820638358593, 0.09108294546604156, 0.07397317886352539, 0.6210400462150574, 0.12914828956127167, 0.049195822328329086, 0.10449828952550888, 0.09611765295267105, 0.5774097442626953, 0.08187998831272125, 0.0544777549803257, 0.14263714849948883, 0.14359542727470398, 0.5137560367584229, 0.09247669577598572, 0.06256946176290512, 0.198480486869812, 0.13271735608577728, 0.38070929050445557, 0.12746575474739075, 0.0742403194308281, 0.2273116111755371, 0.19027303159236908, 0.40770992636680603, 0.10381101071834564, 0.07002972811460495, 0.23501968383789062, 0.18342962861061096, 0.4457985460758209, 0.16764286160469055, 0.06559731811285019, 0.17541076242923737, 0.14555057883262634, 0.6144307255744934, 0.0852428674697876, 0.05905497446656227, 0.13240759074687958, 0.10886383801698685, 0.6111959218978882, 0.08215679973363876, 0.06462305784225464, 0.12820187211036682, 0.11382230371236801, 0.6023932099342346, 0.0790015310049057, 0.06874219328165054, 0.13816112279891968, 0.11170200258493423, 0.38862714171409607, 0.14353421330451965, 0.06621192395687103, 0.2514355480670929, 0.150191068649292, 0.39126259088516235, 0.1167621836066246, 0.06402525305747986, 0.2764688730239868, 0.15148106217384338, 0.4111832082271576, 0.12588727474212646, 