{"metrics": {"ACC": 44.75524475524475, "F1": 32.97450462570798}, "predictions": [0, 0, 3, 3, 4, 1, 1, 1, 0, 3, 4, 0, 4, 3, 0, 0, 0, 0, 1, 0, 1, 0, 1, 1, 3, 0, 0, 0, 3, 3, 0, 0, 0, 1, 0, 0, 1, 0, 0, 0, 3, 3, 3, 3, 0, 1, 0, 3, 0, 1, 0, 0, 0, 0, 0, 4, 4, 4, 0, 0, 3, 3, 3, 4, 0, 1, 4, 4, 4, 0, 0, 3, 0, 3, 0, 0, 0, 3, 3, 3, 3, 3, 0, 0, 0, 3, 3, 3, 1, 1, 4, 4, 0, 0, 0, 0, 0, 4, 4, 1, 3, 0, 0, 4, 0, 0, 3, 3, 0, 3, 0, 0, 0, 0, 0, 0, 0, 0, 1, 0, 0, 1, 1, 0, 3, 1, 0, 1, 1, 0, 1, 1, 3, 1, 3, 0, 0, 3, 1, 0, 0, 1, 0], "uids": ["0", "1", "2", "3", "4", "5", "6", "7", "8", "9", "10", "11", "12", "13", "14", "15", "16", "17", "18", "19", "20", "21", "22", "23", "24", "25", "26", "27", "28", "29", "30", "31", "32", "33", "34", "35", "36", "37", "38", "39", "40", "41", "42", "43", "44", "45", "46", "47", "48", "49", "50", "51", "52", "53", "54", "55", "56", "57", "58", "59", "60", "61", "62", "63", "64", "65", "66", "67", "68", "69", "70", "71", "72", "73", "74", "75", "76", "77", "78", "79", "80", "81", "82", "83", "84", "85", "86", "87", "88", "89", "90", "91", "92", "93", "94", "95", "96", "97", "98", "99", "100", "101", "102", "103", "104", "105", "106", "107", "108", "109", "110", "111", "112", "113", "114", "115", "116", "117", "118", "119", "120", "121", "122", "123", "124", "125", "126", "127", "128", "129", "130", "131", "132", "133", "134", "135", "136", "137", "138", "139", "140", "141", "142"], "scores": [0.6959475874900818, 0.0523059219121933, 0.07332464307546616, 0.059280261397361755, 0.11914149671792984, 0.7654814720153809, 0.06169896945357323, 0.023133641108870506, 0.05677391216158867, 0.09291201829910278, 0.024777747690677643, 0.008677252568304539, 0.08181031048297882, 0.8465237617492676, 0.03821089118719101, 0.340149849653244, 0.11226323992013931, 0.06926535815000534, 0.4166659414768219, 0.06165563315153122, 0.03478097543120384, 0.135862335562706, 0.23185394704341888, 0.25285476446151733, 0.34464797377586365, 0.06131226569414139, 0.5040282011032104, 0.10176058858633041, 0.02294158935546875, 0.3099573850631714, 0.1013970598578453, 0.77320796251297, 0.01935860700905323, 0.016086967661976814, 0.08994951099157333, 0.3724218010902405, 0.500394344329834, 0.022521985694766045, 0.008334573358297348, 0.09632733464241028, 0.6381592154502869, 0.011063805781304836, 0.07163964956998825, 0.20823293924331665, 0.07090436667203903, 0.08889210969209671, 0.09838613867759705, 0.11226805299520493, 0.39662742614746094, 0.3038262724876404, 0.04236327484250069, 0.06614026427268982, 0.21456189453601837, 0.17004570364952087, 0.5068888664245605, 0.48168113827705383, 0.3075299561023712, 0.037230804562568665, 0.08670759201049805, 0.08685045689344406, 0.0501270592212677, 0.27624747157096863, 0.11265970766544342, 0.26056328415870667, 0.3004024624824524, 0.0394575297832489, 0.18181383609771729, 0.09673671424388885, 0.5908147692680359, 0.09117713570594788, 0.7312541604042053, 0.03225534036755562, 0.058237701654434204, 0.031996384263038635, 0.14625635743141174, 0.6162827014923096, 0.046353839337825775, 0.06672301888465881, 0.14357657730579376, 0.12706385552883148, 0.5129996538162231, 0.07058475911617279, 0.07098875194787979, 0.2403007298707962, 0.10512616485357285, 0.9196866154670715, 0.012578107416629791, 0.009625304490327835, 0.03168867155909538, 0.026421310380101204, 0.015718894079327583, 0.9500753879547119, 0.0054548196494579315, 0.017875883728265762, 0.010874954052269459, 0.9485640525817871, 0.0053377822041511536, 0.006444334983825684, 0.03611818701028824, 0.0035356185398995876, 0.01965337246656418, 0.949655294418335, 0.004320761654525995, 0.003228145418688655, 0.023142369464039803, 0.7459712624549866, 0.03701121360063553, 0.03144378215074539, 0.13821713626384735, 0.04735657572746277, 0.08385656774044037, 0.5258956551551819, 0.024571897462010384, 0.27251067757606506, 0.09316519647836685, 0.005183364264667034, 0.9519661664962769, 0.006159179378300905, 0.007065568584948778, 0.02962574176490307, 0.03357374295592308, 0.1361861228942871, 0.07663899660110474, 0.6022036075592041, 0.15139755606651306, 0.902887225151062, 0.02600637450814247, 0.019487187266349792, 0.007112972438335419, 0.044506121426820755, 0.6187584400177002, 0.2297365367412567, 0.045827750116586685, 0.043956171721220016, 0.061721134930849075, 0.9220312237739563, 0.042272038757801056, 0.00931400153785944, 0.0096215158700943, 0.016761213541030884, 0.16038355231285095, 0.08231694251298904, 0.15454016625881195, 0.41855117678642273, 0.18420816957950592, 0.243129163980484, 0.0660342425107956, 0.15994395315647125, 0.34596094489097595, 0.1849316656589508, 0.9480047821998596, 0.016377286985516548, 0.0068742199800908566, 0.0081170117482543, 0.020626641809940338, 0.9657546877861023, 0.009624436497688293, 0.007761125452816486, 0.006205399055033922, 0.010654408484697342, 0.7835937738418579, 0.06926263868808746, 0.031146926805377007, 0.0076073044911026955, 0.1083894819021225, 0.23654590547084808, 0.578839123249054, 0.032679833471775055, 0.0072776819579303265, 0.14465750753879547, 0.7550363540649414, 0.09396832436323166, 0.030847379937767982, 0.009883634746074677, 0.11026430130004883, 0.9663432240486145, 0.01698814518749714, 0.0045819091610610485, 0.004115381743758917, 0.007971309125423431, 0.03775486350059509, 0.9320074915885925, 0.004606359172612429, 0.0035995692014694214, 0.022031746804714203, 0.38667771220207214, 0.021600712090730667, 0.22485458850860596, 0.1346702128648758, 0.23219682276248932, 0.6328318119049072, 0.02958192303776741, 0.1031460240483284, 0.12607114017009735, 0.1083691418170929, 0.3574252426624298, 0.23520861566066742, 0.08074505627155304, 0.23390299081802368, 0.09271803498268127, 0.22172746062278748, 0.3265559673309326, 0.046576742082834244, 0.34395739436149597, 0.0611824207007885, 0.026849066838622093, 0.006479185074567795, 0.08738478273153305, 0.831311821937561, 0.04797513410449028, 0.004952001851052046, 0.01067765336483717, 0.04217445105314255, 0.917035698890686, 0.025160154327750206, 0.03480786085128784, 0.0664345920085907, 0.15816111862659454, 0.6273577809333801, 0.11323864012956619, 0.3454524576663971, 0.06705596297979355, 0.17645400762557983, 0.14947786927223206, 0.26155969500541687, 0.22095149755477905, 0.4152657687664032, 0.07823704928159714, 0.012431100942194462, 0.27311456203460693, 0.6068767309188843, 0.02877446822822094, 0.10310954600572586, 0.030668625608086586, 0.23057056963443756, 0.04305686801671982, 0.2498062402009964, 0.08504320681095123, 0.5030302405357361, 0.11906347423791885, 0.8087974190711975, 0.022723201662302017, 0.05660424754023552, 0.010449590161442757, 0.10142555087804794, 0.08641984313726425, 0.3480357825756073, 0.07485514879226685, 0.19773535430431366, 0.29295387864112854, 0.6910409331321716, 0.053656503558158875, 0.0665019303560257, 0.09806913137435913, 0.09073154628276825, 0.9156997203826904, 0.006624787114560604, 0.018979225307703018, 0.04245447367429733, 0.016241777688264847, 0.5622496008872986, 0.11340535432100296, 0.04158371686935425, 0.22171790897846222, 0.06104341149330139, 0.6156775951385498, 0.0519319586455822, 0.05788857489824295, 0.13067065179347992, 0.14383117854595184, 0.42564037442207336, 0.04140995815396309, 0.11211150139570236, 0.30541670322418213, 0.11542145162820816, 0.10688454657793045, 0.1551404744386673, 0.1510223150253296, 0.08121632784605026, 0.5057364106178284, 0.1919284462928772, 0.15952634811401367, 0.07914260774850845, 0.28404268622398376, 0.2853599488735199, 0.0941736027598381, 0.188110813498497, 0.1980605125427246, 0.12151896208524704, 0.39813607931137085, 0.7023409008979797, 0.01596524566411972, 0.08116795122623444, 0.11883018910884857, 0.08169577270746231, 0.46465006470680237, 0.022584721446037292, 0.05444386973977089, 0.43135684728622437, 0.026964480057358742, 0.2785738408565521, 0.020913593471050262, 0.049397438764572144, 0.6264071464538574, 0.02470800094306469, 0.12430478632450104, 0.043488845229148865, 0.08180157095193863, 0.6447240710258484, 0.10568075627088547, 0.14963404834270477, 0.09432084858417511, 0.07360434532165527, 0.5219246745109558, 