{"metrics": {"ACC": 46.15384615384615, "F1": 33.75331996958596}, "predictions": [0, 0, 3, 0, 4, 1, 1, 1, 0, 3, 4, 0, 3, 3, 0, 0, 0, 0, 1, 0, 1, 0, 1, 1, 3, 0, 0, 0, 3, 3, 0, 0, 0, 1, 0, 0, 1, 0, 0, 1, 3, 3, 3, 3, 0, 1, 0, 3, 0, 3, 0, 0, 0, 0, 0, 4, 0, 4, 0, 0, 3, 3, 3, 4, 0, 1, 4, 3, 4, 0, 0, 3, 0, 3, 0, 0, 0, 3, 3, 3, 3, 0, 0, 0, 0, 3, 3, 3, 1, 1, 3, 4, 0, 0, 0, 0, 0, 4, 0, 1, 3, 0, 0, 4, 0, 0, 3, 3, 0, 3, 0, 0, 0, 0, 0, 0, 0, 0, 1, 0, 0, 0, 1, 0, 3, 1, 0, 1, 1, 0, 1, 1, 3, 3, 3, 1, 0, 3, 1, 0, 0, 1, 0], "uids": ["0", "1", "2", "3", "4", "5", "6", "7", "8", "9", "10", "11", "12", "13", "14", "15", "16", "17", "18", "19", "20", "21", "22", "23", "24", "25", "26", "27", "28", "29", "30", "31", "32", "33", "34", "35", "36", "37", "38", "39", "40", "41", "42", "43", "44", "45", "46", "47", "48", "49", "50", "51", "52", "53", "54", "55", "56", "57", "58", "59", "60", "61", "62", "63", "64", "65", "66", "67", "68", "69", "70", "71", "72", "73", "74", "75", "76", "77", "78", "79", "80", "81", "82", "83", "84", "85", "86", "87", "88", "89", "90", "91", "92", "93", "94", "95", "96", "97", "98", "99", "100", "101", "102", "103", "104", "105", "106", "107", "108", "109", "110", "111", "112", "113", "114", "115", "116", "117", "118", "119", "120", "121", "122", "123", "124", "125", "126", "127", "128", "129", "130", "131", "132", "133", "134", "135", "136", "137", "138", "139", "140", "141", "142"], "scores": [0.5843109488487244, 0.085899218916893, 0.08692509680986404, 0.0960085391998291, 0.14685627818107605, 0.740386426448822, 0.06665144860744476, 0.026647964492440224, 0.06291239708662033, 0.10340177267789841, 0.06458507478237152, 0.01771564409136772, 0.09499642252922058, 0.7487485408782959, 0.07395438104867935, 0.4341020882129669, 0.13257160782814026, 0.06740061193704605, 0.2843720614910126, 0.0815536379814148, 0.10366430878639221, 0.21181370317935944, 0.15776506066322327, 0.20350061357021332, 0.32325634360313416, 0.1441158950328827, 0.4413429796695709, 0.09479887038469315, 0.04015924036502838, 0.27958303689956665, 0.10044892877340317, 0.7702155709266663, 0.022268997505307198, 0.02851301059126854, 0.07855351269245148, 0.19030900299549103, 0.6952362060546875, 0.020322749391198158, 0.016610054299235344, 0.07752201706171036, 0.38527026772499084, 0.031835202127695084, 0.08156483620405197, 0.3828223943710327, 0.11850731074810028, 0.10220549255609512, 0.14244487881660461, 0.0981249064207077, 0.34761109948158264, 0.3096136450767517, 0.08359642326831818, 0.13486887514591217, 0.15134122967720032, 0.20044299960136414, 0.4297505021095276, 0.404119610786438, 0.33387088775634766, 0.05051827430725098, 0.1155441403388977, 0.09594711661338806, 0.10664349049329758, 0.2330305129289627, 0.10265392065048218, 0.31521517038345337, 0.24245695769786835, 0.07986003160476685, 0.21870304644107819, 0.10646824538707733, 0.46688583493232727, 0.12808287143707275, 0.6546657681465149, 0.04769105464220047, 0.06568673998117447, 0.05367887020111084, 0.17827758193016052, 0.6097841858863831, 0.06472493708133698, 0.05825774371623993, 0.1539001166820526, 0.11333310604095459, 0.5356858968734741, 0.0857563391327858, 0.06176067143678665, 0.21241474151611328, 0.10438240319490433, 0.8302229046821594, 0.03220726549625397, 0.020685825496912003, 0.06665120273828506, 0.05023280903697014, 0.02593967504799366, 0.9334966540336609, 0.006402268074452877, 0.02082069404423237, 0.013340787962079048, 0.942453920841217, 0.00900983065366745, 0.009397492744028568, 0.03212137520313263, 0.007017468102276325, 0.0303491298109293, 0.9212190508842468, 0.007519767619669437, 0.009056317619979382, 0.03185567259788513, 0.7401267290115356, 0.05710303783416748, 0.03319047391414642, 0.10938423871994019, 0.060195475816726685, 0.15770027041435242, 0.3886058032512665, 0.03418106213212013, 0.29789096117019653, 0.12162191420793533, 0.014929095283150673, 0.9078104496002197, 0.010772272013127804, 0.013903134502470493, 0.05258503928780556, 0.06860917806625366, 0.17752225697040558, 0.07073218375444412, 0.4900110065937042, 0.1931254267692566, 0.823367714881897, 0.06226910278201103, 0.027740852907299995, 0.0260318573564291, 0.06059051305055618, 0.47992652654647827, 0.2823927402496338, 0.06056377664208412, 0.08395552635192871, 0.093161441385746, 0.8542490601539612, 0.07453537732362747, 0.016222970560193062, 0.023241842165589333, 0.03175079822540283, 0.2198798507452011, 0.1095549687743187, 0.11514170467853546, 0.39291518926620483, 0.1625083088874817, 0.22466905415058136, 0.09028453379869461, 0.10874008387327194, 0.42584165930747986, 0.15046469867229462, 0.8878502249717712, 0.04045883193612099, 0.01404151413589716, 0.0214091707020998, 0.03624021261930466, 0.9360244274139404, 0.018262973055243492, 0.013262216933071613, 0.012603431940078735, 0.019847022369503975, 0.706061065196991, 0.09847638756036758, 0.046855825930833817, 0.020777901634573936, 0.12782874703407288, 0.24091263115406036, 0.5574916005134583, 0.038042668253183365, 0.014917216263711452, 0.14863592386245728, 0.7164796590805054, 0.08343318849802017, 0.04530975967645645, 0.02440047077834606, 0.13037699460983276, 0.9258082509040833, 0.036581434309482574, 0.009724383242428303, 0.010144212283194065, 0.017741704359650612, 0.041877035051584244, 0.912659227848053, 0.007453113794326782, 0.010364399291574955, 0.027646265923976898, 0.35343602299690247, 0.03305237740278244, 0.1803293228149414, 0.22918279469013214, 0.2039995640516281, 0.5824600458145142, 0.04585237801074982, 0.09297972917556763, 0.16318117082118988, 0.11552674323320389, 0.2797982692718506, 0.3071809709072113, 0.07252050191164017, 0.2247011661529541, 0.11579914391040802, 0.21429413557052612, 0.30690139532089233, 0.04543890804052353, 0.34464892745018005, 0.08871658146381378, 0.06208590045571327, 0.01603723131120205, 0.09392969310283661, 0.740484893321991, 0.08746232837438583, 0.016687313094735146, 0.021982716396450996, 0.05713554471731186, 0.8505598306655884, 0.053634628653526306, 0.06177741661667824, 0.07895993441343307, 0.12731671333312988, 0.6005476117134094, 0.1313982754945755, 0.28518208861351013, 0.0763925313949585, 0.14954757690429688, 0.2620820105075836, 0.22679582238197327, 0.3115215003490448, 0.38289520144462585, 0.07956784963607788, 0.029294582083821297, 0.1967208981513977, 0.5054633021354675, 0.05892204865813255, 0.13189391791820526, 0.08155147731304169, 0.22216922044754028, 0.07485798001289368, 0.28762590885162354, 0.08545219898223877, 0.4363628923892975, 0.11570102721452713, 0.7438624501228333, 0.03661644086241722, 0.06988436728715897, 0.025433644652366638, 0.12420311570167542, 0.14091332256793976, 0.24996855854988098, 0.06360454112291336, 0.29884299635887146, 0.24667057394981384, 0.7174787521362305, 0.05924956128001213, 0.053851690143346786, 0.074912890791893, 0.09450719505548477, 0.8917097449302673, 0.013736714608967304, 0.023018570616841316, 0.04633912444114685, 0.02519587054848671, 0.4325709640979767, 0.15198080241680145, 0.04744808375835419, 0.28225770592689514, 0.08574250340461731, 0.7333599328994751, 0.03819974511861801, 0.03666737303137779, 0.1079825833439827, 0.08379047363996506, 0.4802004396915436, 0.05345621705055237, 0.08747923374176025, 0.2635601758956909, 0.11530403047800064, 0.21077990531921387, 0.1652006208896637, 0.11856377124786377, 0.12447862327098846, 0.38097700476646423, 0.3151654601097107, 0.13345877826213837, 0.06972415745258331, 0.25337454676628113, 0.22827710211277008, 0.19066640734672546, 0.20250199735164642, 0.1604519486427307, 0.1432659775018692, 0.3031136691570282, 0.6540595293045044, 0.044778428971767426, 0.0695745199918747, 0.1420157253742218, 0.0895717516541481, 0.42856600880622864, 0.050869788974523544, 0.05633165314793587, 0.4156051278114319, 0.04862744361162186, 0.3313935697078705, 0.060113970190286636, 0.05770917609333992, 0.49799758195877075, 0.05278565734624863, 0.16525232791900635, 0.051032666116952896, 0.0754757672548294, 0.5894834995269775, 0.11875569075345993, 0.2548165023326874, 0.058135733008384705, 0.06738610565662384, 0.4776873290538788, 0.1419743448495865, 