{"metrics": {"ACC": 44.05594405594406, "F1": 31.45283684137909}, "predictions": [0, 0, 3, 0, 3, 4, 1, 1, 3, 3, 3, 0, 3, 3, 0, 0, 0, 0, 1, 0, 1, 0, 3, 1, 3, 0, 0, 0, 3, 3, 0, 0, 0, 0, 0, 0, 1, 0, 0, 0, 3, 3, 3, 3, 3, 0, 3, 3, 0, 3, 0, 0, 0, 0, 0, 3, 3, 3, 0, 0, 0, 3, 3, 0, 0, 3, 3, 3, 3, 0, 0, 3, 3, 3, 0, 0, 0, 3, 3, 3, 3, 0, 0, 0, 0, 3, 3, 3, 0, 0, 0, 0, 0, 0, 0, 0, 0, 3, 0, 1, 3, 0, 0, 0, 0, 0, 3, 3, 0, 3, 0, 0, 0, 0, 0, 0, 0, 0, 1, 3, 0, 0, 1, 0, 0, 1, 0, 0, 1, 3, 1, 1, 3, 3, 3, 1, 3, 3, 1, 0, 0, 1, 0], "uids": ["0", "1", "2", "3", "4", "5", "6", "7", "8", "9", "10", "11", "12", "13", "14", "15", "16", "17", "18", "19", "20", "21", "22", "23", "24", "25", "26", "27", "28", "29", "30", "31", "32", "33", "34", "35", "36", "37", "38", "39", "40", "41", "42", "43", "44", "45", "46", "47", "48", "49", "50", "51", "52", "53", "54", "55", "56", "57", "58", "59", "60", "61", "62", "63", "64", "65", "66", "67", "68", "69", "70", "71", "72", "73", "74", "75", "76", "77", "78", "79", "80", "81", "82", "83", "84", "85", "86", "87", "88", "89", "90", "91", "92", "93", "94", "95", "96", "97", "98", "99", "100", "101", "102", "103", "104", "105", "106", "107", "108", "109", "110", "111", "112", "113", "114", "115", "116", "117", "118", "119", "120", "121", "122", "123", "124", "125", "126", "127", "128", "129", "130", "131", "132", "133", "134", "135", "136", "137", "138", "139", "140", "141", "142"], "scores": [0.43501073122024536, 0.09483278542757034, 0.09820982813835144, 0.18453900516033173, 0.18740761280059814, 0.5522061586380005, 0.07903307676315308, 0.04763372987508774, 0.15256163477897644, 0.16856539249420166, 0.1202939823269844, 0.034759242087602615, 0.09715617448091507, 0.6219176650047302, 0.12587299942970276, 0.49292635917663574, 0.09697281569242477, 0.07318563759326935, 0.21937602758407593, 0.11753911525011063, 0.1662369668483734, 0.16652217507362366, 0.10731929540634155, 0.28875696659088135, 0.27116459608078003, 0.2605891823768616, 0.21613334119319916, 0.09843677282333374, 0.16013790667057037, 0.26470279693603516, 0.3332608938217163, 0.463273286819458, 0.039889004081487656, 0.052393704652786255, 0.11118318140506744, 0.3485291004180908, 0.4799334406852722, 0.033307477831840515, 0.04165079817175865, 0.09657919406890869, 0.30193963646888733, 0.053642746061086655, 0.08637450635433197, 0.39394354820251465, 0.16409960389137268, 0.10356061160564423, 0.14980320632457733, 0.08705208450555801, 0.3890421688556671, 0.2705419063568115, 0.10028723627328873, 0.10005932301282883, 0.11306463927030563, 0.38869142532348633, 0.2978973984718323, 0.37989288568496704, 0.25114014744758606, 0.07026010751724243, 0.17937108874320984, 0.11933579295873642, 0.16877256333827972, 0.23960046470165253, 0.09215562790632248, 0.3167668282985687, 0.18270447850227356, 0.1354716420173645, 0.21865522861480713, 0.1056278795003891, 0.3727357089519501, 0.16750957071781158, 0.4589010179042816, 0.05501086637377739, 0.09032947570085526, 0.15277916193008423, 0.2429794818162918, 0.49002599716186523, 0.06766711175441742, 0.06665106117725372, 0.2303357571363449, 0.14532014727592468, 0.45224595069885254, 0.07632920891046524, 0.06792785227298737, 0.2651795446872711, 0.1383175253868103, 0.7048936486244202, 0.04414280876517296, 0.03454076126217842, 0.12994979321956635, 0.08647306263446808, 0.06780227273702621, 0.8568184971809387, 0.01415964774787426, 0.03605443611741066, 0.025165125727653503, 0.9003100395202637, 0.016231665387749672, 0.01737941801548004, 0.04634435847401619, 0.019734548404812813, 0.10727421939373016, 0.7884350419044495, 0.016107281669974327, 0.02643873542547226, 0.06174466386437416, 0.7182520031929016, 0.06774450838565826, 0.03466397151350975, 0.10831863433122635, 0.07102087885141373, 0.2444983869791031, 0.2526138722896576, 0.040743276476860046, 0.31650933623313904, 0.14563505351543427, 0.05050956457853317, 0.7671372890472412, 0.025317486375570297, 0.06509047746658325, 0.09194521605968475, 0.16379621624946594, 0.12419448792934418, 0.0862964615225792, 0.4310623109340668, 0.1946505457162857, 0.7154181599617004, 0.06516876816749573, 0.04950828105211258, 0.06755321472883224, 0.10235157608985901, 0.5917988419532776, 0.12995430827140808, 0.06127583608031273, 0.1207902655005455, 0.09618077427148819, 0.8388686180114746, 0.059474095702171326, 0.020002217963337898, 0.038653191179037094, 0.04300200566649437, 0.2317506968975067, 0.10176929086446762, 0.11868622899055481, 0.35896486043930054, 0.18882891535758972, 0.26289427280426025, 0.08477175980806351, 0.10475703328847885, 0.3838752508163452, 0.16370171308517456, 0.8297481536865234, 0.04346004128456116, 0.023284323513507843, 0.045143403112888336, 0.058364078402519226, 0.8809129595756531, 0.027307046577334404, 0.022978216409683228, 0.031751811504364014, 0.037049904465675354, 0.6502879858016968, 0.08627292513847351, 0.05731503665447235, 0.06127341091632843, 0.1448507159948349, 0.46152564883232117, 0.25880035758018494, 0.05942428112030029, 0.05335376784205437, 0.16689595580101013, 0.6473734378814697, 0.06266939640045166, 0.060493722558021545, 0.06833874434232712, 0.1611248403787613, 0.8517082333564758, 0.04978225752711296, 0.023420244455337524, 0.0338708870112896, 0.04121833294630051, 0.14540500938892365, 0.7613352537155151, 0.015846703201532364, 0.024631893262267113, 0.05278121680021286, 0.33716753125190735, 0.04647429287433624, 0.1341504603624344, 0.2698626220226288, 0.21234506368637085, 0.4305363893508911, 0.07731053978204727, 0.0994211882352829, 0.2286560982465744, 0.1640758365392685, 0.3054535388946533, 0.19077633321285248, 0.08347611874341965, 0.2772270143032074, 0.14306704699993134, 0.30047276616096497, 0.1514434814453125, 0.0609208419919014, 0.3608507812023163, 0.12631212174892426, 0.07823833078145981, 0.03966701403260231, 0.08991996198892593, 0.6541483998298645, 0.13802628219127655, 0.04392789676785469, 0.04798377677798271, 0.07032940536737442, 0.7328117489814758, 0.10494726151227951, 0.1108393594622612, 0.2034594863653183, 0.10509008169174194, 0.4071500599384308, 0.17346104979515076, 0.2767074704170227, 0.0700695589184761, 0.1246170774102211, 0.3198295831680298, 0.2087763547897339, 0.4520978629589081, 0.16176241636276245, 0.09570838510990143, 0.10122557729482651, 0.18920578062534332, 0.26970210671424866, 0.09499198943376541, 0.1312185525894165, 0.2868693172931671, 0.2172180414199829, 0.15678684413433075, 0.2135329395532608, 0.08856745809316635, 0.3933858275413513, 0.14772696793079376, 0.6309803128242493, 0.054896030575037, 0.07957804948091507, 0.08164385706186295, 0.15290170907974243, 0.23555533587932587, 0.1341318041086197, 0.07723790407180786, 0.3200613558292389, 0.2330135703086853, 0.5557882189750671, 0.07528021931648254, 0.07329975813627243, 0.1424476057291031, 0.15318424999713898, 0.8417490124702454, 0.027208685874938965, 0.02901056967675686, 0.06595791131258011, 0.03607386723160744, 0.5636342167854309, 0.07914845645427704, 0.05176767706871033, 0.20900388062000275, 0.09644573926925659, 0.6032496690750122, 0.03977958485484123, 0.05202837660908699, 0.18670441210269928, 0.1182379275560379, 0.42533180117607117, 0.06994018703699112, 0.0751379206776619, 0.2852238118648529, 0.14436624944210052, 0.1429438292980194, 0.14025144279003143, 0.0900602862238884, 0.351290762424469, 0.27545371651649475, 0.26337313652038574, 0.08460180461406708, 0.0855880007147789, 0.3561142086982727, 0.21032284200191498, 0.17172962427139282, 0.22548113763332367, 0.10698222368955612, 0.2683602571487427, 0.2274467796087265, 0.6793509721755981, 0.03285621479153633, 0.05645820498466492, 0.13838963210582733, 0.09294494241476059, 0.5234217047691345, 0.03710122033953667, 0.06144659221172333, 0.2915900647640228, 0.08644038438796997, 0.4359848201274872, 0.04669320210814476, 0.0713970735669136, 0.3523447811603546, 0.09358018636703491, 0.16286762058734894, 0.05562883988022804, 0.08334893733263016, 0.5383280515670776, 0.15982656180858612, 0.14763225615024567, 0.05549915134906769, 0.0739344134926796, 0.5550326704978943, 0.16790147125720978, 0.33385422825813293, 0.0732838585972786, 