{"metrics": {"ACC": 46.15384615384615, "F1": 33.12143619173748}, "predictions": [0, 0, 3, 0, 3, 1, 1, 1, 3, 3, 3, 0, 3, 3, 0, 0, 0, 0, 1, 0, 1, 0, 3, 1, 3, 0, 0, 0, 3, 3, 0, 0, 0, 1, 0, 0, 1, 0, 0, 3, 3, 3, 3, 3, 0, 0, 0, 3, 0, 3, 0, 0, 0, 0, 0, 4, 3, 4, 0, 0, 3, 3, 3, 4, 0, 3, 4, 3, 4, 0, 0, 3, 0, 3, 0, 0, 0, 3, 3, 3, 3, 0, 0, 0, 0, 3, 3, 3, 0, 1, 3, 3, 0, 0, 0, 0, 0, 3, 4, 1, 3, 0, 0, 4, 0, 0, 3, 3, 0, 3, 0, 0, 0, 0, 0, 0, 0, 0, 1, 0, 0, 0, 1, 0, 3, 1, 0, 1, 1, 3, 1, 1, 3, 3, 3, 1, 0, 3, 1, 0, 0, 1, 0], "uids": ["0", "1", "2", "3", "4", "5", "6", "7", "8", "9", "10", "11", "12", "13", "14", "15", "16", "17", "18", "19", "20", "21", "22", "23", "24", "25", "26", "27", "28", "29", "30", "31", "32", "33", "34", "35", "36", "37", "38", "39", "40", "41", "42", "43", "44", "45", "46", "47", "48", "49", "50", "51", "52", "53", "54", "55", "56", "57", "58", "59", "60", "61", "62", "63", "64", "65", "66", "67", "68", "69", "70", "71", "72", "73", "74", "75", "76", "77", "78", "79", "80", "81", "82", "83", "84", "85", "86", "87", "88", "89", "90", "91", "92", "93", "94", "95", "96", "97", "98", "99", "100", "101", "102", "103", "104", "105", "106", "107", "108", "109", "110", "111", "112", "113", "114", "115", "116", "117", "118", "119", "120", "121", "122", "123", "124", "125", "126", "127", "128", "129", "130", "131", "132", "133", "134", "135", "136", "137", "138", "139", "140", "141", "142"], "scores": [0.49758780002593994, 0.07749742269515991, 0.10815159231424332, 0.14802609384059906, 0.1687370240688324, 0.666243851184845, 0.046138230711221695, 0.04463524743914604, 0.11684519052505493, 0.1261373907327652, 0.12472648173570633, 0.023398401215672493, 0.11434372514486313, 0.6333482265472412, 0.1041831225156784, 0.46712109446525574, 0.0834115520119667, 0.07880190014839172, 0.2809506952762604, 0.08971475064754486, 0.10538756847381592, 0.16260237991809845, 0.13157953321933746, 0.3480904996395111, 0.2523399889469147, 0.12480636686086655, 0.4086574614048004, 0.10521838068962097, 0.1090281680226326, 0.25228965282440186, 0.13952001929283142, 0.6861622333526611, 0.03431573510169983, 0.03929750993847847, 0.10070444643497467, 0.1691303700208664, 0.6882678866386414, 0.02677159383893013, 0.028361031785607338, 0.0874691903591156, 0.383514940738678, 0.025677377358078957, 0.08262842148542404, 0.4017195999622345, 0.10645963251590729, 0.10238943994045258, 0.15816184878349304, 0.092000313103199, 0.40785717964172363, 0.23959125578403473, 0.08710158616304398, 0.10081883519887924, 0.12930822372436523, 0.38916707038879395, 0.2936042547225952, 0.41742026805877686, 0.2381172776222229, 0.06377284228801727, 0.16966679692268372, 0.1110227182507515, 0.10069889575242996, 0.16846758127212524, 0.09126687794923782, 0.43757879734039307, 0.2019878476858139, 0.07943573594093323, 0.1745530515909195, 0.10208398848772049, 0.5117911100387573, 0.13213610649108887, 0.535557746887207, 0.04750904440879822, 0.0960320383310318, 0.11587724089622498, 0.20502395927906036, 0.46396201848983765, 0.06428366899490356, 0.08127709478139877, 0.24362079799175262, 0.14685647189617157, 0.4175162613391876, 0.07436859607696533, 0.07857274264097214, 0.30193030834198, 0.1276121586561203, 0.7818071842193604, 0.024780187755823135, 0.028846807777881622, 0.09584726393222809, 0.06871842592954636, 0.04162744805216789, 0.8874786496162415, 0.012033538892865181, 0.033759377896785736, 0.025100985541939735, 0.9341813921928406, 0.010127926245331764, 0.012132476083934307, 0.03274225816130638, 0.01081596128642559, 0.03546533361077309, 0.8937787413597107, 0.011352858506143093, 0.01641342230141163, 0.042989544570446014, 0.7330308556556702, 0.05515686422586441, 0.03660066798329353, 0.10877455770969391, 0.06643705815076828, 0.2120712548494339, 0.2557815909385681, 0.03806479647755623, 0.34985119104385376, 0.1442311555147171, 0.023920536041259766, 0.8462881445884705, 0.019298484548926353, 0.038946207612752914, 0.07154661417007446, 0.09362293779850006, 0.07617676258087158, 0.09527552872896194, 0.5786291360855103, 0.15629558265209198, 0.7591985464096069, 0.04733482748270035, 0.04795322194695473, 0.056430913507938385, 0.08908256143331528, 0.5457426309585571, 0.1462542712688446, 0.07705323398113251, 0.1400240957736969, 0.09092576801776886, 0.811810314655304, 0.09945409744977951, 0.021262260153889656, 0.03084668330848217, 0.03662674129009247, 0.22343800961971283, 0.0838063433766365, 0.12509527802467346, 0.40630850195884705, 0.16135191917419434, 0.22774380445480347, 0.05783754214644432, 0.11384104192256927, 0.463005006313324, 0.13757267594337463, 0.8874090909957886, 0.029447492212057114, 0.01643015444278717, 0.029353158548474312, 0.03736008703708649, 0.9011260867118835, 0.02124321460723877, 0.021485894918441772, 0.027988983318209648, 0.028155772015452385, 0.5846125483512878, 0.10743606090545654, 0.08092152327299118, 0.05402027443051338, 0.17300963401794434, 0.22000248730182648, 0.5127379298210144, 0.06248946487903595, 0.04093097150325775, 0.163839191198349, 0.5824449062347412, 0.08977318555116653, 0.08271857351064682, 0.06606174260377884, 0.1790015995502472, 0.8963164687156677, 0.037964675575494766, 0.016625523567199707, 0.023444296792149544, 0.025648999959230423, 0.05232328176498413, 0.8818562030792236, 0.01140583772212267, 0.016106244176626205, 0.03830840066075325, 0.320634126663208, 0.03655010834336281, 0.1793401688337326, 0.2553616762161255, 0.20811383426189423, 0.4802023470401764, 0.05044816806912422, 0.11577446013689041, 0.2132309377193451, 0.14034408330917358, 0.2931182384490967, 0.19914378225803375, 0.09239783883094788, 0.2944514751434326, 0.1208886131644249, 0.26691246032714844, 0.14462506771087646, 0.0695534497499466, 0.4117826819419861, 0.10712630301713943, 0.11806698888540268, 0.023908289149403572, 0.11385493725538254, 0.6260012984275818, 0.11816853284835815, 0.035435549914836884, 0.02713143825531006, 0.07871787995100021, 0.7696223258972168, 0.08909282088279724, 0.10774242877960205, 0.1710623800754547, 0.13530844449996948, 0.4036713242530823, 0.18221540749073029, 0.3083624243736267, 0.05361140891909599, 0.15149931609630585, 0.2898338735103607, 0.19669300317764282, 0.41061821579933167, 0.23472881317138672, 0.09723489731550217, 0.06031833961606026, 0.1970997452735901, 0.48959025740623474, 0.032989174127578735, 0.13962432742118835, 0.13331761956214905, 0.2044786959886551, 0.10833048820495605, 0.24986134469509125, 0.08313603699207306, 0.43782609701156616, 0.12084607779979706, 0.6566668152809143, 0.03387567773461342, 0.09589085727930069, 0.07223465293645859, 0.14133195579051971, 0.14977575838565826, 0.14696839451789856, 0.0849151760339737, 0.40658140182495117, 0.2117592841386795, 0.5483546853065491, 0.07232582569122314, 0.09018627554178238, 0.15563461184501648, 0.13349856436252594, 0.8680315017700195, 0.01584102399647236, 0.02633402682840824, 0.06085328012704849, 0.028940025717020035, 0.541336178779602, 0.07567441463470459, 0.05380287021398544, 0.2546929121017456, 0.07449353486299515, 0.6543081402778625, 0.03006744757294655, 0.051468729972839355, 0.16504810750484467, 0.09910757839679718, 0.4558026194572449, 0.043806277215480804, 0.08002178370952606, 0.3123205900192261, 0.1080486848950386, 0.23180779814720154, 0.11816451698541641, 0.10210807621479034, 0.24449947476387024, 0.3034200966358185, 0.26140502095222473, 0.08867239952087402, 0.08920794725418091, 0.3639787435531616, 0.1967359483242035, 0.21211884915828705, 0.18260018527507782, 0.13270090520381927, 0.21051305532455444, 0.2620670199394226, 0.6624801754951477, 0.024584246799349785, 0.0631905049085617, 0.17558836936950684, 0.07415679842233658, 0.5520530939102173, 0.025862352922558784, 0.052164774388074875, 0.3177056610584259, 0.05221405252814293, 0.4231496751308441, 0.028868144378066063, 0.056060537695884705, 0.437233030796051, 0.05468848720192909, 0.1928182989358902, 0.044828277081251144, 0.09313543140888214, 0.5538901686668396, 0.11532782763242722, 0.27173295617103577, 0.03955183923244476, 0.08555132895708084, 0.4696122109889984, 0.13355165719985962, 0.2509803771972656, 