{"metrics": {"ACC": 44.75524475524475, "F1": 32.333580889012026}, "predictions": [0, 0, 3, 3, 3, 1, 1, 1, 3, 3, 4, 1, 3, 3, 0, 0, 0, 0, 1, 0, 1, 0, 1, 1, 3, 0, 0, 0, 3, 3, 0, 0, 0, 1, 0, 0, 1, 0, 0, 3, 3, 3, 3, 3, 4, 1, 0, 3, 0, 1, 0, 0, 3, 0, 0, 4, 3, 4, 0, 3, 3, 3, 3, 4, 0, 1, 4, 3, 4, 0, 0, 3, 0, 3, 0, 3, 0, 3, 3, 3, 3, 3, 0, 0, 0, 3, 3, 3, 1, 1, 3, 3, 0, 0, 0, 0, 0, 4, 4, 1, 3, 0, 0, 4, 0, 0, 3, 3, 0, 3, 0, 0, 0, 0, 0, 0, 0, 0, 1, 0, 0, 1, 1, 0, 3, 1, 0, 1, 1, 0, 1, 1, 3, 3, 3, 0, 3, 3, 1, 0, 0, 1, 0], "uids": ["0", "1", "2", "3", "4", "5", "6", "7", "8", "9", "10", "11", "12", "13", "14", "15", "16", "17", "18", "19", "20", "21", "22", "23", "24", "25", "26", "27", "28", "29", "30", "31", "32", "33", "34", "35", "36", "37", "38", "39", "40", "41", "42", "43", "44", "45", "46", "47", "48", "49", "50", "51", "52", "53", "54", "55", "56", "57", "58", "59", "60", "61", "62", "63", "64", "65", "66", "67", "68", "69", "70", "71", "72", "73", "74", "75", "76", "77", "78", "79", "80", "81", "82", "83", "84", "85", "86", "87", "88", "89", "90", "91", "92", "93", "94", "95", "96", "97", "98", "99", "100", "101", "102", "103", "104", "105", "106", "107", "108", "109", "110", "111", "112", "113", "114", "115", "116", "117", "118", "119", "120", "121", "122", "123", "124", "125", "126", "127", "128", "129", "130", "131", "132", "133", "134", "135", "136", "137", "138", "139", "140", "141", "142"], "scores": [0.6532273888587952, 0.050592344254255295, 0.08445078134536743, 0.08165480196475983, 0.13007472455501556, 0.7436879277229309, 0.05673881992697716, 0.027463430538773537, 0.07790928333997726, 0.09420054405927658, 0.032279469072818756, 0.009923776611685753, 0.08621793240308762, 0.8231821656227112, 0.0483967661857605, 0.2697894275188446, 0.12931211292743683, 0.07000277191400528, 0.4641231894493103, 0.06677255034446716, 0.02725290134549141, 0.14885784685611725, 0.19098711013793945, 0.3334374725818634, 0.2994645833969116, 0.0559169240295887, 0.478375643491745, 0.1163548156619072, 0.038356006145477295, 0.3109965920448303, 0.13857382535934448, 0.7109009623527527, 0.025151323527097702, 0.020020993426442146, 0.10535292327404022, 0.3564092814922333, 0.48948049545288086, 0.028719458729028702, 0.012431726790964603, 0.11295905709266663, 0.38661476969718933, 0.01743164099752903, 0.08470872044563293, 0.4248903691768646, 0.08635448664426804, 0.056350819766521454, 0.1384434551000595, 0.10895364731550217, 0.4394404888153076, 0.2568115293979645, 0.028444482013583183, 0.07959648966789246, 0.17921824753284454, 0.28344598412513733, 0.4292948246002197, 0.3084586560726166, 0.4141794741153717, 0.047439929097890854, 0.13477812707424164, 0.0951438620686531, 0.047518037259578705, 0.2753759026527405, 0.09421052038669586, 0.35814768075942993, 0.22474785149097443, 0.042061083018779755, 0.19053883850574493, 0.0960310623049736, 0.5832988619804382, 0.08807016164064407, 0.688291072845459, 0.033662233501672745, 0.06951463222503662, 0.04906107112765312, 0.1594710499048233, 0.532535195350647, 0.058342061936855316, 0.07157204300165176, 0.2052505910396576, 0.13230015337467194, 0.4188844561576843, 0.08175712078809738, 0.07092112302780151, 0.31793737411499023, 0.11049985885620117, 0.8583948612213135, 0.01774166338145733, 0.01777198724448681, 0.06226862967014313, 0.043822821229696274, 0.019495749846100807, 0.9305391907691956, 0.007675048895180225, 0.027412038296461105, 0.014877859503030777, 0.9533266425132751, 0.005549537017941475, 0.006767990067601204, 0.03046605922281742, 0.003889744868502021, 0.03523676097393036, 0.9197654128074646, 0.0065136561170220375, 0.0047251502983272076, 0.033758968114852905, 0.7384544610977173, 0.04051089659333229, 0.03217075765132904, 0.14029903709888458, 0.04856470227241516, 0.0877007320523262, 0.4798223376274109, 0.03139592707157135, 0.28574931621551514, 0.11533166468143463, 0.006470945198088884, 0.9379850029945374, 0.008204975165426731, 0.011679201386868954, 0.03565981239080429, 0.021932678297162056, 0.10520925372838974, 0.06401073932647705, 0.7118133306503296, 0.0970340371131897, 0.8891755938529968, 0.029426781460642815, 0.022577151656150818, 0.011766132898628712, 0.04705443233251572, 0.48822838068008423, 0.29783302545547485, 0.06146024912595749, 0.07645149528980255, 0.07602689415216446, 0.8975721597671509, 0.05634492635726929, 0.012233434244990349, 0.013485549949109554, 0.020364072173833847, 0.13054092228412628, 0.09447455406188965, 0.14677707850933075, 0.45899608731269836, 0.16921135783195496, 0.1903778463602066, 0.09042833745479584, 0.1436946541070938, 0.4005989134311676, 0.17490021884441376, 0.9225992560386658, 0.02595878206193447, 0.010316802188754082, 0.010102211497724056, 0.031022941693663597, 0.9625112414360046, 0.00997642707079649, 0.00856319721788168, 0.007234244141727686, 0.011714859865605831, 0.7289701104164124, 0.0948970764875412, 0.04125766083598137, 0.01239900290966034, 0.12247619777917862, 0.29274457693099976, 0.49513575434684753, 0.040892042219638824, 0.01012161560356617, 0.16110600531101227, 0.7087329626083374, 0.11241465061903, 0.03768640756607056, 0.01390820648521185, 0.12725773453712463, 0.9608199596405029, 0.01938864402472973, 0.005344890058040619, 0.005391533952206373, 0.009054867550730705, 0.06370268017053604, 0.8939191699028015, 0.006940042600035667, 0.005321998614817858, 0.030116090551018715, 0.30597764253616333, 0.020757518708705902, 0.23747695982456207, 0.23657289147377014, 0.19921496510505676, 0.4987555146217346, 0.031346168369054794, 0.11748144030570984, 0.2571658492088318, 0.09525104612112045, 0.24484391510486603, 0.2428271323442459, 0.08669739961624146, 0.3202091157436371, 0.10542241483926773, 0.1572081595659256, 0.2674143612384796, 0.04920509085059166, 0.45896172523498535, 0.06721068173646927, 0.024452663958072662, 0.007349884603172541, 0.07848386466503143, 0.8407227396965027, 0.04899078607559204, 0.006350626703351736, 0.012274316512048244, 0.04629773646593094, 0.9048115015029907, 0.030265847221016884, 0.029950717464089394, 0.07161355763673782, 0.1498652994632721, 0.6322921514511108, 0.1162782683968544, 0.2563125491142273, 0.07759734988212585, 0.18607346713542938, 0.21484088897705078, 0.2651757299900055, 0.21558406949043274, 0.44997361302375793, 0.08038635551929474, 0.017264390364289284, 0.23679162561893463, 0.565700888633728, 0.03941574692726135, 0.13057708740234375, 0.05682354420423508, 0.20748278498649597, 0.043406836688518524, 0.25640976428985596, 0.08980841189622879, 0.49212411046028137, 0.11825088411569595, 0.7808734774589539, 0.027596496045589447, 0.06661398708820343, 0.014791219495236874, 0.110124871134758, 0.062005527317523956, 0.3696011006832123, 0.06373614072799683, 0.258445680141449, 0.2462114840745926, 0.6764863133430481, 0.053645484149456024, 0.06781833618879318, 0.11137290298938751, 0.09067703783512115, 0.9094998240470886, 0.007127320859581232, 0.020586980506777763, 0.04457114636898041, 0.018214646726846695, 0.2924387753009796, 0.1495806723833084, 0.06780726462602615, 0.38627323508262634, 0.10390005260705948, 0.6194806694984436, 0.042047515511512756, 0.057546742260456085, 0.16105534136295319, 0.11986979097127914, 0.4224148392677307, 0.05628345534205437, 0.11586922407150269, 0.2663203179836273, 0.1391122043132782, 0.11058603227138519, 0.16971923410892487, 0.1527327001094818, 0.10917966812849045, 0.4577823579311371, 0.1376534104347229, 0.15624769032001495, 0.07268775254487991, 0.3933483362197876, 0.24006278812885284, 0.11234956979751587, 0.18132200837135315, 0.2029564529657364, 0.12936274707317352, 0.37400928139686584, 0.5168598890304565, 0.019838372245430946, 0.09580542892217636, 0.27301904559135437, 0.09447721391916275, 0.2926405072212219, 0.02774309739470482, 0.056005507707595825, 0.5922765135765076, 0.031334396451711655, 0.15949399769306183, 0.02809581719338894, 0.04973073676228523, 0.7328662872314453, 0.02981320396065712, 0.1117078959941864, 0.04775501415133476, 0.07932015508413315, 0.6571936011314392, 0.104023277759552, 0.1307644098997116, 0.08851061016321182, 0.07139889150857925, 0.5637990236282349, 