{"metrics": {"ACC": 45.45454545454545, "F1": 34.52663498315247}, "predictions": [0, 0, 3, 3, 4, 1, 1, 1, 0, 3, 4, 0, 4, 3, 0, 0, 0, 0, 1, 0, 1, 0, 1, 1, 3, 0, 0, 0, 3, 3, 0, 0, 0, 1, 0, 0, 1, 0, 0, 0, 1, 3, 3, 3, 0, 1, 0, 3, 0, 1, 0, 0, 0, 0, 0, 4, 4, 4, 0, 3, 3, 3, 3, 4, 0, 1, 4, 4, 4, 0, 0, 3, 0, 3, 0, 0, 0, 3, 3, 3, 3, 3, 0, 0, 0, 3, 3, 3, 1, 1, 4, 4, 0, 0, 0, 0, 0, 4, 0, 1, 3, 0, 0, 4, 4, 4, 3, 3, 0, 3, 0, 0, 0, 0, 0, 0, 0, 0, 1, 0, 0, 1, 1, 0, 3, 1, 0, 1, 1, 0, 1, 1, 3, 1, 3, 1, 0, 3, 1, 0, 0, 1, 0], "uids": ["0", "1", "2", "3", "4", "5", "6", "7", "8", "9", "10", "11", "12", "13", "14", "15", "16", "17", "18", "19", "20", "21", "22", "23", "24", "25", "26", "27", "28", "29", "30", "31", "32", "33", "34", "35", "36", "37", "38", "39", "40", "41", "42", "43", "44", "45", "46", "47", "48", "49", "50", "51", "52", "53", "54", "55", "56", "57", "58", "59", "60", "61", "62", "63", "64", "65", "66", "67", "68", "69", "70", "71", "72", "73", "74", "75", "76", "77", "78", "79", "80", "81", "82", "83", "84", "85", "86", "87", "88", "89", "90", "91", "92", "93", "94", "95", "96", "97", "98", "99", "100", "101", "102", "103", "104", "105", "106", "107", "108", "109", "110", "111", "112", "113", "114", "115", "116", "117", "118", "119", "120", "121", "122", "123", "124", "125", "126", "127", "128", "129", "130", "131", "132", "133", "134", "135", "136", "137", "138", "139", "140", "141", "142"], "scores": [0.7028281688690186, 0.0468721017241478, 0.07283773273229599, 0.054932981729507446, 0.12252894788980484, 0.7698056101799011, 0.060739368200302124, 0.022871119901537895, 0.05331831052899361, 0.09326550364494324, 0.025129886344075203, 0.007740466855466366, 0.0852050855755806, 0.8436571359634399, 0.03826732933521271, 0.31345120072364807, 0.11566586792469025, 0.07046864926815033, 0.43847164511680603, 0.06194264069199562, 0.030624117702245712, 0.13101589679718018, 0.23856380581855774, 0.2372359335422516, 0.3625602126121521, 0.05970469117164612, 0.4657345116138458, 0.11339282989501953, 0.022597935050725937, 0.3385699987411499, 0.10359422862529755, 0.7724757790565491, 0.018890701234340668, 0.015001432970166206, 0.09003796428442001, 0.37554025650024414, 0.4934581518173218, 0.02304457128047943, 0.007987151853740215, 0.09996981173753738, 0.6546508073806763, 0.010403395630419254, 0.07487685233354568, 0.1870843470096588, 0.0729844942688942, 0.08898838609457016, 0.08999991416931152, 0.11916409432888031, 0.37663373351097107, 0.3252139091491699, 0.0418134443461895, 0.05951106920838356, 0.2237381488084793, 0.14162905514240265, 0.5333083271980286, 0.48600050806999207, 0.3061695098876953, 0.036801137030124664, 0.08333583921194077, 0.08769301325082779, 0.04720242694020271, 0.27843067049980164, 0.11634794622659683, 0.24153520166873932, 0.3164837956428528, 0.0388653539121151, 0.18250694870948792, 0.09846996515989304, 0.5867781639099121, 0.09337960928678513, 0.7414219379425049, 0.028599480167031288, 0.056600239127874374, 0.027797913178801537, 0.14558041095733643, 0.6713606119155884, 0.039925385266542435, 0.05895579978823662, 0.11532317101955414, 0.11443498730659485, 0.5846607089042664, 0.06429452449083328, 0.06347011029720306, 0.19155927002429962, 0.09601546078920364, 0.927354097366333, 0.013120999559760094, 0.008388231508433819, 0.025590481236577034, 0.025546114891767502, 0.014628982171416283, 0.9517995119094849, 0.005476243328303099, 0.016607925295829773, 0.011487332172691822, 0.9367712736129761, 0.0061152009293437, 0.007058470975607634, 0.046453382819890976, 0.00360173755325377, 0.019717169925570488, 0.9493064284324646, 0.004248586017638445, 0.0030626263469457626, 0.023665139451622963, 0.7241001129150391, 0.04173307865858078, 0.033940333873033524, 0.14887332916259766, 0.051353201270103455, 0.08023849874734879, 0.5434694886207581, 0.025550570338964462, 0.24887776374816895, 0.10186369717121124, 0.004872614983469248, 0.9520536065101624, 0.00603807857260108, 0.006521016359329224, 0.030514705926179886, 0.028235705569386482, 0.1630137711763382, 0.07536934316158295, 0.566802442073822, 0.1665787249803543, 0.8934051394462585, 0.02823909930884838, 0.021271422505378723, 0.006739419419318438, 0.05034481734037399, 0.5633518695831299, 0.26806560158729553, 0.05186937749385834, 0.0455838181078434, 0.07112926989793777, 0.9247431755065918, 0.040503665804862976, 0.008988622575998306, 0.008862163871526718, 0.016902456060051918, 0.13860739767551422, 0.08441848307847977, 0.1591518223285675, 0.4272823929786682, 0.1905398815870285, 0.2002195119857788, 0.06819021701812744, 0.16663794219493866, 0.367199182510376, 0.19775313138961792, 0.9437716603279114, 0.0193888358771801, 0.006917629856616259, 0.007061690557748079, 0.022860119119286537, 0.9681107401847839, 0.008897143416106701, 0.007278491742908955, 0.005715921055525541, 0.009997657500207424, 0.7883082032203674, 0.06428270041942596, 0.030249379575252533, 0.006586466915905476, 0.11057338863611221, 0.25818172097206116, 0.5452247858047485, 0.033198483288288116, 0.006446712650358677, 0.15694822371006012, 0.7569255232810974, 0.08974069356918335, 0.030452482402324677, 0.00889789592474699, 0.11398341506719589, 0.9676113724708557, 0.016629178076982498, 0.004364311695098877, 0.003696997882798314, 0.00769816106185317, 0.03632291033864021, 0.9334527254104614, 0.004505590070039034, 0.0034639164805412292, 0.022254908457398415, 0.38425901532173157, 0.019511966034770012, 0.23218758404254913, 0.1285518854856491, 0.23548951745033264, 0.6082249283790588, 0.027925334870815277, 0.11310520023107529, 0.13671636581420898, 0.11402816325426102, 0.35183385014533997, 0.23562178015708923, 0.08211088925600052, 0.23381610214710236, 0.09661737084388733, 0.18629074096679688, 0.3539860248565674, 0.04515997692942619, 0.3532766103744507, 0.061286598443984985, 0.022472986951470375, 0.0060123479925096035, 0.0844978392124176, 0.840036153793335, 0.0469806008040905, 0.004528234712779522, 0.010826732032001019, 0.04201829433441162, 0.9178053736686707, 0.024821385741233826, 0.03426292538642883, 0.05739409476518631, 0.17579783499240875, 0.6024229526519775, 0.13012218475341797, 0.3273165822029114, 0.06755364686250687, 0.18631546199321747, 0.1453755646944046, 0.27343878149986267, 0.19953954219818115, 0.42146793007850647, 0.08132223039865494, 0.011340477503836155, 0.28632980585098267, 0.575452983379364, 0.03108661063015461, 0.11384450644254684, 0.029192322865128517, 0.2504236102104187, 0.03905262053012848, 0.24143847823143005, 0.08988697081804276, 0.5037833452224731, 0.12583859264850616, 0.7983188033103943, 0.02349672093987465, 0.05992063507437706, 0.01000780425965786, 0.10825604200363159, 0.07836814224720001, 0.3582976460456848, 0.07285800576210022, 0.1943627893924713, 0.29611340165138245, 0.703242838382721, 0.049884457141160965, 0.06506561487913132, 0.09292851388454437, 0.08887859433889389, 0.9149693250656128, 0.006395036820322275, 0.01910182647407055, 0.04355797916650772, 0.01597578078508377, 0.4371279180049896, 0.15781597793102264, 0.050685640424489975, 0.27636322379112244, 0.07800733298063278, 0.6323580145835876, 0.044706519693136215, 0.05959863215684891, 0.11757604032754898, 0.1457606852054596, 0.4546672999858856, 0.0404062382876873, 0.11273415386676788, 0.272491991519928, 0.11970033496618271, 0.11063247174024582, 0.14702388644218445, 0.1504572033882141, 0.07039301842451096, 0.5214934349060059, 0.18612194061279297, 0.15153178572654724, 0.08241374045610428, 0.26913464069366455, 0.31079787015914917, 0.08813272416591644, 0.19018051028251648, 0.198048934340477, 0.11267765611410141, 0.41096025705337524, 0.6829140186309814, 0.017136262729763985, 0.09035750478506088, 0.1189170852303505, 0.09067506343126297, 0.4095972180366516, 0.02599322609603405, 0.059179916977882385, 0.4774377644062042, 0.027791772037744522, 0.2130769044160843, 0.023109467700123787, 0.05158752202987671, 0.687632143497467, 0.02459401823580265, 0.126267209649086, 0.05030906945466995, 0.08344841748476028, 0.6245484948158264, 0.11542677134275436, 0.15230126678943634, 0.11248204857110977, 0.07542409747838974, 0.484130859375, 