{"metrics": {"ACC": 39.16083916083916, "F1": 26.47313341151505}, "predictions": [0, 0, 0, 0, 0, 0, 1, 1, 3, 0, 3, 0, 1, 3, 3, 3, 3, 0, 1, 0, 1, 0, 1, 1, 0, 0, 0, 0, 0, 0, 0, 0, 1, 1, 0, 0, 1, 0, 0, 0, 0, 0, 3, 1, 3, 1, 0, 3, 0, 3, 3, 0, 0, 0, 3, 3, 0, 1, 0, 0, 0, 3, 3, 0, 0, 0, 3, 3, 3, 0, 0, 3, 0, 3, 3, 3, 1, 3, 0, 3, 3, 0, 0, 0, 0, 3, 3, 3, 1, 3, 3, 3, 0, 0, 3, 3, 3, 3, 0, 1, 0, 0, 0, 0, 0, 0, 3, 3, 0, 3, 0, 0, 0, 0, 0, 0, 0, 0, 1, 0, 0, 0, 1, 0, 1, 1, 0, 0, 1, 3, 1, 1, 3, 3, 3, 1, 0, 3, 1, 0, 0, 1, 0], "uids": ["0", "1", "2", "3", "4", "5", "6", "7", "8", "9", "10", "11", "12", "13", "14", "15", "16", "17", "18", "19", "20", "21", "22", "23", "24", "25", "26", "27", "28", "29", "30", "31", "32", "33", "34", "35", "36", "37", "38", "39", "40", "41", "42", "43", "44", "45", "46", "47", "48", "49", "50", "51", "52", "53", "54", "55", "56", "57", "58", "59", "60", "61", "62", "63", "64", "65", "66", "67", "68", "69", "70", "71", "72", "73", "74", "75", "76", "77", "78", "79", "80", "81", "82", "83", "84", "85", "86", "87", "88", "89", "90", "91", "92", "93", "94", "95", "96", "97", "98", "99", "100", "101", "102", "103", "104", "105", "106", "107", "108", "109", "110", "111", "112", "113", "114", "115", "116", "117", "118", "119", "120", "121", "122", "123", "124", "125", "126", "127", "128", "129", "130", "131", "132", "133", "134", "135", "136", "137", "138", "139", "140", "141", "142"], "scores": [0.45821720361709595, 0.13516868650913239, 0.049281030893325806, 0.2162691056728363, 0.1410638689994812, 0.32689011096954346, 0.14457540214061737, 0.06374043226242065, 0.2837729752063751, 0.181021049618721, 0.40032482147216797, 0.05683683976531029, 0.09540075063705444, 0.30760714411735535, 0.13983047008514404, 0.4391774535179138, 0.12713146209716797, 0.05909965932369232, 0.2718462347984314, 0.10274524241685867, 0.3043089210987091, 0.17778362333774567, 0.07942057400941849, 0.2787530720233917, 0.1597338616847992, 0.4223686456680298, 0.17907798290252686, 0.06934496015310287, 0.2169661670923233, 0.11224222183227539, 0.1334993541240692, 0.7272279262542725, 0.03161155432462692, 0.05537126958370209, 0.052289970219135284, 0.1560240238904953, 0.7179880142211914, 0.026091590523719788, 0.056167904287576675, 0.043728455901145935, 0.3090245723724365, 0.10904014110565186, 0.06630604714155197, 0.31194689869880676, 0.2036823332309723, 0.35549503564834595, 0.14650486409664154, 0.07030530273914337, 0.2761215269565582, 0.15157334506511688, 0.16205628216266632, 0.2563764154911041, 0.06269615888595581, 0.3578971326351166, 0.16097401082515717, 0.31014472246170044, 0.21903197467327118, 0.04562690854072571, 0.2605375647544861, 0.16465884447097778, 0.19064025580883026, 0.3466154932975769, 0.05530357360839844, 0.2273745834827423, 0.18006610870361328, 0.2244592010974884, 0.20752257108688354, 0.0547410249710083, 0.3295552432537079, 0.18372200429439545, 0.2550533413887024, 0.10219918191432953, 0.06728731840848923, 0.3933278024196625, 0.18213233351707458, 0.2588199973106384, 0.06697185337543488, 0.06638456881046295, 0.3653551936149597, 0.24246838688850403, 0.15648537874221802, 0.07644820958375931, 0.07932984828948975, 0.4517858922481537, 0.23595063388347626, 0.5373014211654663, 0.12695716321468353, 0.04648081958293915, 0.16095778346061707, 0.12830276787281036, 0.14453791081905365, 0.7329126000404358, 0.019012875854969025, 0.0699690580368042, 0.03356766700744629, 0.8254512548446655, 0.05553867667913437, 0.024929916486144066, 0.06707969307899475, 0.027000514790415764, 0.1351243257522583, 0.7533464431762695, 0.01909024268388748, 0.054239463061094284, 0.038199689239263535, 0.49889886379241943, 0.19730575382709503, 0.041631657630205154, 0.15233686566352844, 0.10982684046030045, 0.21341745555400848, 0.29426196217536926, 0.062291111797094345, 0.2786555886268616, 0.15137389302253723, 0.12126144766807556, 0.7443241477012634, 0.0234480369836092, 0.06679358333349228, 0.044172801077365875, 0.34839001297950745, 0.1975116729736328, 0.050229139626026154, 0.26357221603393555, 0.14029690623283386, 0.6093867421150208, 0.11324881762266159, 0.04554611071944237, 0.1306414157152176, 0.10117685049772263, 0.574504554271698, 0.108785480260849, 0.056466564536094666, 0.15842115879058838, 0.10182224214076996, 0.6562021970748901, 0.13946008682250977, 0.038999322801828384, 0.10491642355918884, 0.0604219026863575, 0.4028468132019043, 0.11367178708314896, 0.06618307530879974, 0.23276302218437195, 0.18453527987003326, 0.3985496759414673, 0.10905846953392029, 0.070159412920475, 0.236379936337471, 0.18585249781608582, 0.6925109624862671, 0.11232031136751175, 0.029783114790916443, 0.08578693121671677, 0.07959870249032974, 0.665912926197052, 0.12013315409421921, 0.03951900079846382, 0.09863535314798355, 0.07579957693815231, 0.2689787447452545, 0.3497360646724701, 0.0429309718310833, 0.17054638266563416, 0.16780784726142883, 0.1458560824394226, 0.7078386545181274, 0.024803176522254944, 0.06787893176078796, 0.05362316593527794, 0.542296290397644, 0.22773858904838562, 0.03827008232474327, 0.0946735367178917, 0.0970214381814003, 0.6759068965911865, 0.10883644968271255, 0.03498714417219162, 0.10312338173389435, 0.07714609801769257, 0.15625032782554626, 0.7257793545722961, 0.02437717467546463, 0.05345343425869942, 0.04013964906334877, 0.493897020816803, 0.06900228559970856, 0.05768805369734764, 0.2572900056838989, 0.12212273478507996, 0.3651406466960907, 0.198062464594841, 0.04430081695318222, 0.2571801543235779, 0.13531593978405, 0.33501580357551575, 0.23651725053787231, 0.05036140978336334, 0.24810750782489777, 0.12999796867370605, 0.3420436382293701, 0.16665220260620117, 0.05695028230547905, 0.2729965150356293, 0.16135738790035248, 0.47723859548568726, 0.0714644193649292, 0.05691765621304512, 0.29543715715408325, 0.09894217550754547, 0.2781183123588562, 0.07546363770961761, 0.07757964730262756, 0.43599244952201843, 0.1328459531068802, 0.14247064292430878, 0.6846023797988892, 0.022347262129187584, 0.10865715146064758, 0.04192258045077324, 0.12612244486808777, 0.12137137353420258, 0.08430991321802139, 0.5067068338394165, 0.16148941218852997, 0.24331676959991455, 0.2521630525588989, 0.052811868488788605, 0.2511686086654663, 0.2005397230386734, 0.39103254675865173, 0.1013321727514267, 0.07487356662750244, 0.27260252833366394, 0.1601591408252716, 0.24423280358314514, 0.22014610469341278, 0.05474049225449562, 0.317978173494339, 0.16290242969989777, 0.7297903895378113, 0.054642289876937866, 0.03433692827820778, 0.11057014018297195, 0.07066033780574799, 0.16599607467651367, 0.1633184552192688, 0.09619852900505066, 0.3685864210128784, 0.20590050518512726, 0.20027951896190643, 0.1678313910961151, 0.07691655308008194, 0.3680470883846283, 0.18692547082901, 0.7605689167976379, 0.08731432259082794, 0.03129800409078598, 0.0761742815375328, 0.044644419103860855, 0.4667259752750397, 0.1793714165687561, 0.056083906441926956, 0.18930748105049133, 0.10851115733385086, 0.49548766016960144, 0.0911455973982811, 0.06079600006341934, 0.21601232886314392, 0.13655833899974823, 0.20237146317958832, 0.12110910564661026, 0.06949353963136673, 0.391559898853302, 0.21546600759029388, 0.20679207146167755, 0.14948582649230957, 0.07641459256410599, 0.358083039522171, 0.20922447741031647, 0.33533975481987, 0.10931214690208435, 0.06795317679643631, 0.3018944561481476, 0.18550042808055878, 0.2518978416919708, 0.25850266218185425, 0.08076084405183792, 0.2376064658164978, 0.17123223841190338, 0.5392894744873047, 0.09428256750106812, 0.0488385334610939, 0.18375176191329956, 0.13383765518665314, 0.5534034371376038, 0.07642406970262527, 0.056342028081417084, 0.198176771402359, 0.11565373837947845, 0.5547628402709961, 0.0772375538945198, 0.057487018406391144, 0.19922877848148346, 0.11128382384777069, 0.15272453427314758, 0.1450798511505127, 0.063894122838974, 0.49118945002555847, 0.14711207151412964, 0.1161542534828186, 0.0919155552983284, 0.07641977816820145, 0.5489515066146851, 0.1665588766336441, 0.4792623221874237, 0.12818950414657593, 0.05581304430961609, 