{"metrics": {"ACC": 35.66433566433567, "F1": 26.52887043864487}, "predictions": [0, 4, 0, 0, 3, 2, 1, 1, 3, 3, 3, 3, 1, 3, 3, 3, 3, 0, 1, 0, 1, 0, 3, 1, 3, 0, 0, 0, 3, 4, 0, 0, 4, 1, 0, 0, 1, 3, 0, 0, 0, 3, 3, 1, 3, 1, 3, 3, 0, 4, 3, 0, 0, 0, 3, 4, 3, 4, 0, 0, 0, 3, 3, 1, 1, 4, 3, 0, 0, 0, 0, 0, 0, 3, 3, 3, 0, 1, 3, 3, 3, 0, 0, 1, 0, 3, 3, 0, 1, 1, 1, 3, 0, 0, 4, 4, 0, 3, 0, 1, 0, 0, 0, 0, 0, 0, 3, 3, 0, 4, 0, 0, 0, 0, 0, 1, 1, 0, 1, 3, 0, 4, 0, 3, 3, 1, 1, 0, 1, 3, 3, 1, 3, 3, 3, 1, 0, 3, 1, 0, 0, 1, 0], "uids": ["0", "1", "2", "3", "4", "5", "6", "7", "8", "9", "10", "11", "12", "13", "14", "15", "16", "17", "18", "19", "20", "21", "22", "23", "24", "25", "26", "27", "28", "29", "30", "31", "32", "33", "34", "35", "36", "37", "38", "39", "40", "41", "42", "43", "44", "45", "46", "47", "48", "49", "50", "51", "52", "53", "54", "55", "56", "57", "58", "59", "60", "61", "62", "63", "64", "65", "66", "67", "68", "69", "70", "71", "72", "73", "74", "75", "76", "77", "78", "79", "80", "81", "82", "83", "84", "85", "86", "87", "88", "89", "90", "91", "92", "93", "94", "95", "96", "97", "98", "99", "100", "101", "102", "103", "104", "105", "106", "107", "108", "109", "110", "111", "112", "113", "114", "115", "116", "117", "118", "119", "120", "121", "122", "123", "124", "125", "126", "127", "128", "129", "130", "131", "132", "133", "134", "135", "136", "137", "138", "139", "140", "141", "142"], "scores": [0.8812770247459412, 0.04192230477929115, 0.015394667163491249, 0.02139263041317463, 0.040013350546360016, 0.24997349083423615, 0.06105966493487358, 0.10157513618469238, 0.2864748239517212, 0.3009168803691864, 0.3662787079811096, 0.010699868202209473, 0.22451351583003998, 0.2854468822479248, 0.11306112259626389, 0.7281001210212708, 0.015433672815561295, 0.039770301431417465, 0.19913220405578613, 0.017563659697771072, 0.04831814020872116, 0.2624260187149048, 0.15901295840740204, 0.324087530374527, 0.20615534484386444, 0.14102908968925476, 0.1777709275484085, 0.2454041838645935, 0.24129973351955414, 0.19449611008167267, 0.08342305570840836, 0.8676238059997559, 0.008534754626452923, 0.00857376679778099, 0.0318446159362793, 0.14458155632019043, 0.8029823303222656, 0.010691997595131397, 0.01016657892614603, 0.03157756105065346, 0.0615975521504879, 0.04716752469539642, 0.09452993422746658, 0.6128444075584412, 0.18386055529117584, 0.2096780240535736, 0.08845204859972, 0.11047697812318802, 0.49769705533981323, 0.09369584918022156, 0.07746916264295578, 0.07682545483112335, 0.09030500054359436, 0.6607913970947266, 0.09460893273353577, 0.2974451184272766, 0.08628658950328827, 0.05973505601286888, 0.35453036427497864, 0.20200295746326447, 0.0724802166223526, 0.4650607705116272, 0.07879150658845901, 0.1775544136762619, 0.20611312985420227, 0.08220943808555603, 0.11896876245737076, 0.0773175060749054, 0.5424326658248901, 0.17907164990901947, 0.18594317138195038, 0.04188377410173416, 0.11382779479026794, 0.5695246458053589, 0.08882058411836624, 0.030536549165844917, 0.03568396344780922, 0.10111092776060104, 0.5076525807380676, 0.3250160217285156, 0.02298225648701191, 0.039912931621074677, 0.11012519150972366, 0.5832040905952454, 0.24377556145191193, 0.9133185744285583, 0.01377120055258274, 0.012866485863924026, 0.02367488481104374, 0.03636888042092323, 0.16696012020111084, 0.7393661737442017, 0.014734557829797268, 0.06810721755027771, 0.01083203125745058, 0.9134956002235413, 0.014038176275789738, 0.0117324348539114, 0.05203793942928314, 0.008695844560861588, 0.1746135801076889, 0.7793800234794617, 0.009223130531609058, 0.009874649345874786, 0.026908591389656067, 0.5487214922904968, 0.05416097119450569, 0.055337876081466675, 0.17508766055107117, 0.16669189929962158, 0.14393678307533264, 0.15254469215869904, 0.08343403786420822, 0.49461808800697327, 0.12546634674072266, 0.04610342159867287, 0.9072043299674988, 0.009848684072494507, 0.01244859118014574, 0.024394942447543144, 0.11346427351236343, 0.08688272535800934, 0.12620194256305695, 0.5191205143928528, 0.1543305665254593, 0.9225414991378784, 0.023640736937522888, 0.014077169820666313, 0.018140727654099464, 0.021599827334284782, 0.7995434999465942, 0.061065781861543655, 0.04731488600373268, 0.05815933272242546, 0.03391651436686516, 0.935971200466156, 0.019310610368847847, 0.013604727573692799, 0.022976847365498543, 0.008136620745062828, 0.0694529339671135, 0.05238795652985573, 0.10794062912464142, 0.4633408486843109, 0.30687761306762695, 0.09015359729528427, 0.04005130007863045, 0.11217222362756729, 0.35234832763671875, 0.40527454018592834, 0.9515041708946228, 0.011743737384676933, 0.005778150167316198, 0.010203748941421509, 0.020770132541656494, 0.8019095063209534, 0.0467272587120533, 0.04313340410590172, 0.057257961481809616, 0.05097176134586334, 0.32523247599601746, 0.148951455950737, 0.04278953745961189, 0.030209356918931007, 0.4528171420097351, 0.105727419257164, 0.8161221742630005, 0.010986527428030968, 0.012663234956562519, 0.05450065806508064, 0.9679403901100159, 0.009259063750505447, 0.005821024999022484, 0.007990037091076374, 0.008989507332444191, 0.9650192260742188, 0.011302095837891102, 0.00604946119710803, 0.008822848089039326, 0.008806427009403706, 0.16136552393436432, 0.7900288105010986, 0.009725483134388924, 0.01061423309147358, 0.028265951201319695, 0.2913750112056732, 0.021019848063588142, 0.09524587541818619, 0.42120224237442017, 0.17115700244903564, 0.6309946775436401, 0.2306409627199173, 0.02641734853386879, 0.06541112810373306, 0.04653584584593773, 0.6234354376792908, 0.12191393971443176, 0.05140865966677666, 0.10256952047348022, 0.10067238658666611, 0.33062130212783813, 0.15891972184181213, 0.10449453443288803, 0.26729893684387207, 0.13866551220417023, 0.39710843563079834, 0.018771611154079437, 0.07684510201215744, 0.4552941918373108, 0.05198067054152489, 0.10563488304615021, 0.02230898104608059, 0.0903255045413971, 0.7362803816795349, 0.04545027017593384, 0.10793197900056839, 0.5651864409446716, 0.03723513334989548, 0.2666986882686615, 0.022947754710912704, 0.0386628657579422, 0.05626913160085678, 0.12102173268795013, 0.6885942220687866, 0.09545202553272247, 0.05165008455514908, 0.7096725106239319, 0.028237126767635345, 0.10007471591234207, 0.11036562919616699, 0.17362508177757263, 0.07693880051374435, 0.1594955027103424, 0.4300110340118408, 0.159929558634758, 0.12072615325450897, 0.13783343136310577, 0.06610866636037827, 0.4236028492450714, 0.251728892326355, 0.9571287035942078, 0.007629505358636379, 0.011548483744263649, 0.015434784814715385, 0.008258489891886711, 0.05008142441511154, 0.1843373030424118, 0.18052175641059875, 0.2214854210615158, 0.3635741174221039, 0.09672974050045013, 0.1479303538799286, 0.12476175278425217, 0.44454628229141235, 0.18603183329105377, 0.9279757738113403, 0.013332178816199303, 0.015420055016875267, 0.0325554795563221, 0.010716523043811321, 0.5274100303649902, 0.07772430777549744, 0.09577133506536484, 0.2518779933452606, 0.04721631854772568, 0.7931234240531921, 0.011165287345647812, 0.04473070427775383, 0.04791688174009323, 0.1030636578798294, 0.0502743236720562, 0.08909396082162857, 0.10885752737522125, 0.612206220626831, 0.1395680010318756, 0.0439474992454052, 0.2942880392074585, 0.12869462370872498, 0.11701899021863937, 0.41605085134506226, 0.218342587351799, 0.04002601280808449, 0.07940271496772766, 0.43699610233306885, 0.2252325862646103, 0.05649404600262642, 0.3456110656261444, 0.11898606270551682, 0.09510020166635513, 0.3838086724281311, 0.829958975315094, 0.015296287834644318, 0.027383821085095406, 0.09397786110639572, 0.033383067697286606, 0.5308940410614014, 0.019369902089238167, 0.06614763289690018, 0.3392914831638336, 0.04429693520069122, 0.5385593771934509, 0.02007131278514862, 0.06618983298540115, 0.33162200450897217, 0.04355750232934952, 0.030793888494372368, 0.03797262907028198, 0.07463973760604858, 0.7943870425224304, 0.062206756323575974, 0.02931382693350315, 0.02798561006784439, 0.08108480274677277, 0.7522313594818115, 0.1093844622373581, 