{"metrics": {"ACC": 39.16083916083916, "F1": 29.983106040202728}, "predictions": [0, 4, 0, 0, 3, 3, 1, 1, 3, 3, 3, 3, 1, 3, 3, 3, 3, 0, 1, 0, 1, 0, 3, 1, 3, 0, 0, 0, 3, 4, 0, 0, 4, 1, 0, 0, 1, 0, 0, 0, 4, 0, 3, 3, 3, 1, 3, 3, 0, 4, 3, 0, 0, 0, 3, 4, 3, 1, 0, 0, 0, 3, 3, 1, 0, 4, 3, 3, 0, 3, 0, 4, 0, 3, 3, 3, 0, 0, 3, 3, 3, 0, 0, 1, 0, 3, 3, 0, 1, 1, 1, 3, 0, 0, 4, 4, 0, 4, 0, 4, 0, 0, 0, 0, 0, 0, 3, 3, 0, 3, 0, 0, 0, 1, 0, 1, 1, 0, 1, 3, 0, 4, 0, 3, 3, 1, 1, 0, 1, 3, 3, 1, 3, 3, 3, 1, 0, 3, 1, 0, 0, 1, 0], "uids": ["0", "1", "2", "3", "4", "5", "6", "7", "8", "9", "10", "11", "12", "13", "14", "15", "16", "17", "18", "19", "20", "21", "22", "23", "24", "25", "26", "27", "28", "29", "30", "31", "32", "33", "34", "35", "36", "37", "38", "39", "40", "41", "42", "43", "44", "45", "46", "47", "48", "49", "50", "51", "52", "53", "54", "55", "56", "57", "58", "59", "60", "61", "62", "63", "64", "65", "66", "67", "68", "69", "70", "71", "72", "73", "74", "75", "76", "77", "78", "79", "80", "81", "82", "83", "84", "85", "86", "87", "88", "89", "90", "91", "92", "93", "94", "95", "96", "97", "98", "99", "100", "101", "102", "103", "104", "105", "106", "107", "108", "109", "110", "111", "112", "113", "114", "115", "116", "117", "118", "119", "120", "121", "122", "123", "124", "125", "126", "127", "128", "129", "130", "131", "132", "133", "134", "135", "136", "137", "138", "139", "140", "141", "142"], "scores": [0.6509512662887573, 0.12341222912073135, 0.02466411143541336, 0.04897833243012428, 0.1519940346479416, 0.25751668214797974, 0.10337480157613754, 0.09044548124074936, 0.2631987929344177, 0.28546422719955444, 0.3847814202308655, 0.0188235305249691, 0.1663651019334793, 0.2848912179470062, 0.14513878524303436, 0.6143176555633545, 0.025250693783164024, 0.047921210527420044, 0.2761072814464569, 0.03640318289399147, 0.07964598387479782, 0.22680431604385376, 0.12863294780254364, 0.3074202537536621, 0.25749653577804565, 0.18048179149627686, 0.17620322108268738, 0.16702325642108917, 0.25339338183403015, 0.22289839386940002, 0.10919643938541412, 0.8159365057945251, 0.01333710178732872, 0.014805654063820839, 0.0467243567109108, 0.19194476306438446, 0.7232798337936401, 0.015552721917629242, 0.018368316814303398, 0.05085435137152672, 0.061110857874155045, 0.07283779233694077, 0.08427399396896362, 0.4832979738712311, 0.2984794080257416, 0.09672988206148148, 0.1339120715856552, 0.08879988640546799, 0.5494158267974854, 0.13114233314990997, 0.08553855866193771, 0.1204899400472641, 0.07251597195863724, 0.5757758021354675, 0.14567966759204865, 0.26540353894233704, 0.11434407532215118, 0.05243927985429764, 0.299925833940506, 0.26788729429244995, 0.08464577049016953, 0.3758150637149811, 0.07046876847743988, 0.20362286269664764, 0.2654475271701813, 0.10336622595787048, 0.1358925849199295, 0.06765317171812057, 0.4650039076805115, 0.22808408737182617, 0.19094230234622955, 0.05536382645368576, 0.1010327860713005, 0.49946829676628113, 0.1531926989555359, 0.06246931850910187, 0.04442913830280304, 0.09936327487230301, 0.46550554037094116, 0.3282327651977539, 0.052891042083501816, 0.045138854533433914, 0.10548386722803116, 0.4931297302246094, 0.3033565580844879, 0.49401727318763733, 0.1627994179725647, 0.03019300289452076, 0.09284164756536484, 0.22014865279197693, 0.20689642429351807, 0.653374433517456, 0.017558306455612183, 0.10394246876239777, 0.01822836324572563, 0.9223032593727112, 0.016800682991743088, 0.009250118397176266, 0.04187127947807312, 0.009774722158908844, 0.15560199320316315, 0.7770089507102966, 0.012004968710243702, 0.01698080636560917, 0.03840329870581627, 0.35571908950805664, 0.195880725979805, 0.048148658126592636, 0.18250073492527008, 0.21775077283382416, 0.13675232231616974, 0.2667451500892639, 0.07541856914758682, 0.3539767861366272, 0.16710719466209412, 0.06120336800813675, 0.8633853197097778, 0.011080711148679256, 0.02446502447128296, 0.03986548259854317, 0.14109566807746887, 0.11864539235830307, 0.0915927141904831, 0.3915272057056427, 0.2571389675140381, 0.8146218657493591, 0.050942398607730865, 0.027082396671175957, 0.04870503023266792, 0.058648329228162766, 0.6456791162490845, 0.10515227913856506, 0.056277453899383545, 0.08900230377912521, 0.10388883203268051, 0.8859192132949829, 0.03566468507051468, 0.020892007276415825, 0.039493851363658905, 0.018030211329460144, 0.09308575838804245, 0.07829970121383667, 0.11470330506563187, 0.4005275070667267, 0.31338372826576233, 0.07694197446107864, 0.08162224292755127, 0.1094791516661644, 0.3654593527317047, 0.366497278213501, 0.8765721321105957, 0.028763849288225174, 0.010141437873244286, 0.022576335817575455, 0.06194617226719856, 0.7896730899810791, 0.04764048010110855, 0.036113057285547256, 0.06369318813085556, 0.06288018822669983, 0.3524087965488434, 0.08261016011238098, 0.04556139558553696, 0.07680576294660568, 0.4426138997077942, 0.14992251992225647, 0.7207706570625305, 0.013809298165142536, 0.024828795343637466, 0.09066876024007797, 0.9372844696044922, 0.01731334999203682, 0.009085520170629025, 0.016350021585822105, 0.019966617226600647, 0.9323333501815796, 0.021140623837709427, 0.009630958549678326, 0.017199398949742317, 0.01969567872583866, 0.19440944492816925, 0.7312570810317993, 0.013506077229976654, 0.01741596683859825, 0.043411433696746826, 0.35350921750068665, 0.026433441787958145, 0.07865960896015167, 0.3081021010875702, 0.23329560458660126, 0.46942391991615295, 0.33843621611595154, 0.024480680003762245, 0.08029933273792267, 0.08735989034175873, 0.3564123511314392, 0.23770445585250854, 0.059155359864234924, 0.15975068509578705, 0.18697716295719147, 0.15702518820762634, 0.235208660364151, 0.07735160738229752, 0.25579625368118286, 0.2746182978153229, 0.5985551476478577, 0.025636347010731697, 0.054188188165426254, 0.25898951292037964, 0.06263084709644318, 0.1552206426858902, 0.0400075726211071, 0.0903872549533844, 0.6226099729537964, 0.09177447855472565, 0.10672976076602936, 0.19558919966220856, 0.07340870052576065, 0.555631160736084, 0.06864119321107864, 0.07699836790561676, 0.06483694911003113, 0.13394305109977722, 0.556644082069397, 0.16757753491401672, 0.10463012009859085, 0.471708208322525, 0.046262577176094055, 0.17199315130710602, 0.20540589094161987, 0.15527769923210144, 0.10149256885051727, 0.12034358084201813, 0.41663163900375366, 0.2062545120716095, 0.15249988436698914, 0.1600901335477829, 0.0754232332110405, 0.3780921697616577, 0.23389454185962677, 0.9273643493652344, 0.012686111964285374, 0.01421604584902525, 0.026727786287665367, 0.01900576427578926, 0.05689110979437828, 0.17113566398620605, 0.12359945476055145, 0.21717701852321625, 0.43119677901268005, 0.06902828067541122, 0.1564425677061081, 0.11342209577560425, 0.34624776244163513, 0.3148592412471771, 0.906787633895874, 0.020850395783782005, 0.016478674486279488, 0.03984307125210762, 0.016040200367569923, 0.4683796763420105, 0.15514665842056274, 0.07178013771772385, 0.22197701036930084, 0.08271654695272446, 0.6588947176933289, 0.0262015201151371, 0.052992574870586395, 0.09881078451871872, 0.1631004512310028, 0.0668431743979454, 0.09794618934392929, 0.09877791255712509, 0.4840184450149536, 0.2524142861366272, 0.06187973916530609, 0.17834101617336273, 0.12984585762023926, 0.22016878426074982, 0.4097645580768585, 0.18819370865821838, 0.06647881120443344, 0.0789586752653122, 0.3508715033531189, 0.3154972493648529, 0.08863474428653717, 0.3505076766014099, 0.11203079670667648, 0.1366250216960907, 0.31220167875289917, 0.6669988036155701, 0.025608502328395844, 0.044208817183971405, 0.19313324987888336, 0.07005062699317932, 0.5274105072021484, 0.02607332356274128, 0.06095722317695618, 0.3134439289569855, 0.07211504876613617, 0.5726257562637329, 0.02634458802640438, 0.057206105440855026, 0.27667176723480225, 0.06715173274278641, 0.06249770522117615, 0.055129360407590866, 0.09198595583438873, 0.6711531281471252, 0.1192338764667511, 0.05518011003732681, 0.03896695747971535, 0.09585613757371902, 0.6650136113166809, 0.14498324692249298, 