{"metrics": {"ACC": 38.46153846153847, "F1": 31.466664953443146}, "predictions": [0, 4, 2, 0, 1, 2, 1, 1, 3, 3, 3, 3, 1, 3, 3, 4, 3, 0, 1, 0, 1, 4, 3, 1, 3, 0, 0, 0, 3, 4, 0, 0, 0, 1, 0, 0, 1, 3, 0, 0, 1, 3, 3, 1, 3, 1, 3, 3, 0, 2, 3, 0, 0, 0, 3, 4, 3, 4, 0, 0, 0, 3, 3, 1, 1, 4, 0, 0, 0, 0, 0, 0, 0, 3, 3, 3, 0, 1, 2, 3, 3, 3, 0, 4, 0, 3, 0, 0, 1, 1, 1, 1, 0, 0, 0, 4, 0, 3, 0, 1, 0, 0, 0, 0, 0, 0, 3, 0, 0, 3, 3, 0, 0, 4, 0, 1, 0, 0, 1, 3, 0, 4, 4, 3, 3, 1, 1, 4, 1, 3, 1, 1, 3, 3, 3, 1, 0, 3, 1, 0, 0, 1, 0], "uids": ["0", "1", "2", "3", "4", "5", "6", "7", "8", "9", "10", "11", "12", "13", "14", "15", "16", "17", "18", "19", "20", "21", "22", "23", "24", "25", "26", "27", "28", "29", "30", "31", "32", "33", "34", "35", "36", "37", "38", "39", "40", "41", "42", "43", "44", "45", "46", "47", "48", "49", "50", "51", "52", "53", "54", "55", "56", "57", "58", "59", "60", "61", "62", "63", "64", "65", "66", "67", "68", "69", "70", "71", "72", "73", "74", "75", "76", "77", "78", "79", "80", "81", "82", "83", "84", "85", "86", "87", "88", "89", "90", "91", "92", "93", "94", "95", "96", "97", "98", "99", "100", "101", "102", "103", "104", "105", "106", "107", "108", "109", "110", "111", "112", "113", "114", "115", "116", "117", "118", "119", "120", "121", "122", "123", "124", "125", "126", "127", "128", "129", "130", "131", "132", "133", "134", "135", "136", "137", "138", "139", "140", "141", "142"], "scores": [0.9539088010787964, 0.022673320025205612, 0.0058290367014706135, 0.003445950336754322, 0.014142989180982113, 0.14943820238113403, 0.05996563658118248, 0.07525709271430969, 0.17379970848560333, 0.5415393710136414, 0.2687801122665405, 0.006444899830967188, 0.3610668480396271, 0.20528602600097656, 0.15842211246490479, 0.9071060419082642, 0.004332515876740217, 0.014035958796739578, 0.07077179104089737, 0.0037537463940680027, 0.009901904501020908, 0.3332363963127136, 0.30460721254348755, 0.2559065520763397, 0.09634795039892197, 0.02189215086400509, 0.13414160907268524, 0.43414145708084106, 0.3110065758228302, 0.09881818294525146, 0.027385415509343147, 0.9504882097244263, 0.0032192447688430548, 0.0027421009726822376, 0.016165001317858696, 0.08297659456729889, 0.8844639658927917, 0.005394263658672571, 0.0032010225113481283, 0.02396417409181595, 0.014264901168644428, 0.0113075515255332, 0.0728263109922409, 0.7589558959007263, 0.1426454335451126, 0.07843897491693497, 0.06546584516763687, 0.0764000341296196, 0.7424553632736206, 0.03723980486392975, 0.01815037429332733, 0.017756003886461258, 0.06268050521612167, 0.8599984645843506, 0.041414711624383926, 0.30185553431510925, 0.043259989470243454, 0.05899253487586975, 0.346096932888031, 0.24979498982429504, 0.02061348222196102, 0.42582470178604126, 0.08726195991039276, 0.22961147129535675, 0.23668840527534485, 0.018159160390496254, 0.039516981691122055, 0.05689111724495888, 0.8134464025497437, 0.0719863697886467, 0.0808100551366806, 0.013994318433105946, 0.0793684720993042, 0.7958604693412781, 0.02996666729450226, 0.005401580594480038, 0.017490314319729805, 0.07948312908411026, 0.4387131333351135, 0.4589117765426636, 0.003947513643652201, 0.01741333305835724, 0.09372803568840027, 0.6117808222770691, 0.27313029766082764, 0.9651556611061096, 0.004992017988115549, 0.004584724549204111, 0.006250254809856415, 0.019017279148101807, 0.0320044569671154, 0.9304417371749878, 0.004639994818717241, 0.029139846563339233, 0.0037739677354693413, 0.9554516077041626, 0.007422912400215864, 0.005885659251362085, 0.027303848415613174, 0.0039359587244689465, 0.18280790746212006, 0.7888683080673218, 0.005411465186625719, 0.0037577361799776554, 0.019154543057084084, 0.20649679005146027, 0.03724921867251396, 0.038771286606788635, 0.1778499335050583, 0.5396327972412109, 0.021142443642020226, 0.21505257487297058, 0.04959498718380928, 0.6476646065711975, 0.06654534488916397, 0.011773396283388138, 0.9709662795066833, 0.004223555792123079, 0.0034750900231301785, 0.009561643935739994, 0.04739852249622345, 0.09991279244422913, 0.1619303971529007, 0.5736567378044128, 0.1171015128493309, 0.9741767644882202, 0.011367560364305973, 0.004073435440659523, 0.0035532608162611723, 0.0068290033377707005, 0.7231440544128418, 0.1638469099998474, 0.05632102116942406, 0.026287920773029327, 0.030400000512599945, 0.983555018901825, 0.006535280030220747, 0.003354024374857545, 0.0044898116029798985, 0.0020657761488109827, 0.018101124092936516, 0.02048487775027752, 0.08953580260276794, 0.5540866851806641, 0.31779152154922485, 0.026301000267267227, 0.014209220185875893, 0.0941363200545311, 0.31641167402267456, 0.5489417910575867, 0.9827224016189575, 0.00414789654314518, 0.002019054489210248, 0.002868850249797106, 0.008241713047027588, 0.9592193365097046, 0.00954698957502842, 0.010485852137207985, 0.008180264383554459, 0.01256761234253645, 0.561059832572937, 0.056941643357276917, 0.013542266562581062, 0.004723254591226578, 0.36373305320739746, 0.059933990240097046, 0.8772305250167847, 0.006602651439607143, 0.0034298005048185587, 0.052802957594394684, 0.9900913238525391, 0.0035506016574800014, 0.0019263937138020992, 0.001924456562846899, 0.002507298020645976, 0.9883622527122498, 0.0045934212394058704, 0.002005772665143013, 0.0018732944736257195, 0.003165261587128043, 0.10616555064916611, 0.8612069487571716, 0.004898919723927975, 0.0037811752408742905, 0.02394736558198929, 0.34592902660369873, 0.008357944898307323, 0.12309429049491882, 0.39075666666030884, 0.13186201453208923, 0.7796527743339539, 0.1510520726442337, 0.015535152517259121, 0.03724705055356026, 0.016513003036379814, 0.8839662671089172, 0.0571279413998127, 0.012799838557839394, 0.011852312833070755, 0.03425375372171402, 0.21586991846561432, 0.4123980700969696, 0.09036969393491745, 0.17009775340557098, 0.11126459389925003, 0.3944982588291168, 0.008340219967067242, 0.06875110417604446, 0.5138607025146484, 0.014549748040735722, 0.01735258474946022, 0.008327281102538109, 0.052547916769981384, 0.9083777666091919, 0.01339450292289257, 0.032633598893880844, 0.6350074410438538, 0.03115195408463478, 0.2904796600341797, 0.010727371089160442, 0.015865331515669823, 0.019914716482162476, 0.14304424822330475, 0.7464256286621094, 0.07475004345178604, 0.007502828724682331, 0.9243038296699524, 0.011906960047781467, 0.025701668113470078, 0.030584653839468956, 0.01615971326828003, 0.12945181131362915, 0.16773375868797302, 0.6203963160514832, 0.06625837087631226, 0.06592343002557755, 0.06502995640039444, 0.054460592567920685, 0.4763795733451843, 0.3382064700126648, 0.9876037836074829, 0.003404580522328615, 0.003570974338799715, 0.0031742111314088106, 0.0022465670481324196, 0.014926456846296787, 0.1993025690317154, 0.3366224765777588, 0.18710242211818695, 0.26204603910446167, 0.028890807181596756, 0.1661907285451889, 0.23964911699295044, 0.44214674830436707, 0.1231226697564125, 0.9785676598548889, 0.004284453112632036, 0.0051999143324792385, 0.009477274492383003, 0.0024707450065761805, 0.6360998749732971, 0.07206768542528152, 0.1046743169426918, 0.16981784999370575, 0.017340296879410744, 0.7764237523078918, 0.0048906379379332066, 0.0350862517952919, 0.016781270503997803, 0.1668180227279663, 0.013456995598971844, 0.02966182865202427, 0.15251973271369934, 0.7490814328193665, 0.0552799366414547, 0.010523729026317596, 0.21319568157196045, 0.21273429691791534, 0.08495155721902847, 0.47859475016593933, 0.11584298312664032, 0.020128050819039345, 0.06878958642482758, 0.5639325976371765, 0.23130680620670319, 0.014802678488194942, 0.26751017570495605, 0.18694597482681274, 0.04561600834131241, 0.48512518405914307, 0.9495383501052856, 0.004664478357881308, 0.009713618084788322, 0.025163432583212852, 0.010920116677880287, 0.8613405823707581, 0.007999987341463566, 0.027986913919448853, 0.08732036501169205, 0.015352198854088783, 0.9230971932411194, 0.006319507956504822, 0.0166991725564003, 0.04382239654660225, 0.010061778128147125, 0.008101053535938263, 0.012533516623079777, 0.046672288328409195, 0.9085230827331543, 0.024170059710741043, 