{"metrics": {"ACC": 45.45454545454545, "F1": 30.730091400292885}, "predictions": [0, 0, 3, 0, 0, 0, 1, 1, 0, 0, 3, 0, 3, 3, 3, 3, 3, 0, 1, 0, 1, 0, 0, 1, 1, 0, 0, 0, 0, 0, 0, 0, 1, 1, 1, 0, 1, 0, 0, 0, 0, 3, 3, 3, 3, 0, 0, 0, 0, 3, 0, 0, 0, 0, 0, 0, 0, 0, 0, 0, 0, 3, 3, 3, 3, 0, 0, 0, 0, 0, 0, 0, 3, 3, 0, 0, 0, 0, 0, 0, 0, 0, 0, 0, 0, 3, 3, 3, 0, 3, 3, 3, 0, 0, 3, 3, 0, 3, 3, 1, 3, 0, 0, 0, 0, 0, 3, 0, 0, 3, 0, 0, 0, 0, 0, 0, 0, 0, 1, 0, 0, 0, 1, 0, 1, 1, 0, 0, 1, 3, 3, 1, 3, 3, 3, 1, 0, 0, 1, 3, 3, 1, 0], "uids": ["0", "1", "2", "3", "4", "5", "6", "7", "8", "9", "10", "11", "12", "13", "14", "15", "16", "17", "18", "19", "20", "21", "22", "23", "24", "25", "26", "27", "28", "29", "30", "31", "32", "33", "34", "35", "36", "37", "38", "39", "40", "41", "42", "43", "44", "45", "46", "47", "48", "49", "50", "51", "52", "53", "54", "55", "56", "57", "58", "59", "60", "61", "62", "63", "64", "65", "66", "67", "68", "69", "70", "71", "72", "73", "74", "75", "76", "77", "78", "79", "80", "81", "82", "83", "84", "85", "86", "87", "88", "89", "90", "91", "92", "93", "94", "95", "96", "97", "98", "99", "100", "101", "102", "103", "104", "105", "106", "107", "108", "109", "110", "111", "112", "113", "114", "115", "116", "117", "118", "119", "120", "121", "122", "123", "124", "125", "126", "127", "128", "129", "130", "131", "132", "133", "134", "135", "136", "137", "138", "139", "140", "141", "142"], "scores": [0.3832828104496002, 0.1155075877904892, 0.0814557746052742, 0.3056596517562866, 0.11409422010183334, 0.4359830319881439, 0.0989028736948967, 0.08139366656541824, 0.27518749237060547, 0.10853300988674164, 0.3227541446685791, 0.10299254208803177, 0.09885871410369873, 0.3471304178237915, 0.1282641738653183, 0.3428836166858673, 0.1350034475326538, 0.09167397022247314, 0.32878661155700684, 0.10165227204561234, 0.3655219078063965, 0.14486399292945862, 0.08855901658535004, 0.2965414822101593, 0.10451351851224899, 0.38876771926879883, 0.14604845643043518, 0.08633644878864288, 0.2799272835254669, 0.09892015904188156, 0.18379946053028107, 0.5402176380157471, 0.061887480318546295, 0.12306315451860428, 0.09103232622146606, 0.20898938179016113, 0.48483195900917053, 0.06963680684566498, 0.1335541307926178, 0.10298772901296616, 0.34868502616882324, 0.12719035148620605, 0.08527258038520813, 0.3117981553077698, 0.1270538866519928, 0.35361000895500183, 0.12554854154586792, 0.08756564557552338, 0.3224635720252991, 0.11081229895353317, 0.2707635760307312, 0.1847212165594101, 0.08165613561868668, 0.3458218276500702, 0.11703723669052124, 0.3549681305885315, 0.14808888733386993, 0.06742656230926514, 0.31345275044441223, 0.11606363207101822, 0.313866525888443, 0.17302006483078003, 0.06963670998811722, 0.3173661231994629, 0.12611061334609985, 0.27550631761550903, 0.20483243465423584, 0.07029072940349579, 0.31891968846321106, 0.13045087456703186, 0.3169124126434326, 0.1183575913310051, 0.08435036987066269, 0.3501042127609253, 0.13027538359165192, 0.29635167121887207, 0.10312982648611069, 0.084870845079422, 0.345633864402771, 0.17001374065876007, 0.29307180643081665, 0.10144837200641632, 0.08511833846569061, 0.35634201765060425, 0.16401955485343933, 0.4724859297275543, 0.10697668790817261, 0.06877540051937103, 0.2603258192539215, 0.09143617004156113, 0.2184693068265915, 0.4610254168510437, 0.05382562801241875, 0.20077313482761383, 0.06590647250413895, 0.6506100296974182, 0.06155921146273613, 0.07436754554510117, 0.1701630800962448, 0.043300144374370575, 0.18808132410049438, 0.5410112738609314, 0.05463936924934387, 0.13433118164539337, 0.08193681389093399, 0.5447174310684204, 0.10915286093950272, 0.07167547196149826, 0.2098557949066162, 0.06459840387105942, 0.38162440061569214, 0.18338268995285034, 0.07346212863922119, 0.2761372923851013, 0.08539341390132904, 0.17679934203624725, 0.5157414674758911, 0.057165492326021194, 0.16560035943984985, 0.08469338715076447, 0.2690604329109192, 0.35307741165161133, 0.06166127696633339, 0.2378000169992447, 0.0784008800983429, 0.4698646366596222, 0.12546207010746002, 0.0782797783613205, 0.23637835681438446, 0.09001518040895462, 0.4525555670261383, 0.12053416669368744, 0.08325818926095963, 0.2550308108329773, 0.08862119168043137, 0.5533808469772339, 0.11413443088531494, 0.07601695507764816, 0.20070548355579376, 0.05576231703162193, 0.435589998960495, 0.12062552571296692, 0.07723288983106613, 0.2624697685241699, 0.10408169776201248, 0.4463109076023102, 0.1138928234577179, 0.0790528804063797, 0.25814732909202576, 0.10259603708982468, 0.5705435872077942, 0.09095807373523712, 0.0652494728565216, 0.19843849539756775, 0.07481034845113754, 0.5268847346305847, 0.0996173843741417, 0.07413054257631302, 0.22310416400432587, 0.07626313716173172, 0.24184802174568176, 0.4286639988422394, 0.05974224582314491, 0.18478135764598846, 0.08496435731649399, 0.1881856918334961, 0.5071225762367249, 0.056278906762599945, 0.15259666740894318, 0.09581619501113892, 0.20812737941741943, 0.47291335463523865, 0.06004073843359947, 0.16512757539749146, 0.09379088133573532, 0.47978395223617554, 0.12886127829551697, 0.07664946466684341, 0.2248479425907135, 0.08985736966133118, 0.22152261435985565, 0.4977981150150299, 0.06237097457051277, 0.1290651261806488, 0.08924317359924316, 0.35778161883354187, 0.10913671553134918, 0.08745028078556061, 0.3254324197769165, 0.12019895762205124, 0.36044520139694214, 0.11460083723068237, 0.07911274582147598, 0.33655986189842224, 0.10928134620189667, 0.4021548628807068, 0.12057723850011826, 0.07444220036268234, 0.30196866393089294, 0.10085703432559967, 0.37828171253204346, 0.12118557840585709, 0.0818793922662735, 0.3081534504890442, 0.11049988865852356, 0.33777010440826416, 0.10575772821903229, 0.08773940801620483, 0.35088202357292175, 0.11785075068473816, 0.34697017073631287, 0.09496903419494629, 0.087827168405056, 0.35615670680999756, 0.11407694220542908, 0.24479146301746368, 0.26522430777549744, 0.07669319957494736, 0.31045880913734436, 0.10283224284648895, 0.26893284916877747, 0.14364586770534515, 0.09227090328931808, 0.3656204640865326, 0.1295299381017685, 0.35832297801971436, 0.12545517086982727, 0.0871763825416565, 0.30939096212387085, 0.11965453624725342, 0.4184475839138031, 0.10041894763708115, 0.0878046303987503, 0.29216572642326355, 0.10116308927536011, 0.380346417427063, 0.15660536289215088, 0.07726060599088669, 0.29409974813461304, 0.09168782830238342, 0.4347909688949585, 0.12017111480236053, 0.06848540902137756, 0.2904329001903534, 0.0861196368932724, 0.3109312951564789, 0.14070092141628265, 0.09061674028635025, 0.32465413212776184, 0.13309690356254578, 0.3225919306278229, 0.14027222990989685, 0.08626009523868561, 0.32024890184402466, 0.13062690198421478, 0.6317441463470459, 0.07602275907993317, 0.06995511054992676, 0.1679847091436386, 0.05429333448410034, 0.48758402466773987, 0.10671286284923553, 0.07853028178215027, 0.25723788142204285, 0.06993497908115387, 0.4945589005947113, 0.09488528221845627, 0.08368542790412903, 0.24491705000400543, 0.08195328712463379, 0.35420554876327515, 0.12157604098320007, 0.08214318752288818, 0.31303220987319946, 0.12904301285743713, 0.36925822496414185, 0.12983958423137665, 0.08092986792325974, 0.3062249720096588, 0.11374729871749878, 0.39575016498565674, 0.10090778023004532, 0.08442311733961105, 0.31310704350471497, 0.10581189393997192, 0.37879735231399536, 0.17044413089752197, 0.08894763886928558, 0.2713373601436615, 0.09047342836856842, 0.38644155859947205, 0.10596740245819092, 0.08540081232786179, 0.28926214575767517, 0.13292811810970306, 0.38143110275268555, 0.09823594242334366, 0.090264692902565, 0.3047390878200531, 0.12532910704612732, 0.3860635757446289, 0.09773922711610794, 0.0900762677192688, 0.30201974511146545, 0.12410125136375427, 0.304311603307724, 0.1440352350473404, 0.08176831156015396, 0.3438459634780884, 0.1260388195514679, 0.32797664403915405, 0.12490501999855042, 0.0830250158905983, 0.33785468339920044, 0.1262386292219162, 0.3240017294883728, 0.11722559481859207, 