{"metrics": {"ACC": 37.06293706293706, "F1": 30.76777091235584}, "predictions": [0, 4, 2, 0, 1, 2, 1, 1, 3, 3, 3, 3, 1, 3, 3, 3, 3, 0, 1, 0, 1, 4, 3, 1, 3, 0, 0, 0, 3, 4, 0, 0, 0, 1, 0, 0, 1, 3, 0, 0, 1, 3, 3, 1, 3, 1, 3, 3, 0, 2, 3, 0, 0, 0, 3, 4, 3, 4, 0, 0, 0, 3, 3, 1, 1, 4, 0, 0, 0, 0, 0, 0, 0, 3, 3, 3, 0, 1, 2, 3, 3, 3, 0, 4, 0, 3, 0, 0, 1, 1, 1, 1, 0, 0, 4, 4, 0, 3, 0, 1, 0, 0, 0, 0, 0, 0, 3, 3, 0, 3, 3, 0, 0, 4, 0, 1, 0, 0, 1, 3, 0, 4, 4, 3, 3, 1, 1, 4, 1, 3, 1, 1, 3, 3, 3, 1, 0, 3, 1, 0, 0, 1, 0], "uids": ["0", "1", "2", "3", "4", "5", "6", "7", "8", "9", "10", "11", "12", "13", "14", "15", "16", "17", "18", "19", "20", "21", "22", "23", "24", "25", "26", "27", "28", "29", "30", "31", "32", "33", "34", "35", "36", "37", "38", "39", "40", "41", "42", "43", "44", "45", "46", "47", "48", "49", "50", "51", "52", "53", "54", "55", "56", "57", "58", "59", "60", "61", "62", "63", "64", "65", "66", "67", "68", "69", "70", "71", "72", "73", "74", "75", "76", "77", "78", "79", "80", "81", "82", "83", "84", "85", "86", "87", "88", "89", "90", "91", "92", "93", "94", "95", "96", "97", "98", "99", "100", "101", "102", "103", "104", "105", "106", "107", "108", "109", "110", "111", "112", "113", "114", "115", "116", "117", "118", "119", "120", "121", "122", "123", "124", "125", "126", "127", "128", "129", "130", "131", "132", "133", "134", "135", "136", "137", "138", "139", "140", "141", "142"], "scores": [0.9523701667785645, 0.022700859233736992, 0.006104170344769955, 0.0037073164712637663, 0.015117465518414974, 0.10535095632076263, 0.06052590161561966, 0.07663215696811676, 0.21050335466861725, 0.5469875931739807, 0.2340146005153656, 0.006307908333837986, 0.3724258244037628, 0.22338981926441193, 0.16386179625988007, 0.8985866904258728, 0.004345233552157879, 0.014752146787941456, 0.07852466404438019, 0.0037913124542683363, 0.008284782990813255, 0.33581697940826416, 0.28172367811203003, 0.289400577545166, 0.08477406203746796, 0.016492029651999474, 0.1340317726135254, 0.3967526853084564, 0.3659915328025818, 0.08673197031021118, 0.025052478536963463, 0.9534952640533447, 0.0030895571690052748, 0.002638444071635604, 0.01572434790432453, 0.08038599789142609, 0.887500524520874, 0.005263749975711107, 0.003074453677982092, 0.023775242269039154, 0.011232544668018818, 0.010947095230221748, 0.06653136759996414, 0.7895627617835999, 0.12172618508338928, 0.05353102087974548, 0.04994666576385498, 0.06908776611089706, 0.7954485416412354, 0.03198598697781563, 0.014634208753705025, 0.015891043469309807, 0.055666182190179825, 0.8780178427696228, 0.03579077497124672, 0.2127629518508911, 0.038459476083517075, 0.062128856778144836, 0.43398845195770264, 0.25266021490097046, 0.01893858052790165, 0.4001041650772095, 0.09000799804925919, 0.25865986943244934, 0.23228947818279266, 0.015877172350883484, 0.035652197897434235, 0.053878527134656906, 0.8323796987533569, 0.06221237778663635, 0.05689748749136925, 0.012054846622049809, 0.07014580070972443, 0.8362717032432556, 0.024630187079310417, 0.00483942124992609, 0.016812635585665703, 0.07670894265174866, 0.4918069839477539, 0.4098319411277771, 0.0036181241739541292, 0.016096077859401703, 0.08738706260919571, 0.6598511338233948, 0.23304761946201324, 0.961124062538147, 0.004882235545665026, 0.004885870963335037, 0.007076888345181942, 0.02203107438981533, 0.03606262803077698, 0.9232829213142395, 0.004974642302840948, 0.032079052180051804, 0.003600774332880974, 0.9534939527511597, 0.0074119712226092815, 0.006027591414749622, 0.02906663902103901, 0.00399986794218421, 0.19423167407512665, 0.7774683833122253, 0.005353571381419897, 0.003698682179674506, 0.019247692078351974, 0.129587322473526, 0.0332435667514801, 0.037948127835989, 0.1951024979352951, 0.6041184663772583, 0.015297340229153633, 0.22044356167316437, 0.04699575528502464, 0.6500060558319092, 0.0672573521733284, 0.010902288369834423, 0.9726481437683105, 0.004107002634555101, 0.0033907629549503326, 0.008951661176979542, 0.02175351232290268, 0.09222273528575897, 0.13543683290481567, 0.6599024534225464, 0.09068448841571808, 0.9757895469665527, 0.010354778729379177, 0.003926900215446949, 0.003428810741752386, 0.0064999014139175415, 0.6418372392654419, 0.2088233083486557, 0.07614115625619888, 0.03427625074982643, 0.03892197087407112, 0.9848393797874451, 0.005786304362118244, 0.003204519860446453, 0.004247733391821384, 0.001922094146721065, 0.016202066093683243, 0.019475458189845085, 0.08546479046344757, 0.5827432870864868, 0.29611438512802124, 0.022293677553534508, 0.014087040908634663, 0.09274791926145554, 0.3444100320339203, 0.5264613032341003, 0.9816058278083801, 0.004014388658106327, 0.0020562156569212675, 0.0029599566478282213, 0.009363715536892414, 0.950761079788208, 0.010222720913589, 0.012634376995265484, 0.009832656010985374, 0.016548998653888702, 0.4596382677555084, 0.06304806470870972, 0.014884511940181255, 0.005052550230175257, 0.457376629114151, 0.05354093760251999, 0.8880475163459778, 0.006383455824106932, 0.0032879184000194073, 0.04874016344547272, 0.9904783964157104, 0.0033112068194895983, 0.0018773931078612804, 0.001953155966475606, 0.002379931043833494, 0.9887694120407104, 0.0043545076623559, 0.0019438399467617273, 0.0018254757160320878, 0.003106804098933935, 0.1041896715760231, 0.8630179762840271, 0.004768908955156803, 0.0036706533282995224, 0.024352848529815674, 0.2533184587955475, 0.007866555824875832, 0.13230574131011963, 0.47091343998908997, 0.13559578359127045, 0.7241649627685547, 0.19370830059051514, 0.017433110624551773, 0.046897657215595245, 0.017796022817492485, 0.8548750877380371, 0.070359006524086, 0.015755265951156616, 0.014943106099963188, 0.044067494571208954, 0.10424195975065231, 0.4410751163959503, 0.09815911203622818, 0.23721842467784882, 0.11930541694164276, 0.2837963104248047, 0.007752823643386364, 0.07015833258628845, 0.6233188509941101, 0.014973659999668598, 0.01336483284831047, 0.007686827331781387, 0.04669470340013504, 0.9198043346405029, 0.012449379079043865, 0.031751811504364014, 0.5226237773895264, 0.03826993331313133, 0.3962410092353821, 0.011113394051790237, 0.013256409205496311, 0.01835496537387371, 0.13036316633224487, 0.7721957564353943, 0.06582971662282944, 0.006875794846564531, 0.9239352941513062, 0.012141679413616657, 0.028457965701818466, 0.028589298948645592, 0.013185025192797184, 0.11560939252376556, 0.15051087737083435, 0.6658570766448975, 0.054837655276060104, 0.05072304233908653, 0.055660758167505264, 0.05270305648446083, 0.5153144001960754, 0.32559871673583984, 0.9880995154380798, 0.003188858972862363, 0.0034856260754168034, 0.0031049775425344706, 0.0021210364066064358, 0.011437209323048592, 0.16915205121040344, 0.33290764689445496, 0.25233128666877747, 0.23417183756828308, 0.022003313526511192, 0.13933023810386658, 0.21706417202949524, 0.5282500982284546, 0.09335219860076904, 0.9770721793174744, 0.004285823088139296, 0.005667722783982754, 0.010379237122833729, 0.0025950726121664047, 0.5714245438575745, 0.07239308953285217, 0.12935921549797058, 0.20690540969371796, 0.019917739555239677, 0.7094969153404236, 0.005188879556953907, 0.04245058447122574, 0.021645966917276382, 0.2212175577878952, 0.010863015428185463, 0.02695421874523163, 0.13830448687076569, 0.7757634520530701, 0.048114873468875885, 0.009120739065110683, 0.19088836014270782, 0.2231854647397995, 0.09849986433982849, 0.47830548882484436, 0.07532904297113419, 0.01773480698466301, 0.0631336122751236, 0.6411961913108826, 0.20260635018348694, 0.012862087227404118, 0.2456008344888687, 0.18560834228992462, 0.04532086104154587, 0.5106078386306763, 0.9498597979545593, 0.00434828968718648, 0.00978857558220625, 0.02554418332874775, 0.010459144599735737, 0.8437836170196533, 0.007937214337289333, 0.030771709978580475, 0.10100428760051727, 0.016503196209669113, 0.915652334690094, 0.006239652633666992, 0.018026359379291534, 0.04954532906413078, 0.01053623016923666, 0.007471964694559574, 0.011920146644115448, 0.04342673346400261, 0.9148079752922058, 0.022373221814632416, 