{"metrics": {"ACC": 36.36363636363637, "F1": 25.22136920825446}, "predictions": [0, 0, 0, 0, 1, 2, 1, 1, 3, 3, 3, 0, 1, 3, 3, 3, 3, 0, 1, 0, 1, 0, 3, 1, 3, 0, 0, 0, 3, 4, 0, 0, 0, 1, 0, 0, 1, 0, 0, 0, 0, 0, 3, 1, 3, 1, 3, 3, 0, 4, 3, 0, 0, 0, 3, 4, 3, 1, 0, 0, 0, 3, 3, 1, 0, 1, 0, 0, 0, 0, 0, 0, 0, 3, 0, 0, 0, 1, 0, 3, 3, 3, 0, 4, 0, 3, 0, 0, 1, 1, 1, 1, 0, 0, 4, 4, 0, 3, 0, 1, 0, 0, 0, 0, 0, 0, 0, 3, 0, 4, 3, 0, 0, 4, 0, 1, 0, 0, 1, 3, 0, 4, 0, 3, 4, 1, 1, 0, 1, 3, 3, 1, 3, 3, 3, 1, 0, 0, 1, 0, 0, 1, 0], "uids": ["0", "1", "2", "3", "4", "5", "6", "7", "8", "9", "10", "11", "12", "13", "14", "15", "16", "17", "18", "19", "20", "21", "22", "23", "24", "25", "26", "27", "28", "29", "30", "31", "32", "33", "34", "35", "36", "37", "38", "39", "40", "41", "42", "43", "44", "45", "46", "47", "48", "49", "50", "51", "52", "53", "54", "55", "56", "57", "58", "59", "60", "61", "62", "63", "64", "65", "66", "67", "68", "69", "70", "71", "72", "73", "74", "75", "76", "77", "78", "79", "80", "81", "82", "83", "84", "85", "86", "87", "88", "89", "90", "91", "92", "93", "94", "95", "96", "97", "98", "99", "100", "101", "102", "103", "104", "105", "106", "107", "108", "109", "110", "111", "112", "113", "114", "115", "116", "117", "118", "119", "120", "121", "122", "123", "124", "125", "126", "127", "128", "129", "130", "131", "132", "133", "134", "135", "136", "137", "138", "139", "140", "141", "142"], "scores": [0.9188061356544495, 0.04172494634985924, 0.009378844872117043, 0.00887451320886612, 0.021215613931417465, 0.39517563581466675, 0.06386104971170425, 0.0725884959101677, 0.16518107056617737, 0.3031937777996063, 0.4946289360523224, 0.00788624957203865, 0.20699165761470795, 0.1834654062986374, 0.10702773928642273, 0.8393298387527466, 0.008812220767140388, 0.022775476798415184, 0.12106486409902573, 0.008017675951123238, 0.02724115364253521, 0.3451343774795532, 0.17234329879283905, 0.29607897996902466, 0.15920217335224152, 0.1268506497144699, 0.15397179126739502, 0.3064116835594177, 0.24924206733703613, 0.1635238230228424, 0.10247691720724106, 0.8547337055206299, 0.006987958215177059, 0.006086426321417093, 0.029714886099100113, 0.18588082492351532, 0.7604846954345703, 0.010216783732175827, 0.008020928129553795, 0.03539681434631348, 0.03807498887181282, 0.023449482396245003, 0.08182262629270554, 0.668174147605896, 0.1884787529706955, 0.08176186680793762, 0.13527709245681763, 0.08022116124629974, 0.6211144924163818, 0.08162538707256317, 0.06775061786174774, 0.06492023915052414, 0.06876780092716217, 0.7179006338119507, 0.08066065609455109, 0.4426089823246002, 0.05856658145785332, 0.04970002546906471, 0.2597322463989258, 0.18939216434955597, 0.04839883744716644, 0.4399380087852478, 0.06812942773103714, 0.22027768194675446, 0.22325606644153595, 0.04975312948226929, 0.07457932084798813, 0.0738309919834137, 0.6718912124633789, 0.12994538247585297, 0.222153902053833, 0.04521896317601204, 0.1019466370344162, 0.5644707083702087, 0.06620977818965912, 0.014881880953907967, 0.0269368514418602, 0.08926599472761154, 0.49602627754211426, 0.3728889524936676, 0.011212007142603397, 0.027175970375537872, 0.10034675896167755, 0.5796772241592407, 0.281588077545166, 0.9284639954566956, 0.011264641769230366, 0.009259049780666828, 0.016989395022392273, 0.0340229868888855, 0.07336944341659546, 0.8683786392211914, 0.008184472098946571, 0.043012380599975586, 0.007055032067000866, 0.9542652368545532, 0.009254809468984604, 0.006229665130376816, 0.026050319895148277, 0.00419989600777626, 0.2808331549167633, 0.6755001544952393, 0.00902340654283762, 0.008104857057332993, 0.02653842233121395, 0.6862455606460571, 0.0375790148973465, 0.03223508596420288, 0.10455131530761719, 0.1393890231847763, 0.050771281123161316, 0.28281062841415405, 0.05381260812282562, 0.5145840644836426, 0.09802138060331345, 0.038586247712373734, 0.9215224981307983, 0.008893011137843132, 0.008765891194343567, 0.02223232388496399, 0.10880076140165329, 0.09713976830244064, 0.12384679168462753, 0.5365902781486511, 0.133622407913208, 0.9542725086212158, 0.018169475719332695, 0.007889693602919579, 0.009639263153076172, 0.010028998367488384, 0.8580485582351685, 0.06531235575675964, 0.029356002807617188, 0.029259059578180313, 0.018024008721113205, 0.9705559015274048, 0.010664274916052818, 0.006038137245923281, 0.009111426770687103, 0.0036302993539720774, 0.050696223974227905, 0.04175103083252907, 0.10457425564527512, 0.464467853307724, 0.3385106325149536, 0.07918746024370193, 0.027365973219275475, 0.10278335958719254, 0.3225516974925995, 0.46811145544052124, 0.9737149477005005, 0.007561749778687954, 0.003226133994758129, 0.005214814096689224, 0.010282370261847973, 0.9562969207763672, 0.009643024764955044, 0.011209774762392044, 0.013266450725495815, 0.009583794511854649, 0.5258527994155884, 0.14987148344516754, 0.02486642822623253, 0.01550368033349514, 0.2839055359363556, 0.15330040454864502, 0.7526639699935913, 0.01262223906815052, 0.00970524363219738, 0.07170809060335159, 0.9804723858833313, 0.00697892252355814, 0.0037170262075960636, 0.004386227112263441, 0.004445464815944433, 0.9798715710639954, 0.0078066084533929825, 0.0035947044380009174, 0.004342467524111271, 0.004384614061564207, 0.22464248538017273, 0.7265177369117737, 0.009100553579628468, 0.008748691529035568, 0.030990593135356903, 0.5789363980293274, 0.01212980318814516, 0.06777217239141464, 0.22225245833396912, 0.11890911310911179, 0.8038738965988159, 0.12357871234416962, 0.016246628016233444, 0.038800548762083054, 0.01750022917985916, 0.8915601372718811, 0.0487801730632782, 0.013323746621608734, 0.02118280529975891, 0.02515319548547268, 0.4398614764213562, 0.22592110931873322, 0.060744110494852066, 0.15521784126758575, 0.11825552582740784, 0.6289036273956299, 0.011458550579845905, 0.04876185581088066, 0.2897884249687195, 0.021087566390633583, 0.0669480711221695, 0.018243661150336266, 0.0728386640548706, 0.8115426301956177, 0.0304269939661026, 0.07138380408287048, 0.4556499719619751, 0.046408943831920624, 0.40582332015037537, 0.0207339096814394, 0.05077943950891495, 0.044985681772232056, 0.14475180208683014, 0.6561969518661499, 0.10328613966703415, 0.023293234407901764, 0.8578481674194336, 0.015938065946102142, 0.05420908331871033, 0.04871150106191635, 0.04991485923528671, 0.11686728894710541, 0.13641947507858276, 0.6222209334373474, 0.07457741349935532, 0.0997999906539917, 0.14085617661476135, 0.06222664564847946, 0.4132271111011505, 0.283890038728714, 0.9730312824249268, 0.006912114564329386, 0.007618953473865986, 0.0078012277372181416, 0.004636366851627827, 0.02351793646812439, 0.353165864944458, 0.1273956000804901, 0.12266450375318527, 0.3732560873031616, 0.05374814569950104, 0.3184185326099396, 0.09915369004011154, 0.3429049849510193, 0.18577468395233154, 0.9676358103752136, 0.00683263735845685, 0.007211749441921711, 0.014164150692522526, 0.004155625589191914, 0.6839388608932495, 0.07546300441026688, 0.06494764983654022, 0.14900055527687073, 0.02664998173713684, 0.901692807674408, 0.005457570310682058, 0.021602783352136612, 0.017330968752503395, 0.053915757685899734, 0.04414164647459984, 0.08604989945888519, 0.12515889108181, 0.5568634867668152, 0.18778614699840546, 0.024461327120661736, 0.2816579043865204, 0.11924374103546143, 0.08333759754896164, 0.49129945039749146, 0.33584168553352356, 0.030511125922203064, 0.06671043485403061, 0.36737486720085144, 0.19956190884113312, 0.02935693971812725, 0.40541720390319824, 0.10112503916025162, 0.05881399288773537, 0.4052868187427521, 0.9049212336540222, 0.007548212073743343, 0.016359539702534676, 0.0550701729953289, 0.01610078662633896, 0.7357319593429565, 0.012474153190851212, 0.044403836131095886, 0.1857122778892517, 0.021677758544683456, 0.8301312923431396, 0.010768565349280834, 0.031039580702781677, 0.1116245910525322, 0.01643599383533001, 0.022149696946144104, 0.02329332008957863, 0.0731649324297905, 0.8303212523460388, 0.05107078701257706, 0.023646634072065353, 0.02128843404352665, 0.0749455988407135, 