{"metrics": {"ACC": 36.36363636363637, "F1": 27.302645987391756}, "predictions": [0, 4, 0, 0, 1, 3, 1, 1, 3, 3, 3, 3, 1, 3, 3, 3, 3, 0, 1, 0, 1, 4, 3, 1, 3, 0, 0, 0, 3, 4, 0, 0, 4, 1, 0, 0, 1, 3, 0, 0, 1, 0, 3, 1, 3, 1, 3, 3, 0, 1, 1, 0, 0, 0, 3, 1, 3, 4, 0, 0, 0, 3, 3, 1, 1, 1, 0, 0, 0, 0, 0, 0, 0, 3, 3, 3, 0, 1, 3, 3, 3, 3, 0, 4, 0, 3, 0, 0, 1, 1, 1, 1, 0, 0, 4, 4, 0, 3, 0, 1, 0, 0, 0, 1, 0, 0, 3, 3, 0, 3, 3, 0, 0, 4, 1, 1, 4, 0, 1, 3, 0, 1, 1, 3, 3, 1, 1, 3, 1, 3, 1, 1, 3, 3, 3, 1, 0, 3, 1, 0, 0, 1, 0], "uids": ["0", "1", "2", "3", "4", "5", "6", "7", "8", "9", "10", "11", "12", "13", "14", "15", "16", "17", "18", "19", "20", "21", "22", "23", "24", "25", "26", "27", "28", "29", "30", "31", "32", "33", "34", "35", "36", "37", "38", "39", "40", "41", "42", "43", "44", "45", "46", "47", "48", "49", "50", "51", "52", "53", "54", "55", "56", "57", "58", "59", "60", "61", "62", "63", "64", "65", "66", "67", "68", "69", "70", "71", "72", "73", "74", "75", "76", "77", "78", "79", "80", "81", "82", "83", "84", "85", "86", "87", "88", "89", "90", "91", "92", "93", "94", "95", "96", "97", "98", "99", "100", "101", "102", "103", "104", "105", "106", "107", "108", "109", "110", "111", "112", "113", "114", "115", "116", "117", "118", "119", "120", "121", "122", "123", "124", "125", "126", "127", "128", "129", "130", "131", "132", "133", "134", "135", "136", "137", "138", "139", "140", "141", "142"], "scores": [0.8992941975593567, 0.05576170235872269, 0.008135894313454628, 0.008544283919036388, 0.028263872489333153, 0.13478775322437286, 0.12149795889854431, 0.06179818511009216, 0.2440686672925949, 0.43784743547439575, 0.331080824136734, 0.00744860153645277, 0.2702038288116455, 0.254313588142395, 0.13695314526557922, 0.8722174763679504, 0.007363518234342337, 0.016757460311055183, 0.09798627346754074, 0.005675345193594694, 0.013275673612952232, 0.45809048414230347, 0.14827817678451538, 0.25784993171691895, 0.12250565737485886, 0.037064328789711, 0.18175745010375977, 0.28798574209213257, 0.3307034969329834, 0.16248901188373566, 0.03231489658355713, 0.9395382404327393, 0.004491856321692467, 0.003953508101403713, 0.01970144920051098, 0.07688494026660919, 0.8872286081314087, 0.00654677813872695, 0.004609676543623209, 0.024729961529374123, 0.01618719846010208, 0.025062253698706627, 0.05932246148586273, 0.7598148584365845, 0.1396133154630661, 0.05952982231974602, 0.10535431653261185, 0.06705302745103836, 0.7169659733772278, 0.051096875220537186, 0.029349954798817635, 0.03457574173808098, 0.06732771545648575, 0.8082653880119324, 0.060481179505586624, 0.18187138438224792, 0.08205711841583252, 0.05144350230693817, 0.4383208453655243, 0.24630717933177948, 0.025254003703594208, 0.589596688747406, 0.057408761233091354, 0.16112272441387177, 0.16661782562732697, 0.023837273940443993, 0.06202540174126625, 0.05212494358420372, 0.780258059501648, 0.08175434917211533, 0.06186322122812271, 0.028703175485134125, 0.07016881555318832, 0.7972754836082458, 0.04198938608169556, 0.007956666871905327, 0.031192271038889885, 0.06753724813461304, 0.4801267385482788, 0.41318708658218384, 0.005594746675342321, 0.029528195038437843, 0.07917448878288269, 0.6523193120956421, 0.23338322341442108, 0.9104324579238892, 0.013387111015617847, 0.008168873377144337, 0.01971413567662239, 0.048297420144081116, 0.07812479883432388, 0.871345043182373, 0.007556472904980183, 0.03780286759138107, 0.00517070759087801, 0.9467498660087585, 0.01021477673202753, 0.00668338593095541, 0.03108091652393341, 0.005271082278341055, 0.12033204734325409, 0.8486760854721069, 0.006013533100485802, 0.004525918047875166, 0.020452359691262245, 0.22148089110851288, 0.06216238811612129, 0.037141039967536926, 0.16781844198703766, 0.5113973021507263, 0.042043287307024, 0.2654826045036316, 0.05336415022611618, 0.5406925678253174, 0.09841739386320114, 0.018497750163078308, 0.9566056728363037, 0.005714975297451019, 0.005455163773149252, 0.013726508244872093, 0.034892283380031586, 0.15130631625652313, 0.1076747328042984, 0.5710242986679077, 0.135102316737175, 0.955797553062439, 0.017880309373140335, 0.006344236433506012, 0.006842153612524271, 0.0131356380879879, 0.582165539264679, 0.2477661818265915, 0.06470364332199097, 0.05162075161933899, 0.053743876516819, 0.9684937000274658, 0.012455103918910027, 0.00573821971192956, 0.009437182918190956, 0.0038757810834795237, 0.021284250542521477, 0.03640946373343468, 0.085719533264637, 0.5318386554718018, 0.32474812865257263, 0.035938654094934464, 0.022722424939274788, 0.09180770814418793, 0.3428588807582855, 0.5066723227500916, 0.962449848651886, 0.008005048148334026, 0.003116926643997431, 0.00529822101816535, 0.021129874512553215, 0.9303807616233826, 0.01615404523909092, 0.013768143951892853, 0.015242679044604301, 0.024454355239868164, 0.15563933551311493, 0.26234814524650574, 0.024445857852697372, 0.012640846893191338, 0.5449258089065552, 0.05080614238977432, 0.8950011730194092, 0.007764926180243492, 0.005483322776854038, 0.040944408625364304, 0.9837809801101685, 0.005907973740249872, 0.0026982808485627174, 0.0033791791647672653, 0.004233560524880886, 0.983039140701294, 0.006599550601094961, 0.0025387266650795937, 0.0031072646379470825, 0.004715395625680685, 0.09251553565263748, 0.8725050091743469, 0.005893777124583721, 0.004995057824999094, 0.024090668186545372, 0.29889601469039917, 0.012866230681538582, 0.09114579111337662, 0.46431586146354675, 0.13277611136436462, 0.5461487770080566, 0.3657076954841614, 0.014772542752325535, 0.045443352311849594, 0.027927596122026443, 0.700777530670166, 0.16984540224075317, 0.021515978500247, 0.0313497819006443, 0.07651125639677048, 0.11514680087566376, 0.5525435209274292, 0.054984331130981445, 0.15542791783809662, 0.12189749628305435, 0.484163761138916, 0.010756711475551128, 0.05489610508084297, 0.4318872392177582, 0.018296224996447563, 0.026611994951963425, 0.016733625903725624, 0.05475952476263046, 0.881925642490387, 0.019969210028648376, 0.04390938952565193, 0.5664681196212769, 0.0339236855506897, 0.3419174253940582, 0.013781384564936161, 0.018040506169199944, 0.041257862001657486, 0.10425971448421478, 0.7637904286384583, 0.07265148311853409, 0.011474218219518661, 0.9081473350524902, 0.012065351940691471, 0.02894788607954979, 0.039365217089653015, 0.021021319553256035, 0.15308581292629242, 0.09162908047437668, 0.6489790081977844, 0.0852847546339035, 0.05694311857223511, 0.10943523049354553, 0.05683515593409538, 0.45835399627685547, 0.318432480096817, 0.9824094772338867, 0.004785632714629173, 0.004551339894533157, 0.004871521145105362, 0.00338199594989419, 0.013634753413498402, 0.4275948405265808, 0.13971859216690063, 0.11679369956254959, 0.302258163690567, 0.03037203662097454, 0.3817601799964905, 0.10077062249183655, 0.34539344906806946, 0.14170370995998383, 0.9673314094543457, 0.006478371098637581, 0.006711489055305719, 0.01506063062697649, 0.0044182296842336655, 0.4202376902103424, 0.15089410543441772, 0.10004426538944244, 0.2909075915813446, 0.03791637718677521, 0.7227895855903625, 0.008439240977168083, 0.03700707107782364, 0.03352034091949463, 0.1982436627149582, 0.016837945207953453, 0.07582802325487137, 0.09130387753248215, 0.743927538394928, 0.07210259884595871, 0.013664389960467815, 0.41443103551864624, 0.12408500909805298, 0.09280116856098175, 0.35501837730407715, 0.08825817704200745, 0.04391955956816673, 0.05975685268640518, 0.5486621856689453, 0.259403258562088, 0.01849355734884739, 0.3675892949104309, 0.14357803761959076, 0.06205549091100693, 0.4082835912704468, 0.9119513034820557, 0.0074299173429608345, 0.012600226327776909, 0.052912551909685135, 0.01510590873658657, 0.8288852572441101, 0.01006945688277483, 0.02525983937084675, 0.11896751075983047, 0.01681794971227646, 0.8804773688316345, 0.009103190153837204, 0.019445234909653664, 0.07823467254638672, 0.012739645317196846, 0.011394730769097805, 0.02142324298620224, 0.04801460728049278, 0.8906605243682861, 0.028506912291049957, 0.011240464635193348, 0.017223333939909935, 