{"metrics": {"ACC": 36.36363636363637, "F1": 29.946118721461186}, "predictions": [0, 4, 2, 0, 2, 2, 1, 1, 3, 3, 3, 3, 1, 3, 3, 4, 3, 0, 1, 0, 1, 4, 3, 1, 3, 0, 0, 0, 3, 4, 0, 0, 4, 1, 0, 0, 1, 3, 0, 0, 1, 3, 3, 1, 3, 1, 3, 3, 0, 2, 3, 0, 0, 0, 3, 4, 3, 4, 0, 0, 0, 3, 3, 1, 1, 1, 0, 0, 0, 0, 0, 0, 0, 3, 3, 3, 0, 1, 2, 3, 3, 3, 0, 4, 0, 3, 0, 0, 1, 1, 1, 1, 0, 0, 4, 4, 0, 3, 0, 1, 0, 0, 0, 0, 0, 0, 3, 3, 0, 4, 3, 0, 0, 4, 0, 1, 0, 0, 1, 3, 0, 4, 0, 3, 3, 1, 1, 0, 1, 3, 3, 1, 3, 3, 3, 1, 0, 3, 1, 0, 0, 1, 0], "uids": ["0", "1", "2", "3", "4", "5", "6", "7", "8", "9", "10", "11", "12", "13", "14", "15", "16", "17", "18", "19", "20", "21", "22", "23", "24", "25", "26", "27", "28", "29", "30", "31", "32", "33", "34", "35", "36", "37", "38", "39", "40", "41", "42", "43", "44", "45", "46", "47", "48", "49", "50", "51", "52", "53", "54", "55", "56", "57", "58", "59", "60", "61", "62", "63", "64", "65", "66", "67", "68", "69", "70", "71", "72", "73", "74", "75", "76", "77", "78", "79", "80", "81", "82", "83", "84", "85", "86", "87", "88", "89", "90", "91", "92", "93", "94", "95", "96", "97", "98", "99", "100", "101", "102", "103", "104", "105", "106", "107", "108", "109", "110", "111", "112", "113", "114", "115", "116", "117", "118", "119", "120", "121", "122", "123", "124", "125", "126", "127", "128", "129", "130", "131", "132", "133", "134", "135", "136", "137", "138", "139", "140", "141", "142"], "scores": [0.9465445280075073, 0.024596156552433968, 0.007025077007710934, 0.004240845795720816, 0.01759333722293377, 0.18829356133937836, 0.06003233790397644, 0.08270875364542007, 0.19058586657047272, 0.478379487991333, 0.28242141008377075, 0.0067968047223985195, 0.3492886424064636, 0.21953460574150085, 0.1419585943222046, 0.8665914535522461, 0.005613835994154215, 0.01924886554479599, 0.10327129065990448, 0.005274581257253885, 0.011962443590164185, 0.2839914560317993, 0.3254777491092682, 0.26193132996559143, 0.11663695424795151, 0.02890143170952797, 0.12766298651695251, 0.4337175190448761, 0.29272833466529846, 0.11698964238166809, 0.04151626303792, 0.9316480159759521, 0.003921045456081629, 0.00310011045075953, 0.019814545288681984, 0.14652633666992188, 0.81159508228302, 0.006885920651257038, 0.003869051579385996, 0.031123636290431023, 0.017768429592251778, 0.013519627042114735, 0.08405499905347824, 0.7074360251426697, 0.1772209256887436, 0.0704302191734314, 0.059176888316869736, 0.08613793551921844, 0.7389801740646362, 0.045274730771780014, 0.022496510297060013, 0.021144280210137367, 0.0710030198097229, 0.8344469666481018, 0.05090918764472008, 0.17305581271648407, 0.05297993868589401, 0.06851901859045029, 0.38924628496170044, 0.3161989748477936, 0.026844991371035576, 0.34529781341552734, 0.11371289938688278, 0.22010749578475952, 0.2940368056297302, 0.02128705382347107, 0.047906700521707535, 0.06557587534189224, 0.775444746017456, 0.08978565037250519, 0.079698346555233, 0.015647903084754944, 0.0848279669880867, 0.7858569025993347, 0.03396889939904213, 0.006101980339735746, 0.018487438559532166, 0.08222708851099014, 0.4287385940551758, 0.46444496512413025, 0.004489782731980085, 0.018245482817292213, 0.09394668787717819, 0.6109890937805176, 0.2723290026187897, 0.94270259141922, 0.007608243264257908, 0.0066016544587910175, 0.009881426580250263, 0.03320593014359474, 0.040556907653808594, 0.9197633862495422, 0.005352304317057133, 0.030118107795715332, 0.004209328908473253, 0.9406604766845703, 0.009082290343940258, 0.007816181518137455, 0.03744201362133026, 0.004998962394893169, 0.339458703994751, 0.6256750226020813, 0.006859984248876572, 0.0044817691668868065, 0.023524554446339607, 0.287386029958725, 0.028669161722064018, 0.05210840702056885, 0.19149935245513916, 0.44033706188201904, 0.0200581643730402, 0.3519470691680908, 0.05371668562293053, 0.49443015456199646, 0.07984790205955505, 0.01743147149682045, 0.9609204530715942, 0.0051522585563361645, 0.0038715822156518698, 0.012624213472008705, 0.03080311045050621, 0.09908238798379898, 0.17621071636676788, 0.5406643152236938, 0.15323950350284576, 0.9697747826576233, 0.012075142003595829, 0.005065036006271839, 0.004778264556080103, 0.008306784555315971, 0.7170220613479614, 0.14875388145446777, 0.06504391133785248, 0.03270239755511284, 0.036477766931056976, 0.9799409508705139, 0.007575079798698425, 0.004194413777440786, 0.005817985162138939, 0.002471572021022439, 0.02079932764172554, 0.02630886621773243, 0.10226984322071075, 0.5175316333770752, 0.33309033513069153, 0.02645999565720558, 0.017851192504167557, 0.10732520371675491, 0.3451373279094696, 0.5032262802124023, 0.9751619100570679, 0.005290306638926268, 0.0024805443827062845, 0.0037032971158623695, 0.013363858684897423, 0.9467251896858215, 0.01095863152295351, 0.015541200526058674, 0.012715211138129234, 0.014059813693165779, 0.39669284224510193, 0.09933333843946457, 0.018393617123365402, 0.006943004205822945, 0.478637158870697, 0.10476893186569214, 0.8093916773796082, 0.008624766021966934, 0.0045307292602956295, 0.07268382608890533, 0.9883387088775635, 0.004159890580922365, 0.002144085941836238, 0.0022336039692163467, 0.0031237152870744467, 0.9867558479309082, 0.004946131259202957, 0.0022732638753950596, 0.0022957082837820053, 0.003729092888534069, 0.17995284497737885, 0.779791533946991, 0.006043959874659777, 0.00440252898260951, 0.029809171333909035, 0.29448428750038147, 0.009029097855091095, 0.12260130792856216, 0.42180490493774414, 0.15208032727241516, 0.8241825103759766, 0.11513377726078033, 0.014508524909615517, 0.03003522753715515, 0.016140077263116837, 0.7634725570678711, 0.11721812188625336, 0.02587915025651455, 0.024190660566091537, 0.06923948973417282, 0.12627002596855164, 0.4445986747741699, 0.10605265200138092, 0.1972922831773758, 0.12578637897968292, 0.22366265952587128, 0.009038854390382767, 0.08024054020643234, 0.6661261916160583, 0.020931774750351906, 0.01756877452135086, 0.00966697372496128, 0.06243573874235153, 0.8931516408920288, 0.017176924273371696, 0.04171017184853554, 0.486473947763443, 0.045230939984321594, 0.4129851162433624, 0.013599778525531292, 0.01974603906273842, 0.02359563298523426, 0.16678927838802338, 0.7058041095733643, 0.08406492322683334, 0.009948749095201492, 0.8984209895133972, 0.014967079274356365, 0.03326361998915672, 0.043399628251791, 0.020709287375211716, 0.11114148795604706, 0.18041366338729858, 0.6167810559272766, 0.07095445692539215, 0.07416146993637085, 0.06181111931800842, 0.06695787608623505, 0.49729883670806885, 0.2997707426548004, 0.9854755997657776, 0.003769370261579752, 0.0042557502165436745, 0.0038111116737127304, 0.002688185777515173, 0.01416815910488367, 0.22736939787864685, 0.38155412673950195, 0.18428382277488708, 0.19262447953224182, 0.026241976767778397, 0.24331708252429962, 0.22435714304447174, 0.40788552165031433, 0.09819826483726501, 0.9706286787986755, 0.005442418158054352, 0.00714748864993453, 0.013292458839714527, 0.003488968126475811, 0.4547213613986969, 0.11360152810811996, 0.1687677502632141, 0.23525236546993256, 0.027656935155391693, 0.7634881734848022, 0.005666553508490324, 0.04081858694553375, 0.0228414386510849, 0.16718515753746033, 0.014603725634515285, 0.04113393649458885, 0.20095843076705933, 0.6701368689537048, 0.07316704094409943, 0.012364942580461502, 0.19143721461296082, 0.25814083218574524, 0.1082320585846901, 0.42982494831085205, 0.135658860206604, 0.01912544295191765, 0.07773397862911224, 0.5350048542022705, 0.2324768453836441, 0.018223196268081665, 0.2542330324649811, 0.22151903808116913, 0.05637531727552414, 0.4496493935585022, 0.9248154759407043, 0.005798376630991697, 0.01400144025683403, 0.040590912103652954, 0.01479373686015606, 0.7090574502944946, 0.011953677050769329, 0.05353198200464249, 0.19863466918468475, 0.02682221494615078, 0.8281424045562744, 0.009673413820564747, 0.03426313400268555, 0.10997242480516434, 0.017948638647794724, 0.009202281944453716, 0.012990578077733517, 0.05228495970368385, 0.8970207571983337, 0.028501391410827637, 0.010461932048201561, 