{"metrics": {"ACC": 37.06293706293706, "F1": 23.95302282129988}, "predictions": [0, 0, 0, 0, 1, 0, 1, 1, 3, 1, 3, 1, 1, 3, 3, 3, 3, 0, 1, 0, 1, 0, 1, 1, 0, 0, 0, 0, 0, 0, 0, 0, 0, 1, 0, 0, 1, 0, 0, 0, 0, 0, 3, 1, 3, 1, 0, 1, 0, 4, 3, 0, 0, 0, 3, 4, 0, 1, 0, 0, 0, 3, 3, 1, 1, 0, 3, 3, 0, 0, 0, 0, 0, 3, 0, 0, 1, 1, 0, 3, 3, 0, 0, 1, 0, 3, 3, 3, 1, 1, 1, 1, 0, 0, 0, 3, 0, 3, 0, 1, 0, 0, 0, 0, 0, 0, 0, 3, 0, 4, 1, 0, 0, 0, 0, 0, 0, 0, 1, 0, 0, 4, 1, 0, 1, 1, 1, 0, 1, 3, 1, 1, 3, 3, 3, 1, 0, 0, 1, 0, 0, 1, 0], "uids": ["0", "1", "2", "3", "4", "5", "6", "7", "8", "9", "10", "11", "12", "13", "14", "15", "16", "17", "18", "19", "20", "21", "22", "23", "24", "25", "26", "27", "28", "29", "30", "31", "32", "33", "34", "35", "36", "37", "38", "39", "40", "41", "42", "43", "44", "45", "46", "47", "48", "49", "50", "51", "52", "53", "54", "55", "56", "57", "58", "59", "60", "61", "62", "63", "64", "65", "66", "67", "68", "69", "70", "71", "72", "73", "74", "75", "76", "77", "78", "79", "80", "81", "82", "83", "84", "85", "86", "87", "88", "89", "90", "91", "92", "93", "94", "95", "96", "97", "98", "99", "100", "101", "102", "103", "104", "105", "106", "107", "108", "109", "110", "111", "112", "113", "114", "115", "116", "117", "118", "119", "120", "121", "122", "123", "124", "125", "126", "127", "128", "129", "130", "131", "132", "133", "134", "135", "136", "137", "138", "139", "140", "141", "142"], "scores": [0.6178708076477051, 0.15540683269500732, 0.03653889149427414, 0.08229266107082367, 0.10789085924625397, 0.3339179456233978, 0.12286236137151718, 0.07946924865245819, 0.22399678826332092, 0.23975364863872528, 0.37187615036964417, 0.029552344232797623, 0.14772053062915802, 0.30214017629623413, 0.14871077239513397, 0.709119975566864, 0.047081176191568375, 0.05189543962478638, 0.15041394531726837, 0.04148944094777107, 0.17572148144245148, 0.3174112141132355, 0.08601629734039307, 0.21265752613544464, 0.20819351077079773, 0.35802161693573, 0.2178228348493576, 0.10873501002788544, 0.16538232564926147, 0.15003827214241028, 0.09654704481363297, 0.8265631198883057, 0.014351841062307358, 0.024751747027039528, 0.037786249071359634, 0.11763010919094086, 0.8154807090759277, 0.011824586428701878, 0.02256772667169571, 0.03249684348702431, 0.28376659750938416, 0.11822398751974106, 0.07715999335050583, 0.3032218813896179, 0.21762754023075104, 0.16229280829429626, 0.34047719836235046, 0.06162329763174057, 0.3007134199142456, 0.1348932534456253, 0.15576320886611938, 0.29636815190315247, 0.06365510076284409, 0.3225429058074951, 0.16167064011096954, 0.23161619901657104, 0.3241448700428009, 0.042382530868053436, 0.23065738379955292, 0.17119905352592468, 0.12314362078905106, 0.5293076038360596, 0.04739142954349518, 0.1438285857439041, 0.15632875263690948, 0.16744430363178253, 0.28793954849243164, 0.056479062885046005, 0.2881051301956177, 0.20003201067447662, 0.299133837223053, 0.10177318006753922, 0.07887634634971619, 0.3399815559387207, 0.18023502826690674, 0.17671124637126923, 0.06034836173057556, 0.08052849769592285, 0.36317068338394165, 0.31924116611480713, 0.1326846033334732, 0.06890352070331573, 0.08787552267313004, 0.40883877873420715, 0.30169761180877686, 0.5589513778686523, 0.15749803185462952, 0.031569186598062515, 0.10127618908882141, 0.15070518851280212, 0.1385721117258072, 0.753077507019043, 0.014718213118612766, 0.0686986893415451, 0.024933386594057083, 0.8926905989646912, 0.02678924798965454, 0.018576940521597862, 0.04652468115091324, 0.01541861705482006, 0.11032313853502274, 0.8260847926139832, 0.011269615963101387, 0.022695504128932953, 0.029626863077282906, 0.4679892957210541, 0.23358099162578583, 0.039138250052928925, 0.12633977830410004, 0.13295161724090576, 0.1960391402244568, 0.35199782252311707, 0.05816316604614258, 0.254792720079422, 0.13900718092918396, 0.08488070219755173, 0.8442890048027039, 0.010277312248945236, 0.030241522938013077, 0.03031148388981819, 0.4069245159626007, 0.15978723764419556, 0.07299963384866714, 0.21153774857521057, 0.14875085651874542, 0.7050883173942566, 0.09538429975509644, 0.043838899582624435, 0.06869497150182724, 0.08699353784322739, 0.6587454676628113, 0.11411135643720627, 0.06024693697690964, 0.0883534625172615, 0.07854272425174713, 0.705388605594635, 0.14402100443840027, 0.043125562369823456, 0.06355692446231842, 0.04390789195895195, 0.3454657793045044, 0.11834476888179779, 0.07599622011184692, 0.22530879080295563, 0.23488450050354004, 0.4013742208480835, 0.0975317433476448, 0.08710893243551254, 0.20229701697826385, 0.2116881012916565, 0.8306674957275391, 0.054949089884757996, 0.021707136183977127, 0.0351579412817955, 0.05751841142773628, 0.7178331017494202, 0.08492718636989594, 0.046762239187955856, 0.07541918009519577, 0.07505824416875839, 0.36012211441993713, 0.23629100620746613, 0.049962714314460754, 0.08594126999378204, 0.2676829695701599, 0.12930214405059814, 0.7880716323852539, 0.012709549628198147, 0.029468100517988205, 0.04044871777296066, 0.8964412808418274, 0.035343773663043976, 0.01726379804313183, 0.02602185122668743, 0.024929217994213104, 0.839643657207489, 0.04530171677470207, 0.0255962572991848, 0.04452553763985634, 0.0449327751994133, 0.12085650861263275, 0.8130390644073486, 0.011802254244685173, 0.022900398820638657, 0.03140181675553322, 0.5135519504547119, 0.048183102160692215, 0.07281001657247543, 0.2262832671403885, 0.13917165994644165, 0.37271520495414734, 0.3044392466545105, 0.039265621453523636, 0.14808017015457153, 0.13549970090389252, 0.39906245470046997, 0.2726788818836212, 0.0513567216694355, 0.15482494235038757, 0.12207698076963425, 0.39015787839889526, 0.21369746327400208, 0.06506578624248505, 0.18272580206394196, 0.14835312962532043, 0.4564550220966339, 0.04731248319149017, 0.08212292194366455, 0.3232358992099762, 0.09087366610765457, 0.25481367111206055, 0.049210548400878906, 0.12102442234754562, 0.47775328159332275, 0.09719809144735336, 0.15951450169086456, 0.6351653337478638, 0.026111194863915443, 0.1341773122549057, 0.045031674206256866, 0.20256862044334412, 0.20971374213695526, 0.08561903238296509, 0.37095317244529724, 0.1311454176902771, 0.15892161428928375, 0.531964898109436, 0.034501269459724426, 0.134414404630661, 0.14019782841205597, 0.30649229884147644, 0.17328736186027527, 0.09287045150995255, 0.2696863114833832, 0.15766362845897675, 0.22501738369464874, 0.3028213381767273, 0.06037371978163719, 0.2376931756734848, 0.17409439384937286, 0.8248960375785828, 0.0329543761909008, 0.03232412412762642, 0.057566069066524506, 0.052259378135204315, 0.12609882652759552, 0.20007745921611786, 0.12578366696834564, 0.2689038813114166, 0.27913618087768555, 0.20728914439678192, 0.18345801532268524, 0.09147296845912933, 0.30935046076774597, 0.20842944085597992, 0.8499023914337158, 0.0427754670381546, 0.028907207772135735, 0.050219710916280746, 0.02819519117474556, 0.4752814769744873, 0.18596138060092926, 0.0652889832854271, 0.17239539325237274, 0.1010727658867836, 0.4821305572986603, 0.0861702412366867, 0.07654217630624771, 0.18511538207530975, 0.17004165053367615, 0.1418861597776413, 0.1942458301782608, 0.08540525287389755, 0.3658886253833771, 0.21257415413856506, 0.12605991959571838, 0.2542584240436554, 0.10844726860523224, 0.206716850399971, 0.3045175075531006, 0.3663511276245117, 0.12134355306625366, 0.07514074444770813, 0.25620245933532715, 0.18096207082271576, 0.14415836334228516, 0.3552964925765991, 0.0896330177783966, 0.1493585854768753, 0.261553555727005, 0.6633496284484863, 0.06695327162742615, 0.040917444974184036, 0.13300879299640656, 0.09577088057994843, 0.6053031086921692, 0.052435897290706635, 0.06292856484651566, 0.1883746087551117, 0.09095783531665802, 0.6096488237380981, 0.0558481365442276, 0.06575950235128403, 0.1808893233537674, 0.08785416930913925, 0.1249418780207634, 0.12354904413223267, 0.0763980895280838, 0.5318938493728638, 0.14321714639663696, 0.1114274337887764, 0.063096784055233, 0.09667225927114487, 0.5465015769004822, 0.18230195343494415, 0.27454033493995667, 