{"metrics": {"ACC": 76.19047619047619, "F1": 53.71345029239766}, "predictions": [0, 1, 1, 2, 1, 0, 0, 0, 1, 0, 0, 0, 0, 0, 1, 1, 1, 1, 1, 1, 0, 0, 1, 0, 1, 0, 1, 1, 1, 1, 2, 0, 1, 1, 1, 2, 2, 1, 0, 0, 1, 1, 1, 0, 1, 1, 0, 2, 2, 2, 0, 1, 1, 1, 1, 0, 0, 0, 2, 0, 1, 2, 2], "uids": ["0", "1", "2", "3", "4", "5", "6", "7", "8", "9", "10", "11", "12", "13", "14", "15", "16", "17", "18", "19", "20", "21", "22", "23", "24", "25", "26", "27", "28", "29", "30", "31", "32", "33", "34", "35", "36", "37", "38", "39", "40", "41", "42", "43", "44", "45", "46", "47", "48", "49", "50", "51", "52", "53", "54", "55", "56", "57", "58", "59", "60", "61", "62"], "scores": [0.8553808331489563, 0.054878633469343185, 0.0654238685965538, 0.02431662380695343, 0.07879355549812317, 0.8740192651748657, 0.0327439047396183, 0.014443324878811836, 0.09262062609195709, 0.7817332148551941, 0.11078823357820511, 0.014857929199934006, 0.28568464517593384, 0.3362029194831848, 0.33915549516677856, 0.03895692899823189, 0.22996610403060913, 0.6814349889755249, 0.08042819052934647, 0.008170702494680882, 0.658163845539093, 0.24821001291275024, 0.06807584315538406, 0.025550268590450287, 0.6565946340560913, 0.1193620041012764, 0.11315874010324478, 0.11088456958532333, 0.3522113263607025, 0.23082123696804047, 0.25183597207069397, 0.16513146460056305, 0.251812219619751, 0.5908827781677246, 0.13589736819267273, 0.021407684311270714, 0.6705811619758606, 0.0867600291967392, 0.11976341158151627, 0.12289541214704514, 0.839426577091217, 0.09703905135393143, 0.02859613299369812, 0.034938257187604904, 0.8509015440940857, 0.09141921997070312, 0.02333308570086956, 0.03434612601995468, 0.5594936609268188, 0.08659575879573822, 0.1917397528886795, 0.162170872092247, 0.7856273055076599, 0.04740442708134651, 0.11558254063129425, 0.05138573795557022, 0.12342782318592072, 0.7504736185073853, 0.11162449419498444, 0.014473988674581051, 0.12675954401493073, 0.7794247269630432, 0.07931069284677505, 0.014505041763186455, 0.1719006597995758, 0.7351214289665222, 0.07666562497615814, 0.016312288120388985, 0.25637006759643555, 0.6441802382469177, 0.08273274451494217, 0.016716916114091873, 0.225206196308136, 0.694819986820221, 0.06465714424848557, 0.015316681936383247, 0.31095263361930847, 0.5960878729820251, 0.07444605976343155, 0.01851346157491207, 0.42206090688705444, 0.40033185482025146, 0.13880544900894165, 0.038801830261945724, 0.8828662037849426, 0.0843316838145256, 0.021002067252993584, 0.011800086125731468, 0.10670603066682816, 0.8632940649986267, 0.022627094760537148, 0.007372808642685413, 0.9124259352684021, 0.023498062044382095, 0.042699266225099564, 0.021376745775341988, 0.058189183473587036, 0.8892187476158142, 0.04360693320631981, 0.00898517295718193, 0.734399676322937, 0.20150643587112427, 0.03742299973964691, 0.02667083777487278, 0.02413511648774147, 0.89241623878479, 0.07109959423542023, 0.012349060736596584, 0.04742894694209099, 0.8977944254875183, 0.0475187711417675, 0.007257875986397266, 0.02677413634955883, 0.9286804795265198, 0.037299130111932755, 0.007246243767440319, 0.09895248711109161, 0.8577296733856201, 0.03149113431572914, 0.011826630681753159, 0.3313525915145874, 0.06902354210615158, 0.5173859596252441, 0.08223795890808105, 0.6615489721298218, 0.059457629919052124, 0.2222779542207718, 0.05671541392803192, 0.08015429228544235, 0.8636417984962463, 0.049436867237091064, 0.00676708435639739, 0.27087879180908203, 0.6302499771118164, 0.08918292075395584, 0.00968833640217781, 0.12650373578071594, 0.8293634057044983, 0.03810347989201546, 0.006029368843883276, 0.06917370110750198, 0.04218779876828194, 0.8278161883354187, 0.06082230061292648, 0.09023920446634293, 0.38873091340065, 0.4865909516811371, 0.03443896397948265, 0.20667286217212677, 0.44477811455726624, 0.2828287184238434, 0.06572027504444122, 0.6220607757568359, 0.09048834443092346, 0.22897253930568695, 0.058478329330682755, 0.789228081703186, 0.08596009761095047, 0.09986500442028046, 0.02494681254029274, 0.04159703105688095, 0.9325522780418396, 0.017728552222251892, 0.008122152648866177, 0.18915684521198273, 0.6830027103424072, 0.11014293879270554, 0.017697470262646675, 0.14251844584941864, 0.6387472748756409, 0.17015811800956726, 0.048576150089502335, 0.43694591522216797, 0.28952768445014954, 0.20486129820346832, 0.06866513937711716, 0.17519508302211761, 0.7752327919006348, 0.029911380261182785, 0.019660741090774536, 0.28584831953048706, 0.6003366708755493, 0.06293598562479019, 0.050879038870334625, 0.8804412484169006, 0.04730256274342537, 0.052463430911302567, 0.019792793318629265, 0.03748985007405281, 0.16079485416412354, 0.7494449019432068, 0.05227033421397209, 0.027816301211714745, 0.37579330801963806, 0.5669765472412109, 0.02941378764808178, 0.062095072120428085, 0.05433790758252144, 0.8125052452087402, 0.07106176018714905, 0.5446322560310364, 0.19562223553657532, 0.22638237476348877, 0.03336314111948013, 0.06795495003461838, 0.6295498609542847, 0.27648070454597473, 0.02601444721221924, 0.06972408294677734, 0.7488771677017212, 0.15642333030700684, 0.02497543953359127, 0.034713249653577805, 0.8413158655166626, 0.10785225033760071, 0.016118662431836128, 0.0590728223323822, 0.7723463177680969, 0.14696559309959412, 0.021615169942378998, 0.44766417145729065, 0.10474393516778946, 0.23663468658924103, 0.21095719933509827, 0.7459348440170288, 0.043087877333164215, 0.10712084919214249, 0.10385642200708389, 0.8364381194114685, 0.06807494908571243, 0.047176606953144073, 0.04831024631857872, 0.03324638307094574, 0.1039920523762703, 0.7800434231758118, 0.082718126475811, 0.4385274052619934, 0.27515989542007446, 0.19348680973052979, 0.0928260013461113, 0.30939167737960815, 0.6397811770439148, 0.031857822090387344, 0.018969271332025528, 0.09110517054796219, 0.07654591649770737, 0.7708615660667419, 0.061487358063459396, 0.03578048571944237, 0.046828269958496094, 0.8602586984634399, 0.0571325458586216]}