{"metrics": {"ACC": 77.77777777777779, "F1": 55.28809552430181}, "predictions": [0, 1, 1, 0, 0, 0, 0, 2, 1, 0, 0, 0, 2, 0, 1, 1, 1, 1, 1, 1, 1, 0, 1, 0, 1, 0, 1, 1, 1, 1, 2, 0, 1, 1, 1, 2, 1, 1, 0, 0, 1, 1, 0, 0, 1, 1, 0, 2, 2, 2, 0, 1, 1, 1, 1, 0, 0, 0, 2, 0, 0, 0, 2], "uids": ["0", "1", "2", "3", "4", "5", "6", "7", "8", "9", "10", "11", "12", "13", "14", "15", "16", "17", "18", "19", "20", "21", "22", "23", "24", "25", "26", "27", "28", "29", "30", "31", "32", "33", "34", "35", "36", "37", "38", "39", "40", "41", "42", "43", "44", "45", "46", "47", "48", "49", "50", "51", "52", "53", "54", "55", "56", "57", "58", "59", "60", "61", "62"], "scores": [0.8932333588600159, 0.02109566517174244, 0.05797179788351059, 0.027699142694473267, 0.3337934613227844, 0.6004695296287537, 0.04373998939990997, 0.02199702523648739, 0.1547001451253891, 0.7303991913795471, 0.1003502830862999, 0.014550297521054745, 0.4861624836921692, 0.21921898424625397, 0.2322065830230713, 0.06241198629140854, 0.6540179252624512, 0.25414082407951355, 0.08309989422559738, 0.008741340599954128, 0.6956945657730103, 0.2082071602344513, 0.07202798128128052, 0.02407028153538704, 0.8093826770782471, 0.03187457099556923, 0.07697030156850815, 0.08177237212657928, 0.29646334052085876, 0.06875234097242355, 0.4393223822116852, 0.19546189904212952, 0.06096179783344269, 0.829535961151123, 0.09247155487537384, 0.01703067682683468, 0.6927799582481384, 0.03630874678492546, 0.12695884704589844, 0.143952414393425, 0.8736367225646973, 0.07571115344762802, 0.019472232088446617, 0.031179912388324738, 0.8852518200874329, 0.06867565959692001, 0.016323402523994446, 0.029749063774943352, 0.20795468986034393, 0.02911248803138733, 0.5416663289070129, 0.22126644849777222, 0.8027426600456238, 0.0212885532528162, 0.10524120181798935, 0.07072750478982925, 0.06679047644138336, 0.8541080951690674, 0.06775283813476562, 0.011348561383783817, 0.06436852365732193, 0.874722957611084, 0.04909122735261917, 0.011817286722362041, 0.12190499901771545, 0.8141975998878479, 0.05000891163945198, 0.013888495974242687, 0.2787712812423706, 0.6447873115539551, 0.0593729242682457, 0.01706846058368683, 0.35422950983047485, 0.5856863260269165, 0.041902754455804825, 0.01818150095641613, 0.46098145842552185, 0.47354093194007874, 0.045260265469551086, 0.020217284560203552, 0.4155472218990326, 0.48930734395980835, 0.07489743828773499, 0.020247917622327805, 0.9580225348472595, 0.018127229064702988, 0.012656912207603455, 0.011193402111530304, 0.38495466113090515, 0.5788859724998474, 0.025122743099927902, 0.011036708019673824, 0.9474157094955444, 0.009492792189121246, 0.025390656664967537, 0.017700914293527603, 0.09465894848108292, 0.866066038608551, 0.03197990357875824, 0.0072951833717525005, 0.807479977607727, 0.12079932540655136, 0.04275452345609665, 0.028966229408979416, 0.02205008640885353, 0.9212138056755066, 0.04745219647884369, 0.009283903054893017, 0.06838013976812363, 0.8759490847587585, 0.04949594661593437, 0.006174766458570957, 0.035231221467256546, 0.9131637215614319, 0.04448893666267395, 0.0071161356754601, 0.1749955266714096, 0.7903698086738586, 0.02365698665380478, 0.010977739468216896, 0.1266973316669464, 0.055317480117082596, 0.7128734588623047, 0.10511169582605362, 0.7551829814910889, 0.04719814658164978, 0.14073532819747925, 0.05688350275158882, 0.11011972278356552, 0.842738926410675, 0.039080336689949036, 0.008061042055487633, 0.35113227367401123, 0.5656629800796509, 0.07396737486124039, 0.009237377904355526, 0.14574764668941498, 0.814533531665802, 0.03383255377411842, 0.005886333528906107, 0.03421386703848839, 0.053117480129003525, 0.8495422601699829, 0.06312642991542816, 0.07901997119188309, 0.44684678316116333, 0.43615391850471497, 0.0379793643951416, 0.19592010974884033, 0.46367189288139343, 0.25880295038223267, 0.08160509169101715, 0.7191874384880066, 0.03377324715256691, 0.17963896691799164, 0.06740044802427292, 0.884089469909668, 0.04574185609817505, 0.05091952905058861, 0.019249042496085167, 0.026889929547905922, 0.9547135829925537, 0.011466936208307743, 0.006929544731974602, 0.1173475831747055, 0.7553098201751709, 0.11208406090736389, 0.015258483588695526, 0.41836899518966675, 0.36464107036590576, 0.13884812593460083, 0.07814186066389084, 0.41544774174690247, 0.2061314731836319, 0.2833290994167328, 0.09509172290563583, 0.31724151968955994, 0.6258190870285034, 0.02972458116710186, 0.02721487730741501, 0.4230634868144989, 0.44084978103637695, 0.056078240275382996, 0.08000842481851578, 0.9093202948570251, 0.02969346195459366, 0.045941535383462906, 0.015044727362692356, 0.01966925524175167, 0.1890093982219696, 0.7385153770446777, 0.05280594527721405, 0.01897350326180458, 0.42906874418258667, 0.518915593624115, 0.03304222226142883, 0.03395361080765724, 0.030105339363217354, 0.867386519908905, 0.0685546025633812, 0.6909013986587524, 0.10470446944236755, 0.173117995262146, 0.03127608448266983, 0.04827220365405083, 0.8424156904220581, 0.09209472686052322, 0.0172173660248518, 0.050764210522174835, 0.8800285458564758, 0.05206501856446266, 0.01714218035340309, 0.027138235047459602, 0.9209263920783997, 0.04191327467560768, 0.010022085160017014, 0.03859732300043106, 0.8798123002052307, 0.06513455510139465, 0.016455814242362976, 0.4682883322238922, 0.03294927626848221, 0.24901650846004486, 0.24974589049816132, 0.7310744524002075, 0.0258868969976902, 0.11671807616949081, 0.12632052600383759, 0.8823708891868591, 0.02783455140888691, 0.040583811700344086, 0.049210820347070694, 0.02079276740550995, 0.10644963383674622, 0.7797322273254395, 0.09302543103694916, 0.4762103259563446, 0.14106175303459167, 0.24955295026302338, 0.13317489624023438, 0.7249909043312073, 0.20673908293247223, 0.03393057733774185, 0.034339483827352524, 0.7286518216133118, 0.06775449961423874, 0.15079224109649658, 0.05280141532421112, 0.016852496191859245, 0.01882748119533062, 0.9195966720581055, 0.04472329840064049]}