{"metrics": {"ACC": 90.47619047619048, "F1": 65.89285714285714}, "predictions": [0, 1, 1, 0, 1, 1, 1, 0, 1, 0, 0, 0, 2, 0, 1, 1, 1, 1, 1, 1, 1, 0, 1, 0, 1, 0, 1, 1, 1, 1, 2, 0, 1, 1, 1, 2, 1, 0, 0, 0, 1, 1, 1, 2, 1, 0, 0, 1, 1, 2, 0, 1, 1, 1, 1, 0, 0, 0, 2, 0, 0, 0, 2], "uids": ["0", "1", "2", "3", "4", "5", "6", "7", "8", "9", "10", "11", "12", "13", "14", "15", "16", "17", "18", "19", "20", "21", "22", "23", "24", "25", "26", "27", "28", "29", "30", "31", "32", "33", "34", "35", "36", "37", "38", "39", "40", "41", "42", "43", "44", "45", "46", "47", "48", "49", "50", "51", "52", "53", "54", "55", "56", "57", "58", "59", "60", "61", "62"], "scores": [0.9139609932899475, 0.02348555624485016, 0.031025145202875137, 0.03152836859226227, 0.06971589475870132, 0.8467182517051697, 0.06182870268821716, 0.021737171337008476, 0.023322608321905136, 0.9541140794754028, 0.017589213326573372, 0.0049741873517632484, 0.6983909010887146, 0.15322740375995636, 0.10677330195903778, 0.041608355939388275, 0.0515325665473938, 0.8863467574119568, 0.05741423740983009, 0.0047064851969480515, 0.1643436700105667, 0.7472537755966187, 0.07099860906600952, 0.01740405149757862, 0.4343041181564331, 0.5362582802772522, 0.01572454161942005, 0.013713051564991474, 0.7378296852111816, 0.055019572377204895, 0.07738439738750458, 0.12976640462875366, 0.00762767530977726, 0.9745810627937317, 0.011519500985741615, 0.006271782331168652, 0.8544898629188538, 0.021244864910840988, 0.027921712026000023, 0.09634360671043396, 0.9468209147453308, 0.02464543841779232, 0.007447031792253256, 0.02108660154044628, 0.9492897987365723, 0.02452605590224266, 0.006272686645388603, 0.01991148665547371, 0.04316651076078415, 0.012702477164566517, 0.862715482711792, 0.08141552656888962, 0.9047133326530457, 0.006360980682075024, 0.0460846908390522, 0.042840879410505295, 0.006220648530870676, 0.9721887111663818, 0.017058830708265305, 0.004531938582658768, 0.005649527069181204, 0.9766588807106018, 0.013022017665207386, 0.004669591784477234, 0.00720676314085722, 0.9787046909332275, 0.010162878781557083, 0.003925693687051535, 0.03512970358133316, 0.9440991282463074, 0.014315673150122166, 0.006455447990447283, 0.03843323513865471, 0.9420228600502014, 0.011731592006981373, 0.007812232244759798, 0.059560272842645645, 0.916300892829895, 0.01448103692382574, 0.009657781571149826, 0.18716859817504883, 0.756718635559082, 0.03130657598376274, 0.02480630949139595, 0.9794231057167053, 0.010155949741601944, 0.0038668576162308455, 0.006554086226969957, 0.02396945282816887, 0.9680562019348145, 0.00425906153395772, 0.0037152389995753765, 0.9724969267845154, 0.004751951899379492, 0.012119014747440815, 0.010632018558681011, 0.02916347049176693, 0.9545481204986572, 0.011415786109864712, 0.00487267691642046, 0.814202606678009, 0.10767125338315964, 0.05149750038981438, 0.026628684252500534, 0.00678937928751111, 0.9727053642272949, 0.016461126506328583, 0.004044072236865759, 0.012880038470029831, 0.9610102772712708, 0.02227863296866417, 0.003831014037132263, 0.010982331819832325, 0.9585892558097839, 0.026534508913755417, 0.003893934888765216, 0.025987273082137108, 0.9199583530426025, 0.04502259939908981, 0.009031779132783413, 0.03487696126103401, 0.026769248768687248, 0.8742708563804626, 0.06408293545246124, 0.8791928887367249, 0.01607988215982914, 0.06405548751354218, 0.04067174717783928, 0.009215262718498707, 0.976364016532898, 0.010948092676699162, 0.003472502576187253, 0.054816897958517075, 0.9187749028205872, 0.022604672238230705, 0.00380350137129426, 0.014465106651186943, 0.9736108779907227, 0.009740881621837616, 0.002183114178478718, 0.005934639368206263, 0.017142431810498238, 0.9462978839874268, 0.030625119805336, 0.034549564123153687, 0.5324687957763672, 0.40396642684936523, 0.029015202075242996, 0.5502223372459412, 0.08486701548099518, 0.2659010887145996, 0.09900956600904465, 0.8855000734329224, 0.008058671839535236, 0.0679045021533966, 0.03853674605488777, 0.9571899771690369, 0.014773047529160976, 0.01696113683283329, 0.011075835675001144, 0.0047731162048876286, 0.9875602126121521, 0.003495542798191309, 0.004171197302639484, 0.009362174198031425, 0.9528858065605164, 0.03373809903860092, 0.004013893660157919, 0.07629718631505966, 0.8645511269569397, 0.028725460171699524, 0.030426256358623505, 0.036741506308317184, 0.014536712318658829, 0.8564988374710083, 0.09222299605607986, 0.06804157048463821, 0.9065187573432922, 0.00984408613294363, 0.015595559030771255, 0.6045111417770386, 0.28435251116752625, 0.02026275545358658, 0.09087354689836502, 0.8242858052253723, 0.07699737697839737, 0.0870738998055458, 0.011643053032457829, 0.008805719204246998, 0.8310741186141968, 0.13238228857517242, 0.027737947180867195, 0.0036738335620611906, 0.9607328176498413, 0.027069462463259697, 0.008523846045136452, 0.007391422055661678, 0.011297853663563728, 0.9562256336212158, 0.025085115805268288, 0.6537973880767822, 0.08193366229534149, 0.22686494886875153, 0.03740395978093147, 0.0183153934776783, 0.9453441500663757, 0.026981743052601814, 0.009358657523989677, 0.020433584228157997, 0.9470643997192383, 0.02168830670416355, 0.010813679546117783, 0.00700383260846138, 0.9762816429138184, 0.01186245959252119, 0.004852116573601961, 0.017858454957604408, 0.9412210583686829, 0.029633382335305214, 0.011287113651633263, 0.776843786239624, 0.02497355453670025, 0.057490188628435135, 0.1406925767660141, 0.548962414264679, 0.017648844048380852, 0.13687117397785187, 0.2965175211429596, 0.9129089713096619, 0.013068089261651039, 0.018378298729658127, 0.05564465746283531, 0.018483014777302742, 0.36398378014564514, 0.46676239371299744, 0.15077078342437744, 0.6028596758842468, 0.12587957084178925, 0.1320265233516693, 0.13923421502113342, 0.5921905040740967, 0.3602471947669983, 0.0164419524371624, 0.031120292842388153, 0.9124173521995544, 0.02791968733072281, 0.030740439891815186, 0.028922585770487785, 0.004327117465436459, 0.0043727620504796505, 0.9764273166656494, 0.014872786588966846]}