{"metrics": {"ACC": 92.06349206349206, "F1": 66.85659186535764}, "predictions": [0, 1, 1, 0, 1, 1, 0, 0, 1, 0, 0, 0, 2, 0, 1, 1, 1, 1, 1, 1, 1, 0, 1, 0, 1, 0, 1, 1, 1, 1, 2, 0, 1, 1, 1, 2, 1, 0, 0, 0, 1, 1, 1, 2, 1, 0, 0, 1, 1, 2, 0, 1, 1, 1, 1, 0, 0, 0, 2, 0, 0, 0, 2], "uids": ["0", "1", "2", "3", "4", "5", "6", "7", "8", "9", "10", "11", "12", "13", "14", "15", "16", "17", "18", "19", "20", "21", "22", "23", "24", "25", "26", "27", "28", "29", "30", "31", "32", "33", "34", "35", "36", "37", "38", "39", "40", "41", "42", "43", "44", "45", "46", "47", "48", "49", "50", "51", "52", "53", "54", "55", "56", "57", "58", "59", "60", "61", "62"], "scores": [0.9151625633239746, 0.024452894926071167, 0.03172387555241585, 0.028660735115408897, 0.11069587618112564, 0.8272056579589844, 0.044870905578136444, 0.017227599397301674, 0.03441884368658066, 0.9388235211372375, 0.02128819189965725, 0.005469511728733778, 0.5969365835189819, 0.24359627068042755, 0.12071160972118378, 0.03875551000237465, 0.09090219438076019, 0.8309475779533386, 0.07253330200910568, 0.00561693636700511, 0.16419276595115662, 0.751764178276062, 0.06752265244722366, 0.016520367935299873, 0.8162667751312256, 0.14423830807209015, 0.017173318192362785, 0.022321589291095734, 0.7113115787506104, 0.07059922069311142, 0.09021167457103729, 0.12787748873233795, 0.012277347035706043, 0.9585853219032288, 0.020947493612766266, 0.008189929649233818, 0.8459835648536682, 0.028480904176831245, 0.03259257599711418, 0.09294288605451584, 0.9366422295570374, 0.03517070785164833, 0.008401388302445412, 0.019785720854997635, 0.9359303712844849, 0.037266820669174194, 0.007425038143992424, 0.019377781078219414, 0.0909460112452507, 0.01898491196334362, 0.8014888167381287, 0.08858031034469604, 0.9066511988639832, 0.007360400166362524, 0.05115238577127457, 0.03483600541949272, 0.00933223869651556, 0.9658263921737671, 0.019915148615837097, 0.004926338791847229, 0.008674168959259987, 0.9707208871841431, 0.01542695052921772, 0.005178011953830719, 0.010988336056470871, 0.9714862704277039, 0.012948795221745968, 0.004576751030981541, 0.04541994631290436, 0.928821861743927, 0.01853921264410019, 0.007218971848487854, 0.04328523948788643, 0.9342027306556702, 0.01451174821704626, 0.00800023227930069, 0.06518381834030151, 0.9074652791023254, 0.01764087565243244, 0.009710060432553291, 0.13284167647361755, 0.8297975063323975, 0.023872755467891693, 0.013488056138157845, 0.9723318219184875, 0.016832469031214714, 0.004675739444792271, 0.006159938871860504, 0.03708107769489288, 0.9534127712249756, 0.0052002789452672005, 0.0043058511801064014, 0.9701601266860962, 0.005344242323189974, 0.013829718343913555, 0.010665900073945522, 0.042533304542303085, 0.9363295435905457, 0.015573259443044662, 0.005563964601606131, 0.7358130812644958, 0.17972275614738464, 0.05708682909607887, 0.0273774154484272, 0.010012606158852577, 0.9614095687866211, 0.023902202025055885, 0.004675719887018204, 0.0277587678283453, 0.9327989816665649, 0.03456079214811325, 0.004881532862782478, 0.022074328735470772, 0.9362630248069763, 0.03669199347496033, 0.004970556125044823, 0.027520200237631798, 0.9307217597961426, 0.03407733514904976, 0.007680669892579317, 0.0599556490778923, 0.028231114149093628, 0.8480924367904663, 0.06372077018022537, 0.905563235282898, 0.013834280893206596, 0.0511382594704628, 0.02946414053440094, 0.011135817505419254, 0.973947286605835, 0.011449841782450676, 0.0034671213943511248, 0.06944426149129868, 0.8993456363677979, 0.027480751276016235, 0.003729282645508647, 0.020330760627985, 0.9633845090866089, 0.01378608588129282, 0.002498656278476119, 0.011552254669368267, 0.04815080016851425, 0.9057504534721375, 0.034546442329883575, 0.055700723081827164, 0.5865657925605774, 0.3298484683036804, 0.027885103598237038, 0.4388217031955719, 0.0905277207493782, 0.39303213357925415, 0.07761843502521515, 0.8943720459938049, 0.009360423311591148, 0.06380422413349152, 0.032463353127241135, 0.9547346830368042, 0.017564916983246803, 0.01806698553264141, 0.009633512236177921, 0.005672344472259283, 0.9864359498023987, 0.003980380017310381, 0.003911348059773445, 0.017190752550959587, 0.9310733675956726, 0.047260578721761703, 0.0044752866961061954, 0.112873375415802, 0.8299674391746521, 0.03004632331430912, 0.027112865820527077, 0.06483223289251328, 0.019254738464951515, 0.8221088647842407, 0.09380414336919785, 0.05409087613224983, 0.9231745004653931, 0.01035221479833126, 0.012382542714476585, 0.5614508986473083, 0.34933775663375854, 0.018467627465724945, 0.07074370980262756, 0.7856765389442444, 0.10357461124658585, 0.09936054050922394, 0.011388299986720085, 0.011303693056106567, 0.7643569707870483, 0.19658982753753662, 0.02774961106479168, 0.0039510480128228664, 0.9611679911613464, 0.027833163738250732, 0.007047845982015133, 0.009804319590330124, 0.014383303001523018, 0.9491487741470337, 0.02666359581053257, 0.7320275902748108, 0.06879619508981705, 0.17058441042900085, 0.028591815382242203, 0.024119708687067032, 0.9264782071113586, 0.03975200280547142, 0.00965006835758686, 0.02280217595398426, 0.9416018128395081, 0.025739328935742378, 0.009856699965894222, 0.008269873447716236, 0.9714412689208984, 0.015504751354455948, 0.004784155171364546, 0.01784013956785202, 0.9384976029396057, 0.03364134207367897, 0.010020884685218334, 0.8263562917709351, 0.027854623273015022, 0.04674730449914932, 0.09904181957244873, 0.6543521881103516, 0.016758941113948822, 0.11669258773326874, 0.21219618618488312, 0.931993305683136, 0.014062582515180111, 0.01549761276692152, 0.03844651207327843, 0.01821928285062313, 0.34268367290496826, 0.5182479023933411, 0.12084916234016418, 0.6408235430717468, 0.1255251169204712, 0.12536849081516266, 0.10828282684087753, 0.7719939947128296, 0.188606858253479, 0.01507486030459404, 0.024324242025613785, 0.8544127941131592, 0.03653598576784134, 0.0734621211886406, 0.03558896481990814, 0.005097199697047472, 0.005075819790363312, 0.974541187286377, 0.015285762026906013]}