{"metrics": {"ACC": 85.71428571428571, "F1": 62.31278801843318}, "predictions": [0, 1, 1, 0, 1, 0, 0, 0, 1, 0, 0, 0, 0, 0, 1, 1, 1, 1, 1, 1, 0, 0, 1, 0, 1, 0, 1, 1, 1, 1, 2, 0, 1, 1, 1, 2, 1, 1, 0, 0, 1, 1, 1, 2, 1, 0, 0, 1, 1, 2, 0, 1, 1, 1, 1, 0, 0, 0, 1, 0, 0, 0, 2], "uids": ["0", "1", "2", "3", "4", "5", "6", "7", "8", "9", "10", "11", "12", "13", "14", "15", "16", "17", "18", "19", "20", "21", "22", "23", "24", "25", "26", "27", "28", "29", "30", "31", "32", "33", "34", "35", "36", "37", "38", "39", "40", "41", "42", "43", "44", "45", "46", "47", "48", "49", "50", "51", "52", "53", "54", "55", "56", "57", "58", "59", "60", "61", "62"], "scores": [0.8858641982078552, 0.024328088387846947, 0.05890582501888275, 0.030901823192834854, 0.13452033698558807, 0.8256137371063232, 0.025557033717632294, 0.014308939687907696, 0.10317366570234299, 0.8463664054870605, 0.04060620442032814, 0.009853769093751907, 0.5278626680374146, 0.2350781112909317, 0.1936308890581131, 0.04342833533883095, 0.18045370280742645, 0.7526116967201233, 0.06054428219795227, 0.0063903541304171085, 0.6568379402160645, 0.25371959805488586, 0.06549827754497528, 0.023944130167365074, 0.8598307967185974, 0.052711304277181625, 0.036957748234272, 0.05050013214349747, 0.48325133323669434, 0.1143609806895256, 0.21789783239364624, 0.184489905834198, 0.031342972069978714, 0.90074622631073, 0.05357649549841881, 0.01433433499187231, 0.7877435088157654, 0.038697585463523865, 0.06418102234601974, 0.1093779057264328, 0.9260813593864441, 0.035374656319618225, 0.012228226289153099, 0.026315804570913315, 0.9279634952545166, 0.03464987501502037, 0.011016028933227062, 0.026370543986558914, 0.48158058524131775, 0.037636637687683105, 0.33792030811309814, 0.1428624391555786, 0.8749127388000488, 0.014513440430164337, 0.06823209673166275, 0.04234178736805916, 0.028499441221356392, 0.9218331575393677, 0.04060642421245575, 0.009060967713594437, 0.0262699406594038, 0.9341849088668823, 0.0306593906134367, 0.008885663002729416, 0.035618845373392105, 0.9287857413291931, 0.027067936956882477, 0.008527589961886406, 0.11498179286718369, 0.8402276635169983, 0.03342614322900772, 0.011364420875906944, 0.10232462733983994, 0.8584398627281189, 0.02725033275783062, 0.011985224671661854, 0.17305336892604828, 0.7797369360923767, 0.031700193881988525, 0.015509504824876785, 0.6335435509681702, 0.29999884963035583, 0.03831024467945099, 0.028147365897893906, 0.9651911854743958, 0.018735969439148903, 0.007780531421303749, 0.008292258717119694, 0.09449444711208344, 0.888746976852417, 0.01056639663875103, 0.006192140281200409, 0.9550849795341492, 0.01114792749285698, 0.019433986395597458, 0.014333073049783707, 0.03946676850318909, 0.9381746649742126, 0.01623709313571453, 0.006121413316577673, 0.883447527885437, 0.058571066707372665, 0.03233413025736809, 0.02564729005098343, 0.01368420384824276, 0.9533615112304688, 0.026191744953393936, 0.006762498524039984, 0.030068233609199524, 0.9360734224319458, 0.02814154513180256, 0.0057168216444551945, 0.018146691843867302, 0.9486395716667175, 0.02817295491695404, 0.005040834192186594, 0.06153935194015503, 0.914140522480011, 0.016990110278129578, 0.007329926360398531, 0.11102106422185898, 0.08873867243528366, 0.7082593441009521, 0.09198091179132462, 0.8145239353179932, 0.037969786673784256, 0.10116972774267197, 0.046336572617292404, 0.03715716674923897, 0.9356592297554016, 0.021982263773679733, 0.005201290361583233, 0.16132256388664246, 0.7838090062141418, 0.04811682179570198, 0.006751593202352524, 0.041966427117586136, 0.9375592470169067, 0.01698622852563858, 0.003487970679998398, 0.015416662208735943, 0.03425344452261925, 0.9043543934822083, 0.04597548022866249, 0.06429728865623474, 0.6656061410903931, 0.24417105317115784, 0.025925612077116966, 0.3575076460838318, 0.4000784456729889, 0.1590476781129837, 0.0833662897348404, 0.8197056651115417, 0.021313607692718506, 0.1100933700799942, 0.04888724908232689, 0.9443447589874268, 0.02328265644609928, 0.020157940685749054, 0.012214570306241512, 0.0230609942227602, 0.9617673754692078, 0.007633723318576813, 0.007537865545600653, 0.030849667266011238, 0.9144019484519958, 0.04853977635502815, 0.0062086437828838825, 0.19185706973075867, 0.7365105152130127, 0.04212291166186333, 0.029509488493204117, 0.2521263062953949, 0.05928397923707962, 0.5626072883605957, 0.12598243355751038, 0.3713124990463257, 0.579410970211029, 0.019919445738196373, 0.02935701422393322, 0.5317819714546204, 0.3494951128959656, 0.03616584464907646, 0.08255704492330551, 0.8970304727554321, 0.033539511263370514, 0.053903769701719284, 0.015526175498962402, 0.022961746901273727, 0.5672994256019592, 0.3691718578338623, 0.04056699946522713, 0.011187084019184113, 0.8806442618370056, 0.09442081302404404, 0.01374781597405672, 0.024413935840129852, 0.026717711240053177, 0.8995205760002136, 0.0493476539850235, 0.6416000127792358, 0.15224076807498932, 0.17398808896541595, 0.03217105567455292, 0.032541222870349884, 0.9135687947273254, 0.04148642718791962, 0.012403614819049835, 0.042309101670980453, 0.9072390198707581, 0.03516047075390816, 0.01529135275632143, 0.016969695687294006, 0.9552913308143616, 0.020387040451169014, 0.007351922802627087, 0.03134039416909218, 0.9139320850372314, 0.04079126939177513, 0.013936224393546581, 0.712293803691864, 0.044656988233327866, 0.09564260393381119, 0.14740656316280365, 0.7380669116973877, 0.02129567787051201, 0.09940649569034576, 0.14123094081878662, 0.904181182384491, 0.019226929172873497, 0.02684738300740719, 0.049744512885808945, 0.022060979157686234, 0.4481208026409149, 0.44168269634246826, 0.08813557773828506, 0.5384773015975952, 0.17721065878868103, 0.17299914360046387, 0.1113128811120987, 0.556880533695221, 0.4012948274612427, 0.0192677341401577, 0.022556928917765617, 0.8135008811950684, 0.04389101266860962, 0.08710668981075287, 0.055501457303762436, 0.012452620081603527, 0.01614968851208687, 0.9421652555465698, 0.029232364147901535]}