{"metrics": {"ACC": 93.65079365079364, "F1": 69.09144270680476}, "predictions": [0, 1, 1, 0, 1, 1, 0, 0, 1, 0, 0, 0, 2, 0, 1, 1, 1, 1, 1, 1, 1, 0, 1, 0, 1, 0, 1, 1, 1, 1, 2, 0, 1, 1, 1, 2, 2, 0, 0, 0, 1, 1, 1, 2, 1, 0, 0, 1, 1, 2, 0, 1, 1, 1, 1, 0, 0, 0, 2, 0, 0, 0, 2], "uids": ["0", "1", "2", "3", "4", "5", "6", "7", "8", "9", "10", "11", "12", "13", "14", "15", "16", "17", "18", "19", "20", "21", "22", "23", "24", "25", "26", "27", "28", "29", "30", "31", "32", "33", "34", "35", "36", "37", "38", "39", "40", "41", "42", "43", "44", "45", "46", "47", "48", "49", "50", "51", "52", "53", "54", "55", "56", "57", "58", "59", "60", "61", "62"], "scores": [0.9173527359962463, 0.022817570716142654, 0.029013892635703087, 0.03081580437719822, 0.09483560174703598, 0.7833896279335022, 0.09321486204862595, 0.02855994924902916, 0.028281645849347115, 0.9468235969543457, 0.019706837832927704, 0.0051879663951694965, 0.7327335476875305, 0.11835015565156937, 0.10688156634569168, 0.04203467071056366, 0.06584624946117401, 0.8538367748260498, 0.07503166794776917, 0.005285385064780712, 0.16908390820026398, 0.7325611114501953, 0.0805380791425705, 0.017816893756389618, 0.5496435761451721, 0.42139190435409546, 0.015489364042878151, 0.013475180603563786, 0.7275288701057434, 0.04966231808066368, 0.08408542722463608, 0.1387234330177307, 0.008673214353621006, 0.9720397591590881, 0.012624723836779594, 0.006662343628704548, 0.8458029627799988, 0.019862301647663116, 0.02995050512254238, 0.10438419133424759, 0.9545502662658691, 0.018889039754867554, 0.006850551813840866, 0.019710112363100052, 0.9565983414649963, 0.01856377348303795, 0.0058866338804364204, 0.018951212987303734, 0.02558770589530468, 0.008755259215831757, 0.901671290397644, 0.06398572027683258, 0.9067497849464417, 0.005523600149899721, 0.04437293857336044, 0.043353766202926636, 0.00639666011556983, 0.9706779718399048, 0.018296021968126297, 0.0046293241903185844, 0.005779928062111139, 0.9755727648735046, 0.013919024728238583, 0.004728155210614204, 0.007440149784088135, 0.9776181578636169, 0.010935033671557903, 0.0040067145600914955, 0.03978988155722618, 0.9379083514213562, 0.015563425607979298, 0.006738316733390093, 0.04702023044228554, 0.9318966269493103, 0.012790637090802193, 0.008292440325021744, 0.07007966190576553, 0.9037262201309204, 0.0159128550440073, 0.01028125174343586, 0.3308509886264801, 0.6101979613304138, 0.03136945143342018, 0.02758158929646015, 0.9816571474075317, 0.00824788399040699, 0.0037154220044612885, 0.0063794818706810474, 0.024441508576273918, 0.9675419330596924, 0.004288783762603998, 0.003727743634954095, 0.9729800820350647, 0.0044176895171403885, 0.01217323262244463, 0.010429034009575844, 0.03415666148066521, 0.9494342803955078, 0.011515885591506958, 0.004893200937658548, 0.8400934934616089, 0.08483122289180756, 0.05018704757094383, 0.02488822676241398, 0.0075927977450191975, 0.9721909761428833, 0.016293374821543694, 0.003922881092876196, 0.01409644540399313, 0.9572277665138245, 0.024957802146673203, 0.00371807930059731, 0.012475723400712013, 0.9538005590438843, 0.030037686228752136, 0.0036861500702798367, 0.03202257305383682, 0.9018422961235046, 0.055925436317920685, 0.010209674946963787, 0.03377171605825424, 0.023162972182035446, 0.8812572956085205, 0.0618080236017704, 0.8977993726730347, 0.01339841540902853, 0.051744770258665085, 0.03705756738781929, 0.009724194183945656, 0.9754795432090759, 0.011264486238360405, 0.0035316809080541134, 0.08062215894460678, 0.8878555297851562, 0.027238110080361366, 0.004284167196601629, 0.01845448650419712, 0.9679112434387207, 0.011410040780901909, 0.0022241752594709396, 0.006177970673888922, 0.016701295971870422, 0.9477294087409973, 0.029391242191195488, 0.041765712201595306, 0.4125875234603882, 0.5141961574554443, 0.031450625509023666, 0.6251809000968933, 0.07296482473611832, 0.20754669606685638, 0.09430761635303497, 0.8918671607971191, 0.007005644496530294, 0.06398679316043854, 0.03714035078883171, 0.9632246494293213, 0.010434720665216446, 0.015593023039400578, 0.010747571475803852, 0.005067732185125351, 0.9874336123466492, 0.003375763539224863, 0.0041230046190321445, 0.010155493393540382, 0.9496554732322693, 0.0361868292093277, 0.00400207657366991, 0.12245170772075653, 0.8007960915565491, 0.03585730493068695, 0.04089491441845894, 0.031771451234817505, 0.011728626675903797, 0.8690378665924072, 0.08746203035116196, 0.0831834003329277, 0.8898802399635315, 0.010322337038815022, 0.016614031046628952, 0.6668912768363953, 0.2246253788471222, 0.018807271495461464, 0.08967596292495728, 0.8361650705337524, 0.06099944934248924, 0.09141409397125244, 0.011421404778957367, 0.00880338717252016, 0.8243343830108643, 0.138923779129982, 0.02793848142027855, 0.003608768805861473, 0.961836040019989, 0.026290928944945335, 0.00826422218233347, 0.006689214147627354, 0.009484197944402695, 0.9605563879013062, 0.023270199075341225, 0.7104176878929138, 0.06087402626872063, 0.19453249871730804, 0.034175805747509, 0.020378584042191505, 0.9415512681007385, 0.02825353480875492, 0.009816584177315235, 0.021989276632666588, 0.9451819658279419, 0.02170807681977749, 0.011120651848614216, 0.007283261511474848, 0.9763925075531006, 0.011582293547689915, 0.004741896875202656, 0.02058936096727848, 0.9354696273803711, 0.03181346133351326, 0.01212758757174015, 0.7611616253852844, 0.02269860729575157, 0.06136823818087578, 0.15477149188518524, 0.545525074005127, 0.01673956774175167, 0.13508610427379608, 0.30264925956726074, 0.9177826642990112, 0.010669303126633167, 0.01752649061381817, 0.054021477699279785, 0.020116746425628662, 0.3789922595024109, 0.4391823709011078, 0.16170859336853027, 0.6174744963645935, 0.10154259204864502, 0.13653983175754547, 0.14444305002689362, 0.6173616051673889, 0.3320639431476593, 0.01736028864979744, 0.03321421146392822, 0.9264913201332092, 0.020383886992931366, 0.026653597131371498, 0.0264712143689394, 0.004058923572301865, 0.003920082934200764, 0.9779089689254761, 0.014111975207924843]}