{"metrics": {"ACC": 52.38095238095239, "F1": 36.726190476190474}, "predictions": [0, 1, 1, 0, 1, 0, 0, 0, 2, 0, 0, 0, 0, 0, 0, 0, 0, 0, 0, 0, 0, 0, 1, 0, 1, 0, 1, 1, 1, 0, 0, 0, 1, 0, 1, 2, 2, 1, 1, 2, 1, 0, 0, 0, 0, 1, 0, 2, 1, 0, 1, 2, 1, 1, 1, 0, 0, 0, 2, 0, 1, 2, 2], "uids": ["0", "1", "2", "3", "4", "5", "6", "7", "8", "9", "10", "11", "12", "13", "14", "15", "16", "17", "18", "19", "20", "21", "22", "23", "24", "25", "26", "27", "28", "29", "30", "31", "32", "33", "34", "35", "36", "37", "38", "39", "40", "41", "42", "43", "44", "45", "46", "47", "48", "49", "50", "51", "52", "53", "54", "55", "56", "57", "58", "59", "60", "61", "62"], "scores": [0.5987590551376343, 0.0809350237250328, 0.25795233249664307, 0.06235366314649582, 0.08872188627719879, 0.855771005153656, 0.042591072618961334, 0.012916038744151592, 0.2912057638168335, 0.602189302444458, 0.08958509564399719, 0.017019903287291527, 0.384256511926651, 0.3209163248538971, 0.2549946904182434, 0.039832476526498795, 0.34035536646842957, 0.5651035904884338, 0.08209504932165146, 0.012445959262549877, 0.7219017148017883, 0.19099293649196625, 0.05911557376384735, 0.02798978053033352, 0.5829217433929443, 0.17207138240337372, 0.16545088589191437, 0.079555943608284, 0.5552533864974976, 0.23746336996555328, 0.1351126730442047, 0.07217063754796982, 0.31339311599731445, 0.30066463351249695, 0.355249285697937, 0.030692972242832184, 0.5397032499313354, 0.1669759303331375, 0.21904680132865906, 0.07427399605512619, 0.6883646845817566, 0.1748306006193161, 0.09842526912689209, 0.038379427045583725, 0.710809051990509, 0.17286045849323273, 0.07881159335374832, 0.037518877536058426, 0.54178386926651, 0.15866799652576447, 0.20861749351024628, 0.09093061834573746, 0.5653504729270935, 0.2205977588891983, 0.18034321069717407, 0.03370855748653412, 0.3960610032081604, 0.21633218228816986, 0.36365532875061035, 0.023951496928930283, 0.46375420689582825, 0.2154277265071869, 0.29670053720474243, 0.024117521941661835, 0.4720097482204437, 0.22647053003311157, 0.2780616581439972, 0.023458095267415047, 0.5096086859703064, 0.19883213937282562, 0.2682082951068878, 0.023350927978754044, 0.5580986738204956, 0.18845848739147186, 0.22992689907550812, 0.023515956476330757, 0.5733982920646667, 0.16597047448158264, 0.23448559641838074, 0.026145562529563904, 0.487103670835495, 0.3792564570903778, 0.10982849448919296, 0.02381145767867565, 0.6826856732368469, 0.24581652879714966, 0.0522904098033905, 0.0192073006182909, 0.35099950432777405, 0.5633922219276428, 0.06569481641054153, 0.01991349458694458, 0.8373748660087585, 0.08226939290761948, 0.057914916425943375, 0.02244073897600174, 0.20926520228385925, 0.6536189317703247, 0.12445908039808273, 0.012656751088798046, 0.7211024165153503, 0.19451896846294403, 0.05552417039871216, 0.02885446697473526, 0.10194287449121475, 0.6118707656860352, 0.25454461574554443, 0.031641773879528046, 0.16998545825481415, 0.7328090667724609, 0.08706900477409363, 0.010136429220438004, 0.0824274942278862, 0.8316602110862732, 0.07586562633514404, 0.010046661831438541, 0.5880669355392456, 0.314326673746109, 0.07478106021881104, 0.022825315594673157, 0.4431939125061035, 0.1714579164981842, 0.3523392081260681, 0.03300889953970909, 0.5062968730926514, 0.17488332092761993, 0.28755858540534973, 0.03126119449734688, 0.36817070841789246, 0.4079379439353943, 0.20043118298053741, 0.0234601441770792, 0.3715737462043762, 0.24107377231121063, 0.36596113443374634, 0.0213913656771183, 0.3549412190914154, 0.40986958146095276, 0.22155001759529114, 0.013639100827276707, 0.3673241138458252, 0.18672721087932587, 0.40412789583206177, 0.04182073473930359, 0.32352638244628906, 0.2561574876308441, 0.389351487159729, 0.030964642763137817, 0.19141946732997894, 0.5542682409286499, 0.21495898067951202, 0.039353348314762115, 0.2827591001987457, 0.5459096431732178, 0.1471751183271408, 0.02415614016354084, 0.39786216616630554, 0.15400390326976776, 0.4135872423648834, 0.034546736627817154, 0.3472431004047394, 0.5578012466430664, 0.07374054193496704, 0.02121519111096859, 0.4805167615413666, 0.3642738461494446, 0.13226592540740967, 0.02294357679784298, 0.5113793015480042, 0.2732838988304138, 0.17925316095352173, 0.03608366474509239, 0.57025545835495, 0.3162965476512909, 0.08551234006881714, 0.027935583144426346, 0.543290913105011, 0.3686006963253021, 0.05942852795124054, 0.028679857030510902, 0.16932205855846405, 0.7368595004081726, 0.07042617350816727, 0.023392288014292717, 0.7427974939346313, 0.14517857134342194, 0.08793748915195465, 0.024086520075798035, 0.31792521476745605, 0.2818164825439453, 0.3441251218318939, 0.05613323301076889, 0.21573126316070557, 0.5232776999473572, 0.23194295167922974, 0.029048090800642967, 0.4405261278152466, 0.26158130168914795, 0.27807798981666565, 0.019814571365714073, 0.2547810971736908, 0.4941427707672119, 0.22933949530124664, 0.021736672148108482, 0.12518426775932312, 0.4098963141441345, 0.4226541221141815, 0.042265310883522034, 0.12167111039161682, 0.491237998008728, 0.348552942276001, 0.03853790462017059, 0.1061914712190628, 0.5540906190872192, 0.30536210536956787, 0.03435578942298889, 0.1135292649269104, 0.5323800444602966, 0.32053127884864807, 0.03355947136878967, 0.5725248456001282, 0.1876310408115387, 0.15964581072330475, 0.08019828796386719, 0.6745915412902832, 0.13224177062511444, 0.1384754627943039, 0.05469118058681488, 0.6158838272094727, 0.24247196316719055, 0.1078912615776062, 0.033753011375665665, 0.1619054228067398, 0.20712284743785858, 0.5710392594337463, 0.059932466596364975, 0.4063589572906494, 0.320700079202652, 0.23278596997261047, 0.04015493020415306, 0.28725600242614746, 0.63664311170578, 0.05397409945726395, 0.02212676592171192, 0.35271409153938293, 0.20375677943229675, 0.3956052362918854, 0.04792392626404762, 0.1766173243522644, 0.33859509229660034, 0.4317299425601959, 0.05305769667029381]}