{"metrics": {"ACC": 92.06349206349206, "F1": 68.11511701454775}, "predictions": [0, 1, 1, 0, 1, 1, 0, 0, 1, 0, 0, 0, 2, 0, 1, 1, 1, 1, 1, 1, 1, 0, 1, 0, 1, 0, 1, 1, 1, 1, 2, 0, 1, 1, 1, 2, 2, 1, 0, 0, 1, 1, 1, 2, 1, 0, 0, 1, 1, 2, 0, 1, 1, 1, 1, 0, 0, 0, 2, 0, 0, 0, 2], "uids": ["0", "1", "2", "3", "4", "5", "6", "7", "8", "9", "10", "11", "12", "13", "14", "15", "16", "17", "18", "19", "20", "21", "22", "23", "24", "25", "26", "27", "28", "29", "30", "31", "32", "33", "34", "35", "36", "37", "38", "39", "40", "41", "42", "43", "44", "45", "46", "47", "48", "49", "50", "51", "52", "53", "54", "55", "56", "57", "58", "59", "60", "61", "62"], "scores": [0.8574275970458984, 0.034514717757701874, 0.07235246151685715, 0.035705287009477615, 0.1938791424036026, 0.7457867860794067, 0.042745329439640045, 0.017588796094059944, 0.06092161685228348, 0.9015233516693115, 0.031132616102695465, 0.00642235716804862, 0.6556050777435303, 0.19907693564891815, 0.11010711640119553, 0.03521091490983963, 0.07699140906333923, 0.8494922518730164, 0.06838099658489227, 0.005135281011462212, 0.3229018747806549, 0.5816953182220459, 0.07532769441604614, 0.020075129345059395, 0.8432453274726868, 0.10784810781478882, 0.022119879722595215, 0.026786651462316513, 0.6444971561431885, 0.0496174655854702, 0.14120100438594818, 0.16468438506126404, 0.01605008915066719, 0.9041325449943542, 0.06596450507640839, 0.013852731324732304, 0.7641334533691406, 0.02972307987511158, 0.06820814311504364, 0.13793529570102692, 0.935178816318512, 0.03474855422973633, 0.009578785859048367, 0.02049386315047741, 0.936955988407135, 0.03513593599200249, 0.008334491401910782, 0.019573519006371498, 0.15668435394763947, 0.02642601728439331, 0.6681324243545532, 0.14875724911689758, 0.8602630496025085, 0.010553056374192238, 0.0777469053864479, 0.05143694579601288, 0.010402780957520008, 0.9511651396751404, 0.032676029950380325, 0.005756039172410965, 0.009141301736235619, 0.9620479345321655, 0.02323858253657818, 0.005572086200118065, 0.011153914034366608, 0.9673906564712524, 0.016831902787089348, 0.004623536951839924, 0.030190126970410347, 0.9454374313354492, 0.018974002450704575, 0.005398495122790337, 0.027514485642313957, 0.9519621729850769, 0.014728565700352192, 0.005794730503112078, 0.04329897463321686, 0.931449294090271, 0.017903801053762436, 0.007347963750362396, 0.15282899141311646, 0.806494951248169, 0.02833283506333828, 0.0123432083055377, 0.9693984389305115, 0.017523789778351784, 0.006003194488584995, 0.007074560970067978, 0.05160650238394737, 0.9362355470657349, 0.007482013199478388, 0.004675959702581167, 0.9647344350814819, 0.007281828671693802, 0.016068514436483383, 0.011915196664631367, 0.03376020863652229, 0.9468718767166138, 0.014622047543525696, 0.004745888523757458, 0.8084187507629395, 0.11992465704679489, 0.04753098636865616, 0.024125637486577034, 0.009812001138925552, 0.963250458240509, 0.022247763350605965, 0.004689767956733704, 0.025769256055355072, 0.9341107606887817, 0.03514306992292404, 0.004976875614374876, 0.022437524050474167, 0.933845579624176, 0.038545046001672745, 0.005171857308596373, 0.04290815442800522, 0.9156062006950378, 0.033340126276016235, 0.008145604282617569, 0.05078600347042084, 0.03149835020303726, 0.849885106086731, 0.06783054769039154, 0.8455381989479065, 0.02508055604994297, 0.0871300995349884, 0.04225115105509758, 0.021490149199962616, 0.9578026533126831, 0.016632776707410812, 0.004074315074831247, 0.05574718490242958, 0.9118744134902954, 0.028640029951930046, 0.003738490166142583, 0.021729277446866035, 0.9600781798362732, 0.015565387904644012, 0.0026271939277648926, 0.010643519461154938, 0.029455026611685753, 0.9243719577789307, 0.03552950173616409, 0.042278192937374115, 0.4442051947116852, 0.48510390520095825, 0.028412552550435066, 0.267434686422348, 0.35917431116104126, 0.3019234240055084, 0.0714675784111023, 0.8452531695365906, 0.014575626701116562, 0.09669669717550278, 0.043474480509757996, 0.9430782198905945, 0.018800027668476105, 0.025740521028637886, 0.012381169013679028, 0.008118078112602234, 0.9828521609306335, 0.004894305486232042, 0.004135355819016695, 0.025994639843702316, 0.9263880848884583, 0.04283886030316353, 0.0047785136848688126, 0.15830884873867035, 0.7731890082359314, 0.037446871399879456, 0.031055252999067307, 0.08814657479524612, 0.029778815805912018, 0.769507646560669, 0.11256701499223709, 0.06711950153112411, 0.9101046919822693, 0.010964753106236458, 0.011811125092208385, 0.5034935474395752, 0.3984598219394684, 0.025187812745571136, 0.0728587806224823, 0.8707172274589539, 0.05217817425727844, 0.06591031700372696, 0.011194264516234398, 0.013095993548631668, 0.7596721649169922, 0.19796179234981537, 0.029270078986883163, 0.005633866414427757, 0.9506520628929138, 0.035835109651088715, 0.007878859527409077, 0.010966269299387932, 0.0147966668009758, 0.9391776323318481, 0.03505946695804596, 0.6790661811828613, 0.09559781104326248, 0.19590769708156586, 0.02942824549973011, 0.01872893050312996, 0.9332678318023682, 0.03850100561976433, 0.009502224624156952, 0.02023285999894142, 0.9381192326545715, 0.03089991584420204, 0.010747991502285004, 0.009137426503002644, 0.9673558473587036, 0.01809007115662098, 0.0054167648777365685, 0.018440233543515205, 0.9319024085998535, 0.038552068173885345, 0.011105298064649105, 0.7279192209243774, 0.033544596284627914, 0.08599608391523361, 0.15254005789756775, 0.6107441782951355, 0.020295847207307816, 0.15140263736248016, 0.21755732595920563, 0.9113008379936218, 0.018126092851161957, 0.023272765800356865, 0.047300346195697784, 0.01630673184990883, 0.21739597618579865, 0.6554102897644043, 0.11088703572750092, 0.6098147034645081, 0.12696483731269836, 0.14544852077960968, 0.1177719458937645, 0.7592170238494873, 0.1986411213874817, 0.016823645681142807, 0.025318143889307976, 0.8128359317779541, 0.06794305890798569, 0.08185849338769913, 0.03736255690455437, 0.006720271892845631, 0.007145305629819632, 0.9659820199012756, 0.020152462646365166]}