{"metrics": {"ACC": 69.84126984126983, "F1": 48.592662871600254}, "predictions": [0, 1, 1, 2, 1, 0, 0, 1, 1, 0, 0, 0, 0, 0, 1, 1, 1, 1, 0, 0, 1, 0, 1, 0, 1, 0, 1, 1, 1, 1, 0, 0, 1, 1, 1, 2, 2, 1, 0, 0, 1, 0, 1, 1, 1, 1, 0, 2, 1, 2, 1, 1, 1, 1, 1, 0, 0, 0, 2, 0, 1, 2, 2], "uids": ["0", "1", "2", "3", "4", "5", "6", "7", "8", "9", "10", "11", "12", "13", "14", "15", "16", "17", "18", "19", "20", "21", "22", "23", "24", "25", "26", "27", "28", "29", "30", "31", "32", "33", "34", "35", "36", "37", "38", "39", "40", "41", "42", "43", "44", "45", "46", "47", "48", "49", "50", "51", "52", "53", "54", "55", "56", "57", "58", "59", "60", "61", "62"], "scores": [0.7560129761695862, 0.06880544126033783, 0.14307494461536407, 0.03210670128464699, 0.06687551736831665, 0.8840922117233276, 0.036110538989305496, 0.012921737506985664, 0.10959554463624954, 0.76352459192276, 0.112305648624897, 0.014574282802641392, 0.2040005773305893, 0.33756327629089355, 0.4049983322620392, 0.05343783646821976, 0.18277443945407867, 0.7355825304985046, 0.07310794293880463, 0.008535025641322136, 0.7397141456604004, 0.16418671607971191, 0.07148758322000504, 0.02461150474846363, 0.4125082194805145, 0.19328159093856812, 0.24596759676933289, 0.14824257791042328, 0.3194725215435028, 0.4056386947631836, 0.17291651666164398, 0.10197228193283081, 0.2077237069606781, 0.5417975187301636, 0.2249179482460022, 0.025560833513736725, 0.5074138045310974, 0.14766134321689606, 0.23479971289634705, 0.11012515425682068, 0.7452387809753418, 0.1538010835647583, 0.06241931766271591, 0.03854084387421608, 0.7771769762039185, 0.14026010036468506, 0.04842158034443855, 0.03414135053753853, 0.46232694387435913, 0.16292591392993927, 0.2282782793045044, 0.14646883308887482, 0.6093546152114868, 0.09410928189754486, 0.24709376692771912, 0.04944238066673279, 0.2639661431312561, 0.46651238203048706, 0.24733056128025055, 0.022190865129232407, 0.30547112226486206, 0.4577442407608032, 0.2115839421749115, 0.025200702250003815, 0.3384367823600769, 0.4469946026802063, 0.18974162638187408, 0.024826999753713608, 0.37114283442497253, 0.4076648950576782, 0.19835908710956573, 0.02283310890197754, 0.4488247036933899, 0.3589819371700287, 0.17062437534332275, 0.02156897820532322, 0.5381645560264587, 0.26913779973983765, 0.16929399967193604, 0.023403562605381012, 0.38880637288093567, 0.389060914516449, 0.19779939949512482, 0.024333329871296883, 0.7559099197387695, 0.191677525639534, 0.039174146950244904, 0.013238332234323025, 0.20833468437194824, 0.742995023727417, 0.03919965401291847, 0.009470623917877674, 0.8789302706718445, 0.03446907922625542, 0.06300356239080429, 0.02359704114496708, 0.09489327669143677, 0.7976188063621521, 0.09795887023210526, 0.00952900480479002, 0.7336095571517944, 0.18270552158355713, 0.05351237580180168, 0.03017256408929825, 0.04569781571626663, 0.8127644658088684, 0.1252807378768921, 0.016256893053650856, 0.053003355860710144, 0.8776770234107971, 0.061021480709314346, 0.008298211731016636, 0.04046444222331047, 0.8810834884643555, 0.06909411400556564, 0.009358096867799759, 0.4462410509586334, 0.4978150725364685, 0.044817350804805756, 0.011126446537673473, 0.439186692237854, 0.08273939788341522, 0.42201942205429077, 0.05605459213256836, 0.5655961632728577, 0.08512245118618011, 0.30111411213874817, 0.04816729202866554, 0.13873231410980225, 0.6986551284790039, 0.14724570512771606, 0.015366895124316216, 0.25721222162246704, 0.5654928684234619, 0.16532987356185913, 0.01196499913930893, 0.13394199311733246, 0.7671743631362915, 0.09080152213573456, 0.008082171902060509, 0.30218327045440674, 0.0754319429397583, 0.5663617253303528, 0.056023094803094864, 0.26651957631111145, 0.2696536183357239, 0.4367922842502594, 0.027034461498260498, 0.11105766147375107, 0.6741557121276855, 0.1780146062374115, 0.03677203878760338, 0.3830459713935852, 0.2688421607017517, 0.2981969118118286, 0.0499148927628994, 0.5521557927131653, 0.15978878736495972, 0.2584589719772339, 0.029596414417028427, 0.07250449806451797, 0.8798449635505676, 0.03658419847488403, 0.011066316626966, 0.40544945001602173, 0.36905747652053833, 0.1964232325553894, 0.029069842770695686, 0.2671723961830139, 0.3760380744934082, 0.296810120344162, 0.05997935310006142, 0.4152520000934601, 0.48337846994400024, 0.07279074192047119, 0.0285788606852293, 0.3394521176815033, 0.5834664106369019, 0.054150380194187164, 0.022931119427084923, 0.17297230660915375, 0.7282965779304504, 0.06953322142362595, 0.02919786423444748, 0.8301712870597839, 0.06842830032110214, 0.08178611099720001, 0.019614288583397865, 0.16601170599460602, 0.26317298412323, 0.47401583194732666, 0.09679949283599854, 0.08538597822189331, 0.6009770035743713, 0.2863292098045349, 0.0273077841848135, 0.17233632504940033, 0.13929535448551178, 0.6433334946632385, 0.04503485932946205, 0.29478853940963745, 0.4271417260169983, 0.2528621554374695, 0.025207534432411194, 0.08235996216535568, 0.6526146531105042, 0.24094949662685394, 0.0240759439766407, 0.07443941384553909, 0.7682695984840393, 0.13453900814056396, 0.022752009332180023, 0.053692929446697235, 0.7872897982597351, 0.1387651562690735, 0.020252127200365067, 0.07674870640039444, 0.7558390498161316, 0.14641357958316803, 0.02099866233766079, 0.42128854990005493, 0.19662074744701385, 0.2461385875940323, 0.1359521597623825, 0.7102404236793518, 0.06296537071466446, 0.14317381381988525, 0.08362036198377609, 0.7624304294586182, 0.12439596652984619, 0.08229763805866241, 0.030876046046614647, 0.05574564263224602, 0.1527823656797409, 0.695824146270752, 0.09564781188964844, 0.3810897469520569, 0.29787737131118774, 0.24824556708335876, 0.07278729975223541, 0.2849794626235962, 0.6583431959152222, 0.03853677958250046, 0.01814047247171402, 0.2925783693790436, 0.2368767410516739, 0.4186347424983978, 0.05191011726856232, 0.06735750287771225, 0.10661906003952026, 0.7776010036468506, 0.04842241853475571]}