{"metrics": {"ACC": 41.269841269841265, "F1": 21.802325581395348}, "predictions": [0, 1, 1, 0, 0, 0, 0, 0, 0, 0, 0, 0, 0, 0, 0, 0, 0, 0, 0, 0, 1, 0, 1, 0, 0, 0, 1, 1, 1, 0, 0, 0, 0, 0, 0, 0, 0, 1, 1, 0, 0, 0, 0, 0, 0, 1, 0, 0, 0, 0, 0, 0, 1, 0, 0, 0, 0, 0, 0, 0, 0, 1, 1], "uids": ["0", "1", "2", "3", "4", "5", "6", "7", "8", "9", "10", "11", "12", "13", "14", "15", "16", "17", "18", "19", "20", "21", "22", "23", "24", "25", "26", "27", "28", "29", "30", "31", "32", "33", "34", "35", "36", "37", "38", "39", "40", "41", "42", "43", "44", "45", "46", "47", "48", "49", "50", "51", "52", "53", "54", "55", "56", "57", "58", "59", "60", "61", "62"], "scores": [0.44941800832748413, 0.3693838119506836, 0.15754897892475128, 0.02364923618733883, 0.3531484305858612, 0.4797442853450775, 0.14063304662704468, 0.02647421695291996, 0.38481104373931885, 0.4419955015182495, 0.14973001182079315, 0.023463325574994087, 0.43263956904411316, 0.353985458612442, 0.18170130252838135, 0.03167369216680527, 0.44978654384613037, 0.37743663787841797, 0.1502395123243332, 0.0225373562425375, 0.41546544432640076, 0.364366352558136, 0.17947375774383545, 0.0406944565474987, 0.48748013377189636, 0.2762978971004486, 0.17847028374671936, 0.057751674205064774, 0.4847116470336914, 0.3028993606567383, 0.15822277963161469, 0.05416616424918175, 0.3999549150466919, 0.2914961874485016, 0.2761579751968384, 0.03239092603325844, 0.4911470115184784, 0.25603634119033813, 0.20557615160942078, 0.04724046587944031, 0.4238414764404297, 0.3094262480735779, 0.22612620890140533, 0.04060611501336098, 0.4382765591144562, 0.309590607881546, 0.21186408400535583, 0.04026881605386734, 0.4826376438140869, 0.24972259998321533, 0.20544928312301636, 0.062190454453229904, 0.48054760694503784, 0.31150490045547485, 0.16886784136295319, 0.03907962515950203, 0.4657585620880127, 0.24487130343914032, 0.25565674901008606, 0.033713433891534805, 0.4649260640144348, 0.24296842515468597, 0.2581952214241028, 0.03391025960445404, 0.4721343219280243, 0.2417098879814148, 0.2532494068145752, 0.0329064205288887, 0.47043707966804504, 0.2409505397081375, 0.2547540068626404, 0.033858418464660645, 0.48183074593544006, 0.23772157728672028, 0.24665698409080505, 0.0337907075881958, 0.4958723485469818, 0.22594700753688812, 0.24236345291137695, 0.035817231982946396, 0.3815639317035675, 0.4199635088443756, 0.17489899694919586, 0.02357352524995804, 0.5194087028503418, 0.31989386677742004, 0.12423767894506454, 0.03645980358123779, 0.4170338809490204, 0.418087363243103, 0.14475852251052856, 0.020120220258831978, 0.6786477565765381, 0.17017489671707153, 0.11787145584821701, 0.03330593183636665, 0.38168996572494507, 0.35703492164611816, 0.2306174635887146, 0.030657703056931496, 0.48028433322906494, 0.321994423866272, 0.1608382910490036, 0.0368829071521759, 0.3001229465007782, 0.3969227075576782, 0.2629374861717224, 0.04001684859395027, 0.37381255626678467, 0.40973860025405884, 0.1921733319759369, 0.02427545376121998, 0.3334597647190094, 0.44123876094818115, 0.20059996843338013, 0.02470153570175171, 0.4948996305465698, 0.3078761398792267, 0.15692482888698578, 0.04029933735728264, 0.39700326323509216, 0.30413129925727844, 0.26755794882774353, 0.031307514756917953, 0.39978766441345215, 0.31399890780448914, 0.2517571747303009, 0.0344562828540802, 0.4013330042362213, 0.3527117669582367, 0.21867236495018005, 0.027282781898975372, 0.36439934372901917, 0.3239975869655609, 0.2850833833217621, 0.026519719511270523, 0.3729889690876007, 0.3241128623485565, 0.2772420644760132, 0.02565612457692623, 0.39034542441368103, 0.3011769950389862, 0.273029625415802, 0.03544794023036957, 0.3608573377132416, 0.34700265526771545, 0.2653837203979492, 0.026756254956126213, 0.35351166129112244, 0.38626745343208313, 0.23170512914657593, 0.02851565182209015, 0.3844848573207855, 0.4345793128013611, 0.15125159919261932, 0.029684102162718773, 0.4206424057483673, 0.27896198630332947, 0.26794949173927307, 0.03244614973664284, 0.4126417934894562, 0.4049721360206604, 0.1555337756872177, 0.02685220167040825, 0.4905600845813751, 0.3069641888141632, 0.16898611187934875, 0.03348969668149948, 0.47744306921958923, 0.3303000330924988, 0.15867561101913452, 0.033581286668777466, 0.3992041349411011, 0.352818101644516, 0.20641742646694183, 0.04156026244163513, 0.38469526171684265, 0.3756828308105469, 0.20505963265895844, 0.03456229344010353, 0.3091306686401367, 0.47218865156173706, 0.18951109051704407, 0.029169579967856407, 0.5298383831977844, 0.3003239631652832, 0.136926531791687, 0.03291119262576103, 0.4446035921573639, 0.3448463976383209, 0.17809095978736877, 0.03245896100997925, 0.4120669364929199, 0.38422536849975586, 0.18061378598213196, 0.023093892261385918, 0.46759214997291565, 0.32440856099128723, 0.1823163479566574, 0.025682924315333366, 0.38588690757751465, 0.3400527238845825, 0.24184054136276245, 0.0322197861969471, 0.3351217210292816, 0.3209230303764343, 0.30996420979499817, 0.03399108722805977, 0.32594430446624756, 0.3305136263370514, 0.3091098666191101, 0.03443218395113945, 0.3361723721027374, 0.3213766813278198, 0.3054646849632263, 0.03698628023266792, 0.32877635955810547, 0.3285500109195709, 0.30834490060806274, 0.034328680485486984, 0.491128146648407, 0.2926360070705414, 0.1598437875509262, 0.05639215186238289, 0.5065605044364929, 0.2607608437538147, 0.19900810718536377, 0.03367051109671593, 0.4361470341682434, 0.3441940248012543, 0.19145452976226807, 0.028204388916492462, 0.34559234976768494, 0.29578450322151184, 0.3199019134044647, 0.038721226155757904, 0.4316251873970032, 0.3448626697063446, 0.1851736456155777, 0.038338497281074524, 0.4077448546886444, 0.3923278748989105, 0.16174842417240143, 0.038178879767656326, 0.3410864770412445, 0.34922415018081665, 0.2756991684436798, 0.033990200608968735, 0.33663520216941833, 0.3616863191127777, 0.2689570188522339, 0.03272151201963425]}