{"metrics": {"ACC": 36.03603603603604, "F1": 26.465840802762436}, "predictions": [1, 4, 1, 4, 4, 4, 4, 4, 1, 4, 4, 4, 4, 4, 4, 4, 0, 1, 4, 4, 4, 4, 4, 5, 1, 4, 4, 4, 4, 2, 4, 0, 4, 5, 4, 4, 4, 4, 4, 4, 4, 4, 1, 1, 1, 4, 4, 2, 5, 5, 4, 4, 4, 4, 4, 4, 4, 4, 4, 1, 4, 1, 4, 4, 1, 1, 4, 0, 0, 5, 4, 5, 4, 4, 4, 5, 5, 5, 5, 4, 5, 4, 4, 4, 4, 4, 4, 5, 0, 4, 5, 1, 2, 5, 5, 1, 4, 4, 1, 5, 4, 4, 2, 4, 4, 5, 4, 4, 4, 4, 2], "uids": ["0", "1", "2", "3", "4", "5", "6", "7", "8", "9", "10", "11", "12", "13", "14", "15", "16", "17", "18", "19", "20", "21", "22", "23", "24", "25", "26", "27", "28", "29", "30", "31", "32", "33", "34", "35", "36", "37", "38", "39", "40", "41", "42", "43", "44", "45", "46", "47", "48", "49", "50", "51", "52", "53", "54", "55", "56", "57", "58", "59", "60", "61", "62", "63", "64", "65", "66", "67", "68", "69", "70", "71", "72", "73", "74", "75", "76", "77", "78", "79", "80", "81", "82", "83", "84", "85", "86", "87", "88", "89", "90", "91", "92", "93", "94", "95", "96", "97", "98", "99", "100", "101", "102", "103", "104", "105", "106", "107", "108", "109", "110"], "scores": [0.08142687380313873, 0.6162152886390686, 0.014666317030787468, 0.029980037361383438, 0.010926962830126286, 0.24678455293178558, 0.02454221434891224, 0.040806714445352554, 0.01530508417636156, 0.01560111716389656, 0.8716583251953125, 0.032086487859487534, 0.07693573832511902, 0.6774071455001831, 0.023564232513308525, 0.04616361856460571, 0.12110187858343124, 0.05482741445302963, 0.22239330410957336, 0.2355356365442276, 0.06359567493200302, 0.0518951378762722, 0.40702393651008606, 0.019556358456611633, 0.027493130415678024, 0.006956095807254314, 0.0019963220693171024, 0.006083751562982798, 0.9286102652549744, 0.028860408812761307, 0.04668921232223511, 0.03474975749850273, 0.007095651235431433, 0.008435633033514023, 0.8705480694770813, 0.03248170018196106, 0.01798916421830654, 0.02153327874839306, 0.019876543432474136, 0.006628758739680052, 0.9006646871566772, 0.03330760449171066, 0.29563450813293457, 0.12641210854053497, 0.0246718842536211, 0.061885666102170944, 0.43285509943962097, 0.05854067951440811, 0.17184273898601532, 0.566666305065155, 0.041599202901124954, 0.06921680271625519, 0.05938684567809105, 0.09128820151090622, 0.12391424179077148, 0.016063233837485313, 0.013681091368198395, 0.040665678679943085, 0.7276556491851807, 0.07802001386880875, 0.05323556438088417, 0.008343747816979885, 0.006819466594606638, 0.016767602413892746, 0.8883254528045654, 0.02650819532573223, 0.008667479269206524, 0.012452743016183376, 0.01886822283267975, 0.005326111800968647, 0.9385214447975159, 0.01616399921476841, 0.027997687458992004, 0.013672116212546825, 0.003145774593576789, 0.007644556928426027, 0.8619130849838257, 0.08562677353620529, 0.13427169620990753, 0.04119279608130455, 0.00614170590415597, 0.042106691747903824, 0.4351518154144287, 0.34113532304763794, 0.014326576143503189, 0.05772370845079422, 0.02657599002122879, 0.0073878103867173195, 0.870370626449585, 0.02361520193517208, 0.07298697531223297, 0.008274609223008156, 0.011908955872058868, 0.011916101910173893, 0.8895487785339355, 0.005364545155316591, 0.6480187773704529, 0.04569316282868385, 0.008632893674075603, 0.056278765201568604, 0.22384555637836456, 0.017530953511595726, 0.06441448628902435, 0.7653238773345947, 0.009927340783178806, 0.04230673238635063, 0.008456832729279995, 0.10957081615924835, 0.017110979184508324, 0.006686896551400423, 0.0024269497953355312, 0.005802317522466183, 0.942484438419342, 0.025488512590527534, 0.012887711636722088, 0.005024183075875044, 0.005678204353898764, 0.00379923265427351, 0.9610702991485596, 0.011540345847606659, 0.20090611279010773, 0.020347068086266518, 0.018322186544537544, 0.019163278862833977, 0.728653073310852, 0.012608294375240803, 0.15091867744922638, 0.008878134191036224, 0.01130127813667059, 0.01699964329600334, 0.8038660883903503, 0.00803618784993887, 0.057847216725349426, 0.007336110807955265, 0.028863847255706787, 0.022776765748858452, 0.8576774597167969, 0.02549862489104271, 0.13516004383563995, 0.36635664105415344, 0.004966716282069683, 0.0610521137714386, 0.017875712364912033, 0.4145887494087219, 0.06906487792730331, 0.46106579899787903, 0.008570756763219833, 0.04739058390259743, 0.019690964370965958, 0.39421701431274414, 0.02112649194896221, 0.00852811336517334, 0.012776496820151806, 0.008852025493979454, 0.918512225151062, 0.03020452708005905, 0.04898495599627495, 0.004117979668080807, 0.008750973269343376, 0.018879709765315056, 0.8911750912666321, 0.02809125743806362, 0.019823115319013596, 0.006118413992226124, 0.009390934370458126, 0.010772105306386948, 0.9236873388290405, 0.03020808845758438, 0.06367982923984528, 0.02414153516292572, 0.01357275154441595, 0.016176855191588402, 0.8599556684494019, 0.022473329678177834, 0.009176045656204224, 0.18414188921451569, 0.5661690831184387, 0.02069147862493992, 0.16093988716602325, 0.05888164043426514, 0.008524262346327305, 0.04408891499042511, 0.24850468337535858, 0.01123427040874958, 0.6445515155792236, 0.04309627413749695, 0.5885068774223328, 0.06917310506105423, 0.10219366103410721, 0.1380552053451538, 0.0753217414021492, 0.02674945630133152, 0.028172772377729416, 0.020436536520719528, 0.015205658040940762, 0.005773470271378756, 0.9175753593444824, 0.012836175039410591, 0.053836654871702194, 0.22549201548099518, 0.013988443650305271, 0.03417244181036949, 0.0887475311756134, 0.5837629437446594, 0.05298065394163132, 0.23349864780902863, 0.013128353282809258, 0.029771607369184494, 0.4235450029373169, 0.24707573652267456, 0.028786925598978996, 0.005145872477442026, 0.004460626281797886, 0.008233838714659214, 0.9454405903816223, 0.007932040840387344, 0.05179443955421448, 0.004477846436202526, 0.004928774666041136, 0.013052619062364101, 0.9156515598297119, 0.010094769299030304, 0.1049443855881691, 0.14148464798927307, 0.05027150735259056, 0.054455116391181946, 0.43797606229782104, 0.21086831390857697, 0.1758023500442505, 0.13443082571029663, 0.008369099348783493, 0.027403108775615692, 0.47848185896873474, 0.17551276087760925, 0.15319325029850006, 0.011470211669802666, 0.01007591187953949, 0.019341038540005684, 0.7840145826339722, 0.021904999390244484, 0.2577470541000366, 0.01975761353969574, 0.03583763912320137, 0.04540780559182167, 0.6264284253120422, 0.01482141949236393, 0.016493288800120354, 0.033341944217681885, 0.0699990764260292, 0.008348262868821621, 0.8531855344772339, 0.018631964921951294, 0.048712290823459625, 0.4172993302345276, 0.10502755641937256, 0.017853576689958572, 0.3446146547794342, 0.06649261713027954, 0.015123196877539158, 0.8399456739425659, 0.016198819503188133, 0.020679699257016182, 0.004319232888519764, 0.10373329371213913, 0.09495756775140762, 0.5015978813171387, 0.017468294128775597, 0.06384166330099106, 0.03475073724985123, 0.28738388419151306, 0.027511343359947205, 0.008821720257401466, 0.0025944740045815706, 0.009217066690325737, 0.926680326461792, 0.025175049901008606, 0.04120799899101257, 0.008652175776660442, 0.010901490226387978, 0.022325754165649414, 0.8788902163505554, 0.038022369146347046, 0.015998877584934235, 0.03759291023015976, 0.9074001908302307, 0.01776614598929882, 0.014740748330950737, 0.006501154042780399, 0.10651525855064392, 0.14310066401958466, 0.02988477051258087, 0.09535816311836243, 0.05033781751990318, 0.5748032927513123, 0.05099072679877281, 0.17503944039344788, 0.06403792649507523, 0.060284506529569626, 0.09544290602207184, 0.554204523563385, 0.007228989619761705, 0.03882775083184242, 0.011627242900431156, 0.006160491146147251, 0.897688090801239, 0.03846750408411026, 0.02675889991223812, 0.026711011305451393, 0.01645374856889248, 0.01373930461704731, 0.8834902048110962, 0.03284682705998421, 0.010350986383855343, 0.004940824583172798, 0.01112581230700016, 0.006347957067191601, 0.9456804990768433, 0.021553900092840195, 0.015946850180625916, 0.014894215390086174, 0.04484906420111656, 0.016129009425640106, 0.8362718820571899, 0.07190895080566406, 0.06363172829151154,