{"metrics": {"ACC": 39.63963963963964, "F1": 32.51138295544446}, "predictions": [1, 4, 1, 4, 4, 4, 4, 4, 1, 4, 4, 4, 4, 4, 4, 4, 0, 1, 4, 4, 1, 0, 5, 5, 5, 4, 4, 4, 4, 2, 2, 0, 4, 5, 4, 4, 4, 4, 4, 4, 4, 4, 1, 1, 1, 4, 2, 2, 5, 5, 4, 4, 4, 4, 1, 4, 4, 4, 4, 1, 4, 1, 4, 4, 5, 1, 5, 0, 0, 5, 4, 5, 4, 4, 5, 5, 5, 5, 5, 4, 5, 5, 4, 4, 4, 4, 4, 5, 1, 5, 5, 1, 2, 5, 5, 1, 4, 4, 1, 5, 4, 4, 2, 5, 4, 5, 2, 4, 2, 4, 2], "uids": ["0", "1", "2", "3", "4", "5", "6", "7", "8", "9", "10", "11", "12", "13", "14", "15", "16", "17", "18", "19", "20", "21", "22", "23", "24", "25", "26", "27", "28", "29", "30", "31", "32", "33", "34", "35", "36", "37", "38", "39", "40", "41", "42", "43", "44", "45", "46", "47", "48", "49", "50", "51", "52", "53", "54", "55", "56", "57", "58", "59", "60", "61", "62", "63", "64", "65", "66", "67", "68", "69", "70", "71", "72", "73", "74", "75", "76", "77", "78", "79", "80", "81", "82", "83", "84", "85", "86", "87", "88", "89", "90", "91", "92", "93", "94", "95", "96", "97", "98", "99", "100", "101", "102", "103", "104", "105", "106", "107", "108", "109", "110"], "scores": [0.08413546532392502, 0.4495619237422943, 0.022039813920855522, 0.037653833627700806, 0.04845062270760536, 0.3581583499908447, 0.04086354747414589, 0.1480032056570053, 0.02628248743712902, 0.0403137244284153, 0.5417644381523132, 0.20277263224124908, 0.07143045961856842, 0.4448062479496002, 0.0330670140683651, 0.05336730554699898, 0.25912562012672424, 0.13820341229438782, 0.15760134160518646, 0.3102104961872101, 0.0941191092133522, 0.05607068911194801, 0.3107330799102783, 0.07126525044441223, 0.09019777178764343, 0.12477821856737137, 0.005927079822868109, 0.021678684279322624, 0.5281501412391663, 0.22926804423332214, 0.08352840691804886, 0.2726985216140747, 0.030734816566109657, 0.026902256533503532, 0.3864723742008209, 0.19966354966163635, 0.04492561146616936, 0.24553105235099792, 0.05919601023197174, 0.02674410678446293, 0.4319722056388855, 0.19163097441196442, 0.19758300483226776, 0.2163357138633728, 0.04010201618075371, 0.06304740160703659, 0.34457269310951233, 0.1383591741323471, 0.13877099752426147, 0.36947962641716003, 0.03981387987732887, 0.06265493482351303, 0.2064192295074463, 0.18286137282848358, 0.1342722624540329, 0.0619322843849659, 0.022693024948239326, 0.04661897197365761, 0.5669595003128052, 0.16752399504184723, 0.067637138068676, 0.04435673728585243, 0.015427792444825172, 0.023226890712976456, 0.7461123466491699, 0.10323910415172577, 0.02345041185617447, 0.12066557258367538, 0.047318827360868454, 0.016369735822081566, 0.6984734535217285, 0.09372197091579437, 0.03665720298886299, 0.04061748832464218, 0.00533625204116106, 0.009406356140971184, 0.7990185618400574, 0.1089642345905304, 0.09191105514764786, 0.054093439131975174, 0.006974407471716404, 0.022571546956896782, 0.6431814432144165, 0.1812681406736374, 0.04229762405157089, 0.12751108407974243, 0.02633550576865673, 0.01665620692074299, 0.6998791098594666, 0.08732055127620697, 0.12634876370429993, 0.10390177369117737, 0.02326889894902706, 0.02562449872493744, 0.675467312335968, 0.04538877308368683, 0.40573838353157043, 0.09988658875226974, 0.011349680833518505, 0.04581974074244499, 0.3845696747303009, 0.05263599380850792, 0.10085316002368927, 0.4739629626274109, 0.017747560515999794, 0.0685274675488472, 0.06366343796253204, 0.27524539828300476, 0.052710894495248795, 0.07250583171844482, 0.008323991671204567, 0.01784374751150608, 0.7220835089683533, 0.12653198838233948, 0.07600512355566025, 0.13730894029140472, 0.019725987687706947, 0.02485743910074234, 0.602905809879303, 0.13919666409492493, 0.1954224854707718, 0.2772333025932312, 0.025877173990011215, 0.04279772564768791, 0.24540777504444122, 0.21326158940792084, 0.35647904872894287, 0.14833898842334747, 0.02212877757847309, 0.047628000378608704, 0.33699819445610046, 0.08842703700065613, 0.049811951816082, 0.379753440618515, 0.04434555023908615, 0.051094476133584976, 0.06464976072311401, 0.4103448688983917, 0.11519105732440948, 0.3150636553764343, 0.010375787504017353, 0.04946627840399742, 0.11195018142461777, 0.3979531228542328, 0.06117608770728111, 0.36605826020240784, 0.020787712186574936, 0.050050072371959686, 0.0978299081325531, 0.40409794449806213, 0.044672850519418716, 0.09089503437280655, 0.0381150022149086, 0.024084771052002907, 0.626855731010437, 0.17537662386894226, 0.08005571365356445, 0.03823888674378395, 0.02027580514550209, 0.027817897498607635, 0.7294648289680481, 0.10414684563875198, 0.0506444089114666, 0.07419687509536743, 0.0235294159501791, 0.024788837879896164, 0.6786224246025085, 0.1482180505990982, 0.07993438839912415, 0.04126645624637604, 0.011137247085571289, 0.01888757385313511, 0.7745552659034729, 0.07421904802322388, 0.01704755425453186, 0.2591859996318817, 0.37565165758132935, 0.029776155948638916, 0.18484432995319366, 0.1334943175315857, 0.016645250841975212, 0.15639597177505493, 0.37596896290779114, 0.025641843676567078, 0.31160232424736023, 0.11374563723802567, 0.39923664927482605, 0.12584905326366425, 0.09302301704883575, 0.10133380442857742, 0.2066051959991455, 0.07395234704017639, 0.05648955702781677, 0.1948123276233673, 0.06280090659856796, 0.01784229278564453, 0.5613759160041809, 0.1066790297627449, 0.058523595333099365, 0.2333609014749527, 0.026912128552794456, 0.027215084061026573, 0.2744982838630676, 0.3794900178909302, 0.049659669399261475, 0.21534106135368347, 0.02519090846180916, 0.029954882338643074, 0.450835645198822, 0.22901782393455505, 0.03877349942922592, 0.0241127647459507, 0.00853168498724699, 0.010986555367708206, 0.8871655464172363, 0.030430002138018608, 0.05985923111438751, 0.0333341620862484, 0.01013945508748293, 0.019469648599624634, 0.8286988139152527, 0.04849867522716522, 0.08305700868368149, 0.20931504666805267, 0.042673103511333466, 0.04187925159931183, 0.4052693843841553, 0.2178061306476593, 0.13344398140907288, 0.2388099879026413, 0.01832500658929348, 0.028095750138163567, 0.3541625142097473, 0.22716279327869415, 0.1814093291759491, 0.1690303534269333, 0.024428417906165123, 0.02634945511817932, 0.4646071195602417, 0.13417531549930573, 0.202882319688797, 0.08952751755714417, 0.036779142916202545, 0.04468999803066254, 0.5634638667106628, 0.0626571774482727, 0.04408761113882065, 0.3127654790878296, 0.1155138611793518, 0.025148438289761543, 0.3493393361568451, 0.1531451791524887, 0.06537939608097076, 0.4334236979484558, 0.07950227707624435, 0.027920763939619064, 0.21446046233177185, 0.17931334674358368, 0.037522003054618835, 0.5106214284896851, 0.031945306807756424, 0.050924669951200485, 0.054474812000989914, 0.31451186537742615, 0.08525267988443375, 0.3833667039871216, 0.023924672976136208, 0.05216238647699356, 0.130515918135643, 0.32477763295173645, 0.05258292332291603, 0.0509563572704792, 0.00635884003713727, 0.01616308093070984, 0.7886356115341187, 0.08530320972204208, 0.03202810883522034, 0.07967519760131836, 0.5408712029457092, 0.027507765218615532, 0.25956839323043823, 0.06034931540489197, 0.023706728592514992, 0.0461469329893589, 0.8433759212493896, 0.0229718666523695, 0.04414740204811096, 0.01965106651186943, 0.06356941163539886, 0.18238551914691925, 0.03320654109120369, 0.04991953819990158, 0.19952383637428284, 0.4713951051235199, 0.04207513481378555, 0.20284418761730194, 0.05426805466413498, 0.04260191321372986, 0.20482076704502106, 0.4533899426460266, 0.022574061527848244, 0.15105471014976501, 0.05220159515738487, 0.01910960115492344, 0.6381687521934509, 0.11689119786024094, 0.060465969145298004, 0.19984646141529083, 0.08804129809141159, 0.04120687395334244, 0.4643164873123169, 0.14612293243408203, 0.024146053940057755, 0.0651463121175766, 0.04512564092874527, 0.01665465533733368, 0.7570045590400696, 0.091922827064991, 0.027865862473845482, 0.13916201889514923, 0.06664124131202698, 0.026553921401500702, 0.51435786485672, 0.2254190891981125, 0.0638497993350029, 0.2812783718109131, 0.1761724352836609, 0.040227558463811874, 0.25758811831474304, 0.18088367581367493, 