{"metrics": {"ACC": 36.03603603603604, "F1": 8.830022075055188}, "predictions": [4, 4, 4, 4, 4, 4, 4, 4, 4, 4, 4, 4, 4, 4, 4, 4, 4, 4, 4, 4, 4, 4, 4, 4, 4, 4, 4, 4, 4, 4, 4, 4, 4, 4, 4, 4, 4, 4, 4, 4, 4, 4, 4, 4, 4, 4, 4, 4, 4, 4, 4, 4, 4, 4, 4, 4, 4, 4, 4, 4, 4, 4, 4, 4, 4, 4, 4, 4, 4, 4, 4, 4, 4, 4, 4, 4, 4, 4, 4, 4, 4, 4, 4, 4, 4, 4, 4, 4, 4, 4, 4, 4, 4, 4, 4, 4, 4, 4, 4, 4, 4, 4, 4, 4, 4, 4, 4, 4, 4, 4, 4], "uids": ["0", "1", "2", "3", "4", "5", "6", "7", "8", "9", "10", "11", "12", "13", "14", "15", "16", "17", "18", "19", "20", "21", "22", "23", "24", "25", "26", "27", "28", "29", "30", "31", "32", "33", "34", "35", "36", "37", "38", "39", "40", "41", "42", "43", "44", "45", "46", "47", "48", "49", "50", "51", "52", "53", "54", "55", "56", "57", "58", "59", "60", "61", "62", "63", "64", "65", "66", "67", "68", "69", "70", "71", "72", "73", "74", "75", "76", "77", "78", "79", "80", "81", "82", "83", "84", "85", "86", "87", "88", "89", "90", "91", "92", "93", "94", "95", "96", "97", "98", "99", "100", "101", "102", "103", "104", "105", "106", "107", "108", "109", "110"], "scores": [0.10741913318634033, 0.14207807183265686, 0.05477917566895485, 0.035275693982839584, 0.4241500794887543, 0.23629778623580933, 0.1217120885848999, 0.12463738769292831, 0.04787362366914749, 0.03411240130662918, 0.43838346004486084, 0.23328107595443726, 0.11691423505544662, 0.12869012355804443, 0.04990911856293678, 0.034782685339450836, 0.4289795756340027, 0.24072425067424774, 0.1184101551771164, 0.12798821926116943, 0.05118822678923607, 0.03276458755135536, 0.4390242397785187, 0.2306245118379593, 0.12151976674795151, 0.12875084578990936, 0.04784145578742027, 0.033529866486787796, 0.43472206592559814, 0.2336360067129135, 0.11705461144447327, 0.1298746019601822, 0.05188019946217537, 0.03437981754541397, 0.42546001076698303, 0.24135082960128784, 0.10961789637804031, 0.13280650973320007, 0.05666271969676018, 0.03464537486433983, 0.42479467391967773, 0.2414727658033371, 0.12527576088905334, 0.13053375482559204, 0.05486341565847397, 0.03760432079434395, 0.4133114218711853, 0.2384112924337387, 0.11379404366016388, 0.13397252559661865, 0.05390038713812828, 0.03730879724025726, 0.4135844111442566, 0.24743983149528503, 0.11513087153434753, 0.1236436739563942, 0.05135662108659744, 0.035661499947309494, 0.43889522552490234, 0.2353121042251587, 0.11238659173250198, 0.11967331171035767, 0.05118411034345627, 0.034016113728284836, 0.4485248029232025, 0.23421508073806763, 0.09202004224061966, 0.13661633431911469, 0.07844372093677521, 0.031062690541148186, 0.45272547006607056, 0.20913180708885193, 0.11857084184885025, 0.12493953108787537, 0.04665901139378548, 0.03163705766201019, 0.45504194498062134, 0.22315166890621185, 0.12313883751630783, 0.12659874558448792, 0.048878926783800125, 0.03384442627429962, 0.44222018122673035, 0.22531886398792267, 0.1173490583896637, 0.12164277583360672, 0.049547694623470306, 0.031661972403526306, 0.4666784107685089, 0.21312011778354645, 0.11920476704835892, 0.12820953130722046, 0.05119945481419563, 0.033823058009147644, 0.4307980537414551, 0.23676511645317078, 0.13755662739276886, 0.12502697110176086, 0.051020797342061996, 0.03450429439544678, 0.4329259693622589, 0.21896536648273468, 0.11390363425016403, 0.14129769802093506, 0.05219521373510361, 0.03625097870826721, 0.41627031564712524, 0.24008214473724365, 0.1238020807504654, 0.12498442828655243, 0.04859968647360802, 0.03369523584842682, 0.4322558045387268, 0.23666270077228546, 0.12380000203847885, 0.12445179373025894, 0.050972357392311096, 0.034296914935112, 0.4242025911808014, 0.2422764152288437, 0.11629771441221237, 0.14084796607494354, 0.053726926445961, 0.03540990874171257, 0.420932799577713, 0.23278465867042542, 0.1180352196097374, 0.13940180838108063, 0.05409688502550125, 0.03535284101963043, 0.4136103689670563, 0.23950287699699402, 0.11723080277442932, 0.13553579151630402, 0.05489050969481468, 0.03542131185531616, 0.41236576437950134, 0.24455581605434418, 0.11682422459125519, 0.13310009241104126, 0.053794004023075104, 0.03447470813989639, 0.41167494654655457, 0.2501320242881775, 0.1107744574546814, 0.13453173637390137, 0.05595780164003372, 0.03539882227778435, 0.40528035163879395, 0.2580568194389343, 0.11110249161720276, 0.13260872662067413, 0.05386592820286751, 0.03363122045993805, 0.4320334196090698, 0.2367582470178604, 0.11656137555837631, 0.12497981637716293, 0.05278594046831131, 0.0322084054350853, 0.4452334940433502, 0.22823089361190796, 0.11438437551259995, 0.12765459716320038, 0.05594557896256447, 0.03338707610964775, 0.4316074848175049, 0.23702092468738556, 0.13534806668758392, 0.11996395140886307, 0.05202576145529747, 0.03410748392343521, 0.4347076714038849, 0.22384706139564514, 0.09222624450922012, 0.13983693718910217, 0.0806252732872963, 0.03306465968489647, 0.4264204502105713, 0.22782640159130096, 0.09090381115674973, 0.1375344693660736, 0.08109942823648453, 0.032539959996938705, 0.4340808093547821, 0.22384154796600342, 0.12983918190002441, 0.12801697850227356, 0.051134347915649414, 0.035181012004613876, 0.43260592222213745, 0.22322247922420502, 0.11061698943376541, 0.1324833631515503, 0.054719094187021255, 0.03212471306324005, 0.4356510043144226, 0.23440489172935486, 0.10469211637973785, 0.1310693323612213, 0.0540769025683403, 0.03237393870949745, 0.43477192521095276, 0.24301572144031525, 0.11128939688205719, 0.1252427101135254, 0.04953344911336899, 0.03424331173300743, 0.4294934868812561, 0.2501976490020752, 0.11682114005088806, 0.12307940423488617, 0.05064767226576805, 0.03450634703040123, 0.44041770696640015, 0.23452775180339813, 0.11462089419364929, 0.12471042573451996, 0.05231250822544098, 0.03550257906317711, 0.43224388360977173, 0.24060973525047302, 0.11880766600370407, 0.12692007422447205, 0.05229400470852852, 0.0355832539498806, 0.42065805196762085, 0.24573692679405212, 0.12127238512039185, 0.13052883744239807, 0.05006086826324463, 0.03253784030675888, 0.435354083776474, 0.2302459180355072, 0.11423107236623764, 0.13213735818862915, 0.052819084376096725, 0.03307460620999336, 0.42685872316360474, 0.24087917804718018, 0.11505953967571259, 0.12946654856204987, 0.05080598220229149, 0.033002957701683044, 0.44057273864746094, 0.2310921996831894, 0.11041980236768723, 0.13358435034751892, 0.055594366043806076, 0.033562131226062775, 0.4285239279270172, 0.2383153885602951, 0.11109859496355057, 0.13038723170757294, 0.054118722677230835, 0.03291288763284683, 0.4380887746810913, 0.2333938330411911, 0.10629306733608246, 0.1348804235458374, 0.05218236520886421, 0.03341071680188179, 0.4308440089225769, 0.24238941073417664, 0.11680898070335388, 0.1299552023410797, 0.05379941314458847, 0.03483114391565323, 0.42483723163604736, 0.23976807296276093, 0.11972583830356598, 0.12518911063671112, 0.04900932312011719, 0.033761195838451385, 0.4320603013038635, 0.2402542680501938, 0.12028984725475311, 0.12987463176250458, 0.052742015570402145, 0.035278525203466415, 0.4155169427394867, 0.24629804491996765, 0.1360882967710495, 0.12263417989015579, 0.0557795874774456, 0.03743307292461395, 0.4274887442588806, 0.2205761969089508, 0.11943349987268448, 0.1267414093017578, 0.052397675812244415, 0.03505939245223999, 0.42396122217178345, 0.24240675568580627, 0.11090873181819916, 0.1340932846069336, 0.0555054172873497, 0.03534911200404167, 0.4159108102321625, 0.2482326775789261, 0.10535500198602676, 0.13134916126728058, 0.055643290281295776, 0.03351682797074318, 0.42994534969329834, 0.24419032037258148, 0.10756094753742218, 0.12724825739860535, 0.05542485788464546, 0.03385120630264282, 0.43365606665611267, 0.24225865304470062, 0.10774736106395721, 0.12719877064228058, 0.053653743118047714, 0.03489262983202934, 0.4299306273460388, 0.24657687544822693, 0.10941106826066971, 0.13088920712471008, 0.053554072976112366, 0.03533978760242462, 0.4166063964366913, 0.2541995048522949, 0.1061667799949646, 0.13011673092842102, 0.05838398262858391, 0.03394229710102081, 0.41791170835494995, 0.253478467464447, 