{"metrics": {"ACC": 36.03603603603604, "F1": 27.73239805332231}, "predictions": [1, 4, 1, 4, 4, 4, 4, 4, 1, 4, 4, 4, 4, 4, 4, 4, 0, 1, 4, 4, 4, 4, 4, 5, 1, 4, 4, 4, 4, 2, 2, 0, 4, 5, 4, 4, 4, 4, 4, 4, 4, 4, 1, 1, 1, 4, 4, 2, 5, 5, 4, 4, 4, 4, 4, 4, 4, 4, 4, 1, 4, 1, 4, 4, 1, 1, 4, 4, 4, 5, 4, 4, 4, 4, 4, 5, 5, 5, 5, 4, 5, 4, 4, 4, 4, 4, 4, 5, 4, 4, 5, 1, 2, 5, 5, 1, 4, 4, 1, 5, 4, 4, 4, 1, 4, 5, 2, 4, 2, 4, 2], "uids": ["0", "1", "2", "3", "4", "5", "6", "7", "8", "9", "10", "11", "12", "13", "14", "15", "16", "17", "18", "19", "20", "21", "22", "23", "24", "25", "26", "27", "28", "29", "30", "31", "32", "33", "34", "35", "36", "37", "38", "39", "40", "41", "42", "43", "44", "45", "46", "47", "48", "49", "50", "51", "52", "53", "54", "55", "56", "57", "58", "59", "60", "61", "62", "63", "64", "65", "66", "67", "68", "69", "70", "71", "72", "73", "74", "75", "76", "77", "78", "79", "80", "81", "82", "83", "84", "85", "86", "87", "88", "89", "90", "91", "92", "93", "94", "95", "96", "97", "98", "99", "100", "101", "102", "103", "104", "105", "106", "107", "108", "109", "110"], "scores": [0.08543114364147186, 0.6133698225021362, 0.02441178634762764, 0.031060190871357918, 0.03786992281675339, 0.2078571915626526, 0.027617773041129112, 0.0780322328209877, 0.02016361989080906, 0.021039849147200584, 0.7815221548080444, 0.07162436097860336, 0.08535429835319519, 0.46051040291786194, 0.036840878427028656, 0.04676084220409393, 0.29614701867103577, 0.0743866041302681, 0.19657815992832184, 0.2650080621242523, 0.0942818820476532, 0.06179796904325485, 0.3462773859500885, 0.036056555807590485, 0.03455914184451103, 0.022320086136460304, 0.0027326801791787148, 0.007935388945043087, 0.8680655360221863, 0.06438712030649185, 0.08675689995288849, 0.1436610221862793, 0.017605960369110107, 0.016950316727161407, 0.6327287554740906, 0.10229707509279251, 0.04281638190150261, 0.12559247016906738, 0.04913856461644173, 0.017987513914704323, 0.6645495295524597, 0.09991558641195297, 0.2446211576461792, 0.17301258444786072, 0.04696717858314514, 0.06018787994980812, 0.4053528308868408, 0.06985843181610107, 0.17407120764255524, 0.399890661239624, 0.05621718242764473, 0.06741836667060852, 0.18652847409248352, 0.1158740445971489, 0.12740977108478546, 0.02994675561785698, 0.018921412527561188, 0.03524657338857651, 0.7096707820892334, 0.07880471646785736, 0.07107650488615036, 0.02894524484872818, 0.015558113344013691, 0.021519050002098083, 0.8053960204124451, 0.05750506743788719, 0.017347415909171104, 0.04182017594575882, 0.03564223274588585, 0.009706426411867142, 0.8659523129463196, 0.029531531035900116, 0.05506107956171036, 0.06675127148628235, 0.00815169420093298, 0.014565887860953808, 0.673646867275238, 0.1818232387304306, 0.1144271269440651, 0.0756920650601387, 0.008940828032791615, 0.03273829072713852, 0.43648383021354675, 0.3317178785800934, 0.03259320557117462, 0.09456681460142136, 0.028678689152002335, 0.012049171142280102, 0.7957620024681091, 0.03635009378194809, 0.11616506427526474, 0.0429588221013546, 0.020372794941067696, 0.01947775110602379, 0.7825440764427185, 0.018481438979506493, 0.4937913119792938, 0.0648023784160614, 0.012321722693741322, 0.05126339569687843, 0.34816232323646545, 0.029658935964107513, 0.09116118401288986, 0.5953047275543213, 0.01574990153312683, 0.05957995355129242, 0.04475124925374985, 0.19345302879810333, 0.043494805693626404, 0.0432225801050663, 0.005960247945040464, 0.013211230747401714, 0.8243817090988159, 0.06972949206829071, 0.020885707810521126, 0.017627060413360596, 0.008469519205391407, 0.00696922279894352, 0.9172051548957825, 0.028843268752098083, 0.21962690353393555, 0.06687162071466446, 0.029901666566729546, 0.025670934468507767, 0.6237671971321106, 0.03416166454553604, 0.2040713131427765, 0.02790944091975689, 0.017094388604164124, 0.021950488910079002, 0.7085886001586914, 0.020385731011629105, 0.07307516783475876, 0.10762321949005127, 0.05906332656741142, 0.04053664579987526, 0.5657448172569275, 0.1539568156003952, 0.14879541099071503, 0.34433069825172424, 0.008577642031013966, 0.051782045513391495, 0.07546321302652359, 0.37105098366737366, 0.08563632518053055, 0.44039788842201233, 0.018400054425001144, 0.04601578041911125, 0.10566937923431396, 0.30388057231903076, 0.02886148728430271, 0.02843085117638111, 0.026156805455684662, 0.011728508397936821, 0.8536632061004639, 0.05115911364555359, 0.04872898757457733, 0.00985255092382431, 0.012904497794806957, 0.01446476113051176, 0.8838334083557129, 0.03021581470966339, 0.029493777081370354, 0.023011988028883934, 0.017124071717262268, 0.012540054507553577, 0.8720755577087402, 0.0457545667886734, 0.0655965805053711, 0.03490503504872322, 0.01672489009797573, 0.016062935814261436, 0.836628258228302, 0.03008231893181801, 0.013425088487565517, 0.17510926723480225, 0.48330432176589966, 0.024251988157629967, 0.2273891121149063, 0.07652027904987335, 0.013383850455284119, 0.08610372990369797, 0.4551719129085541, 0.0185313168913126, 0.3668465316295624, 0.05996261164546013, 0.45860588550567627, 0.10204948484897614, 0.13305172324180603, 0.11127448827028275, 0.15285874903202057, 0.042159583419561386, 0.060836061835289, 0.09507591277360916, 0.046080783009529114, 0.013188252225518227, 0.7417897582054138, 0.04302928224205971, 0.07443424314260483, 0.22228829562664032, 0.026082148775458336, 0.032300230115652084, 0.2898068428039551, 0.3550882041454315, 0.04912766069173813, 0.1787283718585968, 0.0223639328032732, 0.027113649994134903, 0.5526925921440125, 0.16997377574443817, 0.030669648200273514, 0.010278052650392056, 0.007462988141924143, 0.008583197370171547, 0.9323301911354065, 0.010675989091396332, 0.05291707441210747, 0.011772556230425835, 0.0070480406284332275, 0.012666024267673492, 0.9011448621749878, 0.014451444149017334, 0.08241041004657745, 0.12320924550294876, 0.040349364280700684, 0.03562527894973755, 0.5999354124069214, 0.11847018450498581, 0.1722276210784912, 0.16857832670211792, 0.01676362194120884, 0.02334694378077984, 0.510676383972168, 0.10840713232755661, 0.19602257013320923, 0.056119728833436966, 0.02766314707696438, 0.023596150800585747, 0.658329427242279, 0.03826891630887985, 0.23836539685726166, 0.05252622440457344, 0.06540830433368683, 0.05371633917093277, 0.5651637315750122, 0.02482001483440399, 0.03537425026297569, 0.12160583585500717, 0.1300116330385208, 0.015709245577454567, 0.6549513936042786, 0.04234766960144043, 0.07060258835554123, 0.43200933933258057, 0.11419641971588135, 0.0249412190169096, 0.26321908831596375, 0.09503139555454254, 0.027381187304854393, 0.6967241168022156, 0.02810191921889782, 0.03312670439481735, 0.030502043664455414, 0.18416400253772736, 0.09751645475625992, 0.4161510169506073, 0.024111824110150337, 0.05868716537952423, 0.1244623139500618, 0.27907127141952515, 0.03878096491098404, 0.027122188359498978, 0.005241885781288147, 0.012110636569559574, 0.8709931373596191, 0.04575119912624359, 0.033879607915878296, 0.05466290935873985, 0.3373343050479889, 0.0255467277020216, 0.5050235390663147, 0.04355296865105629, 0.02119329199194908, 0.03834201768040657, 0.8746404051780701, 0.020268812775611877, 0.03506027162075043, 0.010495238937437534, 0.10571148991584778, 0.1556905061006546, 0.030078377574682236, 0.058384280651807785, 0.24244572222232819, 0.4076896011829376, 0.05286182090640068, 0.20919284224510193, 0.06572742760181427, 0.04961657524108887, 0.21436333656311035, 0.4082379937171936, 0.015992552042007446, 0.07484900206327438, 0.024543728679418564, 0.011218002066016197, 0.8207825422286987, 0.052614159882068634, 0.05213231220841408, 0.07998578250408173, 0.05466119572520256, 0.025848163291811943, 0.73377925157547, 0.053593236953020096, 0.02034902013838291, 0.018177464604377747, 0.027257602661848068, 0.01069365069270134, 0.8897619247436523, 0.03376037999987602, 0.027090976014733315, 0.050797320902347565, 0.09091224521398544, 0.020785653963685036, 0.7444654703140259, 0.06594832241535187, 0.09846587479114532, 0.10748179256916046, 0.17936013638973236, 0.038986485451459885, 