{"metrics": {"ACC": 36.03603603603604, "F1": 8.830022075055188}, "predictions": [4, 4, 4, 4, 4, 4, 4, 4, 4, 4, 4, 4, 4, 4, 4, 4, 4, 4, 4, 4, 4, 4, 4, 4, 4, 4, 4, 4, 4, 4, 4, 4, 4, 4, 4, 4, 4, 4, 4, 4, 4, 4, 4, 4, 4, 4, 4, 4, 4, 4, 4, 4, 4, 4, 4, 4, 4, 4, 4, 4, 4, 4, 4, 4, 4, 4, 4, 4, 4, 4, 4, 4, 4, 4, 4, 4, 4, 4, 4, 4, 4, 4, 4, 4, 4, 4, 4, 4, 4, 4, 4, 4, 4, 4, 4, 4, 4, 4, 4, 4, 4, 4, 4, 4, 4, 4, 4, 4, 4, 4, 4], "uids": ["0", "1", "2", "3", "4", "5", "6", "7", "8", "9", "10", "11", "12", "13", "14", "15", "16", "17", "18", "19", "20", "21", "22", "23", "24", "25", "26", "27", "28", "29", "30", "31", "32", "33", "34", "35", "36", "37", "38", "39", "40", "41", "42", "43", "44", "45", "46", "47", "48", "49", "50", "51", "52", "53", "54", "55", "56", "57", "58", "59", "60", "61", "62", "63", "64", "65", "66", "67", "68", "69", "70", "71", "72", "73", "74", "75", "76", "77", "78", "79", "80", "81", "82", "83", "84", "85", "86", "87", "88", "89", "90", "91", "92", "93", "94", "95", "96", "97", "98", "99", "100", "101", "102", "103", "104", "105", "106", "107", "108", "109", "110"], "scores": [0.12953580915927887, 0.19125910103321075, 0.05365227162837982, 0.032135337591171265, 0.4175754487514496, 0.1758420467376709, 0.10762844979763031, 0.10090342909097672, 0.03224702551960945, 0.02267066389322281, 0.5900266170501709, 0.14652374386787415, 0.10192888975143433, 0.1079503521323204, 0.03440114110708237, 0.021877579391002655, 0.5902671217918396, 0.14357498288154602, 0.11372745782136917, 0.1277390569448471, 0.057074133306741714, 0.023161258548498154, 0.5459449291229248, 0.13235321640968323, 0.10592054575681686, 0.08687705546617508, 0.022871868684887886, 0.0198740866035223, 0.61463862657547, 0.14981785416603088, 0.09941239655017853, 0.10865626484155655, 0.02971016988158226, 0.02018997259438038, 0.5744407176971436, 0.16759051382541656, 0.0883176252245903, 0.13144312798976898, 0.05757119879126549, 0.021568424999713898, 0.5646951794624329, 0.13640441000461578, 0.1358925700187683, 0.11969536542892456, 0.0397096686065197, 0.026020143181085587, 0.5555351376533508, 0.12314709275960922, 0.11702616512775421, 0.12166628241539001, 0.04231860861182213, 0.025329016149044037, 0.5551093220710754, 0.13855059444904327, 0.11656243354082108, 0.08687093108892441, 0.035478800535202026, 0.024860640987753868, 0.5978737473487854, 0.13835351169109344, 0.09946771711111069, 0.08984150737524033, 0.03738553076982498, 0.02183123491704464, 0.616122841835022, 0.13535113632678986, 0.056422147899866104, 0.1755187064409256, 0.24007877707481384, 0.02823217213153839, 0.3885515034198761, 0.11119656264781952, 0.09773534536361694, 0.09740717709064484, 0.027403777465224266, 0.0193378534168005, 0.6015927195549011, 0.15652309358119965, 0.11396755278110504, 0.10273230075836182, 0.028494086116552353, 0.0221798624843359, 0.5847381353378296, 0.14788809418678284, 0.09917063266038895, 0.09146222472190857, 0.03318674862384796, 0.01772848330438137, 0.6483235955238342, 0.1101282387971878, 0.10395380109548569, 0.09752444922924042, 0.02664204128086567, 0.019515138119459152, 0.6220952868461609, 0.13026924431324005, 0.16067707538604736, 0.10409659892320633, 0.03479127213358879, 0.02374933660030365, 0.5831571221351624, 0.09352860599756241, 0.12667089700698853, 0.14089246094226837, 0.040104273706674576, 0.028649916872382164, 0.5199236869812012, 0.14375880360603333, 0.11468462646007538, 0.09783639013767242, 0.028196746483445168, 0.021134283393621445, 0.6140522956848145, 0.12409564107656479, 0.0987093448638916, 0.10328346490859985, 0.03690717741847038, 0.0230264775454998, 0.5991283059120178, 0.13894520699977875, 0.1384076178073883, 0.18937601149082184, 0.04641908034682274, 0.03170718252658844, 0.4185114800930023, 0.17557863891124725, 0.1203286275267601, 0.22434866428375244, 0.07147324830293655, 0.04152556136250496, 0.3487420082092285, 0.19358183443546295, 0.10954338312149048, 0.22508344054222107, 0.06846802681684494, 0.03620400279760361, 0.36726680397987366, 0.19343426823616028, 0.1063690036535263, 0.120329350233078, 0.03218187019228935, 0.02163284830749035, 0.5445191860198975, 0.1749677211046219, 0.09123554080724716, 0.12740984559059143, 0.0504821315407753, 0.02328026480972767, 0.5397331118583679, 0.16785912215709686, 0.09446149319410324, 0.114681676030159, 0.04891379922628403, 0.022476598620414734, 0.5717716217041016, 0.14769479632377625, 0.10961360484361649, 0.09767971932888031, 0.04629538580775261, 0.02126740850508213, 0.5992464423179626, 0.12589742243289948, 0.10057177394628525, 0.10589399188756943, 0.04635798931121826, 0.021727001294493675, 0.5884634852409363, 0.13698573410511017, 0.12025593966245651, 0.07962383329868317, 0.03201455995440483, 0.020693451166152954, 0.6248159408569336, 0.12259624153375626, 0.05477772653102875, 0.181529238820076, 0.2567160427570343, 0.028685515746474266, 0.3625619411468506, 0.11572952568531036, 0.056979700922966, 0.17406736314296722, 0.25777262449264526, 0.028515895828604698, 0.36952829360961914, 0.11313612759113312, 0.1220230683684349, 0.09378944337368011, 0.044841572642326355, 0.024535691365599632, 0.5893934369087219, 0.12541677057743073, 0.09387783706188202, 0.13660934567451477, 0.075385682284832, 0.022005906328558922, 0.5353596806526184, 0.13676151633262634, 0.0953776091337204, 0.12487218528985977, 0.06096367910504341, 0.021286634728312492, 0.5503595471382141, 0.14714033901691437, 0.09118464589118958, 0.0941021516919136, 0.028999000787734985, 0.019595090299844742, 0.6187511086463928, 0.14736805856227875, 0.09069522470235825, 0.0867215245962143, 0.03355696424841881, 0.018363283947110176, 0.6555445790290833, 0.11511846631765366, 0.09142354875802994, 0.0923134908080101, 0.033697709441185, 0.02130231074988842, 0.6370351314544678, 0.12422781437635422, 0.09386786818504333, 0.10623997449874878, 0.03999309986829758, 0.02307114191353321, 0.5976917147636414, 0.13913622498512268, 0.1121760830283165, 0.11840184032917023, 0.04273132607340813, 0.021505124866962433, 0.5744879245758057, 0.13069777190685272, 0.10450254380702972, 0.11139925569295883, 0.039598774164915085, 0.019092263653874397, 0.5927894711494446, 0.13261760771274567, 0.09916134923696518, 0.09460517019033432, 0.031847815960645676, 0.01861005462706089, 0.6409203410148621, 0.11485526710748672, 0.09517701715230942, 0.13993510603904724, 0.05731216073036194, 0.021536722779273987, 0.5457946062088013, 0.14024440944194794, 0.09979724884033203, 0.12655514478683472, 0.046089671552181244, 0.01966601237654686, 0.5735958218574524, 0.13429610431194305, 0.11457453668117523, 0.18055157363414764, 0.058549948036670685, 0.0293591171503067, 0.4479215145111084, 0.16904334723949432, 0.11380667239427567, 0.14051789045333862, 0.0537470206618309, 0.02595498412847519, 0.5133441686630249, 0.15262922644615173, 0.09854108095169067, 0.09973478317260742, 0.030126364901661873, 0.019854040816426277, 0.6180456280708313, 0.13369810581207275, 0.1110559031367302, 0.10910843312740326, 0.04814450815320015, 0.02418067678809166, 0.5718595385551453, 0.13565093278884888, 0.11982318013906479, 0.10605645179748535, 0.0635988861322403, 0.024734437465667725, 0.562954843044281, 0.12283223867416382, 0.10700879245996475, 0.10664835572242737, 0.0398351289331913, 0.024631600826978683, 0.5710932612419128, 0.15078286826610565, 0.098443903028965, 0.11838948726654053, 0.047060657292604446, 0.023071184754371643, 0.5545923113822937, 0.1584424525499344, 0.08427035808563232, 0.12394458055496216, 0.06551802903413773, 0.020635291934013367, 0.5721780061721802, 0.13345378637313843, 0.09205503016710281, 0.11099521815776825, 0.057221706956624985, 0.020954003557562828, 0.5906018614768982, 0.12817223370075226, 0.08918457478284836, 0.10195741057395935, 0.04488687589764595, 0.021511005237698555, 0.6044961214065552, 0.13796401023864746, 0.0908408984541893, 0.10696398466825485, 0.04190188646316528, 0.021523062139749527, 0.5910283327102661, 0.14774182438850403, 0.09009291231632233, 0.12327731400728226, 0.07033855468034744, 0.023624515160918236, 0.5471600890159607, 0.14550666511058807, 0.09864120185375214, 