{"metrics": {"ACC": 35.13513513513514, "F1": 24.78721853721854}, "predictions": [1, 4, 1, 4, 4, 4, 4, 4, 1, 4, 4, 4, 4, 5, 4, 4, 0, 1, 4, 4, 4, 4, 4, 5, 5, 4, 4, 4, 4, 2, 4, 0, 4, 5, 4, 4, 4, 4, 4, 4, 4, 4, 1, 1, 1, 4, 4, 2, 5, 5, 4, 4, 4, 4, 4, 4, 4, 4, 4, 4, 4, 1, 4, 4, 5, 5, 5, 0, 0, 5, 4, 4, 4, 4, 4, 4, 5, 5, 5, 4, 5, 4, 4, 4, 4, 4, 4, 5, 1, 4, 5, 1, 2, 5, 5, 5, 4, 4, 1, 5, 4, 4, 4, 4, 4, 5, 4, 4, 4, 4, 2], "uids": ["0", "1", "2", "3", "4", "5", "6", "7", "8", "9", "10", "11", "12", "13", "14", "15", "16", "17", "18", "19", "20", "21", "22", "23", "24", "25", "26", "27", "28", "29", "30", "31", "32", "33", "34", "35", "36", "37", "38", "39", "40", "41", "42", "43", "44", "45", "46", "47", "48", "49", "50", "51", "52", "53", "54", "55", "56", "57", "58", "59", "60", "61", "62", "63", "64", "65", "66", "67", "68", "69", "70", "71", "72", "73", "74", "75", "76", "77", "78", "79", "80", "81", "82", "83", "84", "85", "86", "87", "88", "89", "90", "91", "92", "93", "94", "95", "96", "97", "98", "99", "100", "101", "102", "103", "104", "105", "106", "107", "108", "109", "110"], "scores": [0.08534211665391922, 0.49227482080459595, 0.014851418323814869, 0.03461386635899544, 0.027361147105693817, 0.3455565273761749, 0.020948050543665886, 0.04409216344356537, 0.01653795689344406, 0.018372317776083946, 0.8330479860305786, 0.06700156629085541, 0.07912392169237137, 0.4692445695400238, 0.02647092565894127, 0.0569646954536438, 0.26255518198013306, 0.105640709400177, 0.20015010237693787, 0.2341351956129074, 0.07705744355916977, 0.05950121954083443, 0.3959645628929138, 0.03319147601723671, 0.01936314068734646, 0.009757793508470058, 0.002161711920052767, 0.006476449314504862, 0.8954102396965027, 0.06683070957660675, 0.063852958381176, 0.07572498172521591, 0.008488274179399014, 0.013709986582398415, 0.7235522270202637, 0.1146715059876442, 0.020090781152248383, 0.030865155160427094, 0.02593422867357731, 0.008084557019174099, 0.8692631125450134, 0.04576210305094719, 0.24971230328083038, 0.0919349417090416, 0.023752210661768913, 0.05302315950393677, 0.5239026546478271, 0.05767469480633736, 0.21004824340343475, 0.361021488904953, 0.044140398502349854, 0.07510703802108765, 0.1919560730457306, 0.11772677302360535, 0.1215067058801651, 0.024044094607234, 0.016506344079971313, 0.04374893009662628, 0.6882727742195129, 0.1059212014079094, 0.05784565210342407, 0.012974699027836323, 0.009305265732109547, 0.0203307643532753, 0.8575025796890259, 0.04204102233052254, 0.012696347199380398, 0.03548267483711243, 0.0572056844830513, 0.010952839627861977, 0.8449621796607971, 0.03870026022195816, 0.035316526889801025, 0.03917524591088295, 0.005718260072171688, 0.013524750247597694, 0.6686114072799683, 0.23765380680561066, 0.10758849233388901, 0.06947639584541321, 0.006754688452929258, 0.045723624527454376, 0.2462632656097412, 0.524193525314331, 0.014447836205363274, 0.04351818561553955, 0.021142099052667618, 0.0076424493454396725, 0.8850807547569275, 0.028168752789497375, 0.08706541359424591, 0.015251614153385162, 0.014904863201081753, 0.016006916761398315, 0.8564981818199158, 0.01027302909642458, 0.5347694754600525, 0.05179978534579277, 0.009541869163513184, 0.056875310838222504, 0.3187344968318939, 0.028278999030590057, 0.0759333074092865, 0.6177651286125183, 0.011898591183125973, 0.05715015530586243, 0.02485303394496441, 0.21239975094795227, 0.023808997124433517, 0.015766428783535957, 0.003713397542014718, 0.008830380626022816, 0.8932908177375793, 0.05458999052643776, 0.012188602238893509, 0.007781030144542456, 0.00638763140887022, 0.00521026412025094, 0.9431272745132446, 0.02530522085726261, 0.21560510993003845, 0.03453335911035538, 0.023245660588145256, 0.02447322942316532, 0.6732840538024902, 0.028858652338385582, 0.15755192935466766, 0.012512972578406334, 0.012496323324739933, 0.019312890246510506, 0.7844095826148987, 0.013716263696551323, 0.04372778907418251, 0.015060635283589363, 0.033297497779130936, 0.02520320564508438, 0.8243553042411804, 0.05835561454296112, 0.06656817346811295, 0.18909063935279846, 0.0038923174142837524, 0.03913944214582443, 0.04417750984430313, 0.6571319103240967, 0.07560370117425919, 0.294264554977417, 0.010464045219123363, 0.047374382615089417, 0.10959766060113907, 0.4626956880092621, 0.021642791107296944, 0.013634487055242062, 0.017495237290859222, 0.010193592868745327, 0.8924348950386047, 0.04459892958402634, 0.048539984971284866, 0.0075105419382452965, 0.011031203903257847, 0.019879786297678947, 0.871046245098114, 0.04199223592877388, 0.024763109162449837, 0.011335036717355251, 0.012733535841107368, 0.013954105786979198, 0.8860385417938232, 0.05117568373680115, 0.05306200310587883, 0.014742137864232063, 0.006867863237857819, 0.013945567421615124, 0.8772637248039246, 0.0341186560690403, 0.011041892692446709, 0.1549282968044281, 0.48724275827407837, 0.021377170458436012, 0.24922388792037964, 0.07618600130081177, 0.009276408702135086, 0.03913582116365433, 0.16393570601940155, 0.010717494413256645, 0.7245329022407532, 0.05240166559815407, 0.5108552575111389, 0.08043072372674942, 0.10424209386110306, 0.12485305219888687, 0.13841506838798523, 0.04120378568768501, 0.03160944581031799, 0.02816646359860897, 0.018989911302924156, 0.007111800368875265, 0.8912632465362549, 0.022859089076519012, 0.05006326735019684, 0.09733135253190994, 0.01693790778517723, 0.02789921686053276, 0.3239690661430359, 0.48379915952682495, 0.039152417331933975, 0.1039237380027771, 0.014478463679552078, 0.02192486822605133, 0.6360473036766052, 0.18447314202785492, 0.025960024446249008, 0.006428821012377739, 0.005081560462713242, 0.008618692867457867, 0.9427377581596375, 0.011173101142048836, 0.046451136469841, 0.006640132050961256, 0.006034377031028271, 0.01385049894452095, 0.9110829830169678, 0.015940885990858078, 0.06691823154687881, 0.10273237526416779, 0.03886738047003746, 0.03760689124464989, 0.5831992626190186, 0.1706758290529251, 0.17010504007339478, 0.1368829309940338, 0.009938309900462627, 0.029192188754677773, 0.4530024230480194, 0.20087912678718567, 0.13881705701351166, 0.01703483611345291, 0.010121872648596764, 0.020439529791474342, 0.7754820585250854, 0.03810465708374977, 0.2175561487674713, 0.024891125038266182, 0.032158538699150085, 0.04638555645942688, 0.6554847955703735, 0.023523887619376183, 0.019703444093465805, 0.04371148347854614, 0.07308296859264374, 0.009133885614573956, 0.8287370204925537, 0.02563115581870079, 0.061665233224630356, 0.38364821672439575, 0.11841905862092972, 0.023799477145075798, 0.32005229592323303, 0.09241575747728348, 0.020261898636817932, 0.7136635184288025, 0.025437084957957268, 0.03462707996368408, 0.012380925007164478, 0.19362950325012207, 0.08999457210302353, 0.41202685236930847, 0.021891430020332336, 0.06424155086278915, 0.07838818430900574, 0.333457350730896, 0.0247591994702816, 0.014179268851876259, 0.003601707983762026, 0.010304163210093975, 0.9033260345458984, 0.04382963106036186, 0.044488560408353806, 0.013518394902348518, 0.01269520353525877, 0.025957966223359108, 0.8445248007774353, 0.05881509184837341, 0.01895955204963684, 0.03602804243564606, 0.8875375986099243, 0.01883048191666603, 0.029256805777549744, 0.0093875452876091, 0.07910706847906113, 0.0981309786438942, 0.028464430943131447, 0.0711100697517395, 0.16487087309360504, 0.5583166480064392, 0.04200020059943199, 0.10908655822277069, 0.06357388943433762, 0.04721316695213318, 0.2817703187465668, 0.4563557803630829, 0.006947724148631096, 0.01677459105849266, 0.010337309911847115, 0.005226208362728357, 0.9287423491477966, 0.031971853226423264, 0.030073106288909912, 0.02800610102713108, 0.026090344414114952, 0.018050696700811386, 0.8501063585281372, 0.04767342284321785, 0.014845562167465687, 0.00853851716965437, 0.017605658620595932, 0.00977491494268179, 0.9121395349502563, 0.03709578514099121, 0.01930232159793377, 0.017906786873936653, 0.04313046485185623, 0.01772879809141159, 0.8213750123977661, 0.08055659383535385, 0.045274391770362854, 0.02320810779929161, 