{"metrics": {"ACC": 35.13513513513514, "F1": 25.412987807208655}, "predictions": [1, 4, 1, 4, 4, 4, 4, 4, 1, 4, 4, 4, 4, 5, 4, 4, 0, 1, 4, 4, 4, 4, 4, 5, 5, 4, 4, 4, 4, 2, 4, 0, 4, 5, 4, 4, 4, 4, 4, 4, 4, 4, 1, 1, 1, 4, 4, 2, 5, 5, 4, 4, 4, 4, 4, 4, 4, 4, 4, 1, 4, 1, 4, 4, 1, 1, 4, 0, 0, 5, 4, 5, 4, 4, 4, 5, 5, 5, 5, 4, 5, 4, 4, 4, 4, 4, 4, 5, 0, 4, 5, 1, 2, 5, 5, 0, 4, 4, 1, 5, 4, 4, 2, 4, 4, 5, 4, 4, 4, 4, 2], "uids": ["0", "1", "2", "3", "4", "5", "6", "7", "8", "9", "10", "11", "12", "13", "14", "15", "16", "17", "18", "19", "20", "21", "22", "23", "24", "25", "26", "27", "28", "29", "30", "31", "32", "33", "34", "35", "36", "37", "38", "39", "40", "41", "42", "43", "44", "45", "46", "47", "48", "49", "50", "51", "52", "53", "54", "55", "56", "57", "58", "59", "60", "61", "62", "63", "64", "65", "66", "67", "68", "69", "70", "71", "72", "73", "74", "75", "76", "77", "78", "79", "80", "81", "82", "83", "84", "85", "86", "87", "88", "89", "90", "91", "92", "93", "94", "95", "96", "97", "98", "99", "100", "101", "102", "103", "104", "105", "106", "107", "108", "109", "110"], "scores": [0.08385168015956879, 0.5691657066345215, 0.015010441653430462, 0.03146691620349884, 0.01244852039963007, 0.28805670142173767, 0.026495175436139107, 0.04229062423110008, 0.015390199609100819, 0.017240628600120544, 0.8605677485466003, 0.03801560774445534, 0.08376810699701309, 0.655490517616272, 0.024127306416630745, 0.050041962414979935, 0.12351839989423752, 0.06305362284183502, 0.23921367526054382, 0.2375170886516571, 0.06744728237390518, 0.05882885307073593, 0.3742440938949585, 0.02274903655052185, 0.037821635603904724, 0.009176107123494148, 0.0024333519395440817, 0.008206969127058983, 0.9035345315933228, 0.03882741555571556, 0.055660001933574677, 0.04031394422054291, 0.007773252669721842, 0.010036353021860123, 0.8454504013061523, 0.04076600447297096, 0.020575743168592453, 0.023601381108164787, 0.020973054692149162, 0.0075125196017324924, 0.8878844380378723, 0.03945290297269821, 0.3043387830257416, 0.11241499334573746, 0.025224333629012108, 0.06244995817542076, 0.4351102411746979, 0.06046168878674507, 0.19513840973377228, 0.5067980885505676, 0.04167073220014572, 0.07434918731451035, 0.07708218693733215, 0.10496143251657486, 0.11946914345026016, 0.01449717115610838, 0.013282516039907932, 0.038807328790426254, 0.7407534718513489, 0.07319042086601257, 0.05687199532985687, 0.008617227897047997, 0.007260506972670555, 0.017815960571169853, 0.8800984025001526, 0.02933589182794094, 0.011623830534517765, 0.017338303849101067, 0.030456924811005592, 0.00747796380892396, 0.9127413630485535, 0.02036159858107567, 0.034316789358854294, 0.01771482080221176, 0.0036897112149745226, 0.009911766275763512, 0.8069676756858826, 0.127399280667305, 0.13955892622470856, 0.0427950918674469, 0.006501178257167339, 0.046699464321136475, 0.3646821975708008, 0.39976316690444946, 0.015180193819105625, 0.05129463970661163, 0.02545350417494774, 0.007746042218059301, 0.8748029470443726, 0.02552264742553234, 0.07998009771108627, 0.00835615023970604, 0.012350296601653099, 0.013046023435890675, 0.8800572752952576, 0.006210207939147949, 0.6455383896827698, 0.04181631654500961, 0.008685399778187275, 0.05799706652760506, 0.22708635032176971, 0.018876470625400543, 0.07619598507881165, 0.7229713201522827, 0.009970050305128098, 0.04730469733476639, 0.011509202420711517, 0.13204871118068695, 0.021447330713272095, 0.007597504649311304, 0.0026091851759701967, 0.00710018165409565, 0.9295697212219238, 0.03167615458369255, 0.014968786388635635, 0.005317788105458021, 0.005724577698856592, 0.004445748403668404, 0.9553177356719971, 0.014225337654352188, 0.2074812650680542, 0.0188576802611351, 0.018822316080331802, 0.020435985177755356, 0.7199904918670654, 0.014412232674658298, 0.1638539731502533, 0.008920813910663128, 0.01190137304365635, 0.018604233860969543, 0.7876372337341309, 0.009082453325390816, 0.06412999331951141, 0.007981518283486366, 0.03214104846119881, 0.026920167729258537, 0.8355701565742493, 0.03325716778635979, 0.12457095831632614, 0.30751684308052063, 0.004695724230259657, 0.05894138291478157, 0.019683057442307472, 0.48459193110466003, 0.07114442437887192, 0.3857174813747406, 0.008389539085328579, 0.04877910017967224, 0.026344332844018936, 0.45962512493133545, 0.023129452019929886, 0.009043930098414421, 0.013194434344768524, 0.009549397975206375, 0.9114806652069092, 0.03360214829444885, 0.053206320852041245, 0.004343843087553978, 0.009323065169155598, 0.02055894024670124, 0.8814342617988586, 0.031133508309721947, 0.02161560021340847, 0.006221895106136799, 0.009948169812560081, 0.01169294212013483, 0.9170800447463989, 0.03344142064452171, 0.07086674124002457, 0.02346908301115036, 0.0137670012190938, 0.018077917397022247, 0.848194420337677, 0.025624839588999748, 0.009268230758607388, 0.18078354001045227, 0.5830538272857666, 0.021488651633262634, 0.14344803988933563, 0.06195773556828499, 0.00937667116522789, 0.05396188423037529, 0.3341185748577118, 0.0136354835703969, 0.5380914807319641, 0.050815925002098083, 0.5834273099899292, 0.06447025388479233, 0.10111166536808014, 0.13987486064434052, 0.08206461369991302, 0.029051324352622032, 0.031207017600536346, 0.02029164507985115, 0.015825899317860603, 0.006202496588230133, 0.9119366407394409, 0.01453621406108141, 0.0530054084956646, 0.17119385302066803, 0.013659123331308365, 0.033529479056596756, 0.10719873011112213, 0.6214133501052856, 0.05366627871990204, 0.18146945536136627, 0.012976346537470818, 0.029552634805440903, 0.47331297397613525, 0.24902229011058807, 0.034261900931596756, 0.00535567756742239, 0.004756143782287836, 0.00985868088901043, 0.9360513687133789, 0.009716189466416836, 0.059606701135635376, 0.004898086190223694, 0.0052897208370268345, 0.015092176385223866, 0.9030826091766357, 0.012030631303787231, 0.1059456467628479, 0.12670426070690155, 0.04945859685540199, 0.05603882297873497, 0.4395315945148468, 0.2223210334777832, 0.1809878796339035, 0.10756056010723114, 0.007942769676446915, 0.02747359871864319, 0.5028880834579468, 0.173147052526474, 0.18429067730903625, 0.013346810825169086, 0.011903700418770313, 0.023371972143650055, 0.740399181842804, 0.02668765000998974, 0.2918185293674469, 0.021929237991571426, 0.042361751198768616, 0.053025033324956894, 0.5737563371658325, 0.017109138891100883, 0.020165281370282173, 0.03372787684202194, 0.08024270832538605, 0.00997188687324524, 0.8346512317657471, 0.021240944042801857, 0.05148269981145859, 0.37683048844337463, 0.10043882578611374, 0.0183243565261364, 0.3755439817905426, 0.07737968116998672, 0.01623412035405636, 0.8147597312927246, 0.016792427748441696, 0.022844035178422928, 0.0050368946976959705, 0.12433276325464249, 0.10143902897834778, 0.4694129228591919, 0.0178750641644001, 0.06618449836969376, 0.03895283490419388, 0.3061355948448181, 0.03259957954287529, 0.010042289271950722, 0.0027911122888326645, 0.010649660602211952, 0.9143818616867065, 0.02953549101948738, 0.040289513766765594, 0.008822981268167496, 0.011908452957868576, 0.022275757044553757, 0.8749905824661255, 0.041712742298841476, 0.01634879596531391, 0.035864926874637604, 0.9077555537223816, 0.018444744870066643, 0.014752182178199291, 0.006833737250417471, 0.10375744104385376, 0.11665219813585281, 0.028508562594652176, 0.09259678423404694, 0.06037254258990288, 0.5981124639511108, 0.047514431178569794, 0.14129602909088135, 0.057262685149908066, 0.056718721985816956, 0.10861626267433167, 0.5885918736457825, 0.007577595766633749, 0.03716488182544708, 0.01170437317341566, 0.006654967553913593, 0.8909361958503723, 0.04596197232604027, 0.0318613238632679, 0.031467974185943604, 0.020370354875922203, 0.016998127102851868, 0.8574606776237488, 0.04184149205684662, 0.01197862345725298, 0.005397332366555929, 0.012724870815873146, 0.0074068657122552395, 0.9370517134666443, 0.02544049173593521, 0.018098575994372368, 0.015833020210266113, 0.04844672977924347, 0.01818898506462574, 0.8160624504089355, 0.08337020128965378, 0.06290553510189056, 