{"metrics": {"ACC": 36.93693693693694, "F1": 16.46080368906456}, "predictions": [1, 4, 4, 4, 4, 4, 4, 4, 4, 4, 4, 4, 4, 4, 4, 4, 0, 1, 4, 4, 4, 4, 1, 4, 4, 4, 4, 4, 4, 4, 4, 4, 4, 4, 4, 4, 4, 4, 4, 4, 4, 4, 4, 1, 4, 4, 4, 2, 4, 4, 4, 4, 4, 4, 4, 4, 4, 4, 4, 4, 4, 1, 4, 4, 4, 4, 4, 4, 4, 4, 4, 4, 4, 4, 4, 4, 4, 4, 4, 4, 4, 4, 4, 4, 4, 4, 4, 4, 4, 4, 1, 1, 4, 4, 5, 4, 4, 4, 2, 4, 4, 4, 4, 4, 4, 4, 4, 4, 2, 4, 2], "uids": ["0", "1", "2", "3", "4", "5", "6", "7", "8", "9", "10", "11", "12", "13", "14", "15", "16", "17", "18", "19", "20", "21", "22", "23", "24", "25", "26", "27", "28", "29", "30", "31", "32", "33", "34", "35", "36", "37", "38", "39", "40", "41", "42", "43", "44", "45", "46", "47", "48", "49", "50", "51", "52", "53", "54", "55", "56", "57", "58", "59", "60", "61", "62", "63", "64", "65", "66", "67", "68", "69", "70", "71", "72", "73", "74", "75", "76", "77", "78", "79", "80", "81", "82", "83", "84", "85", "86", "87", "88", "89", "90", "91", "92", "93", "94", "95", "96", "97", "98", "99", "100", "101", "102", "103", "104", "105", "106", "107", "108", "109", "110"], "scores": [0.15557363629341125, 0.3630425035953522, 0.03184719756245613, 0.04763827845454216, 0.19350069761276245, 0.2083977311849594, 0.05340045318007469, 0.06551115959882736, 0.02288088947534561, 0.017370374873280525, 0.7915557622909546, 0.049281369894742966, 0.12625443935394287, 0.19055555760860443, 0.03896424546837807, 0.04012901708483696, 0.5424134135246277, 0.06168333813548088, 0.23097658157348633, 0.15916332602500916, 0.06274039298295975, 0.05249733477830887, 0.44636204838752747, 0.048260319977998734, 0.15191863477230072, 0.09064767509698868, 0.008926352486014366, 0.02329844981431961, 0.6263119578361511, 0.09889692068099976, 0.1633058339357376, 0.17714324593544006, 0.03079034946858883, 0.028167570009827614, 0.48454102873802185, 0.11605194956064224, 0.07448248565196991, 0.1956849843263626, 0.08862125873565674, 0.027324287220835686, 0.514133870601654, 0.09975315630435944, 0.23642463982105255, 0.12808696925640106, 0.049531370401382446, 0.05509122833609581, 0.46292415261268616, 0.06794159859418869, 0.20780518651008606, 0.19262434542179108, 0.05836568400263786, 0.05984187126159668, 0.3995421528816223, 0.0818207859992981, 0.17209136486053467, 0.04745010659098625, 0.026189597323536873, 0.04228151589632034, 0.6270744800567627, 0.08491295576095581, 0.11700627952814102, 0.04445965588092804, 0.02149958163499832, 0.030534015968441963, 0.7139634490013123, 0.07253703474998474, 0.033646631985902786, 0.08154001086950302, 0.06563786417245865, 0.015448828227818012, 0.753247082233429, 0.05047963932156563, 0.08814389258623123, 0.10533815622329712, 0.01535062026232481, 0.020131131634116173, 0.6210803389549255, 0.14995591342449188, 0.15202778577804565, 0.07925044745206833, 0.011976697482168674, 0.02479248121380806, 0.6275309324264526, 0.10442163050174713, 0.07826180756092072, 0.09365203976631165, 0.03935311734676361, 0.01861698552966118, 0.7247598767280579, 0.04535617306828499, 0.2035435140132904, 0.09520480781793594, 0.040662068873643875, 0.03342289850115776, 0.5878703594207764, 0.03929629921913147, 0.4178885519504547, 0.08330255001783371, 0.01878279633820057, 0.051428377628326416, 0.38938161730766296, 0.039216116070747375, 0.16349704563617706, 0.3591464161872864, 0.02202681079506874, 0.061538878828287125, 0.23527835309505463, 0.1585123986005783, 0.10919594019651413, 0.06188150867819786, 0.012379409745335579, 0.019612425938248634, 0.7309608459472656, 0.06596991419792175, 0.06937798857688904, 0.07724380493164062, 0.026170166209340096, 0.022828483954072, 0.728166401386261, 0.07621324807405472, 0.23935244977474213, 0.14910252392292023, 0.03358355909585953, 0.04171442613005638, 0.41857561469078064, 0.11767140030860901, 0.22863417863845825, 0.19110696017742157, 0.03176340088248253, 0.05752522125840187, 0.3395553529262543, 0.15141481161117554, 0.0745760053396225, 0.37111788988113403, 0.057981546968221664, 0.05934387445449829, 0.14233557879924774, 0.2946450710296631, 0.19061872363090515, 0.20884984731674194, 0.015166332013905048, 0.03931523859500885, 0.32350507378578186, 0.2225448042154312, 0.11942138522863388, 0.2598852515220642, 0.03041953034698963, 0.04230363294482231, 0.33772507309913635, 0.21024513244628906, 0.06746992468833923, 0.08674336969852448, 0.04635109379887581, 0.024712471291422844, 0.6753069758415222, 0.09941612929105759, 0.10549318790435791, 0.031487394124269485, 0.023938104510307312, 0.022238021716475487, 0.7693474292755127, 0.047495875507593155, 0.07497876137495041, 0.06371599435806274, 0.02881561778485775, 0.020230544731020927, 0.7387256622314453, 0.07353349030017853, 0.12547384202480316, 0.04095916822552681, 0.017316371202468872, 0.02115272544324398, 0.7467153668403625, 0.04838256165385246, 0.02609214559197426, 0.16536809504032135, 0.2872673273086548, 0.028844403102993965, 0.3911808729171753, 0.10124718397855759, 0.025895610451698303, 0.1119241714477539, 0.2716153860092163, 0.023283502086997032, 0.48732131719589233, 0.07996001094579697, 0.34001830220222473, 0.08698095381259918, 0.09037292003631592, 0.07793468981981277, 0.352632611989975, 0.052060507237911224, 0.09622730314731598, 0.1447446644306183, 0.07598016411066055, 0.021052008494734764, 0.5946795344352722, 0.06731630861759186, 0.08142077922821045, 0.1164773553609848, 0.03084796853363514, 0.024250365793704987, 0.6052782535552979, 0.14172524213790894, 0.07518607378005981, 0.09557825326919556, 0.03022807277739048, 0.023118101060390472, 0.6897907853126526, 0.08609870821237564, 0.08421487361192703, 0.03595953434705734, 0.02019043266773224, 0.017266111448407173, 0.8171356916427612, 0.025233352556824684, 0.09707320481538773, 0.030932597815990448, 0.013547597452998161, 0.019272388890385628, 0.8073286414146423, 0.031845610588788986, 0.09831547737121582, 0.13978292047977448, 0.045353081077337265, 0.037805285304784775, 0.5626583099365234, 0.11608493328094482, 0.19725719094276428, 0.14504042267799377, 0.023967618122696877, 0.026193151250481606, 0.5116286873817444, 0.09591291099786758, 0.2035626769065857, 0.1025567576289177, 0.028139334172010422, 0.02560904063284397, 0.5711575150489807, 0.06897465139627457, 0.17007318139076233, 0.05959639698266983, 0.025404589250683784, 0.028147093951702118, 0.6753109693527222, 0.041467729955911636, 0.06752624362707138, 0.19464221596717834, 0.08678203821182251, 0.02302853763103485, 0.5452375411987305, 0.08278338611125946, 0.08931047469377518, 0.25225546956062317, 0.08482976257801056, 0.026154516264796257, 0.4429768919944763, 0.10447297990322113, 0.06673385202884674, 0.38288065791130066, 0.04569760710000992, 0.04243561998009682, 0.30517590045928955, 0.1570764183998108, 0.14199325442314148, 0.17860032618045807, 0.023729469627141953, 0.03681311756372452, 0.4997229278087616, 0.11914088577032089, 0.07390119880437851, 0.03686029091477394, 0.009714286774396896, 0.014754235744476318, 0.8258644342422485, 0.03890557214617729, 0.10950880497694016, 0.062354329973459244, 0.07894600927829742, 0.03630060330033302, 0.6502258777618408, 0.0626644492149353, 0.05605778470635414, 0.05968150869011879, 0.666110634803772, 0.03469819203019142, 0.15397028625011444, 0.029481496661901474, 0.1211530938744545, 0.09507089108228683, 0.03579050302505493, 0.0439310260117054, 0.5268781781196594, 0.1771763414144516, 0.08883336931467056, 0.1537226289510727, 0.05403626710176468, 0.0425858274102211, 0.4611532390117645, 0.19966866075992584, 0.06719395518302917, 0.12107572704553604, 0.10025347024202347, 0.029120422899723053, 0.6151166558265686, 0.06723973900079727, 0.10076597332954407, 0.09480750560760498, 0.09463762491941452, 0.03588145598769188, 0.6063675880432129, 0.06753990799188614, 0.05103331059217453, 0.057586632668972015, 0.06370173394680023, 0.02033805288374424, 0.7546392679214478, 0.052701015025377274, 0.05935138463973999, 0.07122237235307693, 0.06913648545742035, 0.023963458836078644, 0.7105603814125061, 0.06576594710350037, 0.09711457043886185, 0.12927746772766113, 0.09230992943048477, 0.036976493895053864, 0.5522428154945374, 