{"metrics": {"ACC": 39.63963963963964, "F1": 15.560735560735562}, "predictions": [1, 4, 4, 4, 4, 4, 4, 4, 4, 4, 4, 4, 4, 4, 4, 4, 4, 4, 4, 4, 1, 1, 1, 4, 4, 4, 4, 4, 4, 4, 4, 4, 4, 4, 4, 4, 4, 4, 4, 4, 4, 4, 4, 4, 4, 4, 4, 2, 4, 4, 4, 4, 4, 4, 4, 4, 4, 4, 4, 4, 4, 4, 4, 4, 4, 4, 4, 4, 4, 4, 4, 4, 4, 4, 4, 4, 4, 4, 4, 4, 4, 4, 4, 4, 4, 4, 4, 5, 1, 4, 4, 4, 4, 4, 4, 4, 4, 4, 4, 4, 4, 4, 4, 4, 4, 4, 4, 4, 4, 4, 4], "uids": ["0", "1", "2", "3", "4", "5", "6", "7", "8", "9", "10", "11", "12", "13", "14", "15", "16", "17", "18", "19", "20", "21", "22", "23", "24", "25", "26", "27", "28", "29", "30", "31", "32", "33", "34", "35", "36", "37", "38", "39", "40", "41", "42", "43", "44", "45", "46", "47", "48", "49", "50", "51", "52", "53", "54", "55", "56", "57", "58", "59", "60", "61", "62", "63", "64", "65", "66", "67", "68", "69", "70", "71", "72", "73", "74", "75", "76", "77", "78", "79", "80", "81", "82", "83", "84", "85", "86", "87", "88", "89", "90", "91", "92", "93", "94", "95", "96", "97", "98", "99", "100", "101", "102", "103", "104", "105", "106", "107", "108", "109", "110"], "scores": [0.09110162407159805, 0.337729275226593, 0.03544745594263077, 0.04742387309670448, 0.21799808740615845, 0.27029967308044434, 0.05054350942373276, 0.12519866228103638, 0.029320139437913895, 0.026226412504911423, 0.585598886013031, 0.18311238288879395, 0.05714612826704979, 0.15784470736980438, 0.023711612448096275, 0.03036988340318203, 0.5248371362686157, 0.20609056949615479, 0.05945667251944542, 0.22159123420715332, 0.054107915610075, 0.0269708801060915, 0.4627646505832672, 0.17510868608951569, 0.0574442595243454, 0.10641301423311234, 0.012502203695476055, 0.019829344004392624, 0.5979748964309692, 0.20583632588386536, 0.05689249187707901, 0.12800489366054535, 0.02393997088074684, 0.018041327595710754, 0.6013000011444092, 0.17182128131389618, 0.04913480579853058, 0.15508845448493958, 0.03649627044796944, 0.02269136905670166, 0.5644177198410034, 0.17217133939266205, 0.08738920092582703, 0.15341244637966156, 0.029558464884757996, 0.028013266623020172, 0.5576794147491455, 0.14394718408584595, 0.06805732101202011, 0.16344419121742249, 0.03686100244522095, 0.028636930510401726, 0.5190010666847229, 0.18399955332279205, 0.09394863992929459, 0.1053599864244461, 0.03144921362400055, 0.04042479395866394, 0.5332158207893372, 0.19560155272483826, 0.0589483417570591, 0.10273201018571854, 0.03075595572590828, 0.02792946808040142, 0.6072304248809814, 0.17240378260612488, 0.03186269849538803, 0.20522236824035645, 0.15221942961215973, 0.025725578889250755, 0.4447873830795288, 0.14018259942531586, 0.052935488522052765, 0.0930287092924118, 0.013917412608861923, 0.017165498808026314, 0.6362763047218323, 0.1866765171289444, 0.06972024589776993, 0.11647939682006836, 0.021093856543302536, 0.024239813908934593, 0.6111905574798584, 0.15727607905864716, 0.05064842477440834, 0.14208544790744781, 0.03405705466866493, 0.022221161052584648, 0.6089972257614136, 0.14199070632457733, 0.0707855150103569, 0.10353533923625946, 0.017371056601405144, 0.020018428564071655, 0.6629436612129211, 0.12534597516059875, 0.17579074203968048, 0.12054240703582764, 0.021922128275036812, 0.03620678186416626, 0.5595556497573853, 0.08598226308822632, 0.09826973080635071, 0.2882128357887268, 0.03207987919449806, 0.05109007656574249, 0.30589503049850464, 0.22445251047611237, 0.0660511702299118, 0.12277835607528687, 0.01881447248160839, 0.025274645537137985, 0.5839138031005859, 0.18316754698753357, 0.05107790604233742, 0.12162408232688904, 0.028772445395588875, 0.027953950688242912, 0.6013970375061035, 0.16917464137077332, 0.0992249920964241, 0.3214362561702728, 0.029365459457039833, 0.049531277269124985, 0.2103595733642578, 0.29008248448371887, 0.08461101353168488, 0.3146994709968567, 0.03198516368865967, 0.051075633615255356, 0.21823054552078247, 0.29939818382263184, 0.06403825432062149, 0.3339921236038208, 0.04180381819605827, 0.05326038971543312, 0.18265226483345032, 0.3242530822753906, 0.07770401984453201, 0.18800197541713715, 0.022090988233685493, 0.0340978279709816, 0.42153051495552063, 0.25657472014427185, 0.052932482212781906, 0.17490296065807343, 0.03118128329515457, 0.03032970242202282, 0.44034284353256226, 0.2703106999397278, 0.05115019530057907, 0.12880344688892365, 0.03930237889289856, 0.025096626952290535, 0.5648470520973206, 0.19080030918121338, 0.06291534751653671, 0.096428282558918, 0.029027683660387993, 0.02300504967570305, 0.6242918968200684, 0.16433173418045044, 0.04899509623646736, 0.1123979315161705, 0.03307163715362549, 0.022347906604409218, 0.612330973148346, 0.17085641622543335, 0.0888560339808464, 0.07837307453155518, 0.02281729131937027, 0.029481276869773865, 0.6390244960784912, 0.14144782721996307, 0.02977886237204075, 0.22240087389945984, 0.22273026406764984, 0.02823541685938835, 0.35030099749565125, 0.14655357599258423, 0.030701199546456337, 0.19557403028011322, 0.22080554068088531, 0.027268581092357635, 0.3857223689556122, 0.13992831110954285, 0.10535909980535507, 0.14707191288471222, 0.05065513029694557, 0.04392058774828911, 0.5048580169677734, 0.1481352150440216, 0.05245579034090042, 0.1481526643037796, 0.053586799651384354, 0.02153049036860466, 0.5580443143844604, 0.16622993350028992, 0.04715782031416893, 0.13644421100616455, 0.028117293491959572, 0.024111105129122734, 0.5542054176330566, 0.2099640965461731, 0.04775121435523033, 0.16367556154727936, 0.023737851530313492, 0.026357010006904602, 0.5411543846130371, 0.1973239928483963, 0.04313911497592926, 0.07797203958034515, 0.019684188067913055, 0.01716643013060093, 0.7190130949020386, 0.12302509695291519, 0.049861542880535126, 0.07284162938594818, 0.01672169379889965, 0.01952616311609745, 0.7242786884307861, 0.11677026003599167, 0.056279417127370834, 0.14196057617664337, 0.027455279603600502, 0.027259064838290215, 0.5474982261657715, 0.19954749941825867, 0.07891219854354858, 0.16781598329544067, 0.02761141210794449, 0.02477850764989853, 0.5205940008163452, 0.18028786778450012, 0.07128369808197021, 0.15446031093597412, 0.028732258826494217, 0.022423751652240753, 0.5439988970756531, 0.17910106480121613, 0.06943784654140472, 0.12136446684598923, 0.029687969014048576, 0.02324025146663189, 0.622137188911438, 0.13413231074810028, 0.04528235271573067, 0.17881789803504944, 0.04873346909880638, 0.023581039160490036, 0.5071054100990295, 0.19647979736328125, 0.058127883821725845, 0.1931096911430359, 0.04395110532641411, 0.024330100044608116, 0.4901772439479828, 0.19030405580997467, 0.06047013774514198, 0.28578171133995056, 0.037858717143535614, 0.03784627094864845, 0.33072835206985474, 0.24731478095054626, 0.07678013294935226, 0.21760207414627075, 0.03541155904531479, 0.03459107503294945, 0.40238481760025024, 0.2332303673028946, 0.057051997631788254, 0.09632832556962967, 0.015688937157392502, 0.02072269842028618, 0.6643980741500854, 0.14580991864204407, 0.04778140410780907, 0.13187138736248016, 0.16488595306873322, 0.03716017305850983, 0.4554821848869324, 0.16281884908676147, 0.048706118017435074, 0.12224309146404266, 0.36483219265937805, 0.04433070495724678, 0.304537832736969, 0.11535006761550903, 0.06073110178112984, 0.15399140119552612, 0.02690757066011429, 0.027464231476187706, 0.4939209818840027, 0.2369847446680069, 0.046878423541784286, 0.14158067107200623, 0.033105142414569855, 0.024827927350997925, 0.5166743993759155, 0.23693343997001648, 0.034487176686525345, 0.17163150012493134, 0.05865301191806793, 0.025098958984017372, 0.5463586449623108, 0.1637706756591797, 0.04447298124432564, 0.16867367923259735, 0.060893408954143524, 0.02726656012237072, 0.5494974255561829, 0.14919598400592804, 0.03399555757641792, 0.11452236771583557, 0.03991946205496788, 0.02007998339831829, 0.6368283033370972, 0.15465429425239563, 0.03737445920705795, 0.14087407290935516, 0.04247146099805832, 0.02557753399014473, 0.556637704372406, 0.1970648318529129, 0.04840264469385147, 0.1635521501302719, 0.05779771879315376, 0.027143657207489014, 0.5227570533752441, 