{"metrics": {"ACC": 34.234234234234236, "F1": 22.130301032740054}, "predictions": [1, 4, 1, 4, 4, 4, 4, 4, 1, 4, 4, 4, 4, 5, 4, 4, 0, 1, 4, 4, 4, 4, 4, 5, 5, 4, 4, 4, 4, 2, 4, 0, 4, 5, 4, 4, 4, 4, 4, 4, 4, 4, 4, 1, 1, 4, 4, 2, 5, 5, 4, 4, 4, 4, 4, 4, 4, 4, 4, 1, 4, 1, 4, 4, 5, 1, 4, 0, 0, 5, 4, 5, 4, 4, 4, 5, 5, 5, 5, 4, 5, 4, 4, 4, 4, 4, 4, 5, 0, 4, 5, 1, 4, 5, 5, 0, 4, 4, 1, 5, 4, 4, 4, 4, 4, 5, 4, 4, 4, 4, 2], "uids": ["0", "1", "2", "3", "4", "5", "6", "7", "8", "9", "10", "11", "12", "13", "14", "15", "16", "17", "18", "19", "20", "21", "22", "23", "24", "25", "26", "27", "28", "29", "30", "31", "32", "33", "34", "35", "36", "37", "38", "39", "40", "41", "42", "43", "44", "45", "46", "47", "48", "49", "50", "51", "52", "53", "54", "55", "56", "57", "58", "59", "60", "61", "62", "63", "64", "65", "66", "67", "68", "69", "70", "71", "72", "73", "74", "75", "76", "77", "78", "79", "80", "81", "82", "83", "84", "85", "86", "87", "88", "89", "90", "91", "92", "93", "94", "95", "96", "97", "98", "99", "100", "101", "102", "103", "104", "105", "106", "107", "108", "109", "110"], "scores": [0.10456369072198868, 0.5477418303489685, 0.015503247268497944, 0.03324936330318451, 0.023520255461335182, 0.2754215598106384, 0.023610372096300125, 0.03130853548645973, 0.013102068565785885, 0.013262080028653145, 0.8895508050918579, 0.029166236519813538, 0.09645788371562958, 0.527313768863678, 0.026783671230077744, 0.05343132093548775, 0.22538471221923828, 0.0706285834312439, 0.229032963514328, 0.18491941690444946, 0.05815035104751587, 0.055013030767440796, 0.44926413893699646, 0.02362007088959217, 0.15457940101623535, 0.04366680607199669, 0.0061882310546934605, 0.02951836585998535, 0.6665807962417603, 0.09946640580892563, 0.11032303422689438, 0.09494265168905258, 0.011918580159544945, 0.02023010328412056, 0.6853660941123962, 0.07721952348947525, 0.01894257590174675, 0.017920080572366714, 0.015081588178873062, 0.006447209045290947, 0.905431866645813, 0.03617660701274872, 0.2348085194826126, 0.05870037525892258, 0.017202863469719887, 0.042538076639175415, 0.6013476848602295, 0.04540250822901726, 0.23170040547847748, 0.4014359414577484, 0.04107986018061638, 0.07663522660732269, 0.14011803269386292, 0.10903056710958481, 0.12470909208059311, 0.017628606408834457, 0.014142392203211784, 0.04041536897420883, 0.7221515774726868, 0.08095289021730423, 0.06389832496643066, 0.010215415619313717, 0.007982459850609303, 0.019987795501947403, 0.8646755814552307, 0.033240433782339096, 0.008962295018136501, 0.010191877372562885, 0.017792953178286552, 0.005485253408551216, 0.9396145343780518, 0.0179530568420887, 0.04348208010196686, 0.026662170886993408, 0.004590028431266546, 0.01188182458281517, 0.7636588215827942, 0.1497250646352768, 0.12987171113491058, 0.06887850165367126, 0.006420267280191183, 0.04754763841629028, 0.19736342132091522, 0.5499184727668762, 0.016536371782422066, 0.0434269942343235, 0.019559795036911964, 0.00768230389803648, 0.8872891068458557, 0.02550542540848255, 0.09560947865247726, 0.009944800287485123, 0.012207437306642532, 0.01480079535394907, 0.8595921993255615, 0.007845276035368443, 0.6173432469367981, 0.03932720422744751, 0.008733992464840412, 0.05739212408661842, 0.2564685046672821, 0.020734859630465508, 0.07758594304323196, 0.6955212354660034, 0.010772868990898132, 0.05248339846730232, 0.014700878411531448, 0.14893567562103271, 0.025664497166872025, 0.009600164368748665, 0.0029796361923217773, 0.008065171539783478, 0.9171984195709229, 0.03649212047457695, 0.02952495776116848, 0.00843044463545084, 0.006269447971135378, 0.006604150868952274, 0.9313719272613525, 0.017799079418182373, 0.20219476521015167, 0.01843077875673771, 0.016619356349110603, 0.019783860072493553, 0.7272535562515259, 0.015717703849077225, 0.14635561406612396, 0.008825805969536304, 0.010664183646440506, 0.017120279371738434, 0.8072654604911804, 0.009768620133399963, 0.05764058977365494, 0.0073714349418878555, 0.025025278329849243, 0.023296182975172997, 0.8552303314208984, 0.031436171382665634, 0.12056132405996323, 0.28363537788391113, 0.004520089365541935, 0.05415107309818268, 0.022815966978669167, 0.5143161416053772, 0.0934128388762474, 0.33306023478507996, 0.008857253938913345, 0.05505385622382164, 0.04668860137462616, 0.4629272222518921, 0.024414584040641785, 0.00958144199103117, 0.013226204551756382, 0.009652207605540752, 0.9094170331954956, 0.033708587288856506, 0.05649249628186226, 0.004865227732807398, 0.00921525526791811, 0.02005724608898163, 0.8784642815589905, 0.0309054683893919, 0.026084065437316895, 0.00715166749432683, 0.0104950200766325, 0.01299430150538683, 0.9076803922653198, 0.035594526678323746, 0.06304624676704407, 0.018037624657154083, 0.010188749991357327, 0.015123819932341576, 0.8698949813842773, 0.023708535358309746, 0.010575857013463974, 0.14305788278579712, 0.5301976799964905, 0.02084668166935444, 0.23201923072338104, 0.06330264359712601, 0.008135278709232807, 0.021947398781776428, 0.09462708979845047, 0.007435033563524485, 0.835218608379364, 0.032636698335409164, 0.5790214538574219, 0.05991668999195099, 0.09477049112319946, 0.13030049204826355, 0.10553943365812302, 0.03045141138136387, 0.029572930186986923, 0.015494383871555328, 0.012130804359912872, 0.005810340866446495, 0.9234885573387146, 0.013503039255738258, 0.05856037512421608, 0.1185818463563919, 0.013902289792895317, 0.03261621296405792, 0.2181994765996933, 0.5581398010253906, 0.05262020230293274, 0.12442144006490707, 0.012497606687247753, 0.02638947032392025, 0.5932058691978455, 0.1908654123544693, 0.04330328479409218, 0.006052367389202118, 0.005050683859735727, 0.011654917150735855, 0.923465371131897, 0.01047335285693407, 0.06876196712255478, 0.005556250456720591, 0.005676914472132921, 0.01604462042450905, 0.8910941481590271, 0.01286605279892683, 0.10954520851373672, 0.11347956210374832, 0.0403173491358757, 0.05285157635807991, 0.48452621698379517, 0.19928017258644104, 0.1582690328359604, 0.0666530504822731, 0.006325345952063799, 0.023743031546473503, 0.614392876625061, 0.1306166648864746, 0.16625948250293732, 0.011957542039453983, 0.010051432065665722, 0.02243172563612461, 0.7617573142051697, 0.027542516589164734, 0.28799134492874146, 0.022342266514897346, 0.03861568495631218, 0.052774637937545776, 0.5793164968490601, 0.018959524109959602, 0.019270388409495354, 0.024451566860079765, 0.057078950107097626, 0.008881314657628536, 0.8716249465942383, 0.018692901358008385, 0.05318557098507881, 0.28864333033561707, 0.08289708942174911, 0.017540818080306053, 0.4806247353553772, 0.07710842043161392, 0.019022315740585327, 0.7710414528846741, 0.016919558867812157, 0.02645394764840603, 0.008863627910614014, 0.15769900381565094, 0.11578512191772461, 0.4013406038284302, 0.01757451333105564, 0.06941185891628265, 0.07104959338903427, 0.324838250875473, 0.030701149255037308, 0.009611131623387337, 0.0029246353078633547, 0.010222184471786022, 0.9191228151321411, 0.02741808071732521, 0.04311957210302353, 0.00894655380398035, 0.009287692606449127, 0.0218663290143013, 0.8744835257530212, 0.042296383529901505, 0.018943017348647118, 0.033542290329933167, 0.8998931646347046, 0.019056541845202446, 0.02119816653430462, 0.007366715930402279, 0.12563350796699524, 0.09929881244897842, 0.02602524496614933, 0.0917753279209137, 0.11206063628196716, 0.5452064871788025, 0.05756447836756706, 0.12458707392215729, 0.050891097635030746, 0.05850869044661522, 0.16609670221805573, 0.5423519611358643, 0.007354199420660734, 0.021657772362232208, 0.009531360119581223, 0.005426549818366766, 0.924322783946991, 0.03170735388994217, 0.0312295313924551, 0.025833433493971825, 0.01736094057559967, 0.015414825640618801, 0.872281014919281, 0.03788025677204132, 0.013950912281870842, 0.005927762947976589, 0.012364061549305916, 0.007966449484229088, 0.9334022998809814, 0.026388471946120262, 0.01957191526889801, 0.014681333675980568, 0.03689422830939293, 0.01697186380624771, 0.83976811170578, 0.07211261987686157, 0.05952610820531845, 0.013728873804211617, 