{"metrics": {"ACC": 44.05594405594406, "F1": 28.841827115775722}, "predictions": [0, 0, 3, 0, 0, 0, 1, 1, 3, 3, 3, 0, 1, 1, 0, 0, 0, 0, 1, 0, 1, 0, 0, 1, 0, 0, 0, 0, 0, 0, 0, 0, 0, 0, 0, 0, 1, 0, 0, 0, 0, 0, 3, 1, 3, 0, 0, 3, 0, 0, 0, 0, 0, 0, 0, 0, 0, 0, 0, 0, 0, 3, 3, 0, 0, 0, 0, 0, 3, 0, 0, 0, 1, 3, 0, 3, 0, 3, 0, 0, 3, 0, 0, 0, 0, 0, 0, 0, 0, 0, 0, 0, 0, 0, 0, 3, 3, 0, 0, 0, 0, 0, 0, 0, 0, 0, 3, 0, 0, 1, 0, 0, 0, 0, 0, 0, 0, 0, 1, 0, 0, 0, 1, 0, 0, 1, 0, 0, 1, 3, 1, 1, 3, 3, 3, 1, 0, 0, 1, 0, 0, 1, 0], "uids": ["0", "1", "2", "3", "4", "5", "6", "7", "8", "9", "10", "11", "12", "13", "14", "15", "16", "17", "18", "19", "20", "21", "22", "23", "24", "25", "26", "27", "28", "29", "30", "31", "32", "33", "34", "35", "36", "37", "38", "39", "40", "41", "42", "43", "44", "45", "46", "47", "48", "49", "50", "51", "52", "53", "54", "55", "56", "57", "58", "59", "60", "61", "62", "63", "64", "65", "66", "67", "68", "69", "70", "71", "72", "73", "74", "75", "76", "77", "78", "79", "80", "81", "82", "83", "84", "85", "86", "87", "88", "89", "90", "91", "92", "93", "94", "95", "96", "97", "98", "99", "100", "101", "102", "103", "104", "105", "106", "107", "108", "109", "110", "111", "112", "113", "114", "115", "116", "117", "118", "119", "120", "121", "122", "123", "124", "125", "126", "127", "128", "129", "130", "131", "132", "133", "134", "135", "136", "137", "138", "139", "140", "141", "142"], "scores": [0.5382238030433655, 0.10048557072877884, 0.06094145029783249, 0.15860484540462494, 0.14174431562423706, 0.48581069707870483, 0.08543213456869125, 0.08371276408433914, 0.17272423207759857, 0.17232011258602142, 0.24010422825813293, 0.10549357533454895, 0.10413514077663422, 0.3884391784667969, 0.1618279218673706, 0.5068629384040833, 0.09496906399726868, 0.07644859701395035, 0.20023803412914276, 0.12148137390613556, 0.37338751554489136, 0.1603330373764038, 0.08211516588926315, 0.22946174442768097, 0.1547025442123413, 0.5938705801963806, 0.1013098806142807, 0.06742136925458908, 0.13054896891117096, 0.10684920847415924, 0.21114517748355865, 0.5768468379974365, 0.06454437971115112, 0.0841934010386467, 0.06327024102210999, 0.20904234051704407, 0.6228088140487671, 0.048279669135808945, 0.06521009653806686, 0.05465911328792572, 0.26255089044570923, 0.10681235045194626, 0.09069012850522995, 0.3606797158718109, 0.17926688492298126, 0.22430182993412018, 0.16061019897460938, 0.08952762186527252, 0.36540600657463074, 0.16015435755252838, 0.1827084869146347, 0.15330474078655243, 0.09810996800661087, 0.3984723389148712, 0.1674043834209442, 0.5028707385063171, 0.21615317463874817, 0.050778042525053024, 0.11540456861257553, 0.11479353904724121, 0.2929898202419281, 0.3589547872543335, 0.06048591062426567, 0.15672799944877625, 0.1308414191007614, 0.2655291259288788, 0.3594522178173065, 0.0620020292699337, 0.19978702068328857, 0.1132296472787857, 0.34478187561035156, 0.1762552708387375, 0.07911202311515808, 0.23087172210216522, 0.16897912323474884, 0.3631146550178528, 0.08803460001945496, 0.11053435504436493, 0.18705661594867706, 0.25125986337661743, 0.3552626371383667, 0.09675878286361694, 0.11154091358184814, 0.1925942450761795, 0.24384349584579468, 0.7075225114822388, 0.08400065451860428, 0.03979707509279251, 0.07648495584726334, 0.09219474345445633, 0.15207520127296448, 0.711144208908081, 0.033647794276475906, 0.07059743255376816, 0.03253535181283951, 0.8639453053474426, 0.03372260555624962, 0.024609895423054695, 0.04421503469347954, 0.033507056534290314, 0.20349903404712677, 0.6219635009765625, 0.0488920696079731, 0.06968891620635986, 0.05595647171139717, 0.6818005442619324, 0.06392209231853485, 0.052013225853443146, 0.10140228271484375, 0.10086191445589066, 0.4921412765979767, 0.1855696737766266, 0.06130184605717659, 0.16805514693260193, 0.0929320678114891, 0.22777312994003296, 0.49363574385643005, 0.06048138439655304, 0.12152580171823502, 0.09658399969339371, 0.3795294463634491, 0.1116008535027504, 0.08551475405693054, 0.22852984070777893, 0.19482511281967163, 0.704368531703949, 0.06476162374019623, 0.05716807395219803, 0.09314835071563721, 0.08055344969034195, 0.6511093974113464, 0.07327502965927124, 0.06066858023405075, 0.11841389536857605, 0.09653318673372269, 0.6766896843910217, 0.07241660356521606, 0.05461602285504341, 0.09136216342449188, 0.10491561144590378, 0.5495972037315369, 0.08320267498493195, 0.07684957981109619, 0.1530594676733017, 0.1372910737991333, 0.6075780987739563, 0.08895564079284668, 0.0615723691880703, 0.14340201020240784, 0.0984918549656868, 0.44773754477500916, 0.19529291987419128, 0.1255580335855484, 0.12512251734733582, 0.10628905892372131, 0.7855708003044128, 0.0763559564948082, 0.027188511565327644, 0.05053428187966347, 0.0603504478931427, 0.5501195788383484, 0.06647278368473053, 0.09523150324821472, 0.12025952339172363, 0.16791664063930511, 0.49922966957092285, 0.19981610774993896, 0.06826777756214142, 0.10241983085870743, 0.13026660680770874, 0.6299280524253845, 0.0535031221807003, 0.07118378579616547, 0.08334821462631226, 0.16203680634498596, 0.7203394770622253, 0.060819581151008606, 0.04854859411716461, 0.09395754337310791, 0.07633469253778458, 0.23129476606845856, 0.5958706140518188, 0.048924412578344345, 0.06623341888189316, 0.057676754891872406, 0.3890053331851959, 0.09125947207212448, 0.10793207585811615, 0.18806421756744385, 0.2237389236688614, 0.348073810338974, 0.19401448965072632, 0.0858825147151947, 0.22259344160556793, 0.14943575859069824, 0.6126910448074341, 0.11119889467954636, 0.06433664262294769, 0.10571784526109695, 0.10605553537607193, 0.6094618439674377, 0.08705596625804901, 0.06820037961006165, 0.12251511216163635, 0.11276669055223465, 0.4043539762496948, 0.08114858716726303, 0.09793734550476074, 0.26618537306785583, 0.15037475526332855, 0.2696419954299927, 0.10534536093473434, 0.11625787615776062, 0.35586613416671753, 0.15288858115673065, 0.16736209392547607, 0.5035334229469299, 0.06330961734056473, 0.18872377276420593, 0.07707102596759796, 0.2125120609998703, 0.07728367298841476, 0.10305295884609222, 0.4226391315460205, 0.1845121681690216, 0.6111630797386169, 0.1436983346939087, 0.056203342974185944, 0.10217438638210297, 0.08676096796989441, 0.479965478181839, 0.08772772550582886, 0.09638608247041702, 0.19613324105739594, 0.13978755474090576, 0.26054608821868896, 0.23256798088550568, 0.08669686317443848, 0.2829882502555847, 0.13720081746578217, 0.7298917174339294, 0.08359699696302414, 0.04381605610251427, 0.059910375624895096, 0.08278481662273407, 0.4007984399795532, 0.1668398082256317, 0.10492032021284103, 0.19185449182987213, 0.1355869472026825, 0.4077191650867462, 0.13560785353183746, 0.10664062947034836, 0.21089249849319458, 0.13913989067077637, 0.8019760251045227, 0.0636155977845192, 0.030449869111180305, 0.045857351273298264, 0.05810131877660751, 0.6651818156242371, 0.08630172163248062, 0.051643747836351395, 0.10588160157203674, 0.09099108725786209, 0.5355677604675293, 0.11887660622596741, 0.06623924523591995, 0.1562798172235489, 0.12303658574819565, 0.3995586931705475, 0.14830999076366425, 0.08434458822011948, 0.21103759109973907, 0.15674912929534912, 0.3856185972690582, 0.10500068962574005, 0.09137134253978729, 0.2308998703956604, 0.18710951507091522, 0.43146073818206787, 0.09708670526742935, 0.07316631823778152, 0.23978571593761444, 0.1585005670785904, 0.4998507797718048, 0.11258751153945923, 0.08333991467952728, 0.15858252346515656, 0.14563919603824615, 0.658954381942749, 0.07069983333349228, 0.058424148708581924, 0.10920616239309311, 0.10271541029214859, 0.6670870780944824, 0.06932735443115234, 0.05736192688345909, 0.1120910570025444, 0.09413261711597443, 0.7077304124832153, 0.0528256855905056, 0.05044901743531227, 0.0978778824210167, 0.09111693501472473, 0.257597416639328, 0.15044690668582916, 0.11272984743118286, 0.32397767901420593, 0.15524816513061523, 0.2326451987028122, 0.12087620794773102, 0.10567756742238998, 0.3583240509033203, 0.1824769675731659, 0.4724501669406891, 0.15353766083717346, 