{"metrics": {"ACC": 43.35664335664335, "F1": 31.917077146178652}, "predictions": [0, 0, 3, 0, 4, 0, 1, 1, 3, 3, 3, 0, 1, 4, 1, 4, 3, 0, 1, 0, 1, 0, 1, 1, 3, 0, 0, 0, 0, 0, 0, 0, 0, 0, 0, 0, 1, 4, 3, 0, 0, 3, 3, 3, 3, 0, 0, 3, 0, 0, 0, 0, 0, 0, 4, 4, 3, 4, 0, 0, 0, 3, 3, 0, 0, 3, 3, 3, 3, 0, 0, 0, 0, 3, 4, 3, 0, 3, 0, 3, 3, 0, 0, 0, 0, 3, 3, 3, 3, 0, 3, 0, 0, 0, 3, 3, 3, 1, 0, 1, 3, 0, 0, 0, 3, 0, 3, 0, 0, 1, 0, 0, 0, 0, 0, 0, 0, 0, 1, 1, 0, 0, 1, 0, 0, 1, 0, 4, 3, 3, 1, 0, 3, 3, 3, 0, 0, 3, 1, 0, 0, 1, 0], "uids": ["0", "1", "2", "3", "4", "5", "6", "7", "8", "9", "10", "11", "12", "13", "14", "15", "16", "17", "18", "19", "20", "21", "22", "23", "24", "25", "26", "27", "28", "29", "30", "31", "32", "33", "34", "35", "36", "37", "38", "39", "40", "41", "42", "43", "44", "45", "46", "47", "48", "49", "50", "51", "52", "53", "54", "55", "56", "57", "58", "59", "60", "61", "62", "63", "64", "65", "66", "67", "68", "69", "70", "71", "72", "73", "74", "75", "76", "77", "78", "79", "80", "81", "82", "83", "84", "85", "86", "87", "88", "89", "90", "91", "92", "93", "94", "95", "96", "97", "98", "99", "100", "101", "102", "103", "104", "105", "106", "107", "108", "109", "110", "111", "112", "113", "114", "115", "116", "117", "118", "119", "120", "121", "122", "123", "124", "125", "126", "127", "128", "129", "130", "131", "132", "133", "134", "135", "136", "137", "138", "139", "140", "141", "142"], "scores": [0.9331566691398621, 0.010206496343016624, 0.007240443956106901, 0.009037117473781109, 0.04035932198166847, 0.5356666445732117, 0.07170483469963074, 0.04946104437112808, 0.043085772544145584, 0.30008170008659363, 0.028986172750592232, 0.009191825985908508, 0.124894879758358, 0.6180223822593689, 0.2189047485589981, 0.6790851950645447, 0.04187893122434616, 0.06817509979009628, 0.1340903490781784, 0.0767703726887703, 0.21380357444286346, 0.1150026023387909, 0.1882857233285904, 0.19035986065864563, 0.2925482392311096, 0.4703250229358673, 0.14779455959796906, 0.08784696459770203, 0.05589725822210312, 0.23813611268997192, 0.18570645153522491, 0.6406546235084534, 0.044743940234184265, 0.04056517034769058, 0.08832992613315582, 0.102287657558918, 0.8334423303604126, 0.01731717213988304, 0.011872525326907635, 0.0350801907479763, 0.009845776483416557, 0.021797819063067436, 0.07316801697015762, 0.7653024792671204, 0.12988588213920593, 0.030026385560631752, 0.11881861090660095, 0.09812283515930176, 0.48823001980781555, 0.26480212807655334, 0.016777409240603447, 0.07977308332920074, 0.11165831238031387, 0.4037300646305084, 0.3880611062049866, 0.41236287355422974, 0.16424700617790222, 0.07718760520219803, 0.0676099956035614, 0.2785925269126892, 0.05763024836778641, 0.5465933680534363, 0.07982431352138519, 0.05871625617146492, 0.25723573565483093, 0.09247253090143204, 0.29024624824523926, 0.12180077284574509, 0.13829317688941956, 0.35718730092048645, 0.11404632031917572, 0.46916696429252625, 0.07107073068618774, 0.16349726915359497, 0.1822187453508377, 0.07227945327758789, 0.017386216670274734, 0.0960446447134018, 0.30732545256614685, 0.5069642663002014, 0.01668667420744896, 0.026769962161779404, 0.09297385811805725, 0.645048201084137, 0.21852128207683563, 0.8752996921539307, 0.020962143316864967, 0.014370129443705082, 0.022956401109695435, 0.06641168147325516, 0.05828841030597687, 0.8812986016273499, 0.0118842339143157, 0.0338326171040535, 0.014696205034852028, 0.8893887400627136, 0.010414783842861652, 0.016459954902529716, 0.07095091789960861, 0.012785553000867367, 0.22473157942295074, 0.676975667476654, 0.025090107694268227, 0.015062798745930195, 0.058139827102422714, 0.6416088938713074, 0.05491570755839348, 0.04956185817718506, 0.0729370266199112, 0.1809765100479126, 0.2690342366695404, 0.4296823740005493, 0.03720598295331001, 0.2170601487159729, 0.04701729118824005, 0.010246687568724155, 0.9056505560874939, 0.027159295976161957, 0.03600134328007698, 0.02094208635389805, 0.019313644617795944, 0.014677723869681358, 0.09326020628213882, 0.8190162181854248, 0.05373232066631317, 0.9436265826225281, 0.01917167566716671, 0.012754463590681553, 0.0064510139636695385, 0.017996344715356827, 0.8510002493858337, 0.05390797182917595, 0.026320552453398705, 0.018563732504844666, 0.05020751804113388, 0.9104148745536804, 0.018094155937433243, 0.014888826757669449, 0.009105485863983631, 0.04749685525894165, 0.3711731731891632, 0.029126929119229317, 0.15591518580913544, 0.3113138675689697, 0.13247081637382507, 0.49727267026901245, 0.21114464104175568, 0.060296449810266495, 0.15659774839878082, 0.07468851655721664, 0.6095941066741943, 0.1158091127872467, 0.11983402818441391, 0.07973621040582657, 0.07502655684947968, 0.8470808863639832, 0.10451427102088928, 0.00886729545891285, 0.010503144934773445, 0.029034405946731567, 0.6080002784729004, 0.05472902953624725, 0.06099036708474159, 0.032727647572755814, 0.24355261027812958, 0.5383679866790771, 0.13153678178787231, 0.08085683733224869, 0.029948607087135315, 0.21928972005844116, 0.8427645564079285, 0.032998014241456985, 0.027455592527985573, 0.011907722800970078, 0.08487404137849808, 0.9555155634880066, 0.006990727037191391, 0.00848523247987032, 0.01034921407699585, 0.01865926757454872, 0.2501521706581116, 0.606011688709259, 0.03721515089273453, 0.01970667950809002, 0.0869142934679985, 0.1714322715997696, 0.03255645930767059, 0.23901258409023285, 0.10121482610702515, 0.4557838439941406, 0.18583625555038452, 0.13567163050174713, 0.1276065558195114, 0.2866055965423584, 0.26427996158599854, 0.5159805417060852, 0.15101557970046997, 0.1163645088672638, 0.09452065825462341, 0.12211871892213821, 0.7015455365180969, 0.06998538225889206, 0.0700356513261795, 0.08082223683595657, 0.07761120051145554, 0.03197620064020157, 0.014039203524589539, 0.07563789188861847, 0.8324841260910034, 0.045862600207328796, 0.027016112580895424, 0.07597681879997253, 0.07263536006212234, 0.7475598454475403, 0.07681191712617874, 0.040868137031793594, 0.2915211021900177, 0.06553548574447632, 0.5240897536277771, 0.07798556983470917, 0.05755706876516342, 0.00847041979432106, 0.08427757024765015, 0.6872546672821045, 0.162440225481987, 0.5432726740837097, 0.22793051600456238, 0.06278898566961288, 0.03200884908437729, 0.13399891555309296, 0.6969220042228699, 0.017903897911310196, 0.07302702963352203, 0.05289773643016815, 0.15924932062625885, 0.02734769694507122, 0.13962456583976746, 0.11912978440523148, 0.5187696814537048, 0.19512830674648285, 0.9108502864837646, 0.028767701238393784, 0.014561641030013561, 0.005943098571151495, 0.039877261966466904, 0.314799964427948, 0.21425990760326385, 0.15938827395439148, 0.18284928798675537, 0.12870268523693085, 0.31793349981307983, 0.21120670437812805, 0.16116711497306824, 0.18217059969902039, 0.1275220811367035, 0.9302613139152527, 0.01748262532055378, 0.00991695374250412, 0.013048885390162468, 0.029290225356817245, 0.4198567271232605, 0.3334227502346039, 0.04679413139820099, 0.06686422973871231, 0.1330622434616089, 0.7671570777893066, 0.07620807737112045, 0.02843615785241127, 0.029229216277599335, 0.09896939992904663, 0.07009205967187881, 0.09717950224876404, 0.1306382566690445, 0.25980013608932495, 0.4422900676727295, 0.10527826845645905, 0.056574344635009766, 0.09406666457653046, 0.07977966964244843, 0.6643010973930359, 0.09681490063667297, 0.04380311816930771, 0.0847812294960022, 0.40760719776153564, 0.36699357628822327, 0.31968745589256287, 0.07471709698438644, 0.1068408191204071, 0.0739232674241066, 0.4248313307762146, 0.8341406583786011, 0.020902976393699646, 0.03694108501076698, 0.02980210818350315, 0.07821311801671982, 0.8793256878852844, 0.015014615841209888, 0.02726760134100914, 0.030385276302695274, 0.04800674691796303, 0.9485090374946594, 0.008199639618396759, 0.010222231037914753, 0.010864995419979095, 0.0222040843218565, 0.05895254760980606, 0.07689278572797775, 0.11614490300416946, 0.5380751490592957, 0.20993462204933167, 0.028459765017032623, 0.026266222819685936, 0.09011703729629517, 0.5394895076751709, 