{"metrics": {"ACC": 43.35664335664335, "F1": 23.995215311004785}, "predictions": [0, 0, 0, 0, 0, 0, 1, 1, 0, 0, 0, 0, 0, 0, 0, 0, 0, 0, 1, 0, 1, 0, 0, 1, 0, 0, 0, 0, 0, 0, 0, 0, 0, 0, 0, 0, 1, 0, 0, 0, 0, 0, 0, 1, 0, 0, 0, 0, 0, 0, 0, 0, 0, 0, 0, 0, 0, 0, 0, 0, 0, 0, 0, 0, 0, 0, 0, 0, 0, 0, 0, 0, 0, 0, 0, 0, 0, 3, 0, 0, 0, 0, 0, 0, 0, 0, 0, 0, 0, 0, 0, 0, 0, 0, 0, 0, 0, 0, 0, 1, 0, 0, 0, 0, 0, 0, 0, 0, 0, 0, 0, 0, 0, 0, 0, 0, 0, 0, 1, 0, 0, 0, 1, 0, 0, 1, 0, 0, 1, 0, 1, 1, 3, 0, 3, 1, 0, 0, 1, 0, 0, 1, 0], "uids": ["0", "1", "2", "3", "4", "5", "6", "7", "8", "9", "10", "11", "12", "13", "14", "15", "16", "17", "18", "19", "20", "21", "22", "23", "24", "25", "26", "27", "28", "29", "30", "31", "32", "33", "34", "35", "36", "37", "38", "39", "40", "41", "42", "43", "44", "45", "46", "47", "48", "49", "50", "51", "52", "53", "54", "55", "56", "57", "58", "59", "60", "61", "62", "63", "64", "65", "66", "67", "68", "69", "70", "71", "72", "73", "74", "75", "76", "77", "78", "79", "80", "81", "82", "83", "84", "85", "86", "87", "88", "89", "90", "91", "92", "93", "94", "95", "96", "97", "98", "99", "100", "101", "102", "103", "104", "105", "106", "107", "108", "109", "110", "111", "112", "113", "114", "115", "116", "117", "118", "119", "120", "121", "122", "123", "124", "125", "126", "127", "128", "129", "130", "131", "132", "133", "134", "135", "136", "137", "138", "139", "140", "141", "142"], "scores": [0.4690391719341278, 0.12191590666770935, 0.06923786550760269, 0.19372278451919556, 0.146084263920784, 0.45392516255378723, 0.12055925279855728, 0.06621090322732925, 0.20789523422718048, 0.15140944719314575, 0.3635488450527191, 0.1135927066206932, 0.07596840709447861, 0.28366294503211975, 0.16322709619998932, 0.4723997414112091, 0.1266627013683319, 0.05992139130830765, 0.21724188327789307, 0.12377430498600006, 0.43796589970588684, 0.1082591861486435, 0.07153771072626114, 0.2262822687625885, 0.15595494210720062, 0.4833471179008484, 0.1343948096036911, 0.06139698252081871, 0.18883062899112701, 0.13203048706054688, 0.2974601984024048, 0.48242712020874023, 0.058302056044340134, 0.09368474781513214, 0.06812591105699539, 0.2861201763153076, 0.5139169692993164, 0.05269481986761093, 0.08749473094940186, 0.0597732737660408, 0.37332233786582947, 0.08986421674489975, 0.07326944172382355, 0.2724246084690094, 0.19111938774585724, 0.3623424172401428, 0.14158496260643005, 0.06832034140825272, 0.26563262939453125, 0.16211965680122375, 0.34057116508483887, 0.12731081247329712, 0.07420060783624649, 0.2802889347076416, 0.17762847244739532, 0.48429396748542786, 0.1856328696012497, 0.05020727589726448, 0.14246608316898346, 0.1373997926712036, 0.39358294010162354, 0.20096555352210999, 0.05983639881014824, 0.1863618642091751, 0.15925316512584686, 0.37117674946784973, 0.19255872070789337, 0.06411486864089966, 0.2226266860961914, 0.14952297508716583, 0.310059130191803, 0.18480774760246277, 0.08814302086830139, 0.23259827494621277, 0.18439187109470367, 0.2937791645526886, 0.11795879900455475, 0.0964193046092987, 0.2645091414451599, 0.22733360528945923, 0.28537487983703613, 0.12384448200464249, 0.09751269221305847, 0.2658938467502594, 0.2273740917444229, 0.659142792224884, 0.10501739382743835, 0.03863942623138428, 0.10965131968259811, 0.08754908293485641, 0.1882685273885727, 0.6506780385971069, 0.0473744161427021, 0.06957801431417465, 0.04410092532634735, 0.7795254588127136, 0.08459362387657166, 0.027683483436703682, 0.05941564589738846, 0.04878178611397743, 0.2695336639881134, 0.5269200801849365, 0.051861342042684555, 0.09203022718429565, 0.05965476483106613, 0.7048667669296265, 0.08199494332075119, 0.03622782975435257, 0.09984488785266876, 0.07706562429666519, 0.5866813659667969, 0.18644015491008759, 0.03964429348707199, 0.10923539847135544, 0.0779988020658493, 0.24709542095661163, 0.44355055689811707, 0.0706375315785408, 0.14428745210170746, 0.09442900866270065, 0.4101964235305786, 0.16664500534534454, 0.0745454877614975, 0.20248813927173615, 0.1461249589920044, 0.551707923412323, 0.13019753992557526, 0.05757502466440201, 0.14937952160835266, 0.11113996803760529, 0.5292668342590332, 0.12135358154773712, 0.059515878558158875, 0.17351055145263672, 0.11635313928127289, 0.6525031924247742, 0.09055643528699875, 0.04339905083179474, 0.11228124797344208, 0.10126008093357086, 0.516333281993866, 0.10507123917341232, 0.06788443773984909, 0.17002025246620178, 0.14069075882434845, 0.5489485859870911, 0.11520912498235703, 0.056380681693553925, 0.16027678549289703, 0.11918480694293976, 0.36720237135887146, 0.27234622836112976, 0.10282012075185776, 0.14223526418209076, 0.11539596319198608, 0.7309702038764954, 0.09667819738388062, 0.02876526117324829, 0.07480951398611069, 0.06877690553665161, 0.3845684826374054, 0.08479861170053482, 0.10282084345817566, 0.238229900598526, 0.18958212435245514, 0.342465877532959, 0.30224114656448364, 0.0676770806312561, 0.16439996659755707, 0.12321589142084122, 0.424246221780777, 0.0882905051112175, 0.09404875338077545, 0.2046453356742859, 0.18876919150352478, 0.6421809196472168, 0.10929031670093536, 0.04412548243999481, 0.11672357469797134, 0.08767978847026825, 0.30085015296936035, 0.5069822072982788, 0.048802878707647324, 0.08465148508548737, 0.058713339269161224, 0.3803553581237793, 0.08772199600934982, 0.08543621003627777, 0.23994180560112, 0.20654460787773132, 0.37362197041511536, 0.1405927538871765, 0.08221683651208878, 0.2320055365562439, 0.17156291007995605, 0.500810444355011, 0.15425986051559448, 0.064107745885849, 0.15479718148708344, 0.1260247826576233, 0.5097247958183289, 0.139853835105896, 0.06284008920192719, 0.1631641834974289, 0.12441708892583847, 0.4803195595741272, 0.08914707601070404, 0.06564962863922119, 0.2295238971710205, 0.13535982370376587, 0.45382168889045715, 0.10845742374658585, 0.06720105558633804, 0.23133328557014465, 0.13918659090995789, 0.18049918115139008, 0.5042058825492859, 0.07019392400979996, 0.15183226764202118, 0.09326876699924469, 0.35344916582107544, 0.07844606041908264, 0.08004334568977356, 0.2938883304595947, 0.19417302310466766, 0.5379427075386047, 0.12736999988555908, 0.057372018694877625, 0.15549755096435547, 0.12181767076253891, 0.4790361523628235, 0.09775149822235107, 0.07127035409212112, 0.1994074583053589, 0.15253455936908722, 0.4536595642566681, 0.17881083488464355, 0.05851069465279579, 0.1922411173582077, 0.11677780002355576, 0.6253526210784912, 0.10776741057634354, 0.05139746144413948, 0.11529797315597534, 0.10018451511859894, 0.4267147481441498, 0.1862228512763977, 0.09202230721712112, 0.18011358380317688, 0.11492643505334854, 0.4188497066497803, 0.17365406453609467, 0.09513744711875916, 0.19093602895736694, 0.12142273783683777, 0.7568183541297913, 0.08412449806928635, 0.030165230855345726, 0.06465112417936325, 0.0642407163977623, 0.6514251232147217, 0.10786722600460052, 0.040474481880664825, 0.11683017760515213, 0.08340301364660263, 0.5191446542739868, 0.13015080988407135, 0.05787431821227074, 0.16947390139102936, 0.12335629761219025, 0.4314509332180023, 0.11254589259624481, 0.06948243081569672, 0.22215445339679718, 0.1643662452697754, 0.41170695424079895, 0.11946367472410202, 0.06970260292291641, 0.23219624161720276, 0.16693054139614105, 0.42381903529167175, 0.11457286775112152, 0.06561662256717682, 0.22962599992752075, 0.16636553406715393, 0.5855147242546082, 0.13000459969043732, 0.04905754327774048, 0.13187061250209808, 0.10355257242918015, 0.5224104523658752, 0.114826999604702, 0.06470021605491638, 0.15836022794246674, 0.13970212638378143, 0.5407212376594543, 0.09288953244686127, 0.06599479913711548, 0.16251295804977417, 0.13788138329982758, 0.5494799613952637, 0.09071177989244461, 0.058371566236019135, 0.16595813632011414, 0.13547851145267487, 0.429810106754303, 0.14906837046146393, 0.069447360932827, 0.2175261676311493, 0.13414804637432098, 0.39017027616500854, 0.12064600735902786, 0.06818266212940216, 0.25984612107276917, 0.1611548811197281, 0.4064583480358124, 0.12886084616184235, 