{"metrics": {"ACC": 43.35664335664335, "F1": 32.45344129554656}, "predictions": [0, 0, 3, 0, 0, 0, 1, 1, 3, 3, 4, 0, 1, 4, 1, 4, 3, 0, 1, 0, 1, 0, 0, 1, 3, 0, 0, 0, 0, 0, 0, 0, 0, 0, 0, 0, 1, 4, 4, 0, 0, 3, 3, 3, 3, 0, 0, 3, 0, 0, 0, 0, 0, 0, 4, 4, 4, 0, 0, 0, 0, 3, 3, 0, 0, 3, 3, 3, 3, 0, 0, 0, 0, 3, 4, 3, 0, 3, 0, 3, 3, 0, 0, 0, 0, 3, 3, 3, 3, 0, 3, 0, 0, 0, 3, 4, 3, 1, 0, 1, 3, 0, 0, 0, 3, 0, 3, 0, 0, 3, 0, 0, 0, 0, 0, 0, 0, 0, 1, 1, 0, 0, 1, 0, 0, 1, 0, 4, 3, 3, 1, 0, 3, 3, 3, 0, 0, 3, 1, 0, 0, 1, 0], "uids": ["0", "1", "2", "3", "4", "5", "6", "7", "8", "9", "10", "11", "12", "13", "14", "15", "16", "17", "18", "19", "20", "21", "22", "23", "24", "25", "26", "27", "28", "29", "30", "31", "32", "33", "34", "35", "36", "37", "38", "39", "40", "41", "42", "43", "44", "45", "46", "47", "48", "49", "50", "51", "52", "53", "54", "55", "56", "57", "58", "59", "60", "61", "62", "63", "64", "65", "66", "67", "68", "69", "70", "71", "72", "73", "74", "75", "76", "77", "78", "79", "80", "81", "82", "83", "84", "85", "86", "87", "88", "89", "90", "91", "92", "93", "94", "95", "96", "97", "98", "99", "100", "101", "102", "103", "104", "105", "106", "107", "108", "109", "110", "111", "112", "113", "114", "115", "116", "117", "118", "119", "120", "121", "122", "123", "124", "125", "126", "127", "128", "129", "130", "131", "132", "133", "134", "135", "136", "137", "138", "139", "140", "141", "142"], "scores": [0.9317410588264465, 0.00956781953573227, 0.007301234640181065, 0.00955750048160553, 0.0418323390185833, 0.5901544690132141, 0.05871373042464256, 0.04570620507001877, 0.039006177335977554, 0.266419380903244, 0.03650737926363945, 0.00876651518046856, 0.12622587382793427, 0.6056399941444397, 0.222860187292099, 0.7093445658683777, 0.03474842384457588, 0.06338447332382202, 0.12115080654621124, 0.07137175649404526, 0.3230043053627014, 0.07270879298448563, 0.17148154973983765, 0.1631573885679245, 0.2696479558944702, 0.5477634072303772, 0.11450537294149399, 0.07958533614873886, 0.04932516813278198, 0.20882068574428558, 0.22772327065467834, 0.5833484530448914, 0.04775330796837807, 0.04271896183490753, 0.09845603257417679, 0.14184671640396118, 0.7812709808349609, 0.02038184553384781, 0.013718409463763237, 0.042782012373209, 0.014027917757630348, 0.019938664510846138, 0.07773934304714203, 0.7430884838104248, 0.14520560204982758, 0.046569038182497025, 0.10115183889865875, 0.10299967229366302, 0.4552004039287567, 0.29407912492752075, 0.020432500168681145, 0.0690319761633873, 0.11387085169553757, 0.39566493034362793, 0.4009997546672821, 0.46382689476013184, 0.1391175389289856, 0.07308980822563171, 0.06390561908483505, 0.2600601315498352, 0.07907082885503769, 0.5404614210128784, 0.07621712982654572, 0.056731391698122025, 0.24751919507980347, 0.1411397010087967, 0.2633420526981354, 0.11918409913778305, 0.12369800359010696, 0.3526361882686615, 0.1708034723997116, 0.40220415592193604, 0.07697043567895889, 0.156016543507576, 0.19400544464588165, 0.09312383085489273, 0.017363473773002625, 0.09460633993148804, 0.2957514226436615, 0.4991549253463745, 0.02324543707072735, 0.03271012008190155, 0.10171574354171753, 0.5994565486907959, 0.24287216365337372, 0.8772881031036377, 0.020723044872283936, 0.015157057903707027, 0.021518118679523468, 0.06531370431184769, 0.08657287806272507, 0.8434683084487915, 0.013195455074310303, 0.03876785933971405, 0.017995379865169525, 0.8908785581588745, 0.010438245721161366, 0.01702168770134449, 0.06775319576263428, 0.013908294029533863, 0.27415522933006287, 0.6149569153785706, 0.028211448341608047, 0.01666194200515747, 0.06601449847221375, 0.6981197595596313, 0.04344586655497551, 0.041711460798978806, 0.06133722886443138, 0.15538561344146729, 0.4263017773628235, 0.31890612840652466, 0.03447943925857544, 0.17134736478328705, 0.048965200781822205, 0.013188260607421398, 0.907008707523346, 0.02623279020190239, 0.030985789373517036, 0.02258433774113655, 0.02678280510008335, 0.013923530466854572, 0.10306939482688904, 0.7929413914680481, 0.06328285485506058, 0.9485456943511963, 0.01665436290204525, 0.011860417202115059, 0.006154112983494997, 0.016785431653261185, 0.8736321330070496, 0.04335514083504677, 0.022946719080209732, 0.01658536307513714, 0.04348057880997658, 0.9065837860107422, 0.017148122191429138, 0.016284329816699028, 0.00974029116332531, 0.050243496894836426, 0.4290196895599365, 0.024234335869550705, 0.14332827925682068, 0.26907220482826233, 0.13434553146362305, 0.6018788814544678, 0.1248067244887352, 0.05913342908024788, 0.14442050457000732, 0.0697605311870575, 0.5993857383728027, 0.11806352436542511, 0.12267841398715973, 0.08186432719230652, 0.07800804078578949, 0.8775714635848999, 0.07631106674671173, 0.00844463799148798, 0.009463333524763584, 0.028209509328007698, 0.6556554436683655, 0.04757353663444519, 0.05719870328903198, 0.029926816001534462, 0.20964552462100983, 0.56879723072052, 0.13298827409744263, 0.07388971745967865, 0.02908424288034439, 0.19524049758911133, 0.8490419387817383, 0.030078204348683357, 0.027067966759204865, 0.012066344730556011, 0.08174557983875275, 0.9546220898628235, 0.006769106257706881, 0.00864064134657383, 0.010425013490021229, 0.019543154165148735, 0.29125624895095825, 0.5563586354255676, 0.039428628981113434, 0.02076181024312973, 0.09219469875097275, 0.21412652730941772, 0.03234291821718216, 0.2275635004043579, 0.09891797602176666, 0.4270491302013397, 0.2569549083709717, 0.10629492998123169, 0.13062860071659088, 0.23843181133270264, 0.2676897346973419, 0.5469607710838318, 0.13661730289459229, 0.1089346781373024, 0.08890015631914139, 0.11858713626861572, 0.7435006499290466, 0.05561849847435951, 0.06065307557582855, 0.06892158091068268, 0.07130630314350128, 0.04780208319425583, 0.011053389869630337, 0.07843265682458878, 0.8163588643074036, 0.04635300114750862, 0.033370308578014374, 0.05975518375635147, 0.07084134221076965, 0.7627881169319153, 0.07324504107236862, 0.054155442863702774, 0.31311681866645813, 0.0656161829829216, 0.48314204812049866, 0.08396946638822556, 0.0754605382680893, 0.008141419850289822, 0.08624568581581116, 0.6633740663528442, 0.16677823662757874, 0.6265218257904053, 0.16685672104358673, 0.056367937475442886, 0.0287287887185812, 0.12152469158172607, 0.7413866519927979, 0.015466735698282719, 0.06484459340572357, 0.04589205980300903, 0.13241001963615417, 0.034816209226846695, 0.12065498530864716, 0.115569107234478, 0.529927670955658, 0.19903208315372467, 0.904555082321167, 0.030332930386066437, 0.015596908517181873, 0.006762049160897732, 0.04275299981236458, 0.3226194977760315, 0.20877636969089508, 0.1590271145105362, 0.17922745645046234, 0.13034950196743011, 0.32462820410728455, 0.20509865880012512, 0.1613149791955948, 0.1795502007007599, 0.12940800189971924, 0.9364382028579712, 0.014833237044513226, 0.009186052717268467, 0.011914965696632862, 0.027627483010292053, 0.5245063900947571, 0.23976820707321167, 0.04433773085474968, 0.06287194043397903, 0.12851573526859283, 0.7981978058815002, 0.06085935980081558, 0.027863917872309685, 0.026203013956546783, 0.08687586337327957, 0.10067345947027206, 0.09758711606264114, 0.12609440088272095, 0.2543427050113678, 0.42130231857299805, 0.16339731216430664, 0.04963801056146622, 0.09360082447528839, 0.07508824020624161, 0.6182756423950195, 0.1761244684457779, 0.044248536229133606, 0.08581514656543732, 0.3277745246887207, 0.3660373091697693, 0.38930395245552063, 0.06389474123716354, 0.09589594602584839, 0.06912396848201752, 0.38178133964538574, 0.8215156197547913, 0.02309350110590458, 0.04089667275547981, 0.033323124051094055, 0.08117104321718216, 0.8606159687042236, 0.017835693433880806, 0.03140493482351303, 0.03604855015873909, 0.054094865918159485, 0.9421360492706299, 0.008689168840646744, 0.011576982215046883, 0.012685795314610004, 0.02491196244955063, 0.0802832618355751, 0.07761769741773605, 0.1131637841463089, 0.5201022028923035, 0.20883306860923767, 0.03958422690629959, 0.02818499505519867, 0.09582097828388214, 0.5109078288078308, 