{"metrics": {"ACC": 44.05594405594406, "F1": 33.10710583310533}, "predictions": [0, 0, 3, 0, 4, 0, 1, 1, 3, 3, 3, 0, 1, 4, 1, 4, 3, 0, 1, 0, 1, 0, 1, 1, 3, 0, 0, 0, 0, 0, 0, 0, 0, 0, 0, 0, 1, 4, 4, 0, 0, 3, 3, 3, 3, 0, 0, 3, 0, 0, 0, 0, 0, 0, 4, 4, 3, 0, 0, 0, 0, 3, 3, 0, 0, 3, 3, 3, 3, 0, 0, 0, 0, 3, 4, 3, 0, 3, 0, 3, 3, 0, 0, 0, 0, 0, 3, 0, 0, 0, 3, 0, 0, 0, 3, 4, 3, 1, 0, 1, 3, 0, 0, 0, 0, 0, 3, 0, 0, 1, 0, 0, 0, 0, 0, 0, 0, 0, 1, 1, 0, 0, 1, 0, 0, 1, 0, 4, 3, 3, 1, 0, 3, 3, 3, 1, 0, 3, 1, 0, 0, 1, 0], "uids": ["0", "1", "2", "3", "4", "5", "6", "7", "8", "9", "10", "11", "12", "13", "14", "15", "16", "17", "18", "19", "20", "21", "22", "23", "24", "25", "26", "27", "28", "29", "30", "31", "32", "33", "34", "35", "36", "37", "38", "39", "40", "41", "42", "43", "44", "45", "46", "47", "48", "49", "50", "51", "52", "53", "54", "55", "56", "57", "58", "59", "60", "61", "62", "63", "64", "65", "66", "67", "68", "69", "70", "71", "72", "73", "74", "75", "76", "77", "78", "79", "80", "81", "82", "83", "84", "85", "86", "87", "88", "89", "90", "91", "92", "93", "94", "95", "96", "97", "98", "99", "100", "101", "102", "103", "104", "105", "106", "107", "108", "109", "110", "111", "112", "113", "114", "115", "116", "117", "118", "119", "120", "121", "122", "123", "124", "125", "126", "127", "128", "129", "130", "131", "132", "133", "134", "135", "136", "137", "138", "139", "140", "141", "142"], "scores": [0.911178469657898, 0.015255541540682316, 0.009999471716582775, 0.01345063466578722, 0.05011586844921112, 0.564073383808136, 0.08054085820913315, 0.04811231791973114, 0.04425385594367981, 0.2630196511745453, 0.05607886239886284, 0.010827706195414066, 0.12451264262199402, 0.5567439198493958, 0.2518368065357208, 0.6922550201416016, 0.044617485255002975, 0.06320545822381973, 0.12193236500024796, 0.07798966020345688, 0.24081040918827057, 0.07618116587400436, 0.18208953738212585, 0.21828991174697876, 0.28262895345687866, 0.5443707704544067, 0.13747471570968628, 0.07393335551023483, 0.052859827876091, 0.19136132299900055, 0.1966075450181961, 0.5873128771781921, 0.05627433955669403, 0.053042180836200714, 0.10676304996013641, 0.11630792170763016, 0.8077660202980042, 0.02093544602394104, 0.014872949570417404, 0.04011762514710426, 0.01876775175333023, 0.019074488431215286, 0.08116226643323898, 0.7329939007759094, 0.14800162613391876, 0.03523515164852142, 0.0864827111363411, 0.09739068895578384, 0.5380169153213501, 0.24287456274032593, 0.018227778375148773, 0.050434790551662445, 0.11237537115812302, 0.49184295535087585, 0.32711905241012573, 0.47045665979385376, 0.1749695986509323, 0.06502920389175415, 0.06151869148015976, 0.2280258685350418, 0.10397496074438095, 0.5246227383613586, 0.07581708580255508, 0.05941551923751831, 0.2361697107553482, 0.1792556792497635, 0.2797568142414093, 0.10863921791315079, 0.12041441351175308, 0.31193384528160095, 0.1525731086730957, 0.43915891647338867, 0.07265736907720566, 0.16039824485778809, 0.17521241307258606, 0.1109621673822403, 0.017692631110548973, 0.09786035865545273, 0.2811538577079773, 0.49233096837997437, 0.038766998797655106, 0.03148588910698891, 0.11207543313503265, 0.5034809112548828, 0.31419074535369873, 0.8672202229499817, 0.02783636562526226, 0.015408501029014587, 0.023267412558197975, 0.06626750528812408, 0.06752437353134155, 0.8824192881584167, 0.010921725071966648, 0.025500182062387466, 0.013634447939693928, 0.9046052694320679, 0.011740549467504025, 0.01474098302423954, 0.0568191334605217, 0.01209405530244112, 0.21863462030887604, 0.6800627112388611, 0.026712946593761444, 0.017707157880067825, 0.05688250809907913, 0.6208610534667969, 0.06992662698030472, 0.05100628733634949, 0.0765921026468277, 0.181613951921463, 0.39716655015945435, 0.4138331115245819, 0.028226157650351524, 0.1180686354637146, 0.042705610394477844, 0.018546288833022118, 0.9188858270645142, 0.021510383114218712, 0.019328322261571884, 0.02172914706170559, 0.04997995123267174, 0.01698882319033146, 0.12034830451011658, 0.7132527232170105, 0.09943012148141861, 0.9305376410484314, 0.024926582351326942, 0.014713051728904247, 0.00858289934694767, 0.02123985067009926, 0.7975676655769348, 0.08037876337766647, 0.033388733863830566, 0.026420678943395615, 0.06224408000707626, 0.9010930061340332, 0.02461528778076172, 0.015671120956540108, 0.010971634648740292, 0.04764900729060173, 0.4179333746433258, 0.029932338744401932, 0.14371193945407867, 0.25507622957229614, 0.15334606170654297, 0.46917852759361267, 0.190072163939476, 0.06914360821247101, 0.18878667056560516, 0.08281911164522171, 0.6068979501724243, 0.12251526862382889, 0.1162671223282814, 0.07860583066940308, 0.07571382075548172, 0.8263640403747559, 0.11776289343833923, 0.010491915978491306, 0.012288914062082767, 0.0330921933054924, 0.626228392124176, 0.06765054911375046, 0.05653975531458855, 0.03356911242008209, 0.21601220965385437, 0.5387682318687439, 0.18498416244983673, 0.0655149519443512, 0.030262576416134834, 0.18047010898590088, 0.8198065161705017, 0.04062153398990631, 0.02934625744819641, 0.014873211272060871, 0.09535252302885056, 0.945283055305481, 0.01001220103353262, 0.009831834584474564, 0.01225128211081028, 0.022621745243668556, 0.24276110529899597, 0.6149738430976868, 0.03777162730693817, 0.02272866666316986, 0.08176472783088684, 0.22274215519428253, 0.043457504361867905, 0.21165700256824493, 0.09614277631044388, 0.42600056529045105, 0.2638826370239258, 0.1180577203631401, 0.12624475359916687, 0.22166070342063904, 0.2701541781425476, 0.5419396758079529, 0.17203673720359802, 0.09503765404224396, 0.07999198138713837, 0.11099402606487274, 0.6964941024780273, 0.08844856172800064, 0.06335669755935669, 0.07244856655597687, 0.07925204932689667, 0.04759113863110542, 0.014999411068856716, 0.08617302775382996, 0.793606698513031, 0.057629697024822235, 0.032545432448387146, 0.06699238717556, 0.07732182741165161, 0.7419151663780212, 0.08122511953115463, 0.05473810061812401, 0.29281678795814514, 0.0718444213271141, 0.4793180227279663, 0.10128264129161835, 0.08641979098320007, 0.00958347786217928, 0.08959294110536575, 0.6318702697753906, 0.18253348767757416, 0.5714738965034485, 0.21349215507507324, 0.05768277868628502, 0.03392268344759941, 0.12342849373817444, 0.648996114730835, 0.022567953914403915, 0.08288317918777466, 0.07513685524463654, 0.17041592299938202, 0.03949201852083206, 0.16126316785812378, 0.11560045927762985, 0.49906525015830994, 0.18457910418510437, 0.9011569619178772, 0.037981949746608734, 0.014854773879051208, 0.007253546733409166, 0.03875274956226349, 0.3425944149494171, 0.19747844338417053, 0.14951562881469727, 0.17778350412845612, 0.13262802362442017, 0.3410065174102783, 0.19649264216423035, 0.15287330746650696, 0.17853710055351257, 0.1310904622077942, 0.9137452244758606, 0.026786185801029205, 0.011464911513030529, 0.01416194811463356, 0.03384176269173622, 0.49056851863861084, 0.24499674141407013, 0.05160054564476013, 0.08223583549261093, 0.13059838116168976, 0.7666300535202026, 0.07609648257493973, 0.02947043627500534, 0.03268121927976608, 0.09512177854776382, 0.12011735141277313, 0.12078893184661865, 0.12253706157207489, 0.24449759721755981, 0.3920590579509735, 0.19782504439353943, 0.056764036417007446, 0.08449941128492355, 0.08881062269210815, 0.5721008777618408, 0.18477614223957062, 0.052773356437683105, 0.08617748320102692, 0.3415798246860504, 0.33469322323799133, 0.40897253155708313, 0.07684790343046188, 0.0926140621304512, 0.07662557810544968, 0.3449398875236511, 0.8281562924385071, 0.029979290440678596, 0.03913726285099983, 0.03206586092710495, 0.07066139578819275, 0.8530810475349426, 0.0251961387693882, 0.03203265741467476, 0.036675550043582916, 0.05301457643508911, 0.9299640655517578, 0.012260450050234795, 0.013829749077558517, 0.015163375996053219, 0.028782358393073082, 0.08299087733030319, 0.07432114332914352, 0.11994901299476624, 0.507849931716919, 0.2148890644311905, 0.042940981686115265, 0.030163051560521126, 0.09588685631752014, 0.5376768112182617, 0.2933322787284851, 