{"metrics": {"ACC": 38.46153846153847, "F1": 14.241666666666669}, "predictions": [0, 0, 0, 0, 0, 0, 0, 0, 0, 0, 0, 0, 0, 0, 0, 0, 0, 0, 1, 0, 0, 0, 0, 0, 0, 0, 0, 0, 0, 0, 0, 0, 0, 0, 0, 0, 0, 0, 0, 0, 0, 0, 0, 0, 0, 0, 0, 0, 0, 0, 0, 0, 0, 0, 0, 0, 0, 0, 0, 0, 0, 0, 0, 0, 0, 0, 0, 0, 0, 0, 0, 0, 0, 0, 0, 0, 0, 0, 0, 0, 0, 0, 0, 0, 0, 0, 0, 0, 0, 0, 0, 0, 0, 0, 0, 0, 0, 0, 0, 0, 0, 0, 0, 0, 0, 0, 0, 0, 0, 0, 0, 0, 0, 0, 0, 0, 0, 0, 0, 0, 0, 0, 0, 0, 0, 1, 0, 0, 0, 0, 0, 1, 0, 0, 0, 0, 0, 0, 0, 0, 0, 1, 0], "uids": ["0", "1", "2", "3", "4", "5", "6", "7", "8", "9", "10", "11", "12", "13", "14", "15", "16", "17", "18", "19", "20", "21", "22", "23", "24", "25", "26", "27", "28", "29", "30", "31", "32", "33", "34", "35", "36", "37", "38", "39", "40", "41", "42", "43", "44", "45", "46", "47", "48", "49", "50", "51", "52", "53", "54", "55", "56", "57", "58", "59", "60", "61", "62", "63", "64", "65", "66", "67", "68", "69", "70", "71", "72", "73", "74", "75", "76", "77", "78", "79", "80", "81", "82", "83", "84", "85", "86", "87", "88", "89", "90", "91", "92", "93", "94", "95", "96", "97", "98", "99", "100", "101", "102", "103", "104", "105", "106", "107", "108", "109", "110", "111", "112", "113", "114", "115", "116", "117", "118", "119", "120", "121", "122", "123", "124", "125", "126", "127", "128", "129", "130", "131", "132", "133", "134", "135", "136", "137", "138", "139", "140", "141", "142"], "scores": [0.44183585047721863, 0.09343152493238449, 0.04600374400615692, 0.24897249042987823, 0.16975641250610352, 0.44698429107666016, 0.09992857277393341, 0.043400511145591736, 0.23984667658805847, 0.16983991861343384, 0.4047417640686035, 0.10778723657131195, 0.04714646935462952, 0.26787009835243225, 0.1724543422460556, 0.42300593852996826, 0.12364431470632553, 0.045396458357572556, 0.24119167029857635, 0.1667615920305252, 0.4332778751850128, 0.09837715327739716, 0.04718245938420296, 0.24398349225521088, 0.17717894911766052, 0.4640633761882782, 0.09566514939069748, 0.043368998914957047, 0.22700238227844238, 0.16990014910697937, 0.5178671479225159, 0.15703342854976654, 0.04553719982504845, 0.14106175303459167, 0.13850048184394836, 0.531309962272644, 0.11204986274242401, 0.03764853999018669, 0.1728389859199524, 0.14615267515182495, 0.39696139097213745, 0.10549389570951462, 0.0493035651743412, 0.26983559131622314, 0.17840561270713806, 0.3590666651725769, 0.15882417559623718, 0.05085664242506027, 0.25261247158050537, 0.17864012718200684, 0.3490898609161377, 0.14064092934131622, 0.052958112210035324, 0.2808465361595154, 0.1764645278453827, 0.4289635717868805, 0.12822814285755157, 0.044290248304605484, 0.22525423765182495, 0.17326383292675018, 0.41872212290763855, 0.11945769935846329, 0.0456366240978241, 0.24332448840141296, 0.1728590875864029, 0.40023019909858704, 0.12903189659118652, 0.04826904833316803, 0.25150248408317566, 0.17096632719039917, 0.31363168358802795, 0.24315938353538513, 0.0675044059753418, 0.22066982090473175, 0.15503466129302979, 0.3155779242515564, 0.17678630352020264, 0.07261328399181366, 0.26391535997390747, 0.17110709846019745, 0.31855055689811707, 0.16383688151836395, 0.07072442770004272, 0.26939719915390015, 0.1774909496307373, 0.5537903308868408, 0.07962992787361145, 0.03757777437567711, 0.17678549885749817, 0.15221644937992096, 0.3055792450904846, 0.3257046043872833, 0.06901213526725769, 0.17874565720558167, 0.12095831334590912, 0.6122849583625793, 0.07370758056640625, 0.029741743579506874, 0.1496466100215912, 0.1346191167831421, 0.5253095030784607, 0.10709334164857864, 0.03820384666323662, 0.17916426062583923, 0.15022902190685272, 0.5621160864830017, 0.07620277255773544, 0.03362045809626579, 0.179243803024292, 0.14881685376167297, 0.45222917199134827, 0.15276527404785156, 0.04258030652999878, 0.19285926222801208, 0.15956592559814453, 0.4020881652832031, 0.12520577013492584, 0.05159949138760567, 0.2456590235233307, 0.1754475086927414, 0.42776867747306824, 0.1026836410164833, 0.04818212613463402, 0.24329409003257751, 0.17807145416736603, 0.4628242552280426, 0.11102394759654999, 0.04573863744735718, 0.2147275060415268, 0.16568563878536224, 0.4844474196434021, 0.0946013480424881, 0.04166616126894951, 0.21497584879398346, 0.16430921852588654, 0.5333178043365479, 0.09151250123977661, 0.03511418402194977, 0.1807703822851181, 0.15928518772125244, 0.48478180170059204, 0.09499914199113846, 0.04498157277703285, 0.21565985679626465, 0.15957757830619812, 0.48387566208839417, 0.08796809613704681, 0.04394844174385071, 0.2232135385274887, 0.160994291305542, 0.35456937551498413, 0.21599258482456207, 0.13985313475131989, 0.1540844589471817, 0.1355004459619522, 0.5681714415550232, 0.08695923537015915, 0.03212788701057434, 0.1672852784395218, 0.14545616507530212, 0.4632735848426819, 0.09928811341524124, 0.04625473544001579, 0.2288360595703125, 0.16234751045703888, 0.4305366575717926, 0.10840290784835815, 0.05056963488459587, 0.24226845800876617, 0.16822242736816406, 0.47227010130882263, 0.0896654799580574, 0.045994970947504044, 0.22734160721302032, 0.16472786664962769, 0.503174364566803, 0.09616601467132568, 0.040938254445791245, 0.20515674352645874, 0.15456461906433105, 0.5567527413368225, 0.10337305814027786, 0.03478311747312546, 0.16187720000743866, 0.1432139277458191, 0.34185099601745605, 0.18138425052165985, 0.06226963922381401, 0.24524109065532684, 0.16925403475761414, 0.34975501894950867, 0.1400774121284485, 0.05520905181765556, 0.274230420589447, 0.18072812259197235, 0.4046618640422821, 0.13306669890880585, 0.051060132682323456, 0.24039191007614136, 0.17081937193870544, 0.44355180859565735, 0.0936579704284668, 0.04606124013662338, 0.24441882967948914, 0.17231015861034393, 0.43962278962135315, 0.09344246238470078, 0.04530937969684601, 0.2552507817745209, 0.1663745641708374, 0.43048936128616333, 0.09418428689241409, 0.04633871838450432, 0.2621780335903168, 0.16680960357189178, 0.29492682218551636, 0.25620540976524353, 0.07737893611192703, 0.22171998023986816, 0.1497688740491867, 0.3509506285190582, 0.13137328624725342, 0.05937037244439125, 0.28712570667266846, 0.17117998003959656, 0.46599438786506653, 0.09936008602380753, 0.04319565370678902, 0.2242790162563324, 0.16717086732387543, 0.43975380063056946, 0.09755101054906845, 0.046109385788440704, 0.2409350872039795, 0.17565076053142548, 0.4152405858039856, 0.14173772931098938, 0.045479416847229004, 0.22617694735527039, 0.17136527597904205, 0.4489854574203491, 0.11251852661371231, 0.04509992152452469, 0.2213888317346573, 0.17200727760791779, 0.4145723283290863, 0.20728985965251923, 0.08012734353542328, 0.1665101796388626, 0.13150037825107574, 0.42129573225975037, 0.19496847689151764, 0.07594449073076248, 0.17454703152179718, 0.13324430584907532, 0.6027364730834961, 0.07624030113220215, 0.029793741181492805, 0.14914165437221527, 0.14208783209323883, 0.5377752780914307, 0.0919695645570755, 0.03627908229827881, 0.18212890625, 0.15184719860553741, 0.47998687624931335, 0.09418044239282608, 0.04264189675450325, 0.21730300784111023, 0.1658877432346344, 0.4477546513080597, 0.09850935637950897, 0.0448327399790287, 0.23547397553920746, 0.17342929542064667, 0.43894463777542114, 0.09386079013347626, 0.04477200657129288, 0.24918562173843384, 0.1732368767261505, 0.3943740129470825, 0.11249717324972153, 0.04829057306051254, 0.2623576521873474, 0.182480588555336, 0.5080203413963318, 0.10418369621038437, 0.03817956522107124, 0.18806852400302887, 0.16154782474040985, 0.4726311266422272, 0.09708993881940842, 0.04375465214252472, 0.2215820848941803, 0.1649421900510788, 0.4753382205963135, 0.09315590560436249, 0.04226776957511902, 0.2229786217212677, 0.1662594974040985, 0.4683586061000824, 0.09179600328207016, 0.04256466403603554, 0.2306765615940094, 0.16660425066947937, 0.4436514675617218, 0.10516005009412766, 0.045711301267147064, 0.23917731642723083, 0.16629986464977264, 0.3986227214336395, 0.11039557307958603, 0.04720601439476013, 0.26816442608833313, 0.17561127245426178, 0.3592991530895233, 0.16823710501194, 