{"metrics": {"ACC": 42.65734265734265, "F1": 28.77795476266327}, "predictions": [0, 0, 3, 0, 0, 0, 1, 1, 3, 3, 3, 0, 1, 1, 1, 3, 3, 0, 1, 0, 1, 0, 0, 1, 3, 0, 0, 0, 0, 0, 0, 0, 0, 0, 0, 0, 1, 0, 0, 0, 0, 3, 0, 3, 3, 0, 0, 1, 0, 0, 0, 0, 0, 0, 0, 0, 0, 0, 0, 0, 0, 3, 3, 0, 0, 0, 3, 3, 3, 0, 0, 0, 0, 3, 3, 3, 0, 3, 0, 3, 3, 0, 0, 0, 0, 0, 0, 0, 0, 0, 1, 0, 0, 0, 0, 3, 0, 3, 0, 1, 0, 0, 0, 0, 0, 0, 3, 0, 0, 0, 0, 0, 0, 0, 0, 0, 0, 0, 1, 1, 0, 0, 1, 0, 0, 1, 0, 0, 1, 3, 1, 1, 3, 3, 3, 1, 0, 0, 1, 0, 0, 1, 0], "uids": ["0", "1", "2", "3", "4", "5", "6", "7", "8", "9", "10", "11", "12", "13", "14", "15", "16", "17", "18", "19", "20", "21", "22", "23", "24", "25", "26", "27", "28", "29", "30", "31", "32", "33", "34", "35", "36", "37", "38", "39", "40", "41", "42", "43", "44", "45", "46", "47", "48", "49", "50", "51", "52", "53", "54", "55", "56", "57", "58", "59", "60", "61", "62", "63", "64", "65", "66", "67", "68", "69", "70", "71", "72", "73", "74", "75", "76", "77", "78", "79", "80", "81", "82", "83", "84", "85", "86", "87", "88", "89", "90", "91", "92", "93", "94", "95", "96", "97", "98", "99", "100", "101", "102", "103", "104", "105", "106", "107", "108", "109", "110", "111", "112", "113", "114", "115", "116", "117", "118", "119", "120", "121", "122", "123", "124", "125", "126", "127", "128", "129", "130", "131", "132", "133", "134", "135", "136", "137", "138", "139", "140", "141", "142"], "scores": [0.8574478626251221, 0.03739620000123978, 0.018640747293829918, 0.03124197944998741, 0.05527319759130478, 0.6859393119812012, 0.0812419056892395, 0.05094023793935776, 0.05653572827577591, 0.1253426969051361, 0.17064091563224792, 0.06013358384370804, 0.12251308560371399, 0.45279017090797424, 0.19392232596874237, 0.7083876729011536, 0.06976830214262009, 0.05266117677092552, 0.09875812381505966, 0.07042477279901505, 0.6883734464645386, 0.08256442099809647, 0.059538524597883224, 0.07834538072347641, 0.09117820858955383, 0.7187040448188782, 0.10583940893411636, 0.042578332126140594, 0.0477403961122036, 0.08513780683279037, 0.20385737717151642, 0.6396292448043823, 0.04358029365539551, 0.05583959072828293, 0.057093482464551926, 0.18631984293460846, 0.7164875864982605, 0.025249266996979713, 0.03182851895689964, 0.040114875882864, 0.31666913628578186, 0.0675269365310669, 0.09488041698932648, 0.34525036811828613, 0.17567318677902222, 0.16770629584789276, 0.14972756803035736, 0.08763975650072098, 0.4127597212791443, 0.1821667104959488, 0.0955083966255188, 0.1532084047794342, 0.11162110418081284, 0.43078356981277466, 0.2088785320520401, 0.482479065656662, 0.22899159789085388, 0.047204237431287766, 0.1028134673833847, 0.13851165771484375, 0.18449579179286957, 0.4811396896839142, 0.05887402594089508, 0.12549683451652527, 0.1499936878681183, 0.19204266369342804, 0.39174696803092957, 0.06866200268268585, 0.2120073437690735, 0.1355411261320114, 0.24115529656410217, 0.3030472993850708, 0.06635099649429321, 0.2547990679740906, 0.13464733958244324, 0.21916359663009644, 0.02907434105873108, 0.0830761194229126, 0.3472311794757843, 0.32145482301712036, 0.12346252799034119, 0.05762077495455742, 0.08962845802307129, 0.4229612350463867, 0.3063270151615143, 0.7885562181472778, 0.06099791079759598, 0.026344837620854378, 0.04914988949894905, 0.07495113462209702, 0.16790339350700378, 0.7159096598625183, 0.020423835143446922, 0.06874450296163559, 0.02701856940984726, 0.8589297533035278, 0.02800055406987667, 0.022628091275691986, 0.06642474234104156, 0.024016816169023514, 0.2560655176639557, 0.6330907940864563, 0.02864120900630951, 0.032045233994722366, 0.050157252699136734, 0.7418016791343689, 0.06183783710002899, 0.03899473324418068, 0.06513084471225739, 0.09223497658967972, 0.4121270477771759, 0.2720053493976593, 0.043867871165275574, 0.21433593332767487, 0.057663802057504654, 0.07031188905239105, 0.8296756148338318, 0.0263421181589365, 0.03896678239107132, 0.03470360487699509, 0.18782557547092438, 0.08969856798648834, 0.10314663499593735, 0.49536722898483276, 0.12396206706762314, 0.8531259298324585, 0.061810452491045, 0.02589934878051281, 0.023806387558579445, 0.035357896238565445, 0.8237910270690918, 0.07281295210123062, 0.026536349207162857, 0.03160405904054642, 0.045255668461322784, 0.8306665420532227, 0.055017221719026566, 0.026998374611139297, 0.027926135808229446, 0.05939172953367233, 0.625244677066803, 0.06865548342466354, 0.072958804666996, 0.13994239270687103, 0.09319869428873062, 0.7002745866775513, 0.1053251102566719, 0.04724032059311867, 0.09118778258562088, 0.05597223341464996, 0.5085294842720032, 0.13596732914447784, 0.13618957996368408, 0.11299736052751541, 0.10631616413593292, 0.7566869854927063, 0.13299591839313507, 0.0235139150172472, 0.03786411136388779, 0.04893912002444267, 0.6974474787712097, 0.06712502241134644, 0.05994294956326485, 0.054814934730529785, 0.12066958099603653, 0.5965402722358704, 0.17598865926265717, 0.0548848994076252, 0.05683482810854912, 0.11575132608413696, 0.8320385813713074, 0.037483617663383484, 0.034533049911260605, 0.027939924970269203, 0.06800481677055359, 0.8720803260803223, 0.02828161232173443, 0.02261083573102951, 0.03864503651857376, 0.03838219493627548, 0.28706473112106323, 0.5945042967796326, 0.03180653974413872, 0.03378076106309891, 0.05284375324845314, 0.5139219760894775, 0.044615231454372406, 0.10522599518299103, 0.10076680779457092, 0.2354700118303299, 0.4418071508407593, 0.15578129887580872, 0.07120830565690994, 0.17799833416938782, 0.15320493280887604, 0.5840654373168945, 0.16090922057628632, 0.06291275471448898, 0.0936046615242958, 0.09850787371397018, 0.5974692106246948, 0.16683685779571533, 0.059315331280231476, 0.09159791469573975, 0.08478067815303802, 0.3373100161552429, 0.05581473931670189, 0.10413926094770432, 0.38341450691223145, 0.11932142823934555, 0.34285658597946167, 0.1018018051981926, 0.10339981317520142, 0.3286152780056, 0.12332649528980255, 0.1388755440711975, 0.21190620958805084, 0.0820327028632164, 0.44447967410087585, 0.12270588427782059, 0.30471503734588623, 0.03902728855609894, 0.1024521142244339, 0.3469253480434418, 0.20688019692897797, 0.6145902872085571, 0.18252232670783997, 0.0485471673309803, 0.07747097313404083, 0.07686936855316162, 0.6524229049682617, 0.06340645253658295, 0.06984452903270721, 0.09862131625413895, 0.11570471525192261, 0.16640391945838928, 0.3646082878112793, 0.09900624305009842, 0.2550419270992279, 0.11493970453739166, 0.8467954397201538, 0.05863160267472267, 0.023518633097410202, 0.020165327936410904, 0.05088896304368973, 0.3540053963661194, 0.17832840979099274, 0.12831827998161316, 0.19456543028354645, 0.14478248357772827, 0.35713595151901245, 0.16889025270938873, 0.1324821263551712, 0.1953289955854416, 0.14616267383098602, 0.8470121622085571, 0.06222514063119888, 0.020402556285262108, 0.0261074211448431, 0.044252678751945496, 0.7128843069076538, 0.1383374035358429, 0.0331750325858593, 0.05328536033630371, 0.06231791898608208, 0.6265760064125061, 0.1702982783317566, 0.03803494945168495, 0.073306143283844, 0.09178459644317627, 0.3210837244987488, 0.17830228805541992, 0.08510872721672058, 0.20634408295154572, 0.20916113257408142, 0.5735313296318054, 0.0725587010383606, 0.05800028517842293, 0.08942802250385284, 0.2064816653728485, 0.5396945476531982, 0.10898670554161072, 0.04846540093421936, 0.14669743180274963, 0.15615591406822205, 0.5190399289131165, 0.132950097322464, 0.0783751904964447, 0.10187927633523941, 0.16775549948215485, 0.81264328956604, 0.0404440239071846, 0.033020518720149994, 0.0495150163769722, 0.06437720358371735, 0.8136457800865173, 0.03634432330727577, 0.03199651464819908, 0.06078900024294853, 0.05722438171505928, 0.8769189119338989, 0.024704553186893463, 0.021433666348457336, 0.036403506994247437, 0.04053943231701851, 0.1743927299976349, 0.13575372099876404, 0.10899358987808228, 0.4267956018447876, 0.1540643274784088, 0.15676970779895782, 0.07270319014787674, 0.1029725894331932, 0.4239490330219269, 0.24360546469688416, 0.4986926019191742, 0.2310938686132431, 