{"metrics": {"ACC": 41.95804195804196, "F1": 28.062275226803408}, "predictions": [0, 0, 3, 0, 0, 0, 1, 1, 3, 3, 3, 1, 1, 1, 3, 0, 3, 0, 1, 0, 1, 0, 1, 1, 3, 0, 0, 0, 0, 0, 0, 0, 0, 0, 0, 0, 1, 4, 0, 0, 0, 3, 3, 3, 3, 0, 0, 1, 0, 0, 0, 0, 0, 0, 0, 0, 0, 0, 0, 0, 0, 3, 3, 1, 0, 3, 3, 3, 3, 0, 0, 0, 0, 3, 3, 3, 0, 3, 0, 3, 3, 0, 0, 0, 0, 0, 3, 0, 1, 3, 1, 3, 0, 0, 3, 3, 3, 3, 0, 3, 3, 0, 0, 0, 0, 3, 3, 0, 0, 1, 1, 0, 0, 0, 0, 0, 0, 0, 1, 0, 0, 0, 1, 0, 0, 1, 0, 0, 1, 3, 1, 1, 3, 3, 3, 1, 0, 0, 1, 1, 0, 1, 0], "uids": ["0", "1", "2", "3", "4", "5", "6", "7", "8", "9", "10", "11", "12", "13", "14", "15", "16", "17", "18", "19", "20", "21", "22", "23", "24", "25", "26", "27", "28", "29", "30", "31", "32", "33", "34", "35", "36", "37", "38", "39", "40", "41", "42", "43", "44", "45", "46", "47", "48", "49", "50", "51", "52", "53", "54", "55", "56", "57", "58", "59", "60", "61", "62", "63", "64", "65", "66", "67", "68", "69", "70", "71", "72", "73", "74", "75", "76", "77", "78", "79", "80", "81", "82", "83", "84", "85", "86", "87", "88", "89", "90", "91", "92", "93", "94", "95", "96", "97", "98", "99", "100", "101", "102", "103", "104", "105", "106", "107", "108", "109", "110", "111", "112", "113", "114", "115", "116", "117", "118", "119", "120", "121", "122", "123", "124", "125", "126", "127", "128", "129", "130", "131", "132", "133", "134", "135", "136", "137", "138", "139", "140", "141", "142"], "scores": [0.5824100375175476, 0.10322245955467224, 0.05494729429483414, 0.132832333445549, 0.12658783793449402, 0.5412514805793762, 0.09125608205795288, 0.07399259507656097, 0.12751972675323486, 0.16598014533519745, 0.15516266226768494, 0.06925714761018753, 0.1148984506726265, 0.4740668833255768, 0.18661487102508545, 0.5234461426734924, 0.09474735707044601, 0.07673442363739014, 0.18839691579341888, 0.11667516082525253, 0.2741648554801941, 0.17948782444000244, 0.11190241575241089, 0.2641739249229431, 0.17027096450328827, 0.4945942759513855, 0.16492946445941925, 0.06899570673704147, 0.1345813125371933, 0.13689912855625153, 0.14745280146598816, 0.6750942468643188, 0.0458163283765316, 0.07774686068296432, 0.053889770060777664, 0.10637664049863815, 0.7752059102058411, 0.029357895255088806, 0.05184559151530266, 0.03721391037106514, 0.2350037544965744, 0.06714236736297607, 0.1049460768699646, 0.4046899080276489, 0.1882178634405136, 0.31525370478630066, 0.10706556588411331, 0.08927346765995026, 0.3241855502128601, 0.16422170400619507, 0.13463003933429718, 0.10245751589536667, 0.12107420712709427, 0.4574720859527588, 0.1843661367893219, 0.3009290397167206, 0.37939199805259705, 0.051241688430309296, 0.1634293794631958, 0.10500787198543549, 0.1513645499944687, 0.42077767848968506, 0.06973621994256973, 0.23161496222019196, 0.12650656700134277, 0.1742270141839981, 0.33975306153297424, 0.07321720570325851, 0.2900408208370209, 0.12276189774274826, 0.16601088643074036, 0.2700848877429962, 0.07173243910074234, 0.3264394700527191, 0.16573229432106018, 0.3214417099952698, 0.04033404961228371, 0.08254700154066086, 0.25369319319725037, 0.3019840121269226, 0.22296713292598724, 0.11410331726074219, 0.10406417399644852, 0.2850286662578583, 0.27383673191070557, 0.6567572951316833, 0.09233511984348297, 0.04015878960490227, 0.10122106969356537, 0.10952771455049515, 0.08882526308298111, 0.7878341674804688, 0.02688891626894474, 0.07282401621341705, 0.023627569898962975, 0.8562046885490417, 0.03201333433389664, 0.021918104961514473, 0.06283000111579895, 0.027033880352973938, 0.11101990193128586, 0.7608029246330261, 0.031426068395376205, 0.0544457770884037, 0.042305249720811844, 0.6535899639129639, 0.08703843504190445, 0.0503421351313591, 0.10354093462228775, 0.10548864305019379, 0.20945331454277039, 0.43308401107788086, 0.045979093760252, 0.2527960538864136, 0.05868755653500557, 0.05950884148478508, 0.7970616817474365, 0.035815976560115814, 0.06890211254358292, 0.03871138393878937, 0.23104697465896606, 0.0804348737001419, 0.10803580284118652, 0.36980104446411133, 0.21068133413791656, 0.7277330160140991, 0.09247025102376938, 0.047603148967027664, 0.06720861047506332, 0.06498512625694275, 0.514276385307312, 0.16590946912765503, 0.06558303534984589, 0.1403196007013321, 0.11391150951385498, 0.7352445125579834, 0.07275422662496567, 0.04181583970785141, 0.0638534426689148, 0.08633197098970413, 0.42488884925842285, 0.10093311220407486, 0.1011294275522232, 0.2252424955368042, 0.14780600368976593, 0.3794025778770447, 0.24286523461341858, 0.06995772570371628, 0.20373055338859558, 0.10404398292303085, 0.41947150230407715, 0.17149290442466736, 0.15057377517223358, 0.13569125533103943, 0.1227705329656601, 0.7272525429725647, 0.11879413574934006, 0.027777908369898796, 0.060724206268787384, 0.06545106321573257, 0.5970097780227661, 0.06739650666713715, 0.08484891802072525, 0.09714727848768234, 0.15359756350517273, 0.4539453983306885, 0.2348417192697525, 0.0706145390868187, 0.10393551737070084, 0.13666284084320068, 0.6755603551864624, 0.04925945773720741, 0.07267457991838455, 0.0677625760436058, 0.13474301993846893, 0.7134730815887451, 0.07148750871419907, 0.04151694476604462, 0.09994206577539444, 0.07358049601316452, 0.1303853541612625, 0.7295417189598083, 0.0335918664932251, 0.05941053107380867, 0.04707051441073418, 0.29000526666641235, 0.09496960043907166, 0.12834765017032623, 0.1881575584411621, 0.29851987957954407, 0.3165600895881653, 0.15912477672100067, 0.08770012855529785, 0.26134610176086426, 0.17526885867118835, 0.46680691838264465, 0.1776961237192154, 0.07484125345945358, 0.16174335777759552, 0.11891242116689682, 0.4741249978542328, 0.14984118938446045, 0.08365584164857864, 0.17476873099803925, 0.11760921031236649, 0.2826397120952606, 0.059981320053339005, 0.1084008514881134, 0.3991662561893463, 0.14981186389923096, 0.11269581317901611, 0.16263610124588013, 0.13058388233184814, 0.482102632522583, 0.11198157072067261, 0.10545384883880615, 0.3629157841205597, 0.07064655423164368, 0.36941540241241455, 0.09156839549541473, 0.2112790197134018, 0.04939933866262436, 0.1221373975276947, 0.4060989022254944, 0.21108534932136536, 0.5008416771888733, 0.19160319864749908, 0.06506071239709854, 0.14291268587112427, 0.09958172589540482, 0.3523899018764496, 0.0936710387468338, 0.10821633785963058, 0.2837204039096832, 0.16200228035449982, 0.18932552635669708, 0.3390766680240631, 0.08381761610507965, 0.27421054244041443, 0.11356964707374573, 0.7216719388961792, 0.09399833530187607, 0.043392956256866455, 0.05567871779203415, 0.08525801450014114, 0.354452908039093, 0.174281045794487, 0.13793689012527466, 0.18523578345775604, 0.1480933576822281, 0.3511160910129547, 0.1626824587583542, 0.14427801966667175, 0.18888342380523682, 0.1530400514602661, 0.8146179914474487, 0.06313368678092957, 0.025396760553121567, 0.04324988275766373, 0.05360160022974014, 0.4748212397098541, 0.20121963322162628, 0.06381504237651825, 0.14559069275856018, 0.11455345153808594, 0.4320341646671295, 0.2035444676876068, 0.058165524154901505, 0.17155668139457703, 0.13469919562339783, 0.2813108265399933, 0.1625661700963974, 0.09421658515930176, 0.2762857675552368, 0.18562065064907074, 0.35365796089172363, 0.1033964529633522, 0.09881941229104996, 0.22127974033355713, 0.22284644842147827, 0.3325616121292114, 0.09951362758874893, 0.07990457862615585, 0.3030620813369751, 0.1849580705165863, 0.41748911142349243, 0.1601884812116623, 0.08660081773996353, 0.16892288625240326, 0.16679874062538147, 0.6472790241241455, 0.060955796390771866, 0.06609376519918442, 0.11309259384870529, 0.11257879436016083, 0.6469882130622864, 0.0629403218626976, 0.06151212379336357, 0.1259581744670868, 0.10260111093521118, 0.7143714427947998, 0.05753748118877411, 0.04694933071732521, 0.09275154769420624, 0.08839023113250732, 0.18366320431232452, 0.13466373085975647, 0.10640043020248413, 0.4141486883163452, 0.16112400591373444, 0.14458222687244415, 0.08995875716209412, 0.10374302417039871, 0.44800904393196106, 0.21370697021484375, 0.22632338106632233, 0.33664560317993164, 