{"metrics": {"ACC": 42.65734265734265, "F1": 30.33853325361274}, "predictions": [0, 0, 3, 0, 3, 0, 1, 1, 3, 3, 3, 0, 1, 1, 1, 4, 3, 0, 1, 0, 1, 0, 1, 1, 3, 0, 0, 0, 0, 0, 0, 0, 0, 0, 0, 0, 1, 4, 3, 0, 0, 3, 3, 1, 3, 0, 0, 3, 0, 0, 0, 0, 0, 0, 4, 4, 3, 0, 0, 0, 0, 3, 3, 0, 0, 3, 3, 3, 3, 0, 0, 0, 0, 3, 3, 3, 0, 3, 0, 3, 3, 0, 0, 0, 0, 3, 3, 3, 1, 0, 1, 0, 0, 0, 3, 3, 3, 1, 0, 1, 3, 0, 0, 0, 3, 0, 3, 0, 0, 1, 0, 0, 0, 0, 0, 0, 0, 0, 1, 1, 0, 0, 1, 0, 0, 1, 0, 4, 1, 3, 1, 0, 3, 3, 3, 1, 0, 3, 1, 0, 0, 1, 0], "uids": ["0", "1", "2", "3", "4", "5", "6", "7", "8", "9", "10", "11", "12", "13", "14", "15", "16", "17", "18", "19", "20", "21", "22", "23", "24", "25", "26", "27", "28", "29", "30", "31", "32", "33", "34", "35", "36", "37", "38", "39", "40", "41", "42", "43", "44", "45", "46", "47", "48", "49", "50", "51", "52", "53", "54", "55", "56", "57", "58", "59", "60", "61", "62", "63", "64", "65", "66", "67", "68", "69", "70", "71", "72", "73", "74", "75", "76", "77", "78", "79", "80", "81", "82", "83", "84", "85", "86", "87", "88", "89", "90", "91", "92", "93", "94", "95", "96", "97", "98", "99", "100", "101", "102", "103", "104", "105", "106", "107", "108", "109", "110", "111", "112", "113", "114", "115", "116", "117", "118", "119", "120", "121", "122", "123", "124", "125", "126", "127", "128", "129", "130", "131", "132", "133", "134", "135", "136", "137", "138", "139", "140", "141", "142"], "scores": [0.9017291069030762, 0.022256216034293175, 0.011220293119549751, 0.01831713132560253, 0.04647728055715561, 0.5262202024459839, 0.1073891744017601, 0.05119642987847328, 0.05502576008439064, 0.2601684331893921, 0.05621545761823654, 0.018309976905584335, 0.12098027020692825, 0.5772570371627808, 0.2272372990846634, 0.6882609128952026, 0.059145551174879074, 0.06023755297064781, 0.10831516236066818, 0.08404082804918289, 0.16552531719207764, 0.1845746636390686, 0.16189433634281158, 0.25666359066963196, 0.23134206235408783, 0.46662384271621704, 0.2129855453968048, 0.06499063968658447, 0.0623042955994606, 0.1930956393480301, 0.16143390536308289, 0.66558837890625, 0.04787563160061836, 0.04509150981903076, 0.08001045882701874, 0.12657150626182556, 0.7878636717796326, 0.023105651140213013, 0.01926276832818985, 0.0431964248418808, 0.023103006184101105, 0.03978990763425827, 0.09035132080316544, 0.698186457157135, 0.1485692709684372, 0.055211301892995834, 0.12338557094335556, 0.08862821012735367, 0.4950416684150696, 0.23773318529129028, 0.029625901952385902, 0.08030074089765549, 0.10452139377593994, 0.4777142107486725, 0.30783769488334656, 0.5147455930709839, 0.18756702542304993, 0.05374405160546303, 0.06834792345762253, 0.1755954474210739, 0.13908985257148743, 0.5073446035385132, 0.07182051241397858, 0.0780838131904602, 0.2036612182855606, 0.153754323720932, 0.380011647939682, 0.08655109256505966, 0.15222762525081635, 0.22745540738105774, 0.22675147652626038, 0.3521839678287506, 0.07192686200141907, 0.16727614402770996, 0.18186156451702118, 0.1086713969707489, 0.022417083382606506, 0.08969540148973465, 0.3479016125202179, 0.43131449818611145, 0.043994247913360596, 0.06567969173192978, 0.10590644180774689, 0.5349330306053162, 0.24948658049106598, 0.8170514702796936, 0.04652978852391243, 0.018267666921019554, 0.03891028091311455, 0.07924076914787292, 0.07922826707363129, 0.854232132434845, 0.01345862541347742, 0.034931063652038574, 0.018149955198168755, 0.8901038765907288, 0.01740517094731331, 0.016261819750070572, 0.06165720522403717, 0.014571858569979668, 0.2042514830827713, 0.6959667205810547, 0.026991896331310272, 0.020014185458421707, 0.05277571082115173, 0.5747320055961609, 0.08724812418222427, 0.05434120073914528, 0.09515838325023651, 0.18852032721042633, 0.24299436807632446, 0.5144926309585571, 0.02971923165023327, 0.1701916754245758, 0.04260209575295448, 0.025515230372548103, 0.9164750576019287, 0.020210105925798416, 0.01807413622736931, 0.01972535066306591, 0.03282701596617699, 0.031069200485944748, 0.09798942506313324, 0.7709499597549438, 0.0671643614768982, 0.9018492102622986, 0.03555328771471977, 0.01976393349468708, 0.013274617493152618, 0.029559018090367317, 0.7867980003356934, 0.0902632400393486, 0.030930161476135254, 0.030331766232848167, 0.06167687475681305, 0.863483190536499, 0.0404350720345974, 0.02042502351105213, 0.016584094613790512, 0.0590725801885128, 0.408770889043808, 0.0458473265171051, 0.1366809606552124, 0.2763912081718445, 0.13230957090854645, 0.3384021520614624, 0.3259287476539612, 0.06866273283958435, 0.18431763350963593, 0.08268877863883972, 0.5867448449134827, 0.1353415995836258, 0.11543001979589462, 0.08580304682254791, 0.07668042927980423, 0.787412166595459, 0.14218474924564362, 0.013035068288445473, 0.01920192316174507, 0.0381661057472229, 0.6583542227745056, 0.06321185827255249, 0.05885571241378784, 0.04286007210612297, 0.1767181158065796, 0.49120503664016724, 0.2820167541503906, 0.05540269613265991, 0.034965578466653824, 0.1364099681377411, 0.8517492413520813, 0.038792114704847336, 0.025017080828547478, 0.015991918742656708, 0.06844974309206009, 0.9335395693778992, 0.0121304364874959, 0.012313163839280605, 0.016675200313329697, 0.02534157782793045, 0.2440638691186905, 0.6201834082603455, 0.03645946457982063, 0.02491443045437336, 0.07437882572412491, 0.23992952704429626, 0.047806236892938614, 0.19811932742595673, 0.12706491351127625, 0.38707998394966125, 0.23502500355243683, 0.19321978092193604, 0.09688584506511688, 0.28719592094421387, 0.1876734346151352, 0.5840978622436523, 0.14983069896697998, 0.0793239027261734, 0.08222870528697968, 0.10451877117156982, 0.6436008214950562, 0.11353069543838501, 0.06558729708194733, 0.0914468914270401, 0.08583426475524902, 0.06486332416534424, 0.02930532768368721, 0.10192231833934784, 0.7200096249580383, 0.08389940112829208, 0.04617813974618912, 0.09334051609039307, 0.09529907256364822, 0.6535624265670776, 0.11161987483501434, 0.08106096088886261, 0.4078962504863739, 0.06257158517837524, 0.3569415807723999, 0.09152957797050476, 0.10863517969846725, 0.016899293288588524, 0.09372901171445847, 0.5763278007507324, 0.2044086903333664, 0.5364677906036377, 0.24066650867462158, 0.05555446073412895, 0.0533004105091095, 0.11401080340147018, 0.5395781397819519, 0.03991973027586937, 0.09345495700836182, 0.12905782461166382, 0.1979893445968628, 0.045192133635282516, 0.2249472439289093, 0.11115941405296326, 0.4600423276424408, 0.1586589217185974, 0.8899436593055725, 0.04626738280057907, 0.015819137915968895, 0.009086128324270248, 0.03888373449444771, 0.3388974368572235, 0.21332933008670807, 0.14804506301879883, 0.17149847745895386, 0.1282297819852829, 0.33826664090156555, 0.20592115819454193, 0.15157240629196167, 0.17426615953445435, 0.12997367978096008, 0.8781912922859192, 0.04683399572968483, 0.014551427215337753, 0.01873498596251011, 0.041688334196805954, 0.49447229504585266, 0.2667941749095917, 0.04707123339176178, 0.07616204768419266, 0.11550016701221466, 0.6736913323402405, 0.11754924803972244, 0.03232612833380699, 0.0574909932911396, 0.11894229054450989, 0.15106147527694702, 0.11192955076694489, 0.11326376348733902, 0.26102975010871887, 0.3627154231071472, 0.1806451380252838, 0.07721784710884094, 0.07825972139835358, 0.13487452268600464, 0.5290027856826782, 0.14867164194583893, 0.07987066358327866, 0.07556809484958649, 0.410814106464386, 0.2850755453109741, 0.36781957745552063, 0.1007053405046463, 0.09446647018194199, 0.0920519083738327, 0.3449566662311554, 0.8266993761062622, 0.035676781088113785, 0.035603877156972885, 0.034054070711135864, 0.06796599924564362, 0.8480623364448547, 0.02943567931652069, 0.030288653448224068, 0.04010363295674324, 0.05210971459746361, 0.9166345000267029, 0.018836595118045807, 0.01446027122437954, 0.018735846504569054, 0.03133264183998108, 0.10430809110403061, 0.1060810312628746, 0.11181657761335373, 0.4736030101776123, 0.20419137179851532, 0.0559944286942482, 0.04208243265748024, 0.09369669109582901, 0.5214260220527649, 0.28680044412612915, 0.40604937076568604, 