{"metrics": {"ACC": 42.65734265734265, "F1": 30.565670964815656}, "predictions": [0, 0, 3, 0, 0, 0, 1, 1, 3, 3, 3, 0, 1, 1, 1, 4, 3, 0, 1, 0, 1, 0, 0, 1, 3, 0, 0, 0, 0, 0, 0, 0, 0, 0, 0, 0, 1, 4, 0, 0, 0, 3, 3, 1, 3, 0, 0, 3, 0, 0, 0, 0, 0, 0, 4, 4, 0, 0, 0, 0, 0, 3, 3, 0, 0, 3, 3, 3, 3, 0, 0, 0, 0, 3, 4, 3, 0, 3, 0, 3, 3, 0, 0, 0, 0, 0, 3, 0, 0, 0, 1, 0, 0, 0, 0, 4, 0, 0, 0, 1, 0, 0, 0, 0, 3, 0, 3, 0, 0, 1, 0, 0, 0, 0, 0, 0, 0, 0, 1, 1, 0, 0, 1, 0, 0, 1, 0, 0, 1, 3, 1, 1, 3, 3, 3, 1, 0, 3, 1, 0, 0, 1, 0], "uids": ["0", "1", "2", "3", "4", "5", "6", "7", "8", "9", "10", "11", "12", "13", "14", "15", "16", "17", "18", "19", "20", "21", "22", "23", "24", "25", "26", "27", "28", "29", "30", "31", "32", "33", "34", "35", "36", "37", "38", "39", "40", "41", "42", "43", "44", "45", "46", "47", "48", "49", "50", "51", "52", "53", "54", "55", "56", "57", "58", "59", "60", "61", "62", "63", "64", "65", "66", "67", "68", "69", "70", "71", "72", "73", "74", "75", "76", "77", "78", "79", "80", "81", "82", "83", "84", "85", "86", "87", "88", "89", "90", "91", "92", "93", "94", "95", "96", "97", "98", "99", "100", "101", "102", "103", "104", "105", "106", "107", "108", "109", "110", "111", "112", "113", "114", "115", "116", "117", "118", "119", "120", "121", "122", "123", "124", "125", "126", "127", "128", "129", "130", "131", "132", "133", "134", "135", "136", "137", "138", "139", "140", "141", "142"], "scores": [0.8821310997009277, 0.02408530004322529, 0.015175088308751583, 0.02460004948079586, 0.05400841683149338, 0.5886220335960388, 0.08686526864767075, 0.05063682422041893, 0.058612678200006485, 0.21526315808296204, 0.10698855668306351, 0.0272569190710783, 0.12514613568782806, 0.5077065825462341, 0.23290182650089264, 0.6054189801216125, 0.058148257434368134, 0.07445523142814636, 0.1512131541967392, 0.11076436936855316, 0.6005075573921204, 0.0513664074242115, 0.08406025916337967, 0.11577846109867096, 0.1482873111963272, 0.5438045263290405, 0.15842296183109283, 0.06304806470870972, 0.07608824968338013, 0.1586361825466156, 0.13473930954933167, 0.7153990864753723, 0.04294288903474808, 0.04558776319026947, 0.0613308809697628, 0.13537099957466125, 0.7812165021896362, 0.02184894308447838, 0.02289804257452488, 0.038665641099214554, 0.11002478003501892, 0.04406493529677391, 0.10098282247781754, 0.49941906332969666, 0.2455083578824997, 0.16864080727100372, 0.12070845067501068, 0.08649270981550217, 0.35240352153778076, 0.27175450325012207, 0.07037706673145294, 0.10633942484855652, 0.10232595354318619, 0.3886355459690094, 0.33232203125953674, 0.4688794016838074, 0.237331360578537, 0.04965734854340553, 0.07636937499046326, 0.16776250302791595, 0.14281649887561798, 0.570392370223999, 0.05482138693332672, 0.07310602068901062, 0.15886367857456207, 0.19563265144824982, 0.43143755197525024, 0.06728922575712204, 0.11377575993537903, 0.19186484813690186, 0.18326137959957123, 0.3056645095348358, 0.0707000195980072, 0.25767195224761963, 0.18270212411880493, 0.1447933465242386, 0.02749970741569996, 0.09463726729154587, 0.3472689390182495, 0.38580068945884705, 0.05322977900505066, 0.04633684083819389, 0.08790169656276703, 0.5592924952507019, 0.25323912501335144, 0.7798476815223694, 0.05178612843155861, 0.02381793223321438, 0.05245798081159592, 0.09209028631448746, 0.12661968171596527, 0.7759450078010559, 0.017479903995990753, 0.05282362550497055, 0.02713179402053356, 0.8172077536582947, 0.02416653372347355, 0.026350339874625206, 0.10657157748937607, 0.02570388652384281, 0.1819414347410202, 0.7197279334068298, 0.0254839975386858, 0.024467777460813522, 0.048378873616456985, 0.6703410744667053, 0.05690494552254677, 0.04609163850545883, 0.07941072434186935, 0.1472516655921936, 0.4348117411136627, 0.2609705626964569, 0.037369661033153534, 0.1984880566596985, 0.06835998594760895, 0.040062543004751205, 0.8842568397521973, 0.02182641252875328, 0.026392435654997826, 0.027461765334010124, 0.12215621024370193, 0.03221762925386429, 0.10863036662340164, 0.5804070234298706, 0.15658877789974213, 0.8892660737037659, 0.031047994270920753, 0.022407537326216698, 0.018851907923817635, 0.03842657804489136, 0.8204968571662903, 0.05653323233127594, 0.028995202854275703, 0.0356980562210083, 0.0582767054438591, 0.8171385526657104, 0.04504998400807381, 0.028742942959070206, 0.025363720953464508, 0.08370472490787506, 0.6004649996757507, 0.037683404982089996, 0.08275295794010162, 0.1651749163866043, 0.11392373591661453, 0.6197044849395752, 0.09731472283601761, 0.058197665959596634, 0.1486608386039734, 0.07612228393554688, 0.5683612823486328, 0.13120807707309723, 0.12139233201742172, 0.09355799108743668, 0.08548031002283096, 0.8623737692832947, 0.06283491849899292, 0.014028076082468033, 0.020914727821946144, 0.039848458021879196, 0.6675572395324707, 0.05949539318680763, 0.05570625513792038, 0.04922892525792122, 0.1680120974779129, 0.5103836059570312, 0.234857976436615, 0.05718543753027916, 0.04352088272571564, 0.15405210852622986, 0.8298307657241821, 0.03265043720602989, 0.03209220618009567, 0.022077074274420738, 0.08334964513778687, 0.8825979232788086, 0.019761357456445694, 0.020583687350153923, 0.03132949024438858, 0.04572739452123642, 0.2218664437532425, 0.6606098413467407, 0.03075690008699894, 0.027254264801740646, 0.05951257795095444, 0.25857606530189514, 0.05692214518785477, 0.1518583446741104, 0.11843375116586685, 0.4142096936702728, 0.3471563756465912, 0.16394516825675964, 0.08124352246522903, 0.18807873129844666, 0.21957619488239288, 0.590937077999115, 0.14392751455307007, 0.06616795808076859, 0.07959764450788498, 0.1193697601556778, 0.7614912986755371, 0.05938566103577614, 0.0432603619992733, 0.05629643052816391, 0.07956623286008835, 0.22542691230773926, 0.026028703898191452, 0.10339982807636261, 0.500745415687561, 0.14439915120601654, 0.12376423180103302, 0.08713502436876297, 0.10360351204872131, 0.5500010848045349, 0.1354961395263672, 0.10007675737142563, 0.5741644501686096, 0.04345886409282684, 0.2070726603269577, 0.0752272680401802, 0.20408876240253448, 0.026516200974583626, 0.11136376112699509, 0.3890497386455536, 0.26898157596588135, 0.6215342879295349, 0.19199945032596588, 0.04304035007953644, 0.0532517209649086, 0.09017419815063477, 0.6744457483291626, 0.03024456836283207, 0.06520359218120575, 0.08343648165464401, 0.14666956663131714, 0.1361270397901535, 0.22734540700912476, 0.09636193513870239, 0.33285585045814514, 0.20730972290039062, 0.8585053086280823, 0.04615454003214836, 0.021534647792577744, 0.01511876005679369, 0.05868677794933319, 0.3368125259876251, 0.19454942643642426, 0.14379645884037018, 0.18290650844573975, 0.14193499088287354, 0.33582010865211487, 0.1959959715604782, 0.1452733725309372, 0.18202006816864014, 0.14089049398899078, 0.8736532330513, 0.03718980401754379, 0.017480764538049698, 0.02460823394358158, 0.047067977488040924, 0.536394476890564, 0.2510279715061188, 0.04023377224802971, 0.07620158791542053, 0.0961422398686409, 0.700928270816803, 0.10492360591888428, 0.0356094129383564, 0.04924124479293823, 0.10929755121469498, 0.25433093309402466, 0.08781885355710983, 0.09780865162611008, 0.20750483870506287, 0.35253676772117615, 0.34041377902030945, 0.07341205328702927, 0.07561393827199936, 0.10206867754459381, 0.4084916114807129, 0.3683837950229645, 0.09818819910287857, 0.06243188679218292, 0.1988954097032547, 0.2721007168292999, 0.468777596950531, 0.09587032347917557, 0.07891950756311417, 0.0906849130988121, 0.265747606754303, 0.8308149576187134, 0.032269831746816635, 0.02910810522735119, 0.04192856326699257, 0.06587862223386765, 0.845501184463501, 0.023921208456158638, 0.028123781085014343, 0.047941870987415314, 0.05451206490397453, 0.894042432308197, 0.01791415736079216, 0.018184509128332138, 0.029937537387013435, 0.039921440184116364, 0.13803152740001678, 0.09168224781751633, 0.10747755318880081, 0.4509155750274658, 0.21189311146736145, 0.08154244720935822, 0.04025227949023247, 0.1009688675403595, 0.47263655066490173, 0.3045998215675354, 0.45014873147010803, 