{"metrics": {"ACC": 39.63963963963964, "F1": 20.689237460728485}, "predictions": [4, 4, 4, 4, 4, 4, 4, 4, 4, 4, 4, 4, 4, 4, 4, 4, 4, 5, 4, 4, 5, 5, 5, 5, 5, 4, 4, 4, 4, 2, 4, 4, 4, 5, 4, 4, 4, 4, 4, 4, 4, 4, 4, 5, 4, 4, 5, 4, 4, 4, 4, 4, 4, 4, 4, 4, 4, 4, 4, 4, 4, 4, 4, 4, 4, 4, 4, 4, 4, 4, 4, 2, 4, 4, 2, 5, 5, 4, 4, 4, 4, 4, 4, 4, 4, 4, 4, 5, 4, 5, 5, 4, 2, 4, 5, 5, 4, 4, 1, 5, 4, 4, 4, 4, 4, 4, 4, 4, 2, 4, 1], "uids": ["0", "1", "2", "3", "4", "5", "6", "7", "8", "9", "10", "11", "12", "13", "14", "15", "16", "17", "18", "19", "20", "21", "22", "23", "24", "25", "26", "27", "28", "29", "30", "31", "32", "33", "34", "35", "36", "37", "38", "39", "40", "41", "42", "43", "44", "45", "46", "47", "48", "49", "50", "51", "52", "53", "54", "55", "56", "57", "58", "59", "60", "61", "62", "63", "64", "65", "66", "67", "68", "69", "70", "71", "72", "73", "74", "75", "76", "77", "78", "79", "80", "81", "82", "83", "84", "85", "86", "87", "88", "89", "90", "91", "92", "93", "94", "95", "96", "97", "98", "99", "100", "101", "102", "103", "104", "105", "106", "107", "108", "109", "110"], "scores": [0.09520362317562103, 0.21824327111244202, 0.05660005658864975, 0.03236370161175728, 0.30322474241256714, 0.2943646311759949, 0.06640055030584335, 0.13119134306907654, 0.0312761515378952, 0.023323150351643562, 0.6091238260269165, 0.1386849582195282, 0.04819126054644585, 0.16421513259410858, 0.03606616333127022, 0.020269332453608513, 0.5708600878715515, 0.16039803624153137, 0.14557643234729767, 0.15795102715492249, 0.04616599529981613, 0.032818980515003204, 0.4786190092563629, 0.1388685554265976, 0.07722361385822296, 0.15080614387989044, 0.05336775630712509, 0.038030363619327545, 0.5013846158981323, 0.17918755114078522, 0.03458694741129875, 0.24051278829574585, 0.11160027980804443, 0.03940703719854355, 0.3101441264152527, 0.26374882459640503, 0.022798122838139534, 0.13630343973636627, 0.0730903223156929, 0.03219125419855118, 0.5302422642707825, 0.205374613404274, 0.11785651743412018, 0.0784105509519577, 0.024729536846280098, 0.02829442173242569, 0.6786444187164307, 0.07206456363201141, 0.05404690280556679, 0.19438153505325317, 0.058617282658815384, 0.027820119634270668, 0.45381373167037964, 0.21132050454616547, 0.07857218384742737, 0.14661546051502228, 0.06711387634277344, 0.05021984130144119, 0.4642218053340912, 0.19325678050518036, 0.07041529566049576, 0.1416817009449005, 0.07503236085176468, 0.04377346858382225, 0.5065231919288635, 0.16257399320602417, 0.03591518476605415, 0.2275303602218628, 0.11739718168973923, 0.0354493148624897, 0.43178239464759827, 0.15192556381225586, 0.07100678235292435, 0.1707502156496048, 0.03981485590338707, 0.030179480090737343, 0.48185595870018005, 0.20639272034168243, 0.13288399577140808, 0.14850758016109467, 0.03715885430574417, 0.041027892380952835, 0.475232869386673, 0.16518881916999817, 0.08229603618383408, 0.17462213337421417, 0.05531493201851845, 0.035867951810359955, 0.5039548873901367, 0.14794409275054932, 0.0646238774061203, 0.176167830824852, 0.06163156405091286, 0.03921237215399742, 0.48557931184768677, 0.17278510332107544, 0.25919586420059204, 0.10563381016254425, 0.030112769454717636, 0.043947115540504456, 0.43849602341651917, 0.12261437624692917, 0.16681981086730957, 0.2394382506608963, 0.0673624575138092, 0.0547877699136734, 0.18246838450431824, 0.2891233265399933, 0.1010398119688034, 0.16231796145439148, 0.029545899480581284, 0.03097764030098915, 0.49876952171325684, 0.17734913527965546, 0.07222069799900055, 0.18886102735996246, 0.03298807144165039, 0.032721564173698425, 0.4043388068675995, 0.2688697576522827, 0.08404150605201721, 0.2357376515865326, 0.09671564400196075, 0.03832794353365898, 0.1534780114889145, 0.39169925451278687, 0.09087707847356796, 0.2334320843219757, 0.08986826241016388, 0.041831113398075104, 0.1426674872636795, 0.40132397413253784, 0.07100965827703476, 0.24977722764015198, 0.07928276062011719, 0.055609941482543945, 0.1381937861442566, 0.40612661838531494, 0.0463719367980957, 0.2939234673976898, 0.0673556998372078, 0.030454127117991447, 0.2480572760105133, 0.3138374984264374, 0.03853148967027664, 0.26712727546691895, 0.09100236743688583, 0.03569953143596649, 0.27336788177490234, 0.29427143931388855, 0.04280126839876175, 0.17510995268821716, 0.054320238530635834, 0.03246564418077469, 0.4744066298007965, 0.22089627385139465, 0.0747605413198471, 0.07414788752794266, 0.02658309042453766, 0.026487726718187332, 0.6825166344642639, 0.11550415307283401, 0.0474594421684742, 0.13709120452404022, 0.034695956856012344, 0.023701529949903488, 0.6105446219444275, 0.14650729298591614, 0.17529404163360596, 0.06700273603200912, 0.02690100483596325, 0.0332362987101078, 0.618242621421814, 0.07932338118553162, 0.023643890395760536, 0.21975961327552795, 0.2773289680480957, 0.039448823779821396, 0.24848699569702148, 0.19133171439170837, 0.0541413277387619, 0.10575457662343979, 0.06748424470424652, 0.029402663931250572, 0.636502206325531, 0.10671494156122208, 0.11131338030099869, 0.15517215430736542, 0.03632869943976402, 0.02741929329931736, 0.5137601494789124, 0.1560063660144806, 0.036704644560813904, 0.11544191837310791, 0.027313902974128723, 0.023013656958937645, 0.7016279697418213, 0.09589789807796478, 0.0496450774371624, 0.23476000130176544, 0.06471512466669083, 0.029600508511066437, 0.24431276321411133, 0.37696653604507446, 0.06736734509468079, 0.1945875585079193, 0.02377035841345787, 0.026400957256555557, 0.4466557204723358, 0.24121806025505066, 0.1390952616930008, 0.10514622181653976, 0.14747729897499084, 0.10996326059103012, 0.3892001807689667, 0.10911785066127777, 0.23156902194023132, 0.06824523955583572, 0.027008013799786568, 0.03724834322929382, 0.5483492016792297, 0.08758021146059036, 0.09062997251749039, 0.19852255284786224, 0.045521002262830734, 0.030518541112542152, 0.3942730128765106, 0.2405349165201187, 0.05179187282919884, 0.17943421006202698, 0.03683723136782646, 0.025733258575201035, 0.5391996502876282, 0.16700372099876404, 0.03204259276390076, 0.24311870336532593, 0.05967729538679123, 0.02468387968838215, 0.37021884322166443, 0.27025875449180603, 0.24605649709701538, 0.09148681163787842, 0.03717949241399765, 0.04501231759786606, 0.4681152403354645, 0.11214964091777802, 0.04053469002246857, 0.1511111855506897, 0.04523613676428795, 0.024849791079759598, 0.601628839969635, 0.13663941621780396, 0.043310102075338364, 0.24073125422000885, 0.06205177307128906, 0.029364123940467834, 0.3434803783893585, 0.2810623347759247, 0.038768649101257324, 0.2953979969024658, 0.05656265467405319, 0.028838137164711952, 0.22839659452438354, 0.3520360589027405, 0.08873186260461807, 0.2004355639219284, 0.0627376139163971, 0.04941324517130852, 0.3285752236843109, 0.2701065242290497, 0.09569407254457474, 0.1975049376487732, 0.07407504320144653, 0.054406289011240005, 0.2893909811973572, 0.28892865777015686, 0.07711286842823029, 0.2264368236064911, 0.08509708195924759, 0.03583435341715813, 0.24720674753189087, 0.3283121585845947, 0.2113361358642578, 0.14700523018836975, 0.08704906702041626, 0.04760049283504486, 0.39104536175727844, 0.11596368998289108, 0.08819061517715454, 0.12331843376159668, 0.0479569174349308, 0.033120494335889816, 0.5829324126243591, 0.12448111921548843, 0.032542478293180466, 0.1815478503704071, 0.06370286643505096, 0.029385073110461235, 0.47310614585876465, 0.21971556544303894, 0.025217529386281967, 0.2296280562877655, 0.14358125627040863, 0.031122392043471336, 0.3574371337890625, 0.21301355957984924, 0.04621051624417305, 0.16095615923404694, 0.07868927717208862, 0.030912503600120544, 0.569869875907898, 0.11336169391870499, 0.054960016161203384, 0.07690604031085968, 0.03716517239809036, 0.02063998393714428, 0.7452020645141602, 0.06512670964002609, 0.021705128252506256, 0.2329651564359665, 0.06380827724933624, 0.0239704716950655, 0.3877018392086029, 0.26984915137290955, 0.15344257652759552, 0.1851179152727127, 0.05433244630694389, 0.05718730762600899, 0.31935983896255493, 0.23055997490882874, 