{"metrics": {"ACC": 36.03603603603604, "F1": 8.830022075055188}, "predictions": [4, 4, 4, 4, 4, 4, 4, 4, 4, 4, 4, 4, 4, 4, 4, 4, 4, 4, 4, 4, 4, 4, 4, 4, 4, 4, 4, 4, 4, 4, 4, 4, 4, 4, 4, 4, 4, 4, 4, 4, 4, 4, 4, 4, 4, 4, 4, 4, 4, 4, 4, 4, 4, 4, 4, 4, 4, 4, 4, 4, 4, 4, 4, 4, 4, 4, 4, 4, 4, 4, 4, 4, 4, 4, 4, 4, 4, 4, 4, 4, 4, 4, 4, 4, 4, 4, 4, 4, 4, 4, 4, 4, 4, 4, 4, 4, 4, 4, 4, 4, 4, 4, 4, 4, 4, 4, 4, 4, 4, 4, 4], "uids": ["0", "1", "2", "3", "4", "5", "6", "7", "8", "9", "10", "11", "12", "13", "14", "15", "16", "17", "18", "19", "20", "21", "22", "23", "24", "25", "26", "27", "28", "29", "30", "31", "32", "33", "34", "35", "36", "37", "38", "39", "40", "41", "42", "43", "44", "45", "46", "47", "48", "49", "50", "51", "52", "53", "54", "55", "56", "57", "58", "59", "60", "61", "62", "63", "64", "65", "66", "67", "68", "69", "70", "71", "72", "73", "74", "75", "76", "77", "78", "79", "80", "81", "82", "83", "84", "85", "86", "87", "88", "89", "90", "91", "92", "93", "94", "95", "96", "97", "98", "99", "100", "101", "102", "103", "104", "105", "106", "107", "108", "109", "110"], "scores": [0.0660201832652092, 0.11865677684545517, 0.06915732473134995, 0.029875662177801132, 0.5667728185653687, 0.1495172381401062, 0.06424650549888611, 0.11543408781290054, 0.0637291744351387, 0.03018656000494957, 0.5755542516708374, 0.15084943175315857, 0.06177081540226936, 0.11681828647851944, 0.06514310836791992, 0.029826877638697624, 0.5804303884506226, 0.14601047337055206, 0.09476236253976822, 0.10630295425653458, 0.04870866611599922, 0.026574933901429176, 0.5965518355369568, 0.12709930539131165, 0.07241903245449066, 0.12103036791086197, 0.05570213124155998, 0.02950677089393139, 0.5802441239356995, 0.1410975307226181, 0.06188494339585304, 0.11654806137084961, 0.0711173564195633, 0.03217586129903793, 0.5606985688209534, 0.15757523477077484, 0.05707467347383499, 0.12503567337989807, 0.07970039546489716, 0.03264279663562775, 0.5341619849205017, 0.17138445377349854, 0.07504653185606003, 0.11621943861246109, 0.05984719097614288, 0.030837537720799446, 0.5763411521911621, 0.1417081356048584, 0.06851264089345932, 0.11751420050859451, 0.0683773010969162, 0.031448740512132645, 0.5623552203178406, 0.15179191529750824, 0.08011787384748459, 0.11029086261987686, 0.06597297638654709, 0.033945515751838684, 0.5636568069458008, 0.1460159868001938, 0.07698596268892288, 0.11005643755197525, 0.06757305562496185, 0.03391443192958832, 0.5650818347930908, 0.14638827741146088, 0.07848367840051651, 0.130013108253479, 0.06339281052350998, 0.033468086272478104, 0.5537135004997253, 0.14092878997325897, 0.08436442166566849, 0.1287992149591446, 0.05056264251470566, 0.026086989790201187, 0.5732740759849548, 0.13691264390945435, 0.09422227740287781, 0.12343505769968033, 0.04905753955245018, 0.026439854875206947, 0.572277307510376, 0.1345679610967636, 0.07758089154958725, 0.12999889254570007, 0.06351694464683533, 0.03132683411240578, 0.5542745590209961, 0.14330191910266876, 0.07380876690149307, 0.10789910703897476, 0.05516737699508667, 0.029736803844571114, 0.5997068881988525, 0.1336810290813446, 0.102527916431427, 0.11084849387407303, 0.04802325740456581, 0.026472022756934166, 0.5808572173118591, 0.13127104938030243, 0.0802554190158844, 0.1317664384841919, 0.05626905336976051, 0.027051527053117752, 0.5452210307121277, 0.15943652391433716, 0.08186539262533188, 0.12600621581077576, 0.052737846970558167, 0.027728626504540443, 0.5611139535903931, 0.15054795145988464, 0.06902659684419632, 0.14767798781394958, 0.05697912722826004, 0.027530506253242493, 0.5320594310760498, 0.16672636568546295, 0.08068954199552536, 0.1283583790063858, 0.062438588589429855, 0.028157318010926247, 0.5354570746421814, 0.1648990660905838, 0.08846080303192139, 0.1208738386631012, 0.05550674349069595, 0.026238052174448967, 0.5525123476982117, 0.15640826523303986, 0.06677983701229095, 0.1370190680027008, 0.06305859982967377, 0.02821737341582775, 0.5374497175216675, 0.1674753874540329, 0.05653798207640648, 0.13258682191371918, 0.06753244251012802, 0.028360862284898758, 0.5524250268936157, 0.16255678236484528, 0.06238675117492676, 0.12302232533693314, 0.07136297971010208, 0.030251305550336838, 0.5508681535720825, 0.16210852563381195, 0.060910772532224655, 0.12037815898656845, 0.06794649362564087, 0.03057284466922283, 0.5659944415092468, 0.1541973203420639, 0.07572878897190094, 0.10943680256605148, 0.054825346916913986, 0.028958532959222794, 0.5912200212478638, 0.1398305594921112, 0.06936036050319672, 0.1150042712688446, 0.05627908930182457, 0.028933726251125336, 0.5866057872772217, 0.1438167840242386, 0.08343532681465149, 0.10461240261793137, 0.05060408264398575, 0.027407802641391754, 0.6052007675170898, 0.1287396401166916, 0.06128692999482155, 0.12309839576482773, 0.08060573041439056, 0.03262435644865036, 0.5505754351615906, 0.1518091857433319, 0.06542030721902847, 0.11481472104787827, 0.07572590559720993, 0.03357759490609169, 0.5601959228515625, 0.15026554465293884, 0.08215392380952835, 0.11634010821580887, 0.04929245263338089, 0.02650892361998558, 0.5928837060928345, 0.1328209489583969, 0.06233157962560654, 0.12205325812101364, 0.06772512942552567, 0.03072960115969181, 0.5650018453598022, 0.15215861797332764, 0.05805885046720505, 0.12774837017059326, 0.07808143645524979, 0.03394756093621254, 0.5452402830123901, 0.15692347288131714, 0.05691641569137573, 0.1231374517083168, 0.07259929925203323, 0.03809015080332756, 0.5295957922935486, 0.1796608567237854, 0.08159296214580536, 0.12619705498218536, 0.09686916321516037, 0.05180007964372635, 0.4631081819534302, 0.18043258786201477, 0.08590492606163025, 0.1040177047252655, 0.05150753632187843, 0.028449883684515953, 0.6009882092475891, 0.12913177907466888, 0.072386734187603, 0.12280882894992828, 0.05672309175133705, 0.027537519112229347, 0.5801191926002502, 0.1404246687889099, 0.0776277408003807, 0.11724614351987839, 0.054639630019664764, 0.02718815766274929, 0.585857093334198, 0.13744129240512848, 0.06489778310060501, 0.12177170813083649, 0.06407832354307175, 0.02863604575395584, 0.5757741928100586, 0.1448419690132141, 0.08886600285768509, 0.10815854370594025, 0.051405396312475204, 0.026703493669629097, 0.5956224799156189, 0.1292441040277481, 0.06863781809806824, 0.11711030453443527, 0.06684358417987823, 0.03016137331724167, 0.5690760612487793, 0.14817088842391968, 0.06778881698846817, 0.11750129610300064, 0.0670330822467804, 0.029139379039406776, 0.569660484790802, 0.14887700974941254, 0.0672859400510788, 0.15024219453334808, 0.06328532099723816, 0.02957933396100998, 0.5328255295753479, 0.1567816585302353, 0.0891725942492485, 0.12337936460971832, 0.053791146725416183, 0.02700468897819519, 0.5586110353469849, 0.14804118871688843, 0.08509404957294464, 0.12526193261146545, 0.05461418256163597, 0.02670232392847538, 0.5585952997207642, 0.14973220229148865, 0.06934726983308792, 0.12850409746170044, 0.06202152743935585, 0.027837557718157768, 0.5610568523406982, 0.1512327343225479, 0.0959259420633316, 0.1187925636768341, 0.05274266377091408, 0.026055335998535156, 0.5682732462882996, 0.1382102221250534, 0.06586030125617981, 0.11286906898021698, 0.07208524644374847, 0.03514453396201134, 0.5570996999740601, 0.15694116055965424, 0.05889900028705597, 0.11840173602104187, 0.07075835019350052, 0.030990831553936005, 0.5587599873542786, 0.16219010949134827, 0.058194730430841446, 0.12765567004680634, 0.07601792365312576, 0.030033458024263382, 0.5566835403442383, 0.15141470730304718, 0.0703553706407547, 0.12074188143014908, 0.06817644089460373, 0.03245944529771805, 0.5712780952453613, 0.13698872923851013, 0.07343980669975281, 0.10911787301301956, 0.06672588735818863, 0.03209184482693672, 0.578809916973114, 0.13981467485427856, 0.05941980332136154, 0.11939343810081482, 0.07042534649372101, 0.029250772669911385, 0.5564734935760498, 0.1650371551513672, 0.06523299962282181, 0.12102445960044861, 0.06982360035181046, 0.030994916334748268, 0.5544676780700684, 0.15845632553100586, 0.0778917670249939, 