{"metrics": {"ACC": 36.03603603603604, "F1": 18.80758807588076}, "predictions": [4, 4, 4, 4, 4, 4, 4, 4, 4, 5, 4, 4, 4, 4, 4, 4, 0, 5, 4, 4, 5, 5, 5, 5, 5, 4, 4, 4, 4, 2, 4, 4, 4, 5, 4, 4, 4, 4, 4, 4, 4, 4, 5, 5, 4, 4, 4, 4, 4, 4, 4, 4, 4, 4, 4, 4, 4, 4, 4, 4, 4, 4, 4, 4, 4, 4, 4, 5, 4, 1, 4, 2, 4, 4, 2, 5, 5, 4, 4, 4, 4, 4, 4, 5, 4, 5, 4, 4, 4, 4, 5, 2, 2, 4, 5, 5, 4, 2, 5, 5, 4, 4, 4, 4, 4, 1, 4, 4, 2, 4, 2], "uids": ["0", "1", "2", "3", "4", "5", "6", "7", "8", "9", "10", "11", "12", "13", "14", "15", "16", "17", "18", "19", "20", "21", "22", "23", "24", "25", "26", "27", "28", "29", "30", "31", "32", "33", "34", "35", "36", "37", "38", "39", "40", "41", "42", "43", "44", "45", "46", "47", "48", "49", "50", "51", "52", "53", "54", "55", "56", "57", "58", "59", "60", "61", "62", "63", "64", "65", "66", "67", "68", "69", "70", "71", "72", "73", "74", "75", "76", "77", "78", "79", "80", "81", "82", "83", "84", "85", "86", "87", "88", "89", "90", "91", "92", "93", "94", "95", "96", "97", "98", "99", "100", "101", "102", "103", "104", "105", "106", "107", "108", "109", "110"], "scores": [0.18558527529239655, 0.16144531965255737, 0.03746337443590164, 0.041722510010004044, 0.3091234266757965, 0.2646600008010864, 0.06146928668022156, 0.05691530182957649, 0.015408405102789402, 0.01907048001885414, 0.7890045642852783, 0.058131903409957886, 0.08138250559568405, 0.08266238123178482, 0.018966736271977425, 0.01835201121866703, 0.7064789533615112, 0.09215744584798813, 0.21971456706523895, 0.16356968879699707, 0.060805223882198334, 0.045521922409534454, 0.3434693515300751, 0.1669192612171173, 0.09570881724357605, 0.1354333907365799, 0.03313674032688141, 0.03440424054861069, 0.47936227917671204, 0.22195449471473694, 0.0362442210316658, 0.2074667513370514, 0.12112589180469513, 0.036593418568372726, 0.3069215416908264, 0.29164811968803406, 0.02009194903075695, 0.04326099902391434, 0.04087677225470543, 0.024742266163229942, 0.8042373657226562, 0.06679064780473709, 0.1430284082889557, 0.04413991421461105, 0.022325458005070686, 0.026647457852959633, 0.7295567989349365, 0.03430202230811119, 0.06622941792011261, 0.14894996583461761, 0.054700400680303574, 0.024547584354877472, 0.5479341745376587, 0.15763846039772034, 0.1144912913441658, 0.18112815916538239, 0.07771636545658112, 0.07347247749567032, 0.27602994441986084, 0.2771618068218231, 0.08714520931243896, 0.18236908316612244, 0.12499818950891495, 0.06255664676427841, 0.3387765884399414, 0.20415426790714264, 0.02848271280527115, 0.16836503148078918, 0.05305279418826103, 0.0219205804169178, 0.597749650478363, 0.13042914867401123, 0.057969991117715836, 0.11298461258411407, 0.018114015460014343, 0.02504202164709568, 0.5911738276481628, 0.19471554458141327, 0.2763170003890991, 0.12791068851947784, 0.026773158460855484, 0.04365145415067673, 0.3537936806678772, 0.17155404388904572, 0.060279183089733124, 0.13545098900794983, 0.05332065373659134, 0.02611667290329933, 0.5597271919250488, 0.16510525345802307, 0.09373512864112854, 0.15463978052139282, 0.03592503443360329, 0.03374972939491272, 0.5079058408737183, 0.17404451966285706, 0.3769907057285309, 0.08601810038089752, 0.021271593868732452, 0.04947616159915924, 0.35189536213874817, 0.11434798687696457, 0.19431620836257935, 0.2792762815952301, 0.06892576813697815, 0.05795688182115555, 0.10866744071245193, 0.29085737466812134, 0.11428964138031006, 0.05549531802535057, 0.010251875035464764, 0.023317866027355194, 0.7392709851264954, 0.05737432837486267, 0.09771836549043655, 0.0808965265750885, 0.015191398561000824, 0.02928438037633896, 0.6277401447296143, 0.1491691619157791, 0.10865515470504761, 0.2225082963705063, 0.10069379955530167, 0.040943242609500885, 0.10740294307470322, 0.41979649662971497, 0.098674476146698, 0.2221883088350296, 0.09132876992225647, 0.044542260468006134, 0.11568643897771835, 0.42757973074913025, 0.0659388080239296, 0.20295777916908264, 0.05433418229222298, 0.053101859986782074, 0.14048105478286743, 0.48318636417388916, 0.039298057556152344, 0.3484116494655609, 0.05262813717126846, 0.026441330090165138, 0.09374493360519409, 0.439475953578949, 0.043217796832323074, 0.30091592669487, 0.06948655843734741, 0.03712683171033859, 0.1641320288181305, 0.38512083888053894, 0.03225197270512581, 0.13894033432006836, 0.045187097042798996, 0.03378954529762268, 0.5036478638648987, 0.2461831420660019, 0.047821514308452606, 0.039825551211833954, 0.014628760516643524, 0.02077838033437729, 0.797496497631073, 0.07944928109645844, 0.041716914623975754, 0.10654808580875397, 0.023947985842823982, 0.02070741169154644, 0.5959442853927612, 0.21113528311252594, 0.11120361089706421, 0.03611495718359947, 0.01638728938996792, 0.02446683496236801, 0.7800447940826416, 0.03178252652287483, 0.02088291384279728, 0.1808757483959198, 0.4228704869747162, 0.031882140785455704, 0.18798111379146576, 0.15550754964351654, 0.06292323023080826, 0.04578028619289398, 0.06896530836820602, 0.02630195952951908, 0.7583417296409607, 0.03768746554851532, 0.15836183726787567, 0.15453185141086578, 0.03714356943964958, 0.03286741301417351, 0.4421270787715912, 0.17496828734874725, 0.019001569598913193, 0.03005276992917061, 0.011890662834048271, 0.012151329778134823, 0.8998281955718994, 0.027075493708252907, 0.054239869117736816, 0.2242739051580429, 0.05026087909936905, 0.030194448307156563, 0.14679720997810364, 0.49423375725746155, 0.1079941838979721, 0.14044992625713348, 0.022415034472942352, 0.035170961171388626, 0.3889874219894409, 0.3049825131893158, 0.16245593130588531, 0.08089590072631836, 0.13719496130943298, 0.10612564533948898, 0.43138977885246277, 0.081937775015831, 0.30963829159736633, 0.03280452638864517, 0.016692504286766052, 0.03170304745435715, 0.5600368976593018, 0.04912471026182175, 0.10083962976932526, 0.1921856552362442, 0.03300049901008606, 0.028623180463910103, 0.3302401900291443, 0.3151108920574188, 0.0494292713701725, 0.16340503096580505, 0.03215131536126137, 0.02192443422973156, 0.5099061727523804, 0.2231837511062622, 0.0260518379509449, 0.21478506922721863, 0.04338022693991661, 0.02165798284113407, 0.4639362096786499, 0.23018868267536163, 0.27017518877983093, 0.05156264454126358, 0.02868286706507206, 0.037588492035865784, 0.5337640047073364, 0.07822678238153458, 0.03735809028148651, 0.14115172624588013, 0.057683706283569336, 0.026077143847942352, 0.5922900438308716, 0.14543931186199188, 0.031002553179860115, 0.28309303522109985, 0.08868332207202911, 0.029462795704603195, 0.22195731103420258, 0.3458009958267212, 0.0275014229118824, 0.2592870891094208, 0.04107531160116196, 0.02225552313029766, 0.22647880017757416, 0.42340192198753357, 0.09305885434150696, 0.1717207133769989, 0.044862836599349976, 0.04900692403316498, 0.3687164783477783, 0.27263420820236206, 0.09982546418905258, 0.14426709711551666, 0.04887280985713005, 0.04874756559729576, 0.34937357902526855, 0.3089134693145752, 0.10012663155794144, 0.15822909772396088, 0.07198876887559891, 0.03446648642420769, 0.32357802987098694, 0.31161096692085266, 0.24310579895973206, 0.13254788517951965, 0.13494209945201874, 0.06475408375263214, 0.32194289565086365, 0.10270725935697556, 0.09988857060670853, 0.17633432149887085, 0.14002756774425507, 0.08859074860811234, 0.2961958944797516, 0.19896282255649567, 0.027324926108121872, 0.16339221596717834, 0.06279268860816956, 0.03439854830503464, 0.4530755281448364, 0.2590160369873047, 0.019475432112812996, 0.2025669366121292, 0.21021191775798798, 0.03591258451342583, 0.3782195448875427, 0.15361355245113373, 0.05941007286310196, 0.12573786079883575, 0.06801733374595642, 0.034134235233068466, 0.6457232236862183, 0.06697725504636765, 0.08145385980606079, 0.0469493567943573, 0.028859542682766914, 0.01582886278629303, 0.7882182002067566, 0.03869013488292694, 0.029628587886691093, 0.2166987806558609, 0.05152148753404617, 0.02611696533858776, 0.43684083223342896, 0.23919329047203064, 0.20507881045341492, 0.15149962902069092, 0.03935111314058304, 0.05696576088666916, 0.28798893094062805, 0.2591157555580139, 