{"metrics": {"ACC": 38.73873873873874, "F1": 19.615009746588697}, "predictions": [5, 4, 4, 4, 4, 5, 4, 4, 4, 4, 4, 4, 4, 4, 4, 4, 4, 5, 4, 4, 5, 5, 5, 5, 5, 4, 4, 4, 4, 4, 4, 4, 4, 5, 4, 4, 4, 4, 4, 5, 4, 4, 5, 5, 4, 4, 5, 4, 4, 4, 4, 4, 4, 4, 4, 4, 4, 4, 4, 4, 4, 4, 4, 4, 4, 4, 4, 5, 4, 4, 4, 2, 4, 4, 2, 5, 5, 4, 4, 4, 4, 4, 4, 5, 4, 4, 4, 5, 4, 4, 5, 2, 2, 4, 5, 5, 4, 2, 5, 5, 4, 4, 4, 4, 4, 5, 4, 4, 2, 4, 2], "uids": ["0", "1", "2", "3", "4", "5", "6", "7", "8", "9", "10", "11", "12", "13", "14", "15", "16", "17", "18", "19", "20", "21", "22", "23", "24", "25", "26", "27", "28", "29", "30", "31", "32", "33", "34", "35", "36", "37", "38", "39", "40", "41", "42", "43", "44", "45", "46", "47", "48", "49", "50", "51", "52", "53", "54", "55", "56", "57", "58", "59", "60", "61", "62", "63", "64", "65", "66", "67", "68", "69", "70", "71", "72", "73", "74", "75", "76", "77", "78", "79", "80", "81", "82", "83", "84", "85", "86", "87", "88", "89", "90", "91", "92", "93", "94", "95", "96", "97", "98", "99", "100", "101", "102", "103", "104", "105", "106", "107", "108", "109", "110"], "scores": [0.16216608881950378, 0.16538642346858978, 0.049461960792541504, 0.03961527347564697, 0.28041160106658936, 0.3029586970806122, 0.06607850641012192, 0.10369758307933807, 0.02434566430747509, 0.024461835622787476, 0.6544655561447144, 0.12695081532001495, 0.06575373560190201, 0.12361116707324982, 0.025337690487504005, 0.019333235919475555, 0.6030299663543701, 0.16293415427207947, 0.2060125768184662, 0.1767609715461731, 0.07193538546562195, 0.04284505173563957, 0.28097617626190186, 0.22146984934806824, 0.0927027240395546, 0.1488630622625351, 0.04164886847138405, 0.033294517546892166, 0.427521675825119, 0.25596922636032104, 0.031017038971185684, 0.22366870939731598, 0.1303887516260147, 0.03380131721496582, 0.24438263475894928, 0.33674153685569763, 0.023297902196645737, 0.08609002083539963, 0.07529256492853165, 0.0347309447824955, 0.640546441078186, 0.14004215598106384, 0.10923261195421219, 0.04867114499211311, 0.020442195236682892, 0.026874711737036705, 0.751670777797699, 0.04310864582657814, 0.05272418260574341, 0.12623639404773712, 0.05028698220849037, 0.02299525775015354, 0.5967457890510559, 0.1510114222764969, 0.10319441556930542, 0.13291513919830322, 0.07199522107839584, 0.05814177170395851, 0.3789713680744171, 0.2547820508480072, 0.06471326947212219, 0.12262243032455444, 0.08849981427192688, 0.046589117497205734, 0.5108733177185059, 0.1667020171880722, 0.0336289145052433, 0.18422797322273254, 0.06688711792230606, 0.026738571003079414, 0.529388427734375, 0.15912894904613495, 0.07892363518476486, 0.14993828535079956, 0.02853512018918991, 0.02987959235906601, 0.44081753492355347, 0.2719058692455292, 0.2620859742164612, 0.13349111378192902, 0.033115945756435394, 0.04496809095144272, 0.32356464862823486, 0.20277422666549683, 0.08830668777227402, 0.18017742037773132, 0.07051409035921097, 0.0372915044426918, 0.41985222697257996, 0.20385803282260895, 0.08085121959447861, 0.16000071167945862, 0.0503048375248909, 0.034775443375110626, 0.44980868697166443, 0.2242591679096222, 0.3143884241580963, 0.10687181353569031, 0.02701418660581112, 0.047747548669576645, 0.35903051495552063, 0.14494746923446655, 0.1773143857717514, 0.2641523480415344, 0.0713452398777008, 0.054865945130586624, 0.13741500675678253, 0.2949071228504181, 0.09894769638776779, 0.09539719671010971, 0.017391622066497803, 0.02413681149482727, 0.654431939125061, 0.10969477146863937, 0.0959315150976181, 0.12263620644807816, 0.022279176861047745, 0.030667822808027267, 0.5171095728874207, 0.21137572824954987, 0.08566226810216904, 0.2149118036031723, 0.10484401881694794, 0.038214292377233505, 0.10349979251623154, 0.4528678059577942, 0.10358666628599167, 0.20843611657619476, 0.0855725109577179, 0.04823089763522148, 0.12215892970561981, 0.4320148229598999, 0.06840963661670685, 0.21788965165615082, 0.07113329321146011, 0.05600103363394737, 0.11777939647436142, 0.46878695487976074, 0.04026304930448532, 0.293633371591568, 0.06223743408918381, 0.024670381098985672, 0.11118891090154648, 0.46800678968429565, 0.033520571887493134, 0.24529872834682465, 0.07621637731790543, 0.033783700317144394, 0.2331121563911438, 0.3780684173107147, 0.032342664897441864, 0.1240077018737793, 0.050424788147211075, 0.03193673864006996, 0.5354012846946716, 0.22588680684566498, 0.05884069576859474, 0.04746716096997261, 0.021735375747084618, 0.026016686111688614, 0.7425420880317688, 0.1033979207277298, 0.03689587116241455, 0.12536197900772095, 0.03490713611245155, 0.022259211167693138, 0.5498605966567993, 0.23071515560150146, 0.11154435575008392, 0.045194704085588455, 0.017355171963572502, 0.024233488366007805, 0.7568909525871277, 0.0447813905775547, 0.017788805067539215, 0.16242952644824982, 0.17407095432281494, 0.031674306839704514, 0.4354420304298401, 0.17859438061714172, 0.04810873791575432, 0.034835804253816605, 0.03941420838236809, 0.024552330374717712, 0.8103560209274292, 0.04273289442062378, 0.11697172373533249, 0.14971283078193665, 0.03711593896150589, 0.028523458167910576, 0.4743505120277405, 0.19332550466060638, 0.024485725909471512, 0.056194841861724854, 0.020807625725865364, 0.01849234662950039, 0.8162599205970764, 0.06375949829816818, 0.04765181615948677, 0.21068598330020905, 0.06283237785100937, 0.030084973201155663, 0.18870343267917633, 0.4600413739681244, 0.08025233447551727, 0.16374891996383667, 0.02682408317923546, 0.03368188440799713, 0.4039517045021057, 0.2915410101413727, 0.14194177091121674, 0.09890192747116089, 0.14377322793006897, 0.10315733402967453, 0.4151265025138855, 0.09709924459457397, 0.28749725222587585, 0.05079454928636551, 0.02055244706571102, 0.03690950572490692, 0.5386395454406738, 0.06560669094324112, 0.10377701371908188, 0.19954019784927368, 0.040805634111166, 0.0337076410651207, 0.3550163805484772, 0.26715317368507385, 0.04994445666670799, 0.1670064479112625, 0.03415181115269661, 0.023283004760742188, 0.5150004625320435, 0.21061381697654724, 0.023470940068364143, 0.25619304180145264, 0.08273402601480484, 0.02641216292977333, 0.3041321337223053, 0.3070576786994934, 0.295460969209671, 0.07295653223991394, 0.03502533584833145, 0.04449749365448952, 0.4370380640029907, 0.11502169817686081, 0.04232544079422951, 0.16144438087940216, 0.06441465765237808, 0.026950469240546227, 0.5163216590881348, 0.18854331970214844, 0.0411326102912426, 0.24611392617225647, 0.09028668701648712, 0.031428247690200806, 0.24177050590515137, 0.34926801919937134, 0.0348098985850811, 0.25868329405784607, 0.053683068603277206, 0.025890802964568138, 0.18678441643714905, 0.4401485323905945, 0.08605214208364487, 0.1670365184545517, 0.05025814101099968, 0.049232710152864456, 0.3356587588787079, 0.3117617666721344, 0.09705714136362076, 0.14231325685977936, 0.054250456392765045, 0.04655389487743378, 0.34701526165008545, 0.3128100037574768, 0.07238232344388962, 0.17742770910263062, 0.09081000089645386, 0.030274834483861923, 0.2988400161266327, 0.3302651047706604, 0.19326359033584595, 0.1424517035484314, 0.09775368124246597, 0.045690082013607025, 0.4076426923274994, 0.11319822818040848, 0.09866242110729218, 0.12179337441921234, 0.08454445749521255, 0.05709727108478546, 0.4624401926994324, 0.1754622608423233, 0.031543586403131485, 0.1683986932039261, 0.07332679629325867, 0.03480183333158493, 0.38450682163238525, 0.3074222505092621, 0.019327601417899132, 0.21182134747505188, 0.17313161492347717, 0.03279077634215355, 0.37099722027778625, 0.19193147122859955, 0.04981757327914238, 0.11486487090587616, 0.073726586997509, 0.02967534214258194, 0.6417366862297058, 0.09017899632453918, 0.06910386681556702, 0.06335003674030304, 0.03442626819014549, 0.019168652594089508, 0.7492986917495728, 0.0646524503827095, 0.02996547520160675, 0.22483360767364502, 0.06860817223787308, 0.02942749299108982, 0.3828156888484955, 0.2643495500087738, 0.173024982213974, 0.14816491305828094, 0.04375014826655388, 0.05293632298707962, 0.3135809600353241, 0.26854267716407776, 