{"metrics": {"ACC": 36.03603603603604, "F1": 8.830022075055188}, "predictions": [4, 4, 4, 4, 4, 4, 4, 4, 4, 4, 4, 4, 4, 4, 4, 4, 4, 4, 4, 4, 4, 4, 4, 4, 4, 4, 4, 4, 4, 4, 4, 4, 4, 4, 4, 4, 4, 4, 4, 4, 4, 4, 4, 4, 4, 4, 4, 4, 4, 4, 4, 4, 4, 4, 4, 4, 4, 4, 4, 4, 4, 4, 4, 4, 4, 4, 4, 4, 4, 4, 4, 4, 4, 4, 4, 4, 4, 4, 4, 4, 4, 4, 4, 4, 4, 4, 4, 4, 4, 4, 4, 4, 4, 4, 4, 4, 4, 4, 4, 4, 4, 4, 4, 4, 4, 4, 4, 4, 4, 4, 4], "uids": ["0", "1", "2", "3", "4", "5", "6", "7", "8", "9", "10", "11", "12", "13", "14", "15", "16", "17", "18", "19", "20", "21", "22", "23", "24", "25", "26", "27", "28", "29", "30", "31", "32", "33", "34", "35", "36", "37", "38", "39", "40", "41", "42", "43", "44", "45", "46", "47", "48", "49", "50", "51", "52", "53", "54", "55", "56", "57", "58", "59", "60", "61", "62", "63", "64", "65", "66", "67", "68", "69", "70", "71", "72", "73", "74", "75", "76", "77", "78", "79", "80", "81", "82", "83", "84", "85", "86", "87", "88", "89", "90", "91", "92", "93", "94", "95", "96", "97", "98", "99", "100", "101", "102", "103", "104", "105", "106", "107", "108", "109", "110"], "scores": [0.04738467559218407, 0.14895901083946228, 0.061379287391901016, 0.020367318764328957, 0.5657429695129395, 0.15616674721240997, 0.04561655968427658, 0.1360490471124649, 0.04409509897232056, 0.017983516678214073, 0.6205106377601624, 0.13574515283107758, 0.043002501130104065, 0.1408213973045349, 0.04769626632332802, 0.01775633543729782, 0.6088387966156006, 0.1418847143650055, 0.0683402493596077, 0.11956331133842468, 0.04111224412918091, 0.022021763026714325, 0.6234024167060852, 0.1255599707365036, 0.0716758444905281, 0.13524511456489563, 0.04964466020464897, 0.03476165607571602, 0.5505926012992859, 0.1580801159143448, 0.056623611599206924, 0.1397903710603714, 0.05254345387220383, 0.029119718819856644, 0.5570847392082214, 0.16483813524246216, 0.043025944381952286, 0.16470636427402496, 0.08902638405561447, 0.02849305234849453, 0.5170222520828247, 0.15772601962089539, 0.064020074903965, 0.13531826436519623, 0.05077921599149704, 0.02258029580116272, 0.5939920544624329, 0.13331007957458496, 0.047921955585479736, 0.1581915318965912, 0.07323281466960907, 0.023587549105286598, 0.5444982051849365, 0.15256790816783905, 0.06725222617387772, 0.13466373085975647, 0.06043868511915207, 0.03031795658171177, 0.5411784052848816, 0.16614900529384613, 0.06398701667785645, 0.13656838238239288, 0.06699497997760773, 0.02938275970518589, 0.5441461801528931, 0.15892069041728973, 0.0567161999642849, 0.19965684413909912, 0.09860497713088989, 0.050461407750844955, 0.44948306679725647, 0.14507760107517242, 0.06959126144647598, 0.1417369246482849, 0.048498451709747314, 0.031638648360967636, 0.5523872971534729, 0.15614740550518036, 0.07974378764629364, 0.13461409509181976, 0.043383654206991196, 0.034305453300476074, 0.5567260384559631, 0.1512269824743271, 0.06877784430980682, 0.14928364753723145, 0.047947727143764496, 0.02476401813328266, 0.5523676872253418, 0.15685905516147614, 0.07272275537252426, 0.12606090307235718, 0.03975517675280571, 0.028641477227211, 0.5805212259292603, 0.15229851007461548, 0.080393947660923, 0.1158105880022049, 0.033453844487667084, 0.02319352887570858, 0.6244436502456665, 0.12270450592041016, 0.08224272727966309, 0.18834468722343445, 0.06693042069673538, 0.03471902385354042, 0.41724440455436707, 0.2105187028646469, 0.06439509242773056, 0.15708965063095093, 0.045470185577869415, 0.024134188890457153, 0.5342453122138977, 0.17466558516025543, 0.051227740943431854, 0.20656441152095795, 0.07392897456884384, 0.040759384632110596, 0.39250898361206055, 0.2350105196237564, 0.07533413171768188, 0.15339383482933044, 0.05586658790707588, 0.027431096881628036, 0.4797782599925995, 0.2081960290670395, 0.07956625521183014, 0.1430046558380127, 0.05187579244375229, 0.027637122198939323, 0.49825403094291687, 0.19966210424900055, 0.06355039030313492, 0.20921631157398224, 0.09364727884531021, 0.035287003964185715, 0.3475802540779114, 0.25071877241134644, 0.05715407431125641, 0.15793782472610474, 0.05296524614095688, 0.027287229895591736, 0.5225451588630676, 0.18211045861244202, 0.044829681515693665, 0.17838872969150543, 0.07880973070859909, 0.02867063134908676, 0.4677938222885132, 0.2015073299407959, 0.0456649586558342, 0.15471602976322174, 0.061043012887239456, 0.024021193385124207, 0.5494340062141418, 0.16512078046798706, 0.05826375260949135, 0.11321859061717987, 0.03653733804821968, 0.022028256207704544, 0.6418460607528687, 0.1281060427427292, 0.043459054082632065, 0.13212044537067413, 0.04553438723087311, 0.018449794501066208, 0.6185873746871948, 0.14184898138046265, 0.07101580500602722, 0.10082021355628967, 0.03492654114961624, 0.020946569740772247, 0.6613287925720215, 0.11096213012933731, 0.03890440613031387, 0.22603894770145416, 0.16549712419509888, 0.044639285653829575, 0.3456854820251465, 0.17923474311828613, 0.049116961658000946, 0.19582898914813995, 0.15817150473594666, 0.046116262674331665, 0.3828422725200653, 0.16792403161525726, 0.06984516233205795, 0.1384250372648239, 0.04117520526051521, 0.020544275641441345, 0.589818000793457, 0.14019237458705902, 0.04071945697069168, 0.14685824513435364, 0.05500650778412819, 0.0217900387942791, 0.5776554346084595, 0.15797030925750732, 0.04033057764172554, 0.1682145893573761, 0.06318150460720062, 0.02254798449575901, 0.5297971367835999, 0.17592822015285492, 0.04497711360454559, 0.1708320826292038, 0.0527602918446064, 0.02514038234949112, 0.5221959352493286, 0.18409423530101776, 0.0770430713891983, 0.11591417342424393, 0.08090679347515106, 0.0537273995578289, 0.5398003458976746, 0.13260821998119354, 0.08812540769577026, 0.09859751909971237, 0.03669062629342079, 0.023673318326473236, 0.6349949836730957, 0.11791815608739853, 0.0551338754594326, 0.14548227190971375, 0.04335954040288925, 0.020682459697127342, 0.574884831905365, 0.16045702993869781, 0.053537629544734955, 0.13769672811031342, 0.04765501618385315, 0.021344779059290886, 0.5876558423042297, 0.1521099954843521, 0.048262909054756165, 0.15443792939186096, 0.05537284538149834, 0.02152036875486374, 0.5527969002723694, 0.16760903596878052, 0.07766193151473999, 0.10773268342018127, 0.03628367558121681, 0.02169005014002323, 0.634458601474762, 0.12217303365468979, 0.048658549785614014, 0.149358868598938, 0.06236230209469795, 0.023430271074175835, 0.5745687484741211, 0.14162126183509827, 0.04869921877980232, 0.16285741329193115, 0.0655149444937706, 0.022576963528990746, 0.5280612707138062, 0.17229017615318298, 0.046841610223054886, 0.19257840514183044, 0.050911661237478256, 0.02202475443482399, 0.48088669776916504, 0.2067568004131317, 0.07114563137292862, 0.1560753583908081, 0.045977212488651276, 0.0255449116230011, 0.5195122957229614, 0.1817445307970047, 0.07843799144029617, 0.15666590631008148, 0.05179852247238159, 0.02826051414012909, 0.48623770475387573, 0.19859930872917175, 0.05795169621706009, 0.16767098009586334, 0.06538534164428711, 0.024555718526244164, 0.49523964524269104, 0.1891966313123703, 0.1010780930519104, 0.12382317334413528, 0.05004022642970085, 0.02611342817544937, 0.5689427256584167, 0.13000234961509705, 0.051416218280792236, 0.143480584025383, 0.05923617258667946, 0.028643332421779633, 0.5451638102531433, 0.17205987870693207, 0.04170679673552513, 0.16682957112789154, 0.06844105571508408, 0.026539508253335953, 0.5176066160202026, 0.17887647449970245, 0.03688368201255798, 0.17825187742710114, 0.09082973748445511, 0.025408973917365074, 0.5000417828559875, 0.1685839593410492, 0.049539715051651, 0.17338287830352783, 0.10022447258234024, 0.02917546220123768, 0.4877338111400604, 0.15994374454021454, 0.04808281362056732, 0.14936429262161255, 0.06606730818748474, 0.021790068596601486, 0.5807225704193115, 0.13397298753261566, 0.040023114532232285, 0.16742153465747833, 0.09830835461616516, 0.026576973497867584, 0.48590558767318726, 0.18176448345184326, 0.06771011650562286, 0.176373690366745, 0.060808684676885605, 0.031861916184425354, 0.47379833459854126, 0.18944722414016724, 