{"metrics": {"ACC": 36.03603603603604, "F1": 21.87850721493293}, "predictions": [5, 4, 4, 0, 4, 4, 4, 4, 4, 4, 4, 4, 4, 0, 4, 4, 0, 1, 4, 4, 5, 5, 5, 5, 5, 4, 4, 4, 4, 2, 4, 4, 4, 5, 5, 4, 4, 5, 4, 1, 4, 4, 5, 5, 5, 5, 5, 2, 4, 4, 2, 4, 4, 4, 0, 5, 4, 4, 4, 4, 5, 1, 4, 4, 4, 4, 4, 5, 4, 1, 4, 2, 4, 4, 2, 5, 5, 4, 4, 4, 4, 4, 1, 5, 4, 5, 4, 4, 4, 4, 1, 1, 2, 4, 1, 5, 4, 1, 1, 4, 4, 4, 4, 4, 4, 1, 4, 4, 4, 4, 2], "uids": ["0", "1", "2", "3", "4", "5", "6", "7", "8", "9", "10", "11", "12", "13", "14", "15", "16", "17", "18", "19", "20", "21", "22", "23", "24", "25", "26", "27", "28", "29", "30", "31", "32", "33", "34", "35", "36", "37", "38", "39", "40", "41", "42", "43", "44", "45", "46", "47", "48", "49", "50", "51", "52", "53", "54", "55", "56", "57", "58", "59", "60", "61", "62", "63", "64", "65", "66", "67", "68", "69", "70", "71", "72", "73", "74", "75", "76", "77", "78", "79", "80", "81", "82", "83", "84", "85", "86", "87", "88", "89", "90", "91", "92", "93", "94", "95", "96", "97", "98", "99", "100", "101", "102", "103", "104", "105", "106", "107", "108", "109", "110"], "scores": [0.11938432604074478, 0.24592474102973938, 0.03930813446640968, 0.03766429424285889, 0.15705808997154236, 0.4006604850292206, 0.049933888018131256, 0.06949560344219208, 0.010811361484229565, 0.01984534040093422, 0.7818691730499268, 0.06804461032152176, 0.04259837418794632, 0.04648972302675247, 0.009404311887919903, 0.013196738436818123, 0.8429158926010132, 0.04539499431848526, 0.29937854409217834, 0.18796837329864502, 0.06036940962076187, 0.0689733698964119, 0.23087142407894135, 0.15243883430957794, 0.09942016750574112, 0.09554637223482132, 0.019865969195961952, 0.030621245503425598, 0.5633970499038696, 0.19114921987056732, 0.025131113827228546, 0.11773130297660828, 0.10266304761171341, 0.03224634751677513, 0.518410861492157, 0.20381730794906616, 0.016306955367326736, 0.01736575923860073, 0.023673569783568382, 0.020893126726150513, 0.8928422331809998, 0.028918376192450523, 0.1530068814754486, 0.01812751032412052, 0.011685815639793873, 0.026029571890830994, 0.7781956195831299, 0.012954603880643845, 0.058944884687662125, 0.21719928085803986, 0.057466279715299606, 0.036361213773489, 0.44473889470100403, 0.18528948724269867, 0.12179243564605713, 0.16100451350212097, 0.06714801490306854, 0.10774414241313934, 0.3086450695991516, 0.23366579413414001, 0.09203833341598511, 0.17389237880706787, 0.12010396271944046, 0.0974937379360199, 0.2929724156856537, 0.22349923849105835, 0.029952704906463623, 0.18210434913635254, 0.02836562693119049, 0.023639658465981483, 0.554661750793457, 0.18127590417861938, 0.042782437056303024, 0.09323805570602417, 0.011698716320097446, 0.022719968110322952, 0.6172734498977661, 0.21228736639022827, 0.4390910565853119, 0.10208603739738464, 0.01768462359905243, 0.044096264988183975, 0.26329267024993896, 0.1337493658065796, 0.04670193791389465, 0.1772303283214569, 0.06139759346842766, 0.030226528644561768, 0.453157901763916, 0.2312857210636139, 0.05621225759387016, 0.035488203167915344, 0.00920382235199213, 0.01793080009520054, 0.8490951061248779, 0.03206987306475639, 0.4087817966938019, 0.10661059617996216, 0.01687045581638813, 0.05486125499010086, 0.2692362666130066, 0.14363959431648254, 0.1390063315629959, 0.36670950055122375, 0.0645509660243988, 0.05567438155412674, 0.05143887922167778, 0.3226199746131897, 0.06976588070392609, 0.02356349490582943, 0.004387776833027601, 0.015689648687839508, 0.8621250987052917, 0.02446814812719822, 0.08726076781749725, 0.09507375955581665, 0.013577199541032314, 0.03433491289615631, 0.551979124546051, 0.21777424216270447, 0.09213782101869583, 0.2329992949962616, 0.09056021273136139, 0.040772780776023865, 0.07402607053518295, 0.46950381994247437, 0.11029811948537827, 0.22144724428653717, 0.07803040742874146, 0.06791594624519348, 0.10680829733610153, 0.4155000150203705, 0.047862857580184937, 0.2008010745048523, 0.03699544444680214, 0.055076874792575836, 0.11052093654870987, 0.5487427711486816, 0.025439687073230743, 0.4207479953765869, 0.03329962119460106, 0.023325351998209953, 0.034468378871679306, 0.4627189040184021, 0.0300917886197567, 0.35959941148757935, 0.050075456500053406, 0.04101782292127609, 0.11499560624361038, 0.40421992540359497, 0.018071850761771202, 0.08474338054656982, 0.027015330269932747, 0.03284674882888794, 0.6656154990196228, 0.17170721292495728, 0.020944299176335335, 0.008290324360132217, 0.0044989860616624355, 0.012068891897797585, 0.9316490292549133, 0.022548411041498184, 0.019331378862261772, 0.056732043623924255, 0.00972427986562252, 0.012558790855109692, 0.7860192656517029, 0.1156342402100563, 0.06080897897481918, 0.018955212086439133, 0.008331171236932278, 0.018892750144004822, 0.8799899220466614, 0.013021894730627537, 0.013143518008291721, 0.1603213995695114, 0.5485628843307495, 0.02986607514321804, 0.1123180165886879, 0.13578811287879944, 0.04018949717283249, 0.009340997785329819, 0.013225321657955647, 0.016424039378762245, 0.9117708206176758, 0.009049358777701855, 0.2485188990831375, 0.1774655431509018, 0.033649295568466187, 0.04220181331038475, 0.3312402069568634, 0.16692423820495605, 0.00996835995465517, 0.011831016279757023, 0.005795048084110022, 0.00935035664588213, 0.9507595896720886, 0.012295573018491268, 0.041342224925756454, 0.250129759311676, 0.03611926734447479, 0.028967978432774544, 0.07214467972517014, 0.5712960958480835, 0.09384296834468842, 0.13900364935398102, 0.016209615394473076, 0.037158187478780746, 0.33986496925354004, 0.3739205300807953, 0.1654256135225296, 0.06513656675815582, 0.13889920711517334, 0.11647409200668335, 0.44653627276420593, 0.06752827763557434, 0.27854472398757935, 0.01697581820189953, 0.00917721912264824, 0.02753109484910965, 0.6443552374839783, 0.023415926843881607, 0.05590420216321945, 0.29105520248413086, 0.024923760443925858, 0.029836852103471756, 0.19485662877559662, 0.40342336893081665, 0.03510817512869835, 0.1320687234401703, 0.02003331482410431, 0.02112443745136261, 0.5386068820953369, 0.2530584931373596, 0.016399193555116653, 0.3225225508213043, 0.03610768914222717, 0.02824835106730461, 0.2858854830265045, 0.31083670258522034, 0.3527129888534546, 0.027661705389618874, 0.01584566757082939, 0.03726453334093094, 0.527597188949585, 0.0389179028570652, 0.01850057765841484, 0.05030947923660278, 0.02411012537777424, 0.018179960548877716, 0.8350591063499451, 0.053840771317481995, 0.014937992207705975, 0.35114815831184387, 0.0826331228017807, 0.027510620653629303, 0.11801610141992569, 0.4057539999485016, 0.014011031948029995, 0.2947397530078888, 0.029272183775901794, 0.02133064717054367, 0.10724463313817978, 0.5334017872810364, 0.07968932390213013, 0.2057143896818161, 0.03483713045716286, 0.056144241243600845, 0.2878395915031433, 0.33577534556388855, 0.0798177495598793, 0.14393313229084015, 0.03682393208146095, 0.053374748677015305, 0.3321424722671509, 0.3539079427719116, 0.058557260781526566, 0.2063954472541809, 0.05815951153635979, 0.03184427693486214, 0.21537795662879944, 0.42966553568840027, 0.19525061547756195, 0.15711051225662231, 0.24972426891326904, 0.08094999939203262, 0.21039623022079468, 0.10656831413507462, 0.11597742140293121, 0.150491401553154, 0.16576367616653442, 0.10206416249275208, 0.3260657489299774, 0.13963761925697327, 0.01507146842777729, 0.04123014211654663, 0.019918929785490036, 0.019076164811849594, 0.8186482787132263, 0.0860549658536911, 0.018446313217282295, 0.23697170615196228, 0.3829590082168579, 0.03467710316181183, 0.15662604570388794, 0.1703198105096817, 0.055514320731163025, 0.11119230836629868, 0.0690171867609024, 0.039892926812171936, 0.6840116381645203, 0.04037158191204071, 0.0576024204492569, 0.013489147648215294, 0.010082639753818512, 0.010330349206924438, 0.8961666226387024, 0.012328903190791607, 0.02586384490132332, 0.2519921064376831, 0.03521014750003815, 0.034883562475442886, 0.40290138125419617, 0.24914896488189697, 0.26402726769447327, 0.14386922121047974, 0.030123522505164146, 0.06452413648366928, 