{"metrics": {"ACC": 36.93693693693694, "F1": 12.90768380320619}, "predictions": [4, 4, 4, 4, 4, 4, 4, 4, 4, 4, 4, 4, 4, 4, 4, 4, 4, 5, 4, 4, 5, 5, 5, 5, 4, 4, 4, 4, 4, 4, 4, 4, 4, 4, 4, 4, 4, 4, 4, 4, 4, 4, 4, 5, 4, 4, 4, 4, 4, 4, 4, 4, 4, 4, 4, 4, 4, 4, 4, 4, 4, 4, 4, 4, 4, 4, 4, 4, 4, 4, 4, 2, 4, 4, 2, 4, 5, 4, 4, 4, 4, 4, 4, 4, 4, 4, 4, 5, 4, 5, 5, 4, 5, 4, 5, 5, 4, 4, 5, 5, 4, 4, 4, 4, 4, 4, 4, 4, 4, 4, 4], "uids": ["0", "1", "2", "3", "4", "5", "6", "7", "8", "9", "10", "11", "12", "13", "14", "15", "16", "17", "18", "19", "20", "21", "22", "23", "24", "25", "26", "27", "28", "29", "30", "31", "32", "33", "34", "35", "36", "37", "38", "39", "40", "41", "42", "43", "44", "45", "46", "47", "48", "49", "50", "51", "52", "53", "54", "55", "56", "57", "58", "59", "60", "61", "62", "63", "64", "65", "66", "67", "68", "69", "70", "71", "72", "73", "74", "75", "76", "77", "78", "79", "80", "81", "82", "83", "84", "85", "86", "87", "88", "89", "90", "91", "92", "93", "94", "95", "96", "97", "98", "99", "100", "101", "102", "103", "104", "105", "106", "107", "108", "109", "110"], "scores": [0.07328695803880692, 0.155846506357193, 0.047881681472063065, 0.022300979122519493, 0.44809868931770325, 0.25258520245552063, 0.047983989119529724, 0.1188434585928917, 0.034625738859176636, 0.01810772716999054, 0.6219991445541382, 0.15843987464904785, 0.04447795823216438, 0.14136800169944763, 0.0405021533370018, 0.01756063662469387, 0.5462654232978821, 0.20982582867145538, 0.11885493993759155, 0.127898707985878, 0.041482407599687576, 0.027178918942809105, 0.5060582160949707, 0.17852677404880524, 0.08304286003112793, 0.14470091462135315, 0.0454629547894001, 0.033127039670944214, 0.47324737906455994, 0.22041893005371094, 0.0325453095138073, 0.15308919548988342, 0.07307855784893036, 0.026281237602233887, 0.46595072746276855, 0.2490548938512802, 0.026987779885530472, 0.13419586420059204, 0.062116894870996475, 0.02171076275408268, 0.5495128631591797, 0.20547588169574738, 0.07090204954147339, 0.09081407636404037, 0.03355274349451065, 0.023976167663931847, 0.6763103604316711, 0.10444456338882446, 0.03997248783707619, 0.1576615422964096, 0.059455838054418564, 0.01899978332221508, 0.48687052726745605, 0.23703977465629578, 0.08601293712854385, 0.12702405452728271, 0.06448520720005035, 0.03883974999189377, 0.43326058983802795, 0.25037744641304016, 0.06695505231618881, 0.127400740981102, 0.07187590003013611, 0.033723849803209305, 0.49968454241752625, 0.2003599852323532, 0.04532008618116379, 0.2202896922826767, 0.12034688144922256, 0.034664351493120193, 0.39402857422828674, 0.1853504627943039, 0.08457428961992264, 0.1535855233669281, 0.04013262689113617, 0.02850511483848095, 0.4623861610889435, 0.23081625998020172, 0.11877794563770294, 0.1516132354736328, 0.036753617227077484, 0.03755585104227066, 0.4738738536834717, 0.18142543733119965, 0.11951515078544617, 0.16049601137638092, 0.05515766888856888, 0.032852575182914734, 0.4303539991378784, 0.20162461698055267, 0.05919590964913368, 0.14180158078670502, 0.04492248594760895, 0.025322405621409416, 0.5018424391746521, 0.226915180683136, 0.21237020194530487, 0.12155788391828537, 0.042204078286886215, 0.04243367910385132, 0.4203236699104309, 0.1611105352640152, 0.13146835565567017, 0.19478940963745117, 0.06795177608728409, 0.04483296722173691, 0.26728594303131104, 0.29367151856422424, 0.08536722511053085, 0.15319636464118958, 0.03510454669594765, 0.027641156688332558, 0.46805649995803833, 0.23063421249389648, 0.06450631469488144, 0.17855677008628845, 0.03682499751448631, 0.026523612439632416, 0.37205544114112854, 0.32153284549713135, 0.07179249078035355, 0.19558590650558472, 0.09318867325782776, 0.037270382046699524, 0.21240417659282684, 0.38975831866264343, 0.06806836277246475, 0.19286933541297913, 0.07580019533634186, 0.03734275698661804, 0.2334584891796112, 0.3924608528614044, 0.05457458272576332, 0.21063297986984253, 0.07979895174503326, 0.046509940177202225, 0.22444909811019897, 0.3840343952178955, 0.03791603818535805, 0.20776017010211945, 0.06986923515796661, 0.02244340442121029, 0.30924636125564575, 0.3527647852897644, 0.03633984550833702, 0.17415137588977814, 0.06976882368326187, 0.026382295414805412, 0.36915352940559387, 0.32420408725738525, 0.04096532240509987, 0.13585788011550903, 0.04666675999760628, 0.023103026673197746, 0.49437275528907776, 0.25903430581092834, 0.0861007422208786, 0.09109336882829666, 0.029597027227282524, 0.02460324950516224, 0.60362708568573, 0.1649785339832306, 0.03797321394085884, 0.12411975115537643, 0.035734258592128754, 0.017227621749043465, 0.587151288986206, 0.19779391586780548, 0.09668270498514175, 0.07955209165811539, 0.026465484872460365, 0.024581680074334145, 0.6778692007064819, 0.09484882652759552, 0.02716386690735817, 0.1852264553308487, 0.20694252848625183, 0.03221912682056427, 0.30140626430511475, 0.2470417022705078, 0.03376730531454086, 0.13166020810604095, 0.11679716408252716, 0.026736758649349213, 0.49384790658950806, 0.19719067215919495, 0.09011910110712051, 0.15558753907680511, 0.0404626689851284, 0.02475433610379696, 0.47799399495124817, 0.211082324385643, 0.02662484720349312, 0.11701878160238266, 0.03744878992438316, 0.017038045451045036, 0.6458936929702759, 0.15597578883171082, 0.0482715480029583, 0.157191663980484, 0.051571547985076904, 0.022806944325566292, 0.406788170337677, 0.3133701682090759, 0.03602905571460724, 0.14800256490707397, 0.031427670270204544, 0.02227904461324215, 0.5179230570793152, 0.24433861672878265, 0.07504873722791672, 0.07754745334386826, 0.06277759373188019, 0.04352579638361931, 0.6424306035041809, 0.09866982698440552, 0.1463264673948288, 0.08137825131416321, 0.029532134532928467, 0.02909219078719616, 0.6001657247543335, 0.11350521445274353, 0.06223631650209427, 0.1646239012479782, 0.04078062251210213, 0.020456723868846893, 0.45840710401535034, 0.25349539518356323, 0.05881645902991295, 0.14768259227275848, 0.033262699842453, 0.020626140758395195, 0.5325302481651306, 0.20708180963993073, 0.03931679204106331, 0.17206250131130219, 0.04428556188941002, 0.019129520282149315, 0.43184712529182434, 0.29335853457450867, 0.15323205292224884, 0.10341773927211761, 0.038313280791044235, 0.03369097411632538, 0.5323518514633179, 0.13899405300617218, 0.036787718534469604, 0.14387333393096924, 0.04627901315689087, 0.019385386258363724, 0.5622954368591309, 0.19137908518314362, 0.03890404850244522, 0.16655750572681427, 0.04895646870136261, 0.018893619999289513, 0.4524853229522705, 0.27420303225517273, 0.04731641709804535, 0.2096651792526245, 0.05513611435890198, 0.02324056625366211, 0.2811342775821686, 0.3835074007511139, 0.08646436780691147, 0.1785094290971756, 0.05953254550695419, 0.04076053202152252, 0.3499067425727844, 0.2848264276981354, 0.08521803468465805, 0.17340520024299622, 0.07111440598964691, 0.04241450875997543, 0.34385770559310913, 0.2839900851249695, 0.045388806611299515, 0.16238045692443848, 0.06405271589756012, 0.021523091942071915, 0.3901166319847107, 0.3165383040904999, 0.14470510184764862, 0.13506309688091278, 0.06212513521313667, 0.03362007811665535, 0.49006178975105286, 0.13442477583885193, 0.061273109167814255, 0.1329783946275711, 0.05817059054970741, 0.028152262791991234, 0.48914095759391785, 0.2302847057580948, 0.03895716741681099, 0.14960592985153198, 0.05638282001018524, 0.02602521702647209, 0.47092798352241516, 0.2581008970737457, 0.029805665835738182, 0.1876872032880783, 0.11050331592559814, 0.024251848459243774, 0.3910447061061859, 0.2567073106765747, 0.04499978944659233, 0.17396773397922516, 0.08170494437217712, 0.025863781571388245, 0.4643305242061615, 0.20913328230381012, 0.03634617105126381, 0.0998331755399704, 0.043194130063056946, 0.01698002591729164, 0.6795888543128967, 0.12405772507190704, 0.03223611041903496, 0.21832606196403503, 0.06578294932842255, 0.03408212214708328, 0.3506438732147217, 0.2989289164543152, 0.09921719133853912, 0.1635993868112564, 0.054655130952596664, 0.040175989270210266, 0.3812887966632843, 0.26106351613998413, 