{"metrics": {"ACC": 36.03603603603604, "F1": 21.214532355793068}, "predictions": [5, 4, 4, 0, 4, 4, 4, 4, 4, 4, 4, 4, 4, 0, 4, 4, 0, 1, 4, 4, 5, 5, 5, 1, 5, 4, 4, 4, 4, 2, 4, 4, 4, 5, 5, 4, 4, 5, 4, 4, 4, 4, 5, 5, 5, 5, 5, 2, 4, 4, 2, 4, 4, 4, 0, 5, 4, 4, 4, 4, 5, 1, 4, 4, 4, 4, 4, 5, 4, 1, 4, 2, 4, 4, 2, 5, 5, 4, 4, 4, 4, 4, 4, 5, 4, 4, 4, 4, 0, 4, 1, 1, 2, 4, 1, 5, 4, 2, 1, 4, 4, 4, 4, 4, 4, 1, 4, 4, 4, 4, 2], "uids": ["0", "1", "2", "3", "4", "5", "6", "7", "8", "9", "10", "11", "12", "13", "14", "15", "16", "17", "18", "19", "20", "21", "22", "23", "24", "25", "26", "27", "28", "29", "30", "31", "32", "33", "34", "35", "36", "37", "38", "39", "40", "41", "42", "43", "44", "45", "46", "47", "48", "49", "50", "51", "52", "53", "54", "55", "56", "57", "58", "59", "60", "61", "62", "63", "64", "65", "66", "67", "68", "69", "70", "71", "72", "73", "74", "75", "76", "77", "78", "79", "80", "81", "82", "83", "84", "85", "86", "87", "88", "89", "90", "91", "92", "93", "94", "95", "96", "97", "98", "99", "100", "101", "102", "103", "104", "105", "106", "107", "108", "109", "110"], "scores": [0.14159606397151947, 0.2645390033721924, 0.045315440744161606, 0.04231709986925125, 0.1489076465368271, 0.3573247492313385, 0.06062856689095497, 0.06490591168403625, 0.010925237089395523, 0.021698223426938057, 0.7855547666549683, 0.05628723278641701, 0.042544249445199966, 0.03863513469696045, 0.008706513792276382, 0.013334858231246471, 0.8629545569419861, 0.03382464125752449, 0.3542432188987732, 0.1677713245153427, 0.05986373871564865, 0.072228342294693, 0.22130143642425537, 0.12459191679954529, 0.09326053410768509, 0.08947493880987167, 0.0207730270922184, 0.03242503106594086, 0.5997833013534546, 0.16428306698799133, 0.0252924133092165, 0.07768550515174866, 0.07394875586032867, 0.028011418879032135, 0.664046585559845, 0.131015345454216, 0.016516735777258873, 0.015144524164497852, 0.022459842264652252, 0.020119398832321167, 0.9013056755065918, 0.02445387840270996, 0.17384850978851318, 0.01901688240468502, 0.013159873895347118, 0.030161850154399872, 0.7515323758125305, 0.012280496768653393, 0.06857811659574509, 0.16059136390686035, 0.04940465837717056, 0.03581652045249939, 0.5631646513938904, 0.12244471162557602, 0.1376974880695343, 0.14400887489318848, 0.06159432604908943, 0.11211744695901871, 0.3586743474006653, 0.18590746819972992, 0.10047974437475204, 0.1554112285375595, 0.10910049080848694, 0.10172231495380402, 0.35256901383399963, 0.18071717023849487, 0.03070731833577156, 0.17489849030971527, 0.028054839000105858, 0.023747067898511887, 0.5773675441741943, 0.16522473096847534, 0.04067220911383629, 0.08311514556407928, 0.011190979741513729, 0.02255885861814022, 0.6541138887405396, 0.1883489042520523, 0.4595411717891693, 0.10052439570426941, 0.017765626311302185, 0.046206582337617874, 0.25738370418548584, 0.11857859790325165, 0.05181911215186119, 0.1750897765159607, 0.07078240811824799, 0.03463548794388771, 0.4718517065048218, 0.19582143425941467, 0.04562438651919365, 0.025089047849178314, 0.008249679580330849, 0.016054922714829445, 0.8839353919029236, 0.021046560257673264, 0.4484054148197174, 0.10158592462539673, 0.016140231862664223, 0.05521576479077339, 0.24677984416484833, 0.13187278807163239, 0.14663571119308472, 0.37528932094573975, 0.06373374164104462, 0.0569332018494606, 0.04827771335840225, 0.30913037061691284, 0.0702386125922203, 0.01900678686797619, 0.0037483449559658766, 0.014616415835916996, 0.874050498008728, 0.018339401111006737, 0.09405148029327393, 0.08872754871845245, 0.013494717888534069, 0.034641608595848083, 0.5675848722457886, 0.2014997899532318, 0.10016520321369171, 0.2278035283088684, 0.09380251914262772, 0.04240845516324043, 0.08148547261953354, 0.4543348550796509, 0.12517157196998596, 0.21045748889446259, 0.07698647677898407, 0.07221322506666183, 0.11842435598373413, 0.396746963262558, 0.050119299441576004, 0.20061364769935608, 0.03691037371754646, 0.05498562008142471, 0.10580924153327942, 0.5515618324279785, 0.024129630997776985, 0.4424382150173187, 0.03415865823626518, 0.023969974368810654, 0.035332366824150085, 0.43997108936309814, 0.03211349621415138, 0.3752957880496979, 0.05310624837875366, 0.04327632486820221, 0.11298476904630661, 0.383223295211792, 0.016790742054581642, 0.07188219577074051, 0.024043411016464233, 0.030062055215239525, 0.7216900587081909, 0.13553158938884735, 0.020246580243110657, 0.0066428170539438725, 0.003933678846806288, 0.011354451067745686, 0.939943790435791, 0.01787867397069931, 0.017668766900897026, 0.037441838532686234, 0.007041046861559153, 0.010603711940348148, 0.8609989881515503, 0.06624557077884674, 0.05869906023144722, 0.01605168543756008, 0.007452209014445543, 0.01860971748828888, 0.888484537601471, 0.010702771134674549, 0.013516743667423725, 0.14447422325611115, 0.5705738663673401, 0.03063058853149414, 0.12629909813404083, 0.11450543254613876, 0.04377230629324913, 0.00844334252178669, 0.012606821022927761, 0.016933459788560867, 0.9101472496986389, 0.008096769452095032, 0.2769027054309845, 0.16959431767463684, 0.03337343409657478, 0.044086094945669174, 0.33750542998313904, 0.13853798806667328, 0.011115659028291702, 0.011245587840676308, 0.005755961872637272, 0.010065348818898201, 0.9509650468826294, 0.010852481238543987, 0.04244877025485039, 0.25523537397384644, 0.03726774454116821, 0.029009362682700157, 0.0662970095872879, 0.5697417259216309, 0.10455474257469177, 0.1403055638074875, 0.016194578260183334, 0.03830237686634064, 0.32630234956741333, 0.3743404150009155, 0.16479000449180603, 0.06144712492823601, 0.13410626351833344, 0.11297962069511414, 0.4621141254901886, 0.06456279754638672, 0.2847115099430084, 0.015562772750854492, 0.009010297246277332, 0.02866329997777939, 0.6422393321990967, 0.01981274038553238, 0.08016562461853027, 0.3033125400543213, 0.02818066067993641, 0.03608446568250656, 0.2138647735118866, 0.3383919298648834, 0.03573819622397423, 0.10530616343021393, 0.01699560508131981, 0.01989172399044037, 0.6388767957687378, 0.18319155275821686, 0.016199108213186264, 0.30979833006858826, 0.03410997986793518, 0.02798432856798172, 0.3366577923297882, 0.27525046467781067, 0.4069591760635376, 0.025647614151239395, 0.015644634142518044, 0.04020017012953758, 0.4787862002849579, 0.03276211768388748, 0.01906583644449711, 0.041695717722177505, 0.023724989965558052, 0.018223384395241737, 0.8580442070960999, 0.039245955646038055, 0.01585167460143566, 0.37254372239112854, 0.09034604579210281, 0.02887105569243431, 0.11542508006095886, 0.37696245312690735, 0.01407969743013382, 0.31128472089767456, 0.032004501670598984, 0.021709701046347618, 0.10186796635389328, 0.5190533995628357, 0.08678767085075378, 0.20259042084217072, 0.03458346053957939, 0.05697979778051376, 0.2930223345756531, 0.3260363042354584, 0.08584679663181305, 0.13891184329986572, 0.03588474541902542, 0.05269721522927284, 0.33742767572402954, 0.3492317497730255, 0.06848544627428055, 0.18252214789390564, 0.05160500109195709, 0.03328212350606918, 0.278999924659729, 0.38510531187057495, 0.20244848728179932, 0.14657853543758392, 0.2613019347190857, 0.08834687620401382, 0.2129046469926834, 0.08841952681541443, 0.1336306780576706, 0.1029631495475769, 0.10198216885328293, 0.08290024846792221, 0.49413052201271057, 0.084393210709095, 0.01261976920068264, 0.02270648069679737, 0.01284224446862936, 0.013803640380501747, 0.892490565776825, 0.04553736373782158, 0.020174164324998856, 0.2132260948419571, 0.4232785999774933, 0.03493392467498779, 0.164122074842453, 0.14426520466804504, 0.05925113707780838, 0.09161969274282455, 0.05868685618042946, 0.03869466111063957, 0.7209355235099792, 0.030812157317996025, 0.05812995880842209, 0.010957513935863972, 0.009011023677885532, 0.010471014305949211, 0.9017484784126282, 0.00968198198825121, 0.029511786997318268, 0.21637463569641113, 0.03389919921755791, 0.03394993394613266, 0.47711217403411865, 0.2091522365808487, 0.2938537895679474, 0.13655440509319305, 0.029389210045337677, 0.06594211608171463, 0.22734493017196655, 