{"metrics": {"ACC": 36.93693693693694, "F1": 22.943591698139358}, "predictions": [5, 4, 4, 4, 4, 4, 4, 4, 4, 4, 4, 4, 4, 0, 4, 4, 0, 1, 4, 4, 5, 5, 5, 5, 5, 4, 4, 4, 4, 2, 4, 4, 4, 5, 5, 4, 4, 5, 4, 4, 4, 4, 5, 5, 5, 5, 5, 4, 4, 4, 1, 4, 4, 5, 5, 5, 4, 4, 4, 4, 5, 1, 4, 4, 4, 4, 4, 5, 4, 1, 4, 2, 4, 4, 2, 5, 5, 4, 4, 4, 4, 4, 4, 5, 4, 5, 4, 4, 4, 4, 5, 2, 2, 4, 5, 5, 4, 1, 5, 5, 4, 4, 4, 4, 4, 1, 4, 4, 2, 4, 2], "uids": ["0", "1", "2", "3", "4", "5", "6", "7", "8", "9", "10", "11", "12", "13", "14", "15", "16", "17", "18", "19", "20", "21", "22", "23", "24", "25", "26", "27", "28", "29", "30", "31", "32", "33", "34", "35", "36", "37", "38", "39", "40", "41", "42", "43", "44", "45", "46", "47", "48", "49", "50", "51", "52", "53", "54", "55", "56", "57", "58", "59", "60", "61", "62", "63", "64", "65", "66", "67", "68", "69", "70", "71", "72", "73", "74", "75", "76", "77", "78", "79", "80", "81", "82", "83", "84", "85", "86", "87", "88", "89", "90", "91", "92", "93", "94", "95", "96", "97", "98", "99", "100", "101", "102", "103", "104", "105", "106", "107", "108", "109", "110"], "scores": [0.1417032927274704, 0.24608728289604187, 0.04161396622657776, 0.038337208330631256, 0.16415074467658997, 0.36810752749443054, 0.05842314660549164, 0.08347290009260178, 0.013748246245086193, 0.01975341886281967, 0.7358362078666687, 0.08876608312129974, 0.03962482884526253, 0.07355266809463501, 0.012091312557458878, 0.013725250028073788, 0.7737082242965698, 0.087297722697258, 0.24492211639881134, 0.17326383292675018, 0.0566377229988575, 0.04969223216176033, 0.31992360949516296, 0.15556052327156067, 0.10571900010108948, 0.12879279255867004, 0.028539566323161125, 0.035276446491479874, 0.46636930108070374, 0.2353028953075409, 0.03139709681272507, 0.1965702325105667, 0.10124756395816803, 0.03672868758440018, 0.32874393463134766, 0.3053125739097595, 0.017120983451604843, 0.03515288233757019, 0.03347048535943031, 0.02502354234457016, 0.8286659717559814, 0.06056620180606842, 0.12288784980773926, 0.027109181508421898, 0.015412406995892525, 0.025402741506695747, 0.7901127934455872, 0.01907503791153431, 0.04598137363791466, 0.17895448207855225, 0.04517049342393875, 0.02553119882941246, 0.5347518920898438, 0.16961053013801575, 0.10574871301651001, 0.18054120242595673, 0.0657847598195076, 0.08016964793205261, 0.29923975467681885, 0.2685159742832184, 0.08599647879600525, 0.16562332212924957, 0.0823737308382988, 0.06948346644639969, 0.38938385248184204, 0.20713914930820465, 0.028265152126550674, 0.2163616567850113, 0.053572192788124084, 0.02386130392551422, 0.4801937937736511, 0.19774596393108368, 0.06814239174127579, 0.1298125833272934, 0.018627310171723366, 0.028313644230365753, 0.4879211187362671, 0.2671829164028168, 0.33188101649284363, 0.12906935811042786, 0.02147347666323185, 0.04427653178572655, 0.32119494676589966, 0.1521046906709671, 0.04839387908577919, 0.17524069547653198, 0.057956498116254807, 0.029924506321549416, 0.4782872796058655, 0.21019721031188965, 0.0780017301440239, 0.10699216276407242, 0.025489022955298424, 0.03010508418083191, 0.6294129490852356, 0.129999041557312, 0.37727564573287964, 0.09972754865884781, 0.016474813222885132, 0.04537418857216835, 0.3378712832927704, 0.12327659130096436, 0.1499497890472412, 0.33960047364234924, 0.06531691551208496, 0.0522969551384449, 0.06682188808917999, 0.3260140120983124, 0.0734483003616333, 0.040044598281383514, 0.0059471772983670235, 0.015445721335709095, 0.8248103260993958, 0.04030383378267288, 0.07598420977592468, 0.08201071619987488, 0.011983396485447884, 0.02671656385064125, 0.6333742141723633, 0.1699308156967163, 0.09365809708833694, 0.2130163162946701, 0.08812303096055984, 0.037230052053928375, 0.08700738102197647, 0.48096516728401184, 0.10369615256786346, 0.21291962265968323, 0.07524420320987701, 0.04657360911369324, 0.09862223267555237, 0.4629441797733307, 0.04598267748951912, 0.20492835342884064, 0.04162328317761421, 0.04510973393917084, 0.10016675293445587, 0.5621892213821411, 0.030204694718122482, 0.3662913143634796, 0.03757993504405022, 0.023988336324691772, 0.06350907683372498, 0.47842663526535034, 0.031400058418512344, 0.3298525810241699, 0.05568593367934227, 0.036060746759176254, 0.13384176790714264, 0.4131588935852051, 0.019441824406385422, 0.1253693699836731, 0.037558384239673615, 0.030861545354127884, 0.5495433807373047, 0.23722556233406067, 0.02973414771258831, 0.019248537719249725, 0.00900481827557087, 0.016839614138007164, 0.8745695352554321, 0.050603363662958145, 0.0235673226416111, 0.09608396142721176, 0.014689473435282707, 0.015293781645596027, 0.6754880547523499, 0.1748773753643036, 0.07702036947011948, 0.02463509514927864, 0.009046640247106552, 0.0199037566781044, 0.8513625264167786, 0.018031535670161247, 0.016388246789574623, 0.1912296712398529, 0.4372219145298004, 0.030148018151521683, 0.13660205900669098, 0.18840999901294708, 0.05080682784318924, 0.01652723178267479, 0.018316004425287247, 0.019646750763058662, 0.8772557377815247, 0.017447447404265404, 0.15985643863677979, 0.16004259884357452, 0.028819041326642036, 0.031058419495821, 0.4594225287437439, 0.1608009934425354, 0.015520747750997543, 0.03193697705864906, 0.0121162049472332, 0.014389550313353539, 0.8971822261810303, 0.028854304924607277, 0.04305392876267433, 0.24044464528560638, 0.04107096418738365, 0.02771763876080513, 0.09183447808027267, 0.5558782815933228, 0.06742538511753082, 0.17248950898647308, 0.024256255477666855, 0.03721810504794121, 0.2693280875682831, 0.42928266525268555, 0.14746232330799103, 0.07925364375114441, 0.14236553013324738, 0.10668181627988815, 0.4431840479373932, 0.08105278015136719, 0.28591999411582947, 0.025550950318574905, 0.011983571574091911, 0.02986403927206993, 0.6168332099914551, 0.029848219826817513, 0.07071541994810104, 0.2722163796424866, 0.031012222170829773, 0.030782124027609825, 0.2655860185623169, 0.32968780398368835, 0.0338507741689682, 0.1480700522661209, 0.020414656028151512, 0.017897147685289383, 0.5313628315925598, 0.24840447306632996, 0.01637338288128376, 0.26164016127586365, 0.03247365728020668, 0.02249559387564659, 0.34520846605300903, 0.32180875539779663, 0.28375670313835144, 0.041092317551374435, 0.02016262896358967, 0.034714944660663605, 0.5687358379364014, 0.05153759941458702, 0.025647949427366257, 0.10829164832830429, 0.03870406374335289, 0.023625914007425308, 0.6876550316810608, 0.11607544869184494, 0.018907219171524048, 0.329150527715683, 0.07022946327924728, 0.02616145834326744, 0.13577128946781158, 0.41978004574775696, 0.0179648045450449, 0.2800932824611664, 0.036877065896987915, 0.021105695515871048, 0.112514428794384, 0.5314447283744812, 0.07784013450145721, 0.20036034286022186, 0.037406984716653824, 0.04853517562150955, 0.2740958631038666, 0.36176156997680664, 0.07897123694419861, 0.13819977641105652, 0.03549191355705261, 0.041773222386837006, 0.3396031856536865, 0.3659606873989105, 0.06558843702077866, 0.20295122265815735, 0.054823338985443115, 0.02919609099626541, 0.22788797318935394, 0.4195529520511627, 0.2194172590970993, 0.1530047506093979, 0.16612718999385834, 0.06872958689928055, 0.28673332929611206, 0.10598796606063843, 0.097105011343956, 0.18084999918937683, 0.17249085009098053, 0.10707256197929382, 0.25046274065971375, 0.19201882183551788, 0.020014315843582153, 0.11471325904130936, 0.0455164797604084, 0.027526598423719406, 0.5636840462684631, 0.22854535281658173, 0.016163727268576622, 0.2761266827583313, 0.26957520842552185, 0.02924475632607937, 0.1627669483423233, 0.24612267315387726, 0.05038761720061302, 0.13054931163787842, 0.07322109490633011, 0.03995499387383461, 0.6449530124664307, 0.060933928936719894, 0.05433744192123413, 0.029558995738625526, 0.018019653856754303, 0.01385981310158968, 0.8613636493682861, 0.022860419005155563, 0.017684172838926315, 0.29187658429145813, 0.04965630918741226, 0.02534937486052513, 0.2702033817768097, 0.34523022174835205, 0.2190643846988678, 0.16039715707302094, 0.03262954577803612, 0.05565696209669113, 0.2396446019411087, 