{"metrics": {"ACC": 35.13513513513514, "F1": 18.586744639376217}, "predictions": [5, 4, 4, 4, 4, 4, 4, 4, 4, 4, 4, 4, 4, 0, 4, 4, 4, 1, 4, 4, 5, 5, 5, 5, 5, 4, 4, 4, 4, 2, 4, 4, 4, 5, 4, 4, 4, 4, 4, 4, 4, 4, 5, 5, 5, 4, 5, 4, 4, 4, 2, 4, 4, 4, 5, 4, 4, 4, 4, 4, 5, 1, 4, 4, 4, 4, 4, 5, 4, 1, 1, 2, 4, 4, 2, 5, 5, 4, 4, 4, 4, 4, 1, 5, 4, 1, 4, 4, 4, 4, 5, 1, 2, 4, 1, 5, 4, 1, 1, 4, 4, 4, 4, 4, 4, 1, 4, 4, 4, 4, 2], "uids": ["0", "1", "2", "3", "4", "5", "6", "7", "8", "9", "10", "11", "12", "13", "14", "15", "16", "17", "18", "19", "20", "21", "22", "23", "24", "25", "26", "27", "28", "29", "30", "31", "32", "33", "34", "35", "36", "37", "38", "39", "40", "41", "42", "43", "44", "45", "46", "47", "48", "49", "50", "51", "52", "53", "54", "55", "56", "57", "58", "59", "60", "61", "62", "63", "64", "65", "66", "67", "68", "69", "70", "71", "72", "73", "74", "75", "76", "77", "78", "79", "80", "81", "82", "83", "84", "85", "86", "87", "88", "89", "90", "91", "92", "93", "94", "95", "96", "97", "98", "99", "100", "101", "102", "103", "104", "105", "106", "107", "108", "109", "110"], "scores": [0.12256127595901489, 0.25184082984924316, 0.038908809423446655, 0.0382075160741806, 0.20450615882873535, 0.34397539496421814, 0.03947696462273598, 0.051113057881593704, 0.008365132845938206, 0.015343084931373596, 0.8325932025909424, 0.05310861021280289, 0.0363890714943409, 0.040247995406389236, 0.008480653166770935, 0.011854300275444984, 0.8601173162460327, 0.04291066154837608, 0.27577587962150574, 0.15695352852344513, 0.046262066811323166, 0.05482788756489754, 0.34820830821990967, 0.11797237396240234, 0.09849093109369278, 0.09428180754184723, 0.021794788539409637, 0.03401292860507965, 0.5851064920425415, 0.1663130223751068, 0.02917708456516266, 0.13264505565166473, 0.09674501419067383, 0.03710711747407913, 0.4880405068397522, 0.21628521382808685, 0.01586221158504486, 0.01933896541595459, 0.022098228335380554, 0.020067432895302773, 0.8909613490104675, 0.03167172893881798, 0.08832241594791412, 0.015878258273005486, 0.009140522219240665, 0.01882447674870491, 0.85654217004776, 0.011292190290987492, 0.04485514387488365, 0.18546222150325775, 0.04732217639684677, 0.030161987990140915, 0.5376922488212585, 0.15450619161128998, 0.10686898231506348, 0.1669011414051056, 0.061092767864465714, 0.08992712199687958, 0.3185262680053711, 0.25668370723724365, 0.08998439460992813, 0.16543550789356232, 0.09233639389276505, 0.08682788163423538, 0.34921640157699585, 0.21619942784309387, 0.027419038116931915, 0.14159955084323883, 0.0250027384608984, 0.02022676356136799, 0.6554840803146362, 0.1302678883075714, 0.049833592027425766, 0.080779530107975, 0.01159768458455801, 0.024213507771492004, 0.6675671339035034, 0.16600856184959412, 0.37076815962791443, 0.09752298146486282, 0.01599418744444847, 0.04304990917444229, 0.36467233300209045, 0.10799239575862885, 0.041523080319166183, 0.10897007584571838, 0.036829520016908646, 0.02433708868920803, 0.6532307863235474, 0.13510945439338684, 0.07230060547590256, 0.056413765996694565, 0.012606939300894737, 0.023676613345742226, 0.776621401309967, 0.05838062986731529, 0.3413139879703522, 0.08581779897212982, 0.012870953418314457, 0.04525473341345787, 0.4089815616607666, 0.10576095432043076, 0.15752004086971283, 0.3608560860157013, 0.05732594430446625, 0.05459418147802353, 0.061122387647628784, 0.30858132243156433, 0.053565096110105515, 0.024356598034501076, 0.004316732287406921, 0.013789640739560127, 0.880474865436554, 0.023496996611356735, 0.06446650624275208, 0.05884551629424095, 0.010225962847471237, 0.029170479625463486, 0.7151786684989929, 0.12211286276578903, 0.09419101476669312, 0.2329138070344925, 0.0859580859541893, 0.04014994949102402, 0.09751413017511368, 0.44927310943603516, 0.10416155308485031, 0.2146795392036438, 0.07213311642408371, 0.05715135112404823, 0.13547146320343018, 0.41640299558639526, 0.04573388025164604, 0.19966255128383636, 0.03874272480607033, 0.05173034593462944, 0.13951082527637482, 0.5246196985244751, 0.028046373277902603, 0.4057595133781433, 0.03520083799958229, 0.026259031146764755, 0.05673784390091896, 0.44799643754959106, 0.034770213067531586, 0.3554933965206146, 0.04985956847667694, 0.04245961830019951, 0.12957586348056793, 0.3878413140773773, 0.019629035145044327, 0.09420064091682434, 0.0269620381295681, 0.03313879296183586, 0.6463438868522644, 0.1797255575656891, 0.022732911631464958, 0.011001981794834137, 0.005626391153782606, 0.013498486019670963, 0.918951153755188, 0.028189068660140038, 0.01909933239221573, 0.04849022254347801, 0.008826364763081074, 0.012639910914003849, 0.82017582654953, 0.09076829999685287, 0.0598566047847271, 0.020054331049323082, 0.008620158769190311, 0.018378084525465965, 0.8789799213409424, 0.014110933057963848, 0.01492998469620943, 0.18445461988449097, 0.4715791940689087, 0.030720924958586693, 0.14144648611545563, 0.1568688303232193, 0.04503164067864418, 0.011785989627242088, 0.013919828459620476, 0.01768854819238186, 0.8998947143554688, 0.01167930755764246, 0.18963593244552612, 0.15635311603546143, 0.026314036920666695, 0.034968551248311996, 0.4549822211265564, 0.13774609565734863, 0.011606382206082344, 0.015959158539772034, 0.006887333933264017, 0.010477985255420208, 0.9399207234382629, 0.015148508362472057, 0.04146725684404373, 0.25002503395080566, 0.03707190975546837, 0.029436666518449783, 0.09943868219852448, 0.5425604581832886, 0.103336401283741, 0.1241433173418045, 0.015541687607765198, 0.03652586787939072, 0.4192087948322296, 0.30124402046203613, 0.1519325226545334, 0.06363312900066376, 0.11732398718595505, 0.10367884486913681, 0.49845069646835327, 0.06498084217309952, 0.2063715010881424, 0.01687305048108101, 0.008366390131413937, 0.024465739727020264, 0.7232109308242798, 0.020712386816740036, 0.06132945790886879, 0.24216170608997345, 0.024127952754497528, 0.031199555844068527, 0.3514646291732788, 0.2897166609764099, 0.0328957661986351, 0.0693526342511177, 0.011792116798460484, 0.01601085625588894, 0.7492753267288208, 0.1206732764840126, 0.01682879775762558, 0.23923896253108978, 0.029511600732803345, 0.02555462159216404, 0.44740864634513855, 0.24145740270614624, 0.25038668513298035, 0.02527710795402527, 0.012435889802873135, 0.028877679258584976, 0.6508592963218689, 0.032163336873054504, 0.01922893151640892, 0.0460500605404377, 0.019222650676965714, 0.01709156669676304, 0.8473176956176758, 0.0510890893638134, 0.01609199307858944, 0.33790379762649536, 0.0720849484205246, 0.029238872230052948, 0.17522387206554413, 0.3694564700126648, 0.01760217547416687, 0.27425554394721985, 0.028533168137073517, 0.024950552731752396, 0.18469300866127014, 0.4699656069278717, 0.07687128335237503, 0.19995100796222687, 0.033842310309410095, 0.05134643614292145, 0.3039912283420563, 0.33399778604507446, 0.07433688640594482, 0.13600793480873108, 0.03455531969666481, 0.049936700612306595, 0.3696269392967224, 0.33553624153137207, 0.05706334486603737, 0.17915071547031403, 0.05143754929304123, 0.030197273939847946, 0.2844685912132263, 0.3976824879646301, 0.20882992446422577, 0.14919611811637878, 0.20181375741958618, 0.07765209674835205, 0.26316848397254944, 0.09933966398239136, 0.09613955765962601, 0.10925041884183884, 0.07885601371526718, 0.0640847384929657, 0.5565053224563599, 0.09516392648220062, 0.020003730431199074, 0.08553562313318253, 0.033211227506399155, 0.027626361697912216, 0.6753225326538086, 0.1583004891872406, 0.018333125859498978, 0.2637254595756531, 0.2939332127571106, 0.03365582227706909, 0.2016894370317459, 0.18866291642189026, 0.05893146991729736, 0.11542219668626785, 0.050900496542453766, 0.03866369277238846, 0.6933792233467102, 0.042702946811914444, 0.049282003194093704, 0.014974282123148441, 0.010188557207584381, 0.010338862426578999, 0.9028878211975098, 0.01232844963669777, 0.021939123049378395, 0.2390078455209732, 0.030323104932904243, 0.03142865002155304, 0.43979254364967346, 0.23750868439674377, 0.23702071607112885, 0.1507088541984558, 0.030272312462329865, 0.06223009154200554, 