{"metrics": {"ACC": 49.65034965034965, "F1": 37.36332618652459}, "predictions": [1, 1, 1, 1, 1, 1, 1, 1, 1, 1, 1, 2, 2, 0, 2, 1, 2, 2, 0, 0, 1, 1, 0, 2, 0, 1, 1, 1, 0, 1, 0, 1, 2, 2, 2, 1, 1, 2, 2, 2, 1, 1, 1, 0, 1, 2, 1, 1, 2, 0, 0, 1, 1, 1, 1, 1, 1, 1, 2, 2, 2, 0, 1, 0, 1, 0, 0, 0, 0, 2, 2, 2, 0, 0, 2, 0, 0, 1, 1, 1, 0, 0, 0, 1, 1, 2, 2, 2, 0, 1, 0, 1, 2, 2, 2, 0, 0, 2, 2, 2, 1, 0, 1, 2, 0, 1, 1, 0, 1, 0, 2, 1, 1, 0, 1, 1, 0, 0, 0, 2, 0, 2, 1, 2, 2, 0, 2, 1, 0, 0, 0, 2, 0, 0, 0, 0, 2, 0, 0, 0, 1, 0, 1], "uids": ["0", "1", "2", "3", "4", "5", "6", "7", "8", "9", "10", "11", "12", "13", "14", "15", "16", "17", "18", "19", "20", "21", "22", "23", "24", "25", "26", "27", "28", "29", "30", "31", "32", "33", "34", "35", "36", "37", "38", "39", "40", "41", "42", "43", "44", "45", "46", "47", "48", "49", "50", "51", "52", "53", "54", "55", "56", "57", "58", "59", "60", "61", "62", "63", "64", "65", "66", "67", "68", "69", "70", "71", "72", "73", "74", "75", "76", "77", "78", "79", "80", "81", "82", "83", "84", "85", "86", "87", "88", "89", "90", "91", "92", "93", "94", "95", "96", "97", "98", "99", "100", "101", "102", "103", "104", "105", "106", "107", "108", "109", "110", "111", "112", "113", "114", "115", "116", "117", "118", "119", "120", "121", "122", "123", "124", "125", "126", "127", "128", "129", "130", "131", "132", "133", "134", "135", "136", "137", "138", "139", "140", "141", "142"], "scores": [0.1567847728729248, 0.5222310423851013, 0.303061306476593, 0.017922822386026382, 0.03865630924701691, 0.8910037875175476, 0.060337621718645096, 0.010002297349274158, 0.2095308005809784, 0.7236021161079407, 0.04279583692550659, 0.024071242660284042, 0.11093220859766006, 0.8314075469970703, 0.050848204642534256, 0.006812022998929024, 0.1107194572687149, 0.7561895251274109, 0.125235453248024, 0.007855507545173168, 0.1433609127998352, 0.4693028926849365, 0.3665507435798645, 0.020785486325621605, 0.19844482839107513, 0.6446883678436279, 0.13307324051856995, 0.023793593049049377, 0.19062303006649017, 0.554983913898468, 0.2341395914554596, 0.020253490656614304, 0.18395322561264038, 0.7401413321495056, 0.05906647443771362, 0.016838928684592247, 0.15661294758319855, 0.7718890905380249, 0.05628223717212677, 0.01521571259945631, 0.15026286244392395, 0.789944589138031, 0.04059218987822533, 0.019200339913368225, 0.32972756028175354, 0.19577255845069885, 0.4208345115184784, 0.05366538092494011, 0.28558167815208435, 0.27339857816696167, 0.4021187424659729, 0.038901008665561676, 0.40292516350746155, 0.2875329256057739, 0.27923694252967834, 0.03030489943921566, 0.34481316804885864, 0.10975854843854904, 0.4970426559448242, 0.048385631293058395, 0.15786752104759216, 0.5248088836669922, 0.2611299157142639, 0.056193675845861435, 0.3474486470222473, 0.05305008590221405, 0.5129071474075317, 0.0865941047668457, 0.355353444814682, 0.20649085938930511, 0.372785747051239, 0.06537000089883804, 0.5033766031265259, 0.2557811141014099, 0.16106876730918884, 0.07977345585823059, 0.9159582853317261, 0.03353048861026764, 0.04227898269891739, 0.008232252672314644, 0.1120406910777092, 0.6760586500167847, 0.19410383701324463, 0.01779681257903576, 0.07154924422502518, 0.8930952548980713, 0.027554553002119064, 0.007800910156220198, 0.6861813068389893, 0.2533937096595764, 0.048813823610544205, 0.011611146852374077, 0.30089524388313293, 0.23350045084953308, 0.4260430932044983, 0.0395611934363842, 0.7571821212768555, 0.14093495905399323, 0.09204667806625366, 0.009836254641413689, 0.07780617475509644, 0.7010791897773743, 0.20844998955726624, 0.012664636597037315, 0.04904624819755554, 0.8539098501205444, 0.08800044655799866, 0.009043476544320583, 0.10335702449083328, 0.6382004618644714, 0.24044588208198547, 0.0179966501891613, 0.36438119411468506, 0.31441932916641235, 0.30805209279060364, 0.013147479854524136, 0.2407674491405487, 0.6291954517364502, 0.11794666945934296, 0.012090463191270828, 0.3219832181930542, 0.20016011595726013, 0.16819360852241516, 0.3096630573272705, 0.2107483297586441, 0.697176456451416, 0.08049886673688889, 0.011576355434954166, 0.08347593992948532, 0.2225942313671112, 0.6576740145683289, 0.036255836486816406, 0.0631641298532486, 0.08825872093439102, 0.8251869678497314, 0.02339024655520916, 0.06101895123720169, 0.2172885239124298, 0.6938353776931763, 0.027857109904289246, 0.13144834339618683, 0.6213582158088684, 0.2335575520992279, 0.0136359091848135, 0.12982259690761566, 0.6351128816604614, 0.21820957958698273, 0.016854912042617798, 0.0815775990486145, 0.07380080223083496, 0.8296840190887451, 0.014937628991901875, 0.3251086175441742, 0.17099325358867645, 0.48507362604141235, 0.018824514001607895, 0.1935182809829712, 0.22476856410503387, 0.5634191632270813, 0.018293965607881546, 0.2618883550167084, 0.36520475149154663, 0.35892921686172485, 0.013977703638374805, 0.1784122884273529, 0.7777002453804016, 0.033596962690353394, 0.010290545411407948, 0.10354970395565033, 0.8734811544418335, 0.014755943790078163, 0.008213228546082973, 0.6623354554176331, 0.09104585647583008, 0.2090653032064438, 0.03755328431725502, 0.1831953376531601, 0.7576837539672852, 0.044285282492637634, 0.014835597015917301, 0.23732444643974304, 0.3070884644985199, 0.43891409039497375, 0.016673032194375992, 0.22031396627426147, 0.48646119236946106, 0.28143513202667236, 0.011789719574153423, 0.31451964378356934, 0.6293101906776428, 0.04183973744511604, 0.014330503530800343, 0.16632454097270966, 0.22094979882240295, 0.5969147086143494, 0.015810979530215263, 0.36345022916793823, 0.26106831431388855, 0.17315876483917236, 0.20232270658016205, 0.3463452458381653, 0.2586987316608429, 0.1774180829524994, 0.21753795444965363, 0.2205830067396164, 0.6707987189292908, 0.09416861087083817, 0.014449713751673698, 0.14007285237312317, 0.7772092223167419, 0.07400354743003845, 0.0087144635617733, 0.31621330976486206, 0.42223143577575684, 0.2379540205001831, 0.023601315915584564, 0.3228472173213959, 0.36955326795578003, 0.28476476669311523, 0.02283474989235401, 0.06505648046731949, 0.824822723865509, 0.09801999479532242, 0.012100889347493649, 0.2770058512687683, 0.43929556012153625, 0.2673293352127075, 0.016369255259633064, 0.105976901948452, 0.8416813015937805, 0.04298023879528046, 0.009361530654132366, 0.17746193706989288, 0.11068084836006165, 0.6890192627906799, 0.022838009521365166, 0.22962990403175354, 0.06075630336999893, 0.6895611882209778, 0.02005266770720482, 0.2126414179801941, 0.15741610527038574, 0.6097374558448792, 0.020205087959766388, 0.45859816670417786, 0.4279557764530182, 0.087040975689888, 0.02640506997704506, 0.4143974781036377, 0.45088663697242737, 0.09983105957508087, 0.034884825348854065, 0.39668917655944824, 0.17462597787380219, 0.38635897636413574, 0.04232598841190338, 0.2245432287454605, 0.5213006734848022, 0.22879187762737274, 0.025364208966493607, 0.42200979590415955, 0.28100231289863586, 0.2880077660083771, 0.008980054408311844, 0.5740236043930054, 0.07910487800836563, 0.3043729364871979, 0.04249853268265724, 0.7125375866889954, 0.05023587495088577, 0.21385709941387177, 0.023369502276182175, 0.6215575337409973, 0.21774573624134064, 0.1442195326089859, 0.016477221623063087, 0.2671494781970978, 0.12034764885902405, 0.5742447972297668, 0.03825800493359566, 0.11498736590147018, 0.19934026896953583, 0.6714344620704651, 0.014237914234399796, 0.15223513543605804, 0.10549706220626831, 0.728742778301239, 0.013524964451789856, 0.4201519787311554, 0.24788932502269745, 0.17426148056983948, 0.15769726037979126, 0.785711407661438, 0.13120430707931519, 0.05493137985467911, 0.028152868151664734, 0.3466976583003998, 0.10217054188251495, 0.5338387489318848, 0.017292985692620277, 0.6196816563606262, 0.24250896275043488, 0.11656173318624496, 0.021247709169983864, 0.8311004638671875, 0.12122265994548798, 0.0381644107401371, 0.009512396529316902, 0.427298903465271, 0.4951883852481842, 0.040214937180280685, 0.03729783743619919, 0.117750383913517, 0.5333568453788757, 0.3300993740558624, 0.018793350085616112, 