{"metrics": {"ACC": 53.84615384615385, "F1": 39.91396661757487}, "predictions": [1, 1, 1, 1, 1, 1, 1, 1, 1, 1, 1, 2, 2, 2, 2, 1, 2, 0, 0, 0, 1, 1, 0, 2, 0, 1, 1, 1, 1, 1, 0, 1, 2, 2, 2, 1, 1, 2, 2, 2, 2, 1, 1, 0, 1, 2, 1, 1, 2, 0, 0, 1, 1, 1, 2, 1, 1, 1, 2, 2, 2, 1, 1, 2, 1, 1, 2, 0, 0, 2, 2, 2, 0, 0, 2, 0, 0, 1, 1, 1, 1, 0, 2, 1, 1, 2, 2, 2, 2, 1, 0, 1, 2, 2, 2, 2, 1, 2, 2, 2, 1, 0, 1, 2, 1, 1, 1, 2, 1, 1, 2, 1, 1, 1, 1, 1, 0, 2, 0, 2, 0, 2, 1, 2, 2, 1, 2, 1, 0, 0, 0, 2, 0, 1, 0, 0, 2, 2, 0, 1, 1, 0, 1], "uids": ["0", "1", "2", "3", "4", "5", "6", "7", "8", "9", "10", "11", "12", "13", "14", "15", "16", "17", "18", "19", "20", "21", "22", "23", "24", "25", "26", "27", "28", "29", "30", "31", "32", "33", "34", "35", "36", "37", "38", "39", "40", "41", "42", "43", "44", "45", "46", "47", "48", "49", "50", "51", "52", "53", "54", "55", "56", "57", "58", "59", "60", "61", "62", "63", "64", "65", "66", "67", "68", "69", "70", "71", "72", "73", "74", "75", "76", "77", "78", "79", "80", "81", "82", "83", "84", "85", "86", "87", "88", "89", "90", "91", "92", "93", "94", "95", "96", "97", "98", "99", "100", "101", "102", "103", "104", "105", "106", "107", "108", "109", "110", "111", "112", "113", "114", "115", "116", "117", "118", "119", "120", "121", "122", "123", "124", "125", "126", "127", "128", "129", "130", "131", "132", "133", "134", "135", "136", "137", "138", "139", "140", "141", "142"], "scores": [0.09230538457632065, 0.6717579960823059, 0.22209994494915009, 0.013836686499416828, 0.021880323067307472, 0.9303736686706543, 0.038669198751449585, 0.009076902642846107, 0.15175820887088776, 0.7736750245094299, 0.045460235327482224, 0.029106421396136284, 0.07779232412576675, 0.8645976185798645, 0.051218077540397644, 0.006392078939825296, 0.04413250833749771, 0.8981083035469055, 0.052085377275943756, 0.005673915613442659, 0.11244730651378632, 0.5558753609657288, 0.3104262351989746, 0.021251101046800613, 0.1070837751030922, 0.7305862903594971, 0.13869406282901764, 0.023635949939489365, 0.10887937247753143, 0.6268001794815063, 0.2457667589187622, 0.01855369284749031, 0.13000081479549408, 0.8052897453308105, 0.04467453435063362, 0.02003496326506138, 0.08895087987184525, 0.7750979661941528, 0.11334583163261414, 0.022605283185839653, 0.06716983765363693, 0.8646278977394104, 0.043376121670007706, 0.024826008826494217, 0.19394207000732422, 0.15612882375717163, 0.5999976992607117, 0.04993146285414696, 0.15003100037574768, 0.2022368460893631, 0.6010993123054504, 0.04663284122943878, 0.1778624802827835, 0.2695368528366089, 0.5138664245605469, 0.03873428329825401, 0.21645542979240417, 0.09718973189592361, 0.6412789821624756, 0.04507589340209961, 0.1292712539434433, 0.5581018924713135, 0.24996840953826904, 0.06265842169523239, 0.40754222869873047, 0.07170436531305313, 0.4154612123966217, 0.10529215633869171, 0.34076642990112305, 0.2755298316478729, 0.3084520101547241, 0.07525177299976349, 0.3759239614009857, 0.33584150671958923, 0.18943247199058533, 0.09880200028419495, 0.9419211745262146, 0.023398587480187416, 0.0286057461053133, 0.006074538454413414, 0.06502928584814072, 0.7547526955604553, 0.1648257076740265, 0.01539229229092598, 0.033923495560884476, 0.942547619342804, 0.017472829669713974, 0.006056040991097689, 0.6115221977233887, 0.3171732723712921, 0.06090477854013443, 0.01039974857121706, 0.20614942908287048, 0.2674693763256073, 0.4830808937549591, 0.04330022260546684, 0.6738653779029846, 0.1765691041946411, 0.13580988347530365, 0.013755678199231625, 0.033303290605545044, 0.776328980922699, 0.1797533482313156, 0.01061443705111742, 0.019254395738244057, 0.9311937689781189, 0.04419775679707527, 0.005354044493287802, 0.06795347481966019, 0.6447798013687134, 0.26923131942749023, 0.01803535781800747, 0.3132361173629761, 0.3779965043067932, 0.2938941717147827, 0.014873172156512737, 0.14089429378509521, 0.8081696629524231, 0.04358970746397972, 0.007346323225647211, 0.3520955741405487, 0.18448227643966675, 0.14641845226287842, 0.31700366735458374, 0.14119559526443481, 0.748592734336853, 0.0974370464682579, 0.012774585746228695, 0.058838896453380585, 0.387882262468338, 0.5202998518943787, 0.03297894820570946, 0.03891877830028534, 0.1092681884765625, 0.8294320106506348, 0.022381115704774857, 0.039682190865278244, 0.25598692893981934, 0.6792629361152649, 0.025067880749702454, 0.09129735827445984, 0.5336933732032776, 0.3588069677352905, 0.016202351078391075, 0.07033039629459381, 0.7067233920097351, 0.20854994654655457, 0.014396336860954762, 0.05786338075995445, 0.04573541879653931, 0.874504566192627, 0.021896647289395332, 0.1908014863729477, 0.12231568247079849, 0.6638126969337463, 0.02307013049721718, 0.10532964020967484, 0.15524432063102722, 0.7214363217353821, 0.017989782616496086, 0.13758844137191772, 0.3764766454696655, 0.4752945899963379, 0.010640271939337254, 0.15501172840595245, 0.7973048090934753, 0.03447785973548889, 0.013205651193857193, 0.12368680536746979, 0.8534397482872009, 0.011025314219295979, 0.011848102323710918, 0.5093937516212463, 0.08603183180093765, 0.31530794501304626, 0.08926649391651154, 0.11904551833868027, 0.8217538595199585, 0.03990308940410614, 0.019297482445836067, 0.13596634566783905, 0.3224713206291199, 0.5239441990852356, 0.017618075013160706, 0.10176237672567368, 0.671520471572876, 0.21605053544044495, 0.010666616261005402, 0.14142437279224396, 0.8157504796981812, 0.03307871147990227, 0.009746486321091652, 0.09581662714481354, 0.1415882408618927, 0.7477474808692932, 0.014847591519355774, 0.31394508481025696, 0.2841746211051941, 0.15308436751365662, 0.24879595637321472, 0.3122583031654358, 0.2626921534538269, 0.15967462956905365, 0.2653748393058777, 0.20496821403503418, 0.684634268283844, 0.09355370700359344, 0.01684379205107689, 0.1715887486934662, 0.7161295413970947, 0.10175453871488571, 0.010527145117521286, 0.15662804245948792, 0.45880821347236633, 0.35745343565940857, 0.02711024321615696, 0.15938356518745422, 0.3992781341075897, 0.4196273386478424, 0.021710950881242752, 0.04938897117972374, 0.8106968402862549, 0.12493998557329178, 0.014974228106439114, 0.1976052075624466, 0.45295730233192444, 0.3319277763366699, 0.017509739845991135, 0.05680288001894951, 0.8810995817184448, 0.05256699025630951, 0.009530551731586456, 0.1308760792016983, 0.10413872450590134, 0.7410281300544739, 0.02395702339708805, 0.19658920168876648, 0.05895121023058891, 0.723594605922699, 0.020864907652139664, 0.18249408900737762, 0.19630905985832214, 0.6007286310195923, 0.020468244329094887, 0.38038429617881775, 0.450824499130249, 0.12317121028900146, 0.045619990676641464, 0.2994534969329834, 0.53188157081604, 0.09933856874704361, 0.06932640075683594, 0.3271099328994751, 0.13267771899700165, 0.4781794846057892, 0.06203281506896019, 0.2451036125421524, 0.402054101228714, 0.3083905875682831, 0.04445160552859306, 0.3142338693141937, 0.49695834517478943, 0.1803172081708908, 0.008490537293255329, 0.41700342297554016, 0.11324509978294373, 0.4284525513648987, 0.041298963129520416, 0.591229259967804, 0.04432139918208122, 0.3389095962047577, 0.025539737194776535, 0.40411990880966187, 0.3660799264907837, 0.2095775455236435, 0.02022268809378147, 0.2640306055545807, 0.14450950920581818, 0.5037822723388672, 0.08767762035131454, 0.06173883005976677, 0.11142762005329132, 0.8140631914138794, 0.012770306318998337, 0.08516520261764526, 0.08301405608654022, 0.8203265070915222, 0.011494155041873455, 0.335705041885376, 0.28888827562332153, 0.16994932293891907, 0.2054574340581894, 0.783500611782074, 0.1269831508398056, 0.06373725086450577, 0.02577889896929264, 0.15730617940425873, 0.09186381846666336, 0.7300669550895691, 0.020763084292411804, 0.4798518717288971, 0.3218814432621002, 0.1706223040819168, 0.02764439955353737, 0.8604069352149963, 0.10542694479227066, 0.02453223615884781, 0.009633885696530342, 0.21801838278770447, 0.6995943188667297, 0.03911464661359787, 0.04327264428138733, 0.10226500779390335, 0.5679026246070862, 0.30750739574432373, 0.022324910387396812, 