{"metrics": {"ACC": 44.75524475524475, "F1": 27.183908045977013}, "predictions": [1, 1, 1, 1, 1, 1, 0, 1, 1, 0, 1, 0, 1, 0, 0, 0, 0, 1, 0, 1, 1, 1, 0, 1, 1, 1, 1, 1, 1, 1, 0, 1, 0, 0, 1, 1, 1, 0, 0, 0, 1, 1, 1, 0, 0, 1, 1, 1, 1, 0, 0, 1, 1, 1, 1, 1, 1, 1, 0, 0, 1, 1, 1, 0, 0, 1, 0, 0, 0, 0, 0, 0, 0, 0, 0, 0, 0, 1, 1, 1, 1, 1, 1, 1, 0, 0, 0, 0, 0, 1, 0, 1, 0, 0, 0, 0, 0, 0, 0, 0, 0, 0, 1, 0, 1, 0, 0, 0, 1, 1, 1, 1, 1, 1, 1, 1, 1, 0, 0, 0, 1, 1, 1, 1, 0, 0, 0, 1, 0, 0, 0, 0, 0, 0, 0, 0, 0, 0, 0, 0, 0, 0, 1], "uids": ["0", "1", "2", "3", "4", "5", "6", "7", "8", "9", "10", "11", "12", "13", "14", "15", "16", "17", "18", "19", "20", "21", "22", "23", "24", "25", "26", "27", "28", "29", "30", "31", "32", "33", "34", "35", "36", "37", "38", "39", "40", "41", "42", "43", "44", "45", "46", "47", "48", "49", "50", "51", "52", "53", "54", "55", "56", "57", "58", "59", "60", "61", "62", "63", "64", "65", "66", "67", "68", "69", "70", "71", "72", "73", "74", "75", "76", "77", "78", "79", "80", "81", "82", "83", "84", "85", "86", "87", "88", "89", "90", "91", "92", "93", "94", "95", "96", "97", "98", "99", "100", "101", "102", "103", "104", "105", "106", "107", "108", "109", "110", "111", "112", "113", "114", "115", "116", "117", "118", "119", "120", "121", "122", "123", "124", "125", "126", "127", "128", "129", "130", "131", "132", "133", "134", "135", "136", "137", "138", "139", "140", "141", "142"], "scores": [0.3566536605358124, 0.4468330144882202, 0.18093572556972504, 0.015577616170048714, 0.34872207045555115, 0.48279425501823425, 0.15223105251789093, 0.016252662986516953, 0.3702581226825714, 0.44961705803871155, 0.16190485656261444, 0.018219923600554466, 0.37046101689338684, 0.467759907245636, 0.14443616569042206, 0.017342839390039444, 0.36179319024086, 0.4490013122558594, 0.17352046072483063, 0.015685006976127625, 0.3590752184391022, 0.4604049623012543, 0.16486287117004395, 0.015656905248761177, 0.5824485421180725, 0.2379566729068756, 0.15317267179489136, 0.026422128081321716, 0.3948120176792145, 0.43167346715927124, 0.15777581930160522, 0.015738673508167267, 0.3662204146385193, 0.4475841224193573, 0.16891728341579437, 0.017278220504522324, 0.41184350848197937, 0.40512815117836, 0.16252033412456512, 0.020508043467998505, 0.38564836978912354, 0.441824346780777, 0.15271295607089996, 0.01981434039771557, 0.4103381633758545, 0.3923014998435974, 0.17789801955223083, 0.019462227821350098, 0.3975071907043457, 0.4034885764122009, 0.18007434904575348, 0.018929893150925636, 0.4074830412864685, 0.4058024287223816, 0.16705137491226196, 0.019663207232952118, 0.5332806706428528, 0.27430906891822815, 0.1547713279724121, 0.03763895854353905, 0.4563319981098175, 0.2585870623588562, 0.24834537506103516, 0.03673556074500084, 0.45611098408699036, 0.260857492685318, 0.24682727456092834, 0.036204271018505096, 0.3771234452724457, 0.40025922656059265, 0.2024931013584137, 0.020124204456806183, 0.531958818435669, 0.3053895831108093, 0.12539777159690857, 0.03725379332900047, 0.393792986869812, 0.42489802837371826, 0.16527384519577026, 0.01603516936302185, 0.37611454725265503, 0.4575299322605133, 0.1506148874759674, 0.015740705654025078, 0.33521929383277893, 0.48864877223968506, 0.1595086008310318, 0.016623351722955704, 0.43335428833961487, 0.4123012125492096, 0.1352083683013916, 0.01913607493042946, 0.38717514276504517, 0.4259491562843323, 0.17022719979286194, 0.01664844900369644, 0.37049418687820435, 0.43838444352149963, 0.17544510960578918, 0.015676263719797134, 0.3830467462539673, 0.4398024380207062, 0.1612521857023239, 0.015898607671260834, 0.34365564584732056, 0.48908546566963196, 0.1517336368560791, 0.015525266528129578, 0.34998440742492676, 0.4812464714050293, 0.15185195207595825, 0.016917236149311066, 0.3951036036014557, 0.4050523638725281, 0.1837596446275711, 0.016084320843219757, 0.36484163999557495, 0.4460117518901825, 0.17320092022418976, 0.01594565249979496, 0.3972177505493164, 0.22678907215595245, 0.2209128737449646, 0.15508036315441132, 0.3661903142929077, 0.4468589723110199, 0.17098115384578705, 0.01596963033080101, 0.38959378004074097, 0.3797992169857025, 0.2130795568227768, 0.01752743311226368, 0.3900337219238281, 0.38149502873420715, 0.21033290028572083, 0.018138285726308823, 0.3612601161003113, 0.40800249576568604, 0.21325980126857758, 0.017477596178650856, 0.3659960627555847, 0.4582590162754059, 0.16011740267276764, 0.015627525746822357, 0.3896882236003876, 0.4381408989429474, 0.15638183057308197, 0.01578892208635807, 0.46492958068847656, 0.3379639983177185, 0.17381206154823303, 0.023294342681765556, 0.4321034252643585, 0.3974399268627167, 0.1517908275127411, 0.018665842711925507, 0.4120909869670868, 0.3981642723083496, 0.17170418798923492, 0.018040606752038002, 0.3601166903972626, 0.4529825448989868, 0.17156745493412018, 0.015333276242017746, 0.34436339139938354, 0.46942901611328125, 0.1692284345626831, 0.016979143023490906, 0.32761096954345703, 0.4997069239616394, 0.1557968556880951, 0.016885245218873024, 0.5138195753097534, 0.28695496916770935, 0.1644594967365265, 0.03476594761013985, 0.418434202671051, 0.3963773250579834, 0.16539256274700165, 0.019795970991253853, 0.3814748227596283, 0.4252048432826996, 0.17746871709823608, 0.01585160195827484, 0.3741437494754791, 0.4397379457950592, 0.17008274793624878, 0.01603557914495468, 0.4079911708831787, 0.42711445689201355, 0.14670859277248383, 0.01818576455116272, 0.3906969428062439, 0.42719805240631104, 0.1657274216413498, 0.016377553343772888, 0.4384215474128723, 0.2415861338376999, 0.24717490375041962, 0.07281745225191116, 0.44562438130378723, 0.2447429597377777, 0.24318596720695496, 0.06644666939973831, 0.3521694839000702, 0.4625953137874603, 0.16822393238544464, 0.01701124757528305, 0.3576717972755432, 0.47263672947883606, 0.1539521962404251, 0.015739165246486664, 0.3605946898460388, 0.4498353600502014, 0.17416030168533325, 0.01540965586900711, 0.3548930287361145, 0.440530389547348, 0.18849694728851318, 0.016079578548669815, 0.332449346780777, 0.48913338780403137, 0.16219285130500793, 0.016224466264247894, 0.3908442258834839, 0.43281716108322144, 0.159414604306221, 0.016924038529396057, 0.36669406294822693, 0.4780602753162384, 0.1391046643257141, 0.016140911728143692, 0.40313518047332764, 0.35525253415107727, 0.2222367227077484, 0.019375555217266083, 0.38692328333854675, 0.3800886869430542, 0.21519622206687927, 0.017791833728551865, 0.382693350315094, 0.3911221921443939, 0.20868362486362457, 0.01750081777572632, 0.37783190608024597, 0.4392087757587433, 0.16608396172523499, 0.0168753769248724, 0.3744164705276489, 0.46393299102783203, 0.1434088796377182, 0.01824173331260681, 0.4625316560268402, 0.33511385321617126, 0.17850665748119354, 0.023847900331020355, 0.4243612289428711, 0.3753025233745575, 0.18015260994434357, 0.020183773711323738, 0.37110432982444763, 0.4412640929222107, 0.17189593613147736, 0.015735650435090065, 0.46165731549263, 0.35203585028648376, 0.16214440762996674, 0.024162402376532555, 0.4556296169757843, 0.35515451431274414, 0.1681772768497467, 0.021038604900240898, 0.42881956696510315, 0.39152467250823975, 0.16114066541194916, 0.018515096977353096, 0.4331350028514862, 0.25341668725013733, 0.23736357688903809, 0.07608474045991898, 0.43253254890441895, 0.38698872923851013, 0.1593305617570877, 0.021148065105080605, 0.44675642251968384, 0.37053972482681274, 0.16302381455898285, 0.019680015742778778, 0.4743148982524872, 0.2219066023826599, 0.21970894932746887, 0.08406950533390045, 0.4893392026424408, 0.2323189377784729, 0.21370035409927368, 0.0646415501832962, 0.4297299385070801, 0.37769004702568054, 0.17288920283317566, 0.01969081535935402, 0.4425055980682373, 0.3838549256324768, 0.15179289877414703, 0.02184651605784893, 0.6140232682228088, 0.2034917175769806, 0.1505979597568512, 0.03188696876168251, 0.381650447845459, 0.43860480189323425, 0.1603519767522812, 0.019392767921090126, 0.35170894861221313, 0.4623963534832001, 0.1693042665719986, 0.016590433195233345, 0.36069467663764954, 