{"metrics": {"ACC": 48.25174825174825, "F1": 36.00738706604787}, "predictions": [1, 1, 1, 1, 1, 1, 1, 1, 1, 1, 1, 2, 2, 2, 2, 2, 2, 2, 1, 0, 1, 1, 1, 2, 0, 1, 1, 1, 0, 1, 3, 1, 2, 2, 2, 1, 1, 2, 2, 2, 2, 1, 1, 0, 1, 2, 1, 1, 2, 3, 3, 1, 1, 1, 1, 1, 0, 1, 2, 2, 2, 1, 0, 2, 1, 1, 0, 0, 0, 2, 2, 2, 0, 0, 2, 0, 0, 1, 1, 1, 0, 0, 0, 1, 1, 2, 2, 2, 2, 2, 2, 1, 2, 2, 2, 2, 1, 2, 2, 2, 0, 0, 1, 2, 1, 1, 1, 2, 1, 0, 2, 1, 1, 0, 1, 1, 2, 3, 1, 2, 0, 2, 1, 2, 2, 1, 2, 1, 0, 0, 0, 2, 0, 0, 0, 0, 2, 2, 0, 1, 1, 0, 1], "uids": ["0", "1", "2", "3", "4", "5", "6", "7", "8", "9", "10", "11", "12", "13", "14", "15", "16", "17", "18", "19", "20", "21", "22", "23", "24", "25", "26", "27", "28", "29", "30", "31", "32", "33", "34", "35", "36", "37", "38", "39", "40", "41", "42", "43", "44", "45", "46", "47", "48", "49", "50", "51", "52", "53", "54", "55", "56", "57", "58", "59", "60", "61", "62", "63", "64", "65", "66", "67", "68", "69", "70", "71", "72", "73", "74", "75", "76", "77", "78", "79", "80", "81", "82", "83", "84", "85", "86", "87", "88", "89", "90", "91", "92", "93", "94", "95", "96", "97", "98", "99", "100", "101", "102", "103", "104", "105", "106", "107", "108", "109", "110", "111", "112", "113", "114", "115", "116", "117", "118", "119", "120", "121", "122", "123", "124", "125", "126", "127", "128", "129", "130", "131", "132", "133", "134", "135", "136", "137", "138", "139", "140", "141", "142"], "scores": [0.06628859788179398, 0.7565546035766602, 0.16427694261074066, 0.012879782356321812, 0.008613384328782558, 0.9664199352264404, 0.01834014616906643, 0.006626585964113474, 0.25097334384918213, 0.5953019261360168, 0.09557420760393143, 0.0581505112349987, 0.03697900101542473, 0.9380542039871216, 0.02126152068376541, 0.003705339739099145, 0.04011392220854759, 0.9188283681869507, 0.03626494109630585, 0.004792805761098862, 0.04790356755256653, 0.7046812772750854, 0.2326945960521698, 0.014720454812049866, 0.049102965742349625, 0.8873178362846375, 0.05450044944882393, 0.009078766219317913, 0.05738784372806549, 0.7563679814338684, 0.17364352941513062, 0.012600681744515896, 0.3923557996749878, 0.5218625068664551, 0.04925527796149254, 0.03652649000287056, 0.07484474033117294, 0.8662086725234985, 0.03743602707982063, 0.02151048183441162, 0.09739714115858078, 0.7987877726554871, 0.058211278170347214, 0.04560377076268196, 0.10018470138311386, 0.08557439595460892, 0.7752259373664856, 0.03901505842804909, 0.06653799116611481, 0.07940711081027985, 0.8160153031349182, 0.0380396693944931, 0.08971916139125824, 0.12987294793128967, 0.7486206293106079, 0.03178722783923149, 0.14033260941505432, 0.053579915314912796, 0.7592892050743103, 0.04679829254746437, 0.10007162392139435, 0.4021410346031189, 0.4133388102054596, 0.08444856107234955, 0.33009928464889526, 0.02418932504951954, 0.5246104598045349, 0.12110093981027603, 0.32188618183135986, 0.2064405232667923, 0.36648139357566833, 0.10519188642501831, 0.2850666344165802, 0.47690722346305847, 0.1369234174489975, 0.10110283643007278, 0.9529051780700684, 0.017148638144135475, 0.025019509717822075, 0.004926644265651703, 0.031068816781044006, 0.8588821291923523, 0.10109823197126389, 0.008950810879468918, 0.011787516996264458, 0.9790544509887695, 0.0058742729015648365, 0.003283815225586295, 0.39025306701660156, 0.5716124773025513, 0.02892998978495598, 0.009204494766891003, 0.24729132652282715, 0.22028827667236328, 0.4896090030670166, 0.04281146079301834, 0.8665382266044617, 0.044800519943237305, 0.07543519139289856, 0.01322602666914463, 0.024026019498705864, 0.7811076045036316, 0.18596678972244263, 0.008899666368961334, 0.008140121586620808, 0.9605491161346436, 0.027715397998690605, 0.003595359856262803, 0.04660798981785774, 0.6999033093452454, 0.23814226686954498, 0.015346468426287174, 0.38197025656700134, 0.23935267329216003, 0.3653988540172577, 0.013278216123580933, 0.13712100684642792, 0.8273090124130249, 0.029546838253736496, 0.0060231988318264484, 0.29210102558135986, 0.1758151352405548, 0.13322122395038605, 0.39886265993118286, 0.16554267704486847, 0.6972034573554993, 0.12312442064285278, 0.014129449613392353, 0.028645023703575134, 0.31136977672576904, 0.6325331926345825, 0.027451982721686363, 0.013509099371731281, 0.05401470884680748, 0.9164333939552307, 0.016042757779359818, 0.019797179847955704, 0.2144438773393631, 0.744968056678772, 0.020790930837392807, 0.06951557099819183, 0.5937793850898743, 0.3235708773136139, 0.013134187087416649, 0.029435383155941963, 0.8542510867118835, 0.10776924341917038, 0.00854424573481083, 0.026010239496827126, 0.020272210240364075, 0.939134955406189, 0.014582613483071327, 0.1362489014863968, 0.06240197643637657, 0.7834956049919128, 0.01785353012382984, 0.08792707324028015, 0.11009614914655685, 0.7867774963378906, 0.015199318528175354, 0.1545630842447281, 0.3840227723121643, 0.4511224627494812, 0.010291684418916702, 0.3807608187198639, 0.5779361128807068, 0.02285555750131607, 0.01844758167862892, 0.19138412177562714, 0.7856953144073486, 0.007109699305146933, 0.015810798853635788, 0.7396014332771301, 0.04147570952773094, 0.17569003999233246, 0.04323282465338707, 0.32592496275901794, 0.6026222109794617, 0.0397891141474247, 0.03166377544403076, 0.0753144919872284, 0.4338817298412323, 0.47468942403793335, 0.016114430502057076, 0.09710357338190079, 0.6330956816673279, 0.2595706582069397, 0.0102301687002182, 0.1433209776878357, 0.8325512409210205, 0.012912304140627384, 0.011215402744710445, 0.058742232620716095, 0.10808970779180527, 0.8211771845817566, 0.011990850791335106, 0.2921195328235626, 0.2624410390853882, 0.13293106853961945, 0.31250834465026855, 0.28409311175346375, 0.25028398633003235, 0.1363839954137802, 0.3292388617992401, 0.1639353334903717, 0.7606756687164307, 0.06172623485326767, 0.013662774115800858, 0.06186378002166748, 0.901357889175415, 0.03238222748041153, 0.004396035335958004, 0.15691401064395905, 0.41014882922172546, 0.4063362181186676, 0.026600919663906097, 0.17607800662517548, 0.4626556634902954, 0.33744025230407715, 0.023826057091355324, 0.040048059076070786, 0.7947894930839539, 0.14852342009544373, 0.01663903146982193, 0.3354477286338806, 0.32836422324180603, 0.322571337223053, 0.013616624288260937, 0.02850230596959591, 0.9355159997940063, 0.029178205877542496, 0.006803543772548437, 0.058503322303295135, 0.03266092389822006, 0.8907368779182434, 0.01809883303940296, 0.10158881545066833, 0.021634740754961967, 0.860135555267334, 0.016640905290842056, 0.10682594031095505, 0.09165555238723755, 0.7839756011962891, 0.017542874440550804, 0.34862130880355835, 0.5025020837783813, 0.1043609082698822, 0.04451572149991989, 0.40202999114990234, 0.36652547121047974, 0.1250074803829193, 0.10643709450960159, 0.31059643626213074, 0.15871930122375488, 0.4532666802406311, 0.07741761207580566, 0.13039255142211914, 0.7295804619789124, 0.1142377108335495, 0.02578931674361229, 0.28300026059150696, 0.5399287343025208, 0.16979727149009705, 0.007273767609149218, 0.44966357946395874, 0.08428480476140976, 0.4210856556892395, 0.044965960085392, 0.7238651514053345, 0.025613725185394287, 0.23195870220661163, 0.018562516197562218, 0.48326635360717773, 0.4292437732219696, 0.0742364302277565, 0.013253540731966496, 0.21089912950992584, 0.13272379338741302, 0.535976767539978, 0.12040027230978012, 0.03226200491189957, 0.06182147562503815, 0.8964369893074036, 0.009479599073529243, 0.047733500599861145, 0.051549844443798065, 0.8925722241401672, 0.008144400082528591, 0.30881598591804504, 0.2929573655128479, 0.16660667955875397, 0.23162002861499786, 0.7538994550704956, 0.1558559536933899, 0.06069085747003555, 0.029553689062595367, 0.08960023522377014, 0.044362131506204605, 0.8477381467819214, 0.018299490213394165, 0.4599354565143585, 0.32646045088768005, 0.19123192131519318, 0.022372201085090637, 0.8478231430053711, 0.12217801809310913, 0.02047920972108841, 0.009519612416625023, 0.37657612562179565, 0.5291933417320251, 0.03353895992040634, 0.060691580176353455, 0.08933575451374054, 0.4482283592224121, 