{"metrics": {"ACC": 51.74825174825175, "F1": 38.46168497721974}, "predictions": [1, 1, 1, 1, 1, 1, 1, 1, 1, 1, 1, 1, 1, 1, 2, 2, 2, 1, 0, 0, 1, 1, 1, 1, 2, 1, 1, 1, 2, 1, 0, 1, 2, 2, 2, 1, 1, 2, 0, 1, 1, 1, 1, 0, 1, 1, 1, 1, 1, 0, 0, 1, 1, 1, 1, 1, 1, 1, 2, 2, 2, 1, 1, 2, 2, 1, 2, 2, 0, 0, 2, 2, 0, 0, 2, 1, 0, 1, 1, 1, 1, 1, 1, 1, 1, 2, 2, 2, 2, 1, 0, 1, 1, 0, 2, 2, 0, 2, 2, 2, 2, 0, 1, 2, 2, 1, 1, 1, 1, 1, 1, 1, 1, 1, 1, 1, 1, 0, 1, 2, 1, 1, 1, 2, 2, 0, 2, 1, 0, 0, 0, 0, 1, 2, 0, 0, 2, 2, 0, 2, 0, 0, 1], "uids": ["0", "1", "2", "3", "4", "5", "6", "7", "8", "9", "10", "11", "12", "13", "14", "15", "16", "17", "18", "19", "20", "21", "22", "23", "24", "25", "26", "27", "28", "29", "30", "31", "32", "33", "34", "35", "36", "37", "38", "39", "40", "41", "42", "43", "44", "45", "46", "47", "48", "49", "50", "51", "52", "53", "54", "55", "56", "57", "58", "59", "60", "61", "62", "63", "64", "65", "66", "67", "68", "69", "70", "71", "72", "73", "74", "75", "76", "77", "78", "79", "80", "81", "82", "83", "84", "85", "86", "87", "88", "89", "90", "91", "92", "93", "94", "95", "96", "97", "98", "99", "100", "101", "102", "103", "104", "105", "106", "107", "108", "109", "110", "111", "112", "113", "114", "115", "116", "117", "118", "119", "120", "121", "122", "123", "124", "125", "126", "127", "128", "129", "130", "131", "132", "133", "134", "135", "136", "137", "138", "139", "140", "141", "142"], "scores": [0.293659508228302, 0.3692284822463989, 0.31779801845550537, 0.019313981756567955, 0.22607561945915222, 0.5974941253662109, 0.1581289917230606, 0.018301302567124367, 0.318975031375885, 0.4560595452785492, 0.2006509155035019, 0.024314429610967636, 0.2760690748691559, 0.5368088483810425, 0.1702873259782791, 0.01683473214507103, 0.28611987829208374, 0.46350741386413574, 0.2334972321987152, 0.0168754905462265, 0.2906269133090973, 0.4602825939655304, 0.2306678295135498, 0.018422679975628853, 0.30229565501213074, 0.4744536578655243, 0.16569890081882477, 0.05755176022648811, 0.2998650074005127, 0.46895158290863037, 0.18556028604507446, 0.045623064041137695, 0.2860570549964905, 0.4316156506538391, 0.26040205359458923, 0.021925218403339386, 0.30874601006507874, 0.40481555461883545, 0.2616143822669983, 0.024824079126119614, 0.31340089440345764, 0.41056910157203674, 0.2496783435344696, 0.026351630687713623, 0.32732492685317993, 0.32802194356918335, 0.313256174325943, 0.031396958976984024, 0.32651060819625854, 0.339192271232605, 0.30155372619628906, 0.032743409276008606, 0.327382892370224, 0.3668961524963379, 0.2760770320892334, 0.02964390069246292, 0.354826956987381, 0.1706172078847885, 0.4314274489879608, 0.04312842711806297, 0.27868637442588806, 0.13678012788295746, 0.5387070178985596, 0.0458265021443367, 0.28362786769866943, 0.13147439062595367, 0.5355351567268372, 0.04936256632208824, 0.2682975232601166, 0.5342458486557007, 0.1795191615819931, 0.017937475815415382, 0.3779376149177551, 0.3375738263130188, 0.18479371070861816, 0.09969490766525269, 0.4912172257900238, 0.2542427182197571, 0.22858130931854248, 0.025958742946386337, 0.2930252254009247, 0.47813424468040466, 0.1816849261522293, 0.04715564846992493, 0.2598075270652771, 0.5584611296653748, 0.1642564982175827, 0.017474863678216934, 0.3270507752895355, 0.4904138743877411, 0.1632212996482849, 0.019314011558890343, 0.31113937497138977, 0.365111380815506, 0.28421011567115784, 0.03953912481665611, 0.29847079515457153, 0.32061299681663513, 0.35743629932403564, 0.023479962721467018, 0.2576664686203003, 0.49995261430740356, 0.22567804157733917, 0.01670280285179615, 0.2148962765932083, 0.6203569173812866, 0.14880944788455963, 0.015937378630042076, 0.2225375473499298, 0.5426326394081116, 0.21410110592842102, 0.02072867751121521, 0.3097436726093292, 0.3342142403125763, 0.33669963479042053, 0.019342418760061264, 0.28676143288612366, 0.4659191071987152, 0.22926166653633118, 0.018057772889733315, 0.3715352416038513, 0.21925312280654907, 0.2586004436016083, 0.15061122179031372, 0.2970949411392212, 0.47313570976257324, 0.21146509051322937, 0.01830427534878254, 0.2214091569185257, 0.28361812233924866, 0.4643668532371521, 0.03060581535100937, 0.26950323581695557, 0.2267249971628189, 0.4664103388786316, 0.03736145421862602, 0.23388420045375824, 0.2749408483505249, 0.4621446132659912, 0.02903040498495102, 0.2643853425979614, 0.4909137189388275, 0.22653502225875854, 0.018165836110711098, 0.2901236116886139, 0.49377453327178955, 0.17273041605949402, 0.04337145760655403, 0.2900378704071045, 0.24983274936676025, 0.436807781457901, 0.02332155592739582, 0.3460642099380493, 0.28766360878944397, 0.3425624966621399, 0.02370968647301197, 0.2885282039642334, 0.38166543841362, 0.30883073806762695, 0.02097569964826107, 0.2817056179046631, 0.45863407850265503, 0.24235188961029053, 0.017308462411165237, 0.26014742255210876, 0.5095619559288025, 0.20898723602294922, 0.021303385496139526, 0.23872016370296478, 0.5891955494880676, 0.1529020071029663, 0.01918230950832367, 0.44480207562446594, 0.18773947656154633, 0.2733444571495056, 0.09411405026912689, 0.31314006447792053, 0.3742227852344513, 0.2859446108341217, 0.02669256553053856, 0.30904433131217957, 0.3627850115299225, 0.3104251027107239, 0.017745619639754295, 0.2971729040145874, 0.4265879988670349, 0.258542537689209, 0.01769660972058773, 0.28900226950645447, 0.5027590394020081, 0.1891830712556839, 0.01905563659965992, 0.31019479036331177, 0.3810403347015381, 0.2908274233341217, 0.017937516793608665, 0.36466872692108154, 0.2741314768791199, 0.28853529691696167, 0.07266461104154587, 0.36247751116752625, 0.2747492790222168, 0.2921508252620697, 0.07062237709760666, 0.3212422728538513, 0.4424339532852173, 0.2132088840007782, 0.023114938288927078, 0.23009584844112396, 0.5927587747573853, 0.16205425560474396, 0.015091119334101677, 0.2750638425350189, 0.5000661015510559, 0.20643426477909088, 0.01843581348657608, 0.27329182624816895, 0.4076979458332062, 0.29980701208114624, 0.019203318282961845, 0.2368534505367279, 0.5661874413490295, 0.1788504719734192, 0.01810862496495247, 0.27043914794921875, 0.45360103249549866, 0.25573745369911194, 0.020222386345267296, 0.22809457778930664, 0.6200409531593323, 0.1359422355890274, 0.01592216081917286, 0.2982220947742462, 0.1873648762702942, 0.4860076606273651, 0.02840539813041687, 0.30070847272872925, 0.213912695646286, 0.45954078435897827, 0.02583807148039341, 0.2873764932155609, 0.2986663579940796, 0.3913424015045166, 0.022614797577261925, 0.31475502252578735, 0.4553035497665405, 0.20730756223201752, 0.02263389527797699, 0.2865544259548187, 0.5269806981086731, 0.1626943200826645, 0.023770570755004883, 0.3155079782009125, 0.2090449333190918, 0.4442925751209259, 0.031154559925198555, 0.3074846863746643, 0.22686460614204407, 0.4367189109325409, 0.02893182262778282, 0.32264381647109985, 0.4383522570133209, 0.221895232796669, 0.01710871048271656, 0.37167102098464966, 0.18100737035274506, 0.3997425138950348, 0.04757903143763542, 0.35463353991508484, 0.20303975045681, 0.4158512055873871, 0.026475539430975914, 0.3605344593524933, 0.25652822852134705, 0.35823240876197815, 0.02470485307276249, 0.3592969477176666, 0.2250431776046753, 0.35332566499710083, 0.06233414635062218, 0.2824111580848694, 0.3213437497615814, 0.3750825822353363, 0.021162457764148712, 0.3135750889778137, 0.27132657170295715, 0.3933519124984741, 0.021746434271335602, 0.372047483921051, 0.2594207525253296, 0.24997948110103607, 0.11855226755142212, 0.41970962285995483, 0.2453075498342514, 0.23992182314395905, 0.09506098181009293, 0.2904089391231537, 0.2653639316558838, 0.42205727100372314, 0.022169901058077812, 0.33169060945510864, 0.33925309777259827, 0.30540454387664795, 0.023651843890547752, 0.42770621180534363, 0.38468581438064575, 0.15596763789653778, 0.03164035454392433, 0.31378448009490967, 0.45186135172843933, 0.20689745247364044, 0.027456695213913918, 0.25811952352523804, 0.48063525557518005, 0.24018819630146027, 0.021057037636637688, 0.30712491273880005, 0.45935431122779846, 