{"metrics": {"ACC": 59.44055944055944, "F1": 44.03313575802461}, "predictions": [1, 1, 1, 1, 1, 1, 1, 1, 1, 1, 1, 2, 2, 0, 2, 2, 2, 2, 0, 0, 1, 1, 1, 2, 2, 1, 1, 1, 2, 1, 0, 1, 2, 2, 2, 1, 1, 2, 2, 2, 1, 1, 1, 0, 1, 2, 2, 1, 2, 0, 0, 1, 1, 1, 2, 1, 1, 1, 2, 2, 2, 1, 1, 2, 2, 1, 2, 2, 0, 2, 2, 2, 0, 0, 2, 0, 0, 0, 1, 1, 1, 1, 1, 1, 1, 2, 2, 2, 2, 2, 2, 1, 2, 2, 2, 2, 0, 2, 2, 2, 2, 2, 1, 2, 2, 2, 1, 2, 1, 1, 2, 1, 1, 1, 1, 1, 1, 2, 0, 2, 1, 2, 2, 2, 2, 0, 2, 1, 0, 0, 0, 0, 0, 0, 0, 0, 2, 2, 0, 0, 0, 0, 1], "uids": ["0", "1", "2", "3", "4", "5", "6", "7", "8", "9", "10", "11", "12", "13", "14", "15", "16", "17", "18", "19", "20", "21", "22", "23", "24", "25", "26", "27", "28", "29", "30", "31", "32", "33", "34", "35", "36", "37", "38", "39", "40", "41", "42", "43", "44", "45", "46", "47", "48", "49", "50", "51", "52", "53", "54", "55", "56", "57", "58", "59", "60", "61", "62", "63", "64", "65", "66", "67", "68", "69", "70", "71", "72", "73", "74", "75", "76", "77", "78", "79", "80", "81", "82", "83", "84", "85", "86", "87", "88", "89", "90", "91", "92", "93", "94", "95", "96", "97", "98", "99", "100", "101", "102", "103", "104", "105", "106", "107", "108", "109", "110", "111", "112", "113", "114", "115", "116", "117", "118", "119", "120", "121", "122", "123", "124", "125", "126", "127", "128", "129", "130", "131", "132", "133", "134", "135", "136", "137", "138", "139", "140", "141", "142"], "scores": [0.2972557842731476, 0.36988067626953125, 0.315498024225235, 0.01736549288034439, 0.11396296322345734, 0.7966249585151672, 0.07455901056528091, 0.014853103086352348, 0.29267480969429016, 0.5042674541473389, 0.17330415546894073, 0.029753604903817177, 0.23934437334537506, 0.6370869278907776, 0.11026298254728317, 0.013305815868079662, 0.30101221799850464, 0.4411790668964386, 0.24053418636322021, 0.017274517565965652, 0.21646220982074738, 0.5326449275016785, 0.2349201738834381, 0.015972735360264778, 0.2529185116291046, 0.563042402267456, 0.13392889499664307, 0.05011017993092537, 0.21277830004692078, 0.5732953548431396, 0.18068461120128632, 0.03324175253510475, 0.3266872465610504, 0.3816988468170166, 0.26816925406455994, 0.02344461902976036, 0.25928592681884766, 0.567020833492279, 0.1496962159872055, 0.023996969684958458, 0.2841319739818573, 0.5257182717323303, 0.16257230937480927, 0.027577413246035576, 0.309442400932312, 0.26090988516807556, 0.3911677598953247, 0.03847998008131981, 0.3316095471382141, 0.2787160873413086, 0.34926608204841614, 0.040408261120319366, 0.3716457486152649, 0.3185359537601471, 0.27324414253234863, 0.03657412901520729, 0.22715483605861664, 0.13158740103244781, 0.6009939908981323, 0.040263790637254715, 0.11595955491065979, 0.0525868721306324, 0.7727160453796387, 0.05873754993081093, 0.11451416462659836, 0.04904179647564888, 0.7753791809082031, 0.06106482446193695, 0.31504422426223755, 0.25459063053131104, 0.3888951539993286, 0.0414700023829937, 0.46456095576286316, 0.2811499834060669, 0.17348474264144897, 0.0808042585849762, 0.7302385568618774, 0.1333247423171997, 0.11725424975156784, 0.019182398915290833, 0.1946696788072586, 0.6036449074745178, 0.17030209302902222, 0.03138330951333046, 0.15087224543094635, 0.7760860919952393, 0.0581631176173687, 0.014878529123961926, 0.3627265393733978, 0.540317952632904, 0.08097872138023376, 0.015976814553141594, 0.23917904496192932, 0.20705455541610718, 0.5175317525863647, 0.036234669387340546, 0.2964840531349182, 0.18783989548683167, 0.4931964576244354, 0.02247963473200798, 0.15925152599811554, 0.6476271152496338, 0.17796871066093445, 0.015152644366025925, 0.11984135210514069, 0.7849456071853638, 0.08255437761545181, 0.0126586202532053, 0.14304766058921814, 0.7109089493751526, 0.12649112939834595, 0.01955222338438034, 0.26867759227752686, 0.2842908799648285, 0.42837056517601013, 0.018660929054021835, 0.24156232178211212, 0.5722888112068176, 0.16961607336997986, 0.01653280481696129, 0.2832169830799103, 0.24634335935115814, 0.2385758012533188, 0.23186390101909637, 0.2514200210571289, 0.6021479964256287, 0.1296798437833786, 0.016752080991864204, 0.13033315539360046, 0.16314256191253662, 0.6756923198699951, 0.03083200752735138, 0.10913333296775818, 0.07869771122932434, 0.7794738411903381, 0.03269510716199875, 0.11951198428869247, 0.12063401937484741, 0.7302594184875488, 0.029594583436846733, 0.18217648565769196, 0.5883706212043762, 0.213517963886261, 0.015934940427541733, 0.19273258745670319, 0.6134496927261353, 0.16361530125141144, 0.03020234778523445, 0.18014685809612274, 0.10789518803358078, 0.6865642070770264, 0.025393720716238022, 0.3529008626937866, 0.22061748802661896, 0.4030153155326843, 0.02346634678542614, 0.22497521340847015, 0.3334369659423828, 0.4232913553714752, 0.018296347931027412, 0.24085190892219543, 0.48909538984298706, 0.2556828260421753, 0.014369924552738667, 0.24101611971855164, 0.5803203582763672, 0.16096487641334534, 0.0176986176520586, 0.23149016499519348, 0.6885856986045837, 0.06259840726852417, 0.01732572354376316, 0.42014241218566895, 0.1404961198568344, 0.36735963821411133, 0.07200181484222412, 0.35030069947242737, 0.48034122586250305, 0.14120981097221375, 0.02814818173646927, 0.24915727972984314, 0.2699349522590637, 0.4622247517108917, 0.01868307776749134, 0.2780771255493164, 0.341962069272995, 0.36361318826675415, 0.016347631812095642, 0.30201178789138794, 0.5824010372161865, 0.09453252702951431, 0.021054688841104507, 0.2738281190395355, 0.3163050711154938, 0.39232102036476135, 0.017545752227306366, 0.3551071584224701, 0.286424845457077, 0.27498599886894226, 0.08348207175731659, 0.36273035407066345, 0.27697476744651794, 0.28562918305397034, 0.07466564327478409, 0.2754804491996765, 0.5694331526756287, 0.13294987380504608, 0.022136466577649117, 0.14710931479930878, 0.7671225666999817, 0.07296396791934967, 0.012804080732166767, 0.25478917360305786, 0.5449048280715942, 0.18290579319000244, 0.01740017533302307, 0.28547772765159607, 0.31539642810821533, 0.3754420876502991, 0.023683693259954453, 0.20163559913635254, 0.6628621816635132, 0.11822454631328583, 0.017277637496590614, 0.26572686433792114, 0.41115862131118774, 0.3042086362838745, 0.01890580728650093, 0.16988062858581543, 0.7488433122634888, 0.06609977781772614, 0.015176196582615376, 0.23850776255130768, 0.09100021421909332, 0.6433483362197876, 0.02714366652071476, 0.26503899693489075, 0.0899607464671135, 0.618313193321228, 0.02668713964521885, 0.26296308636665344, 0.15318267047405243, 0.5613113641738892, 0.022542929276823997, 0.316632479429245, 0.5180405974388123, 0.1399276703596115, 0.02539924904704094, 0.3387542963027954, 0.4981047511100769, 0.12820282578468323, 0.03493821620941162, 0.2888946533203125, 0.13410352170467377, 0.5443750023841858, 0.03262681886553764, 0.2965911328792572, 0.17319634556770325, 0.5013359189033508, 0.028876621276140213, 0.34821972250938416, 0.39244163036346436, 0.24529443681240082, 0.01404414139688015, 0.30812475085258484, 0.11441809684038162, 0.5272000432014465, 0.050257131457328796, 0.3226868212223053, 0.10948379337787628, 0.5309731960296631, 0.03685612976551056, 0.4321554899215698, 0.19130077958106995, 0.34994977712631226, 0.026593973860144615, 0.31867551803588867, 0.23329998552799225, 0.34582653641700745, 0.10219790041446686, 0.2005050629377365, 0.23234039545059204, 0.5473901629447937, 0.019764401018619537, 0.2359166145324707, 0.20884141325950623, 0.5375152230262756, 0.017726730555295944, 0.39461734890937805, 0.2639594078063965, 0.2426547110080719, 0.09876853972673416, 0.5370927453041077, 0.29979994893074036, 0.11862343549728394, 0.04448381066322327, 0.2461218237876892, 0.1395549178123474, 0.5880647897720337, 0.0262584425508976, 0.4157402515411377, 0.29121607542037964, 0.265927255153656, 0.027116402983665466, 0.6150944828987122, 0.28791940212249756, 0.07852106541395187, 0.0184650719165802, 0.4300330877304077, 0.3589552640914917, 0.17284080386161804, 0.03817080706357956, 0.2889132499694824, 0.48775121569633484, 0.2056141197681427, 0.017721358686685562, 0.32870933413505554, 