{"metrics": {"ACC": 44.05594405594406, "F1": 33.39813268691119}, "predictions": [1, 1, 1, 1, 1, 1, 1, 1, 1, 1, 1, 2, 2, 2, 2, 1, 0, 2, 1, 0, 1, 1, 0, 0, 0, 1, 1, 1, 0, 1, 3, 1, 2, 2, 2, 1, 1, 2, 2, 2, 2, 1, 1, 0, 1, 2, 1, 1, 2, 3, 3, 1, 1, 2, 1, 1, 0, 1, 2, 2, 2, 0, 0, 2, 1, 1, 0, 0, 1, 2, 2, 2, 0, 0, 2, 0, 0, 1, 1, 1, 0, 0, 2, 1, 1, 2, 0, 2, 2, 2, 0, 1, 2, 2, 0, 0, 0, 2, 2, 2, 0, 0, 1, 2, 1, 1, 1, 2, 1, 0, 2, 1, 1, 0, 1, 1, 0, 3, 0, 2, 0, 2, 1, 2, 2, 1, 2, 1, 0, 0, 0, 2, 0, 0, 0, 0, 2, 0, 0, 1, 1, 0, 1], "uids": ["0", "1", "2", "3", "4", "5", "6", "7", "8", "9", "10", "11", "12", "13", "14", "15", "16", "17", "18", "19", "20", "21", "22", "23", "24", "25", "26", "27", "28", "29", "30", "31", "32", "33", "34", "35", "36", "37", "38", "39", "40", "41", "42", "43", "44", "45", "46", "47", "48", "49", "50", "51", "52", "53", "54", "55", "56", "57", "58", "59", "60", "61", "62", "63", "64", "65", "66", "67", "68", "69", "70", "71", "72", "73", "74", "75", "76", "77", "78", "79", "80", "81", "82", "83", "84", "85", "86", "87", "88", "89", "90", "91", "92", "93", "94", "95", "96", "97", "98", "99", "100", "101", "102", "103", "104", "105", "106", "107", "108", "109", "110", "111", "112", "113", "114", "115", "116", "117", "118", "119", "120", "121", "122", "123", "124", "125", "126", "127", "128", "129", "130", "131", "132", "133", "134", "135", "136", "137", "138", "139", "140", "141", "142"], "scores": [0.08172549307346344, 0.6817852854728699, 0.2205146998167038, 0.015974516049027443, 0.007505176123231649, 0.9672682881355286, 0.018460139632225037, 0.006766493432223797, 0.2358779013156891, 0.6403233408927917, 0.06545879691839218, 0.05833994969725609, 0.034448422491550446, 0.9427215456962585, 0.01917906105518341, 0.0036509365309029818, 0.021026862785220146, 0.9499571323394775, 0.025428777560591698, 0.003587222658097744, 0.0526021346449852, 0.5854416489601135, 0.3442176580429077, 0.017738614231348038, 0.051945339888334274, 0.8715940117835999, 0.0670979768037796, 0.009362643584609032, 0.06528405845165253, 0.6573390364646912, 0.2641877830028534, 0.013189194723963737, 0.33235442638397217, 0.6051250696182251, 0.02699718438088894, 0.03552335128188133, 0.04595571756362915, 0.8917123079299927, 0.042789433151483536, 0.0195426307618618, 0.044605061411857605, 0.8841830492019653, 0.036608848720788956, 0.03460298478603363, 0.08336663246154785, 0.06750234961509705, 0.8029335141181946, 0.046197518706321716, 0.06283977627754211, 0.06276049464941025, 0.8318663239479065, 0.04253336042165756, 0.0828084722161293, 0.10651527345180511, 0.7787041664123535, 0.031972065567970276, 0.12592345476150513, 0.03859999403357506, 0.7887018322944641, 0.04677480086684227, 0.10037560760974884, 0.511163592338562, 0.29526254534721375, 0.0931982472538948, 0.49417832493782043, 0.021281465888023376, 0.3445182144641876, 0.14002196490764618, 0.33194589614868164, 0.16315634548664093, 0.3955305516719818, 0.10936722904443741, 0.3749878704547882, 0.40619632601737976, 0.13092219829559326, 0.08789356797933578, 0.9616284370422363, 0.010794796980917454, 0.023171696811914444, 0.004404999315738678, 0.03057302162051201, 0.8239657878875732, 0.13680587708950043, 0.008655352517962456, 0.011225811205804348, 0.9781051278114319, 0.007090938743203878, 0.0035780835896730423, 0.5995293259620667, 0.3611036241054535, 0.031216826289892197, 0.008150145411491394, 0.4112589657306671, 0.20152589678764343, 0.34535691142082214, 0.041858185082674026, 0.920142412185669, 0.031942274421453476, 0.035433195531368256, 0.012482129037380219, 0.025152066722512245, 0.7090905904769897, 0.2554216980934143, 0.010335695929825306, 0.007634460926055908, 0.9511086344718933, 0.03727361932396889, 0.003983170725405216, 0.05282651260495186, 0.5555500984191895, 0.3736012279987335, 0.018022142350673676, 0.41043248772621155, 0.24477988481521606, 0.3303883373737335, 0.014399326406419277, 0.12141150236129761, 0.8417538404464722, 0.031018272042274475, 0.005816404242068529, 0.26988205313682556, 0.17174682021141052, 0.13009484112262726, 0.42827633023262024, 0.2112390547990799, 0.5842743515968323, 0.18833214044570923, 0.01615447737276554, 0.023292509838938713, 0.21041983366012573, 0.7404910922050476, 0.025796562433242798, 0.010108450427651405, 0.04102826863527298, 0.9350014925003052, 0.01386184897273779, 0.016493838280439377, 0.16527433693408966, 0.7982415556907654, 0.019990306347608566, 0.07915069907903671, 0.4811139702796936, 0.42511218786239624, 0.01462311390787363, 0.03142908588051796, 0.7959495186805725, 0.16366174817085266, 0.008959629572927952, 0.022861484438180923, 0.01840747520327568, 0.945214033126831, 0.013517031446099281, 0.149050772190094, 0.05071738734841347, 0.78180330991745, 0.018428584560751915, 0.08057072758674622, 0.07446663081645966, 0.8307494521141052, 0.01421318482607603, 0.15696685016155243, 0.29625409841537476, 0.5373684763908386, 0.009410557337105274, 0.3735497295856476, 0.5919011831283569, 0.01695333793759346, 0.01759570837020874, 0.1835673600435257, 0.7962421774864197, 0.0054075466468930244, 0.014782818034291267, 0.7888509035110474, 0.027176152914762497, 0.14152488112449646, 0.042448099702596664, 0.35230496525764465, 0.5800014138221741, 0.03295132517814636, 0.03474228456616402, 0.066545270383358, 0.44196218252182007, 0.4760949909687042, 0.015397499315440655, 0.07296513766050339, 0.6481557488441467, 0.2682332992553711, 0.010645837523043156, 0.1255321502685547, 0.8537402749061584, 0.010837391018867493, 0.009890148416161537, 0.0474710538983345, 0.07249459624290466, 0.8692687749862671, 0.010765575803816319, 0.2709804177284241, 0.26587218046188354, 0.11987670511007309, 0.3432706892490387, 0.263523668050766, 0.2566887438297272, 0.12414945662021637, 0.35563814640045166, 0.20295123755931854, 0.699569821357727, 0.07990090548992157, 0.017578011378645897, 0.11147500574588776, 0.7845183610916138, 0.09696168452501297, 0.007044905796647072, 0.16168910264968872, 0.31087374687194824, 0.49676933884620667, 0.030667785555124283, 0.1956924945116043, 0.39953112602233887, 0.3791825473308563, 0.025593889877200127, 0.03991980850696564, 0.697007417678833, 0.24133098125457764, 0.02174188755452633, 0.3445112109184265, 0.3052763342857361, 0.3360980749130249, 0.014114395715296268, 0.03006841614842415, 0.9214398860931396, 0.040668733417987823, 0.00782300066202879, 0.0571310818195343, 0.029677120968699455, 0.8958070874214172, 0.0173847246915102, 0.10555567592382431, 0.01867348700761795, 0.8606757521629333, 0.015095132403075695, 0.11140794306993484, 0.09663946181535721, 0.7742820382118225, 0.01767057739198208, 0.44304296374320984, 0.3721465468406677, 0.13065631687641144, 0.05415420979261398, 0.39110806584358215, 0.3441163897514343, 0.13946953415870667, 0.12530604004859924, 0.3570735454559326, 0.10663475841283798, 0.445814847946167, 0.09047680348157883, 0.19413211941719055, 0.6200690865516663, 0.14763067662715912, 0.03816813603043556, 0.32960018515586853, 0.5257089138031006, 0.1379077434539795, 0.006783120799809694, 0.49368101358413696, 0.06358463317155838, 0.38808414340019226, 0.054650165140628815, 0.8192039132118225, 0.01700546406209469, 0.1459527313709259, 0.01783783733844757, 0.33201488852500916, 0.5949116945266724, 0.060864292085170746, 0.012209033593535423, 0.22170333564281464, 0.15483912825584412, 0.4679999053478241, 0.15545764565467834, 0.025100255385041237, 0.046473510563373566, 0.9200562238693237, 0.008370071649551392, 0.04138137027621269, 0.041733913123607635, 0.909471333026886, 0.0074133374728262424, 0.316368967294693, 0.28351151943206787, 0.1659381091594696, 0.23418137431144714, 0.8009514212608337, 0.10474111139774323, 0.06672842055559158, 0.02757895179092884, 0.11489156633615494, 0.041119884699583054, 0.8225534558296204, 0.021435169503092766, 0.629707932472229, 0.21361716091632843, 0.1332622766494751, 0.02341257967054844, 0.9075273275375366, 0.06910896301269531, 0.015358942560851574, 0.008004746399819851, 0.21526272594928741, 0.7018605470657349, 0.022358397021889687, 0.060518328100442886, 0.07640507817268372, 0.5090694427490234, 0.3914359509944916,