{"metrics": {"ACC": 55.94405594405595, "F1": 42.25267174105255}, "predictions": [2, 1, 1, 1, 1, 1, 1, 1, 1, 1, 1, 0, 0, 0, 2, 2, 2, 2, 0, 0, 1, 1, 0, 0, 2, 1, 1, 1, 2, 1, 3, 1, 2, 2, 2, 1, 1, 2, 2, 2, 1, 1, 1, 0, 1, 2, 1, 1, 2, 0, 0, 1, 1, 1, 2, 1, 1, 1, 2, 2, 2, 1, 1, 0, 1, 1, 0, 0, 0, 0, 2, 2, 0, 0, 2, 0, 0, 0, 1, 1, 1, 1, 2, 1, 1, 2, 2, 2, 0, 0, 0, 1, 2, 2, 0, 0, 0, 2, 2, 2, 2, 2, 1, 2, 1, 1, 1, 2, 1, 1, 2, 1, 1, 1, 1, 1, 0, 0, 0, 2, 1, 2, 1, 2, 2, 0, 2, 2, 0, 0, 0, 0, 0, 0, 0, 0, 2, 2, 0, 0, 1, 0, 1], "uids": ["0", "1", "2", "3", "4", "5", "6", "7", "8", "9", "10", "11", "12", "13", "14", "15", "16", "17", "18", "19", "20", "21", "22", "23", "24", "25", "26", "27", "28", "29", "30", "31", "32", "33", "34", "35", "36", "37", "38", "39", "40", "41", "42", "43", "44", "45", "46", "47", "48", "49", "50", "51", "52", "53", "54", "55", "56", "57", "58", "59", "60", "61", "62", "63", "64", "65", "66", "67", "68", "69", "70", "71", "72", "73", "74", "75", "76", "77", "78", "79", "80", "81", "82", "83", "84", "85", "86", "87", "88", "89", "90", "91", "92", "93", "94", "95", "96", "97", "98", "99", "100", "101", "102", "103", "104", "105", "106", "107", "108", "109", "110", "111", "112", "113", "114", "115", "116", "117", "118", "119", "120", "121", "122", "123", "124", "125", "126", "127", "128", "129", "130", "131", "132", "133", "134", "135", "136", "137", "138", "139", "140", "141", "142"], "scores": [0.20863676071166992, 0.3671242892742157, 0.41054490208625793, 0.013694021850824356, 0.05803276225924492, 0.8423090577125549, 0.08781053125858307, 0.0118477214127779, 0.250251442193985, 0.590151309967041, 0.13387632369995117, 0.025720834732055664, 0.15811234712600708, 0.7205849885940552, 0.11215421557426453, 0.00914838444441557, 0.18873251974582672, 0.5949224233627319, 0.20414993166923523, 0.01219517458230257, 0.1604335755109787, 0.5407353639602661, 0.2809409499168396, 0.01789010502398014, 0.2695440351963043, 0.5647575259208679, 0.12529811263084412, 0.04040031135082245, 0.22941674292087555, 0.5512630343437195, 0.18642324209213257, 0.0328969731926918, 0.22044064104557037, 0.4949451684951782, 0.2656635046005249, 0.01895064115524292, 0.14614734053611755, 0.6564404368400574, 0.180873304605484, 0.01653892546892166, 0.1975090205669403, 0.6692177057266235, 0.11307542026042938, 0.020197834819555283, 0.42588651180267334, 0.23263011872768402, 0.29102832078933716, 0.05045508220791817, 0.33717918395996094, 0.33505532145500183, 0.2946481704711914, 0.033117372542619705, 0.36530834436416626, 0.3580992519855499, 0.2497912496328354, 0.026801224797964096, 0.3736197054386139, 0.11788506805896759, 0.46234366297721863, 0.04615151509642601, 0.127181276679039, 0.11128328740596771, 0.7092401385307312, 0.052295323461294174, 0.18684333562850952, 0.03853476792573929, 0.6971725821495056, 0.07744929194450378, 0.2997666001319885, 0.2631646990776062, 0.39196470379829407, 0.045103948563337326, 0.5016748309135437, 0.2653008997440338, 0.1336151361465454, 0.09940916299819946, 0.8443467617034912, 0.06918652355670929, 0.07402398437261581, 0.012442700564861298, 0.17994356155395508, 0.6152631044387817, 0.17623186111450195, 0.028561465442180634, 0.07798745483160019, 0.8650951385498047, 0.048124395310878754, 0.008792967535555363, 0.5608472228050232, 0.354300856590271, 0.06413540244102478, 0.020716458559036255, 0.3421502411365509, 0.2624965012073517, 0.3378763198852539, 0.05747693032026291, 0.38453787565231323, 0.21487891674041748, 0.38486918807029724, 0.015713956207036972, 0.08918751031160355, 0.7174711227416992, 0.18177461624145508, 0.011566814966499805, 0.0716831311583519, 0.8500313758850098, 0.06919940561056137, 0.009086143225431442, 0.09301679581403732, 0.700465202331543, 0.19009369611740112, 0.01642422378063202, 0.2664983868598938, 0.2583468556404114, 0.45872196555137634, 0.016432806849479675, 0.23790055513381958, 0.5668182373046875, 0.18063680827617645, 0.014644344337284565, 0.27328935265541077, 0.21932671964168549, 0.16763943433761597, 0.3397444784641266, 0.16464665532112122, 0.7086141705513, 0.11356675624847412, 0.01317238062620163, 0.08497854322195053, 0.1573357880115509, 0.7315765023231506, 0.0261091161519289, 0.08334414660930634, 0.0661332905292511, 0.8261743783950806, 0.024348106235265732, 0.06356792896986008, 0.13591983914375305, 0.7779120802879333, 0.022600220516324043, 0.12203247845172882, 0.660479724407196, 0.20417667925357819, 0.013311103917658329, 0.18343250453472137, 0.6216176152229309, 0.16942404210567474, 0.02552579902112484, 0.15791474282741547, 0.09537246078252792, 0.7182210087776184, 0.02849176712334156, 0.30063340067863464, 0.21110202372074127, 0.4666841924190521, 0.021580388769507408, 0.1940540224313736, 0.3249035179615021, 0.4629417359828949, 0.018100639805197716, 0.19384469091892242, 0.4759746193885803, 0.3179580271244049, 0.012222575023770332, 0.24766822159290314, 0.6090831160545349, 0.12719589471817017, 0.016052771359682083, 0.28841421008110046, 0.6434265375137329, 0.05056802183389664, 0.01759125106036663, 0.5810734629631042, 0.16769428551197052, 0.1912965029478073, 0.05993572250008583, 0.2157585620880127, 0.628322184085846, 0.1346050351858139, 0.021314214915037155, 0.22030974924564362, 0.30408647656440735, 0.4599527418613434, 0.015650968998670578, 0.2758696377277374, 0.40111595392227173, 0.30911189317703247, 0.013902485370635986, 0.2886541485786438, 0.5882980823516846, 0.10573460906744003, 0.017313078045845032, 0.18894261121749878, 0.21694521605968475, 0.5781754851341248, 0.015936676412820816, 0.3391404449939728, 0.2685495913028717, 0.19645261764526367, 0.19585733115673065, 0.32357558608055115, 0.2695938050746918, 0.20149216055870056, 0.20533838868141174, 0.19031988084316254, 0.672497570514679, 0.12070640176534653, 0.01647617667913437, 0.11942888796329498, 0.7947988510131836, 0.07666678726673126, 0.009105467237532139, 0.2584182620048523, 0.49957287311553955, 0.22334732115268707, 0.018661541864275932, 0.27851858735084534, 0.34783899784088135, 0.35176214575767517, 0.02188021130859852, 0.103242427110672, 0.7823132276535034, 0.1026189774274826, 0.011825420893728733, 0.25958678126335144, 0.4317930340766907, 0.2952865660190582, 0.013333656825125217, 0.10488639026880264, 0.8301122188568115, 0.05406634509563446, 0.01093492191284895, 0.16956618428230286, 0.07064798474311829, 0.7380458116531372, 0.02173997461795807, 0.20643730461597443, 0.05521031469106674, 0.7161264419555664, 0.02222593128681183, 0.17658118903636932, 0.11315212398767471, 0.6919689774513245, 0.018297690898180008, 0.35588952898979187, 0.49129506945610046, 0.12928029894828796, 0.02353517897427082, 0.34421226382255554, 0.5062671303749084, 0.11928363889455795, 0.03023694083094597, 0.4112037718296051, 0.20496846735477448, 0.3485371172428131, 0.035290658473968506, 0.26854756474494934, 0.386190801858902, 0.32546642422676086, 0.019795211032032967, 0.32431918382644653, 0.41320130228996277, 0.2509094774723053, 0.011569956317543983, 0.4965047836303711, 0.14074988663196564, 0.3160523474216461, 0.04669294133782387, 0.6096007823944092, 0.10782473534345627, 0.2512224614620209, 0.0313519723713398, 0.5192455053329468, 0.2174835205078125, 0.24401454627513885, 0.01925641857087612, 0.3250531256198883, 0.23276613652706146, 0.2776968479156494, 0.1644839197397232, 0.13071295619010925, 0.17783550918102264, 0.6761278510093689, 0.015323728322982788, 0.16524922847747803, 0.11951619386672974, 0.6999382972717285, 0.015296252444386482, 0.3428186774253845, 0.2828455865383148, 0.18053944408893585, 0.1937963217496872, 0.6238641738891602, 0.22307151556015015, 0.11390482634305954, 0.03915950283408165, 0.21101534366607666, 0.12648595869541168, 0.6411219835281372, 0.02137666940689087, 0.5195887088775635, 0.2881071865558624, 0.17326992750167847, 0.019034255295991898, 0.7586020827293396, 0.17765295505523682, 0.05058716982603073, 0.013157809153199196, 0.500866174697876, 0.31770631670951843, 0.14009447395801544, 0.04133305326104164, 0.14258502423763275, 0.5004725456237793, 0.34188684821128845, 0.015055553987622261, 0.31298214197158813, 