{"metrics": {"ACC": 48.25174825174825, "F1": 36.172065482410304}, "predictions": [1, 1, 1, 1, 1, 1, 1, 1, 1, 1, 1, 2, 2, 2, 2, 1, 0, 0, 1, 0, 1, 1, 0, 2, 0, 1, 1, 1, 0, 1, 3, 1, 2, 2, 2, 1, 1, 2, 2, 2, 2, 1, 1, 0, 1, 2, 1, 1, 2, 0, 0, 1, 1, 1, 1, 1, 0, 1, 2, 2, 2, 1, 0, 0, 1, 0, 0, 0, 1, 2, 2, 2, 0, 0, 2, 0, 0, 1, 1, 1, 1, 0, 2, 1, 1, 2, 0, 2, 0, 1, 0, 1, 2, 2, 0, 0, 0, 2, 2, 2, 1, 0, 1, 2, 1, 1, 1, 2, 1, 1, 2, 1, 1, 0, 1, 1, 0, 0, 0, 2, 0, 2, 1, 2, 2, 1, 2, 1, 0, 0, 0, 2, 0, 0, 0, 0, 2, 0, 0, 1, 1, 0, 1], "uids": ["0", "1", "2", "3", "4", "5", "6", "7", "8", "9", "10", "11", "12", "13", "14", "15", "16", "17", "18", "19", "20", "21", "22", "23", "24", "25", "26", "27", "28", "29", "30", "31", "32", "33", "34", "35", "36", "37", "38", "39", "40", "41", "42", "43", "44", "45", "46", "47", "48", "49", "50", "51", "52", "53", "54", "55", "56", "57", "58", "59", "60", "61", "62", "63", "64", "65", "66", "67", "68", "69", "70", "71", "72", "73", "74", "75", "76", "77", "78", "79", "80", "81", "82", "83", "84", "85", "86", "87", "88", "89", "90", "91", "92", "93", "94", "95", "96", "97", "98", "99", "100", "101", "102", "103", "104", "105", "106", "107", "108", "109", "110", "111", "112", "113", "114", "115", "116", "117", "118", "119", "120", "121", "122", "123", "124", "125", "126", "127", "128", "129", "130", "131", "132", "133", "134", "135", "136", "137", "138", "139", "140", "141", "142"], "scores": [0.07568565756082535, 0.7694544196128845, 0.14220988750457764, 0.012650066055357456, 0.012153792195022106, 0.9598047137260437, 0.020523104816675186, 0.00751833850517869, 0.19113795459270477, 0.7145422697067261, 0.05199280381202698, 0.04232696816325188, 0.04078098386526108, 0.9303814172744751, 0.024701202288269997, 0.004136349074542522, 0.08891141414642334, 0.867856502532959, 0.03681954741477966, 0.006412507966160774, 0.08639590442180634, 0.6175717711448669, 0.2772742807865143, 0.018758028745651245, 0.07193029671907425, 0.826741099357605, 0.08815094083547592, 0.013177587650716305, 0.0822863057255745, 0.6945199370384216, 0.2091832011938095, 0.014010514132678509, 0.3401039242744446, 0.5974743366241455, 0.03122822940349579, 0.031193509697914124, 0.08787792176008224, 0.8494636416435242, 0.0442081093788147, 0.018450425937771797, 0.08291354775428772, 0.8526959419250488, 0.0345691442489624, 0.02982122078537941, 0.15440712869167328, 0.10736366361379623, 0.6967921257019043, 0.041437022387981415, 0.10542382299900055, 0.11518549174070358, 0.7450063228607178, 0.03438437357544899, 0.18231256306171417, 0.1865158975124359, 0.5991567969322205, 0.03201477974653244, 0.15764668583869934, 0.058101411908864975, 0.7385013103485107, 0.04575066640973091, 0.12973566353321075, 0.5197654366493225, 0.26980218291282654, 0.08069679886102676, 0.46075838804244995, 0.029122905805706978, 0.3980823755264282, 0.11203629523515701, 0.36847880482673645, 0.24742712080478668, 0.28797489404678345, 0.09611920267343521, 0.3571086525917053, 0.3636697828769684, 0.17691512405872345, 0.10230637341737747, 0.9439978003501892, 0.02039577253162861, 0.030215144157409668, 0.005391301121562719, 0.04501352459192276, 0.8181220889091492, 0.12560497224330902, 0.011259373277425766, 0.02019546739757061, 0.967399001121521, 0.00817843433469534, 0.004227067343890667, 0.6452859044075012, 0.3077796995639801, 0.03527972102165222, 0.01165472436696291, 0.21360521018505096, 0.32070669531822205, 0.42594465613365173, 0.03974343463778496, 0.8916991353034973, 0.0602882020175457, 0.03768401965498924, 0.01032865047454834, 0.025934752076864243, 0.8040747046470642, 0.16112969815731049, 0.008860836736857891, 0.012208650819957256, 0.9520556330680847, 0.03150508925318718, 0.004230647813528776, 0.05786224082112312, 0.6840444207191467, 0.24252554774284363, 0.015567799098789692, 0.4179896414279938, 0.2650127410888672, 0.30500078201293945, 0.011996867135167122, 0.1701745092868805, 0.7868085503578186, 0.03599359840154648, 0.007023335434496403, 0.3248162269592285, 0.1861938089132309, 0.13695794343948364, 0.35203203558921814, 0.14788804948329926, 0.7496722936630249, 0.0914016142487526, 0.011037979274988174, 0.03846249729394913, 0.2274840921163559, 0.7041100859642029, 0.029943298548460007, 0.02336150035262108, 0.08175382763147354, 0.8739007115364075, 0.02098400890827179, 0.02916157990694046, 0.26256057620048523, 0.6828639507293701, 0.02541390433907509, 0.06447955965995789, 0.6436068415641785, 0.2793874740600586, 0.012526149861514568, 0.04593729227781296, 0.7923265099525452, 0.15108096599578857, 0.010655321180820465, 0.04275808110833168, 0.03192200884222984, 0.9094928503036499, 0.015827005729079247, 0.31084731221199036, 0.11748742312192917, 0.5521888136863708, 0.01947639137506485, 0.09256026148796082, 0.11212486028671265, 0.7798181176185608, 0.015496757812798023, 0.1762303113937378, 0.3671094477176666, 0.44642966985702515, 0.010230562649667263, 0.22622767090797424, 0.7451258897781372, 0.01470356434583664, 0.013942918740212917, 0.1390582025051117, 0.8418479561805725, 0.006417910102754831, 0.012675956822931767, 0.6844781041145325, 0.05493875592947006, 0.21404780447483063, 0.046535223722457886, 0.21486550569534302, 0.7364130616188049, 0.02677629142999649, 0.021945111453533173, 0.11895489692687988, 0.380096971988678, 0.48479127883911133, 0.01615680381655693, 0.1293671876192093, 0.7011939287185669, 0.16100913286209106, 0.008429771289229393, 0.20672370493412018, 0.7630041241645813, 0.01731213927268982, 0.012960015796124935, 0.07617361098527908, 0.13022573292255402, 0.7803850173950195, 0.013215691782534122, 0.32736149430274963, 0.2362392693758011, 0.14413237571716309, 0.2922669053077698, 0.3165222704410553, 0.23572228848934174, 0.14838410913944244, 0.2993713915348053, 0.1501443088054657, 0.77171391248703, 0.06599987298250198, 0.012141972780227661, 0.08041952550411224, 0.8676395416259766, 0.04672665521502495, 0.0052142515778541565, 0.18101172149181366, 0.5465167760848999, 0.25421562790870667, 0.018255867063999176, 0.2224459946155548, 0.4087984561920166, 0.3442448377609253, 0.024510731920599937, 0.056334156543016434, 0.8453388214111328, 0.08420369029045105, 0.014123336412012577, 0.41407376527786255, 0.39555492997169495, 0.17831315100193024, 0.012058128602802753, 0.04202450066804886, 0.912503182888031, 0.03769541531801224, 0.0077768671326339245, 0.08113643527030945, 0.056708239018917084, 0.8407829999923706, 0.02137240208685398, 0.13056409358978271, 0.03093562088906765, 0.822246789932251, 0.016253439709544182, 0.1492433398962021, 0.12805627286434174, 0.7043960094451904, 0.018304282799363136, 0.4076089859008789, 0.4337492287158966, 0.11555749922990799, 0.04308433458209038, 0.40657904744148254, 0.3949613869190216, 0.11188681423664093, 0.0865728035569191, 0.4193885922431946, 0.15101423859596252, 0.3461454510688782, 0.08345180749893188, 0.26790955662727356, 0.5034419894218445, 0.18349990248680115, 0.04514853656291962, 0.5081695318222046, 0.43031391501426697, 0.054555218666791916, 0.006961334962397814, 0.5330237746238708, 0.06636887043714523, 0.35818710923194885, 0.042420316487550735, 0.7740640044212341, 0.028627781197428703, 0.17980057001113892, 0.017507661134004593, 0.44752371311187744, 0.4860953688621521, 0.05552895739674568, 0.010851974599063396, 0.29760104417800903, 0.17997923493385315, 0.35860973596572876, 0.16380997002124786, 0.041871942579746246, 0.08012699335813522, 0.8676265478134155, 0.010374576784670353, 0.06752970814704895, 0.06696359068155289, 0.8562221527099609, 0.00928453728556633, 0.3584877550601959, 0.2729851305484772, 0.1628546118736267, 0.20567244291305542, 0.8056663870811462, 0.11462298035621643, 0.050606146454811096, 0.029104432091116905, 0.27200382947921753, 0.08281593769788742, 0.6232152581214905, 0.021964935585856438, 0.6723300218582153, 0.22347742319107056, 0.08332434296607971, 0.02086820639669895, 0.8939939141273499, 0.07653052359819412, 0.020653007552027702, 0.008822624571621418, 0.2544693350791931, 0.6716928482055664, 0.0248095840215683, 0.04902822524309158, 0.10352639108896255, 0.7737696766853333, 0.11087974905967712, 