{"metrics": {"ACC": 46.15384615384615, "F1": 34.51533956159692}, "predictions": [1, 1, 1, 1, 1, 1, 1, 1, 1, 1, 1, 2, 2, 2, 2, 1, 0, 0, 1, 0, 1, 1, 0, 0, 0, 1, 1, 1, 0, 1, 3, 1, 2, 2, 2, 1, 1, 2, 2, 2, 2, 1, 1, 0, 1, 1, 1, 1, 2, 3, 3, 1, 1, 1, 1, 1, 1, 1, 2, 2, 2, 1, 1, 2, 1, 1, 0, 0, 1, 2, 2, 2, 0, 0, 2, 0, 0, 1, 1, 1, 0, 0, 2, 1, 1, 2, 0, 2, 0, 2, 0, 1, 2, 2, 0, 0, 1, 2, 2, 2, 1, 0, 1, 2, 1, 1, 1, 2, 1, 0, 2, 1, 1, 0, 1, 1, 0, 3, 0, 2, 0, 2, 1, 2, 2, 1, 2, 1, 0, 0, 0, 2, 0, 0, 0, 0, 2, 1, 0, 1, 1, 0, 1], "uids": ["0", "1", "2", "3", "4", "5", "6", "7", "8", "9", "10", "11", "12", "13", "14", "15", "16", "17", "18", "19", "20", "21", "22", "23", "24", "25", "26", "27", "28", "29", "30", "31", "32", "33", "34", "35", "36", "37", "38", "39", "40", "41", "42", "43", "44", "45", "46", "47", "48", "49", "50", "51", "52", "53", "54", "55", "56", "57", "58", "59", "60", "61", "62", "63", "64", "65", "66", "67", "68", "69", "70", "71", "72", "73", "74", "75", "76", "77", "78", "79", "80", "81", "82", "83", "84", "85", "86", "87", "88", "89", "90", "91", "92", "93", "94", "95", "96", "97", "98", "99", "100", "101", "102", "103", "104", "105", "106", "107", "108", "109", "110", "111", "112", "113", "114", "115", "116", "117", "118", "119", "120", "121", "122", "123", "124", "125", "126", "127", "128", "129", "130", "131", "132", "133", "134", "135", "136", "137", "138", "139", "140", "141", "142"], "scores": [0.057835206389427185, 0.7945064306259155, 0.13433296978473663, 0.013325403444468975, 0.006337953265756369, 0.9741435050964355, 0.013430921360850334, 0.006087656132876873, 0.19496852159500122, 0.7063572406768799, 0.045789364725351334, 0.052884869277477264, 0.024506915360689163, 0.9605894684791565, 0.011863330379128456, 0.0030402233824133873, 0.017484359443187714, 0.9650201797485352, 0.014342382550239563, 0.003152990248054266, 0.04430784657597542, 0.7144097685813904, 0.2256486564874649, 0.01563373953104019, 0.04500488564372063, 0.8912347555160522, 0.054341163486242294, 0.009419250302016735, 0.06160464882850647, 0.708341121673584, 0.21668663620948792, 0.013367613777518272, 0.3591310679912567, 0.5813503265380859, 0.021399617195129395, 0.038119032979011536, 0.041925933212041855, 0.9129960536956787, 0.025801314041018486, 0.019276808947324753, 0.04021374508738518, 0.8972830772399902, 0.027749162167310715, 0.034754086285829544, 0.08920576423406601, 0.08967331796884537, 0.7754486203193665, 0.045672304928302765, 0.06381808966398239, 0.08471717685461044, 0.8075602650642395, 0.04390445351600647, 0.09468608349561691, 0.15368667244911194, 0.7174806594848633, 0.03414658084511757, 0.16313959658145905, 0.05434189364314079, 0.7282034158706665, 0.054315097630023956, 0.09771156311035156, 0.5938814878463745, 0.21511103212833405, 0.09329593181610107, 0.5635535717010498, 0.026544256135821342, 0.26495105028152466, 0.14495114982128143, 0.3544517159461975, 0.21625278890132904, 0.3193076252937317, 0.10998792946338654, 0.3541351556777954, 0.4375643730163574, 0.1121172085404396, 0.09618333727121353, 0.9666273593902588, 0.010820165276527405, 0.01845869980752468, 0.0040937443263828754, 0.027013419196009636, 0.8507530689239502, 0.11386950314044952, 0.008364022709429264, 0.00879328977316618, 0.9831295609474182, 0.004926974885165691, 0.003150221658870578, 0.538454532623291, 0.4343954026699066, 0.018935156986117363, 0.008214883506298065, 0.47361481189727783, 0.2318107783794403, 0.24908402562141418, 0.045490387827157974, 0.9304788112640381, 0.034064292907714844, 0.023474272340536118, 0.011982637457549572, 0.0188427846878767, 0.7945805191993713, 0.17762073874473572, 0.008955921977758408, 0.005835112649947405, 0.9653915762901306, 0.025378381833434105, 0.0033949308563023806, 0.04227039963006973, 0.6688135862350464, 0.2728153169155121, 0.016100676730275154, 0.4088856875896454, 0.3557434678077698, 0.22171586751937866, 0.01365494355559349, 0.07942404597997665, 0.8994123935699463, 0.016438722610473633, 0.004724880214780569, 0.2694832682609558, 0.1749727725982666, 0.12550579011440277, 0.4300381541252136, 0.1887669414281845, 0.6722861528396606, 0.12422523647546768, 0.01472156960517168, 0.023912956938147545, 0.2859707474708557, 0.6615080237388611, 0.028608307242393494, 0.00987987220287323, 0.05817342922091484, 0.9173930287361145, 0.014553661458194256, 0.016196496784687042, 0.20585288107395172, 0.7566816806793213, 0.021268930286169052, 0.06563118100166321, 0.627359926700592, 0.29407191276550293, 0.01293706800788641, 0.026478774845600128, 0.8325586915016174, 0.13262516260147095, 0.008337417617440224, 0.02463403157889843, 0.022689400240778923, 0.9370461702346802, 0.0156303308904171, 0.21227146685123444, 0.07600940763950348, 0.6904228329658508, 0.02129628323018551, 0.08406957238912582, 0.08801621198654175, 0.8127976059913635, 0.015116567723453045, 0.16072174906730652, 0.40517106652259827, 0.4246503710746765, 0.009456806816160679, 0.30065521597862244, 0.6731898188591003, 0.009997530840337276, 0.01615743339061737, 0.14474104344844818, 0.8362602591514587, 0.004311841446906328, 0.014686842449009418, 0.8102777004241943, 0.030223805457353592, 0.11857794225215912, 0.040920455008745193, 0.3189353942871094, 0.6218268871307373, 0.024837469682097435, 0.03440031036734581, 0.05911686643958092, 0.5805103778839111, 0.34525924921035767, 0.01511352974921465, 0.05207188054919243, 0.7978639006614685, 0.14176464080810547, 0.008299577981233597, 0.09913886338472366, 0.8827947378158569, 0.007854269817471504, 0.01021213922649622, 0.04793921858072281, 0.0924808606505394, 0.8482977151870728, 0.011282204650342464, 0.2668760418891907, 0.2733447849750519, 0.11461223661899567, 0.3451669216156006, 0.26010799407958984, 0.2595314681529999, 0.11982422322034836, 0.3605363368988037, 0.17964480817317963, 0.7471897602081299, 0.05813034623861313, 0.015035182237625122, 0.08163874596357346, 0.855485200881958, 0.056851305067539215, 0.006024775095283985, 0.1464260369539261, 0.47170817852020264, 0.35364773869514465, 0.028217976912856102, 0.15222348272800446, 0.576106607913971, 0.2475479692220688, 0.024121969938278198, 0.033928826451301575, 0.7927706837654114, 0.15304753184318542, 0.020252956077456474, 0.39227187633514404, 0.40300822257995605, 0.1912262737751007, 0.013493658043444157, 0.022733155637979507, 0.9417696595191956, 0.02850932441651821, 0.006987779401242733, 0.06533224880695343, 0.04230501875281334, 0.8721088767051697, 0.020253829658031464, 0.11562592536211014, 0.02338809333741665, 0.8453584909439087, 0.015627490356564522, 0.12344463914632797, 0.13986976444721222, 0.7165557742118835, 0.02012987807393074, 0.36329612135887146, 0.49637773633003235, 0.08926143497228622, 0.05106467008590698, 0.3797837793827057, 0.3863464593887329, 0.10295970737934113, 0.13091014325618744, 0.37789151072502136, 0.13872502744197845, 0.3875679075717926, 0.09581556171178818, 0.1331186592578888, 0.7565916776657104, 0.08243823051452637, 0.027851466089487076, 0.27336692810058594, 0.6627947688102722, 0.057741258293390274, 0.006097089033573866, 0.5196427702903748, 0.08412183076143265, 0.33714616298675537, 0.05908922478556633, 0.8543079495429993, 0.019567418843507767, 0.11000380665063858, 0.016120778396725655, 0.2793908417224884, 0.6804556250572205, 0.030364802107214928, 0.009788730181753635, 0.20443962514400482, 0.14819711446762085, 0.5147942900657654, 0.13256895542144775, 0.02399812638759613, 0.05182740092277527, 0.9156411290168762, 0.008533322252333164, 0.04154806211590767, 0.04995367303490639, 0.9011644124984741, 0.007333880756050348, 0.3019448518753052, 0.2991674840450287, 0.1571383774280548, 0.24174927175045013, 0.8062083721160889, 0.11937689036130905, 0.048923566937446594, 0.025491198524832726, 0.14643409848213196, 0.0615159347653389, 0.765478789806366, 0.026571152731776237, 0.6286162734031677, 0.2503066956996918, 0.09699591249227524, 0.024081120267510414, 0.9117456674575806, 0.0682871863245964, 0.012725104577839375, 0.0072420216165483, 0.1935696005821228, 0.7293384075164795, 0.01759989932179451, 0.059492141008377075, 0.06468839943408966, 0.6954841017723083, 