{"metrics": {"ACC": 42.65734265734265, "F1": 31.644666038366832}, "predictions": [0, 0, 3, 0, 4, 4, 1, 1, 3, 3, 4, 0, 0, 0, 3, 3, 3, 0, 1, 0, 1, 0, 3, 1, 0, 0, 0, 0, 0, 0, 0, 0, 0, 0, 0, 0, 1, 0, 3, 0, 0, 3, 3, 1, 3, 1, 3, 3, 0, 0, 0, 0, 0, 0, 0, 0, 3, 0, 0, 0, 0, 3, 3, 0, 0, 0, 4, 4, 0, 0, 0, 0, 3, 3, 3, 3, 0, 3, 3, 3, 3, 0, 0, 0, 0, 3, 3, 3, 0, 0, 3, 0, 0, 0, 3, 3, 3, 4, 4, 1, 4, 0, 0, 3, 0, 0, 0, 3, 0, 0, 1, 0, 0, 0, 0, 0, 0, 0, 1, 3, 0, 0, 1, 3, 0, 1, 0, 0, 1, 3, 1, 1, 3, 3, 3, 1, 0, 3, 1, 3, 3, 1, 0], "uids": ["0", "1", "2", "3", "4", "5", "6", "7", "8", "9", "10", "11", "12", "13", "14", "15", "16", "17", "18", "19", "20", "21", "22", "23", "24", "25", "26", "27", "28", "29", "30", "31", "32", "33", "34", "35", "36", "37", "38", "39", "40", "41", "42", "43", "44", "45", "46", "47", "48", "49", "50", "51", "52", "53", "54", "55", "56", "57", "58", "59", "60", "61", "62", "63", "64", "65", "66", "67", "68", "69", "70", "71", "72", "73", "74", "75", "76", "77", "78", "79", "80", "81", "82", "83", "84", "85", "86", "87", "88", "89", "90", "91", "92", "93", "94", "95", "96", "97", "98", "99", "100", "101", "102", "103", "104", "105", "106", "107", "108", "109", "110", "111", "112", "113", "114", "115", "116", "117", "118", "119", "120", "121", "122", "123", "124", "125", "126", "127", "128", "129", "130", "131", "132", "133", "134", "135", "136", "137", "138", "139", "140", "141", "142"], "scores": [0.5353718996047974, 0.09534978866577148, 0.0585363544523716, 0.08357603847980499, 0.22716595232486725, 0.637910783290863, 0.05526699498295784, 0.0733596459031105, 0.06612381339073181, 0.16733868420124054, 0.3829652667045593, 0.027101552113890648, 0.08973941206932068, 0.4067511558532715, 0.09344260394573212, 0.5986620187759399, 0.07816417515277863, 0.06807203590869904, 0.09010515362024307, 0.16499657928943634, 0.21428458392620087, 0.15301041305065155, 0.1444471925497055, 0.15815551578998566, 0.3301022946834564, 0.2685668170452118, 0.1897352933883667, 0.1115821897983551, 0.10807304084300995, 0.32204270362854004, 0.21087226271629333, 0.6223148703575134, 0.031923629343509674, 0.03948907554149628, 0.0954001322388649, 0.1391989141702652, 0.7155224680900574, 0.030977947637438774, 0.029035672545433044, 0.0852649137377739, 0.2918396294116974, 0.06313184648752213, 0.10378839075565338, 0.3166009485721588, 0.2246391922235489, 0.2603965997695923, 0.11188981682062149, 0.06830809265375137, 0.3643076717853546, 0.1950979083776474, 0.2687631845474243, 0.07599012553691864, 0.08224623650312424, 0.2788633406162262, 0.2941370904445648, 0.5480331182479858, 0.09259271621704102, 0.06192009150981903, 0.10201985388994217, 0.19543415307998657, 0.37614452838897705, 0.17195191979408264, 0.08479530364274979, 0.12358923256397247, 0.24351893365383148, 0.32711711525917053, 0.17116346955299377, 0.08305171877145767, 0.2016511857509613, 0.21701650321483612, 0.25504419207572937, 0.1344338059425354, 0.08037485182285309, 0.38089290261268616, 0.14925427734851837, 0.2039223611354828, 0.06026941537857056, 0.09856802225112915, 0.3980428874492645, 0.23919732868671417, 0.13395075500011444, 0.10362297296524048, 0.09875629842281342, 0.4260949492454529, 0.23757503926753998, 0.46316418051719666, 0.09052588790655136, 0.06741099059581757, 0.19959904253482819, 0.17929986119270325, 0.11062811315059662, 0.7860244512557983, 0.028684156015515327, 0.03498750552535057, 0.03967568278312683, 0.8815930485725403, 0.03069387562572956, 0.01596122793853283, 0.05483498051762581, 0.016916921362280846, 0.20261703431606293, 0.655299961566925, 0.033032435923814774, 0.03352854773402214, 0.07552197575569153, 0.6304041743278503, 0.08492637425661087, 0.04636668413877487, 0.07930981367826462, 0.1589929461479187, 0.30251163244247437, 0.08971378207206726, 0.035698167979717255, 0.4892434775829315, 0.08283288776874542, 0.18621857464313507, 0.4860505163669586, 0.0547984279692173, 0.06585609912872314, 0.20707640051841736, 0.3357749879360199, 0.1656637191772461, 0.09332308918237686, 0.16444125771522522, 0.24079693853855133, 0.6841733455657959, 0.039473991841077805, 0.06614762544631958, 0.09942129254341125, 0.11078378558158875, 0.6528217196464539, 0.06612422317266464, 0.06512516736984253, 0.10977113991975784, 0.1061578020453453, 0.7026896476745605, 0.05853951722383499, 0.0661594495177269, 0.04555549472570419, 0.12705592811107635, 0.42844218015670776, 0.0903451144695282, 0.10287149995565414, 0.27897241711616516, 0.09936875104904175, 0.3744771480560303, 0.0835777297616005, 0.07288749516010284, 0.3720570206642151, 0.09700064361095428, 0.8631979823112488, 0.023487940430641174, 0.023474879562854767, 0.045721929520368576, 0.044117338955402374, 0.757283091545105, 0.06495184451341629, 0.05019404739141464, 0.07496576756238937, 0.052605241537094116, 0.6839367747306824, 0.06328025460243225, 0.07648374140262604, 0.058864858001470566, 0.11743432283401489, 0.5370697975158691, 0.11931972950696945, 0.11927415430545807, 0.06572344899177551, 0.158612921833992, 0.7779327034950256, 0.042981285601854324, 0.05889827758073807, 0.041513923555612564, 0.07867381721735, 0.678000807762146, 0.07863256335258484, 0.04875202849507332, 0.06149813160300255, 0.13311637938022614, 0.17167241871356964, 0.6861359477043152, 0.032535370439291, 0.03135574981570244, 0.0783005803823471, 0.3848419189453125, 0.07947016507387161, 0.08862755447626114, 0.21534274518489838, 0.23171761631965637, 0.11197531968355179, 0.07233978807926178, 0.10113563388586044, 0.5858780145645142, 0.12867122888565063, 0.49354687333106995, 0.05489617958664894, 0.07288633286952972, 0.20982351899147034, 0.16884714365005493, 0.39223259687423706, 0.06882691383361816, 0.07605984061956406, 0.33486488461494446, 0.12801580131053925, 0.15662696957588196, 0.031200136989355087, 0.053434018045663834, 0.687549889087677, 0.07118891924619675, 0.10686182230710983, 0.034603703767061234, 0.050998516380786896, 0.7502842545509338, 0.05725167691707611, 0.10050265491008759, 0.5107200741767883, 0.05169381573796272, 0.28968873620033264, 0.04739474505186081, 0.13138402998447418, 0.06361286342144012, 0.07473193854093552, 0.6713528633117676, 0.058918341994285583, 0.22792382538318634, 0.26731225848197937, 0.1078299805521965, 0.22673209011554718, 0.17020177841186523, 0.31649401783943176, 0.09799210727214813, 0.09935678541660309, 0.3363382816314697, 0.1498188078403473, 0.1845434010028839, 0.10068297386169434, 0.04677773267030716, 0.5603970289230347, 0.10759887844324112, 0.7591807842254639, 0.0632188469171524, 0.035735346376895905, 0.05893741920590401, 0.08292759954929352, 0.3416251838207245, 0.10562779754400253, 0.07114536315202713, 0.22235068678855896, 0.2592509388923645, 0.35614386200904846, 0.32712283730506897, 0.03556447476148605, 0.1984274983406067, 0.08274132758378983, 0.8548694849014282, 0.04428441822528839, 0.03317590430378914, 0.03673706203699112, 0.0309332013130188, 0.5892166495323181, 0.06485702097415924, 0.0608210451900959, 0.18246248364448547, 0.10264278948307037, 0.7147992253303528, 0.04959307983517647, 0.06821265071630478, 0.06385846436023712, 0.10353662818670273, 0.4513823091983795, 0.07720725238323212, 0.09572203457355499, 0.17355531454086304, 0.20213302969932556, 0.5508662462234497, 0.05881607532501221, 0.09310121089220047, 0.13345175981521606, 0.16376471519470215, 0.18887633085250854, 0.0729108527302742, 0.07242612540721893, 0.4236448109149933, 0.24214182794094086, 0.4845322370529175, 0.11061648279428482, 0.12276384979486465, 0.12232505530118942, 0.15976233780384064, 0.4440377354621887, 0.06528154760599136, 0.1124507263302803, 0.21978719532489777, 0.15844282507896423, 0.3903099596500397, 0.08050034195184708, 0.10265390574932098, 0.3081682622432709, 0.11836744844913483, 0.3750849962234497, 0.07315858453512192, 0.08500049263238907, 0.3424452543258667, 0.12431064993143082, 0.12335950881242752, 0.11559347808361053, 0.12530234456062317, 0.5352839231491089, 0.10046065598726273, 0.122291699051857, 0.08450084179639816, 0.16083301603794098, 0.510991632938385, 0.12138278037309647, 0.518896222114563, 0.13191387057304382, 