{"metrics": {"ACC": 45.45454545454545, "F1": 33.37009125546675}, "predictions": [1, 0, 3, 0, 4, 1, 1, 1, 3, 3, 3, 0, 0, 3, 0, 3, 3, 0, 1, 0, 1, 0, 0, 1, 0, 0, 0, 0, 0, 0, 0, 0, 0, 0, 0, 0, 1, 0, 3, 0, 3, 3, 3, 3, 3, 1, 0, 3, 0, 4, 0, 0, 0, 0, 0, 0, 3, 0, 0, 3, 3, 3, 3, 0, 0, 0, 4, 4, 0, 0, 0, 0, 0, 3, 3, 3, 0, 3, 3, 3, 3, 0, 0, 1, 0, 3, 3, 3, 4, 0, 4, 0, 0, 0, 0, 0, 0, 1, 4, 1, 3, 0, 0, 1, 0, 4, 0, 3, 1, 4, 1, 0, 0, 0, 0, 0, 1, 3, 1, 3, 0, 0, 1, 4, 3, 1, 0, 3, 1, 3, 1, 1, 3, 3, 3, 1, 0, 3, 1, 0, 0, 1, 0], "uids": ["0", "1", "2", "3", "4", "5", "6", "7", "8", "9", "10", "11", "12", "13", "14", "15", "16", "17", "18", "19", "20", "21", "22", "23", "24", "25", "26", "27", "28", "29", "30", "31", "32", "33", "34", "35", "36", "37", "38", "39", "40", "41", "42", "43", "44", "45", "46", "47", "48", "49", "50", "51", "52", "53", "54", "55", "56", "57", "58", "59", "60", "61", "62", "63", "64", "65", "66", "67", "68", "69", "70", "71", "72", "73", "74", "75", "76", "77", "78", "79", "80", "81", "82", "83", "84", "85", "86", "87", "88", "89", "90", "91", "92", "93", "94", "95", "96", "97", "98", "99", "100", "101", "102", "103", "104", "105", "106", "107", "108", "109", "110", "111", "112", "113", "114", "115", "116", "117", "118", "119", "120", "121", "122", "123", "124", "125", "126", "127", "128", "129", "130", "131", "132", "133", "134", "135", "136", "137", "138", "139", "140", "141", "142"], "scores": [0.3641897737979889, 0.4097353219985962, 0.03244177997112274, 0.015132726170122623, 0.1785004884004593, 0.8333041667938232, 0.02633821777999401, 0.04181769862771034, 0.028073782101273537, 0.07046619057655334, 0.21366280317306519, 0.007909266278147697, 0.07138831913471222, 0.6396393775939941, 0.06740029901266098, 0.8640267252922058, 0.0439937449991703, 0.028926925733685493, 0.01680883765220642, 0.04624369367957115, 0.20164091885089874, 0.20291350781917572, 0.14636042714118958, 0.03810148313641548, 0.4109836518764496, 0.10331033915281296, 0.5921108722686768, 0.07352481037378311, 0.030809419229626656, 0.20024454593658447, 0.13273462653160095, 0.7815412878990173, 0.017799492925405502, 0.01387326605618, 0.054051268845796585, 0.07770881801843643, 0.872462272644043, 0.014734691008925438, 0.005225745029747486, 0.029868382960557938, 0.20173881947994232, 0.0461665578186512, 0.08469190448522568, 0.39112430810928345, 0.27627843618392944, 0.3059130609035492, 0.05259626731276512, 0.047246336936950684, 0.4668802320957184, 0.12736409902572632, 0.11346035450696945, 0.04456781595945358, 0.08205282688140869, 0.42373889684677124, 0.3361801207065582, 0.340762734413147, 0.13919787108898163, 0.0684247836470604, 0.112728051841259, 0.3388865888118744, 0.284595251083374, 0.26447322964668274, 0.10043986886739731, 0.07503099739551544, 0.2754606604576111, 0.19352008402347565, 0.18239358067512512, 0.10194407403469086, 0.3104749917984009, 0.2116672843694687, 0.4004785418510437, 0.13110436499118805, 0.08826973289251328, 0.28870826959609985, 0.0914391577243805, 0.12307731062173843, 0.0163398627191782, 0.06838639825582504, 0.5508097410202026, 0.24138666689395905, 0.05280878022313118, 0.06435057520866394, 0.08396648615598679, 0.48841604590415955, 0.31045812368392944, 0.6797930598258972, 0.06666111946105957, 0.054752349853515625, 0.04201275482773781, 0.15678074955940247, 0.04842492192983627, 0.8979610800743103, 0.020458973944187164, 0.011020793579518795, 0.02213433012366295, 0.9339104890823364, 0.01499203871935606, 0.007101008668541908, 0.03628768399357796, 0.0077088153921067715, 0.1521032452583313, 0.7942652702331543, 0.0159666296094656, 0.0070397560484707355, 0.030625104904174805, 0.45802921056747437, 0.09250274300575256, 0.038007743656635284, 0.10980981588363647, 0.3016504645347595, 0.3710014224052429, 0.15529051423072815, 0.028890199959278107, 0.33591964840888977, 0.10889814049005508, 0.08444318175315857, 0.7284205555915833, 0.03937152773141861, 0.03436474874615669, 0.1133999302983284, 0.411404550075531, 0.06738360971212387, 0.1315859705209732, 0.17789188027381897, 0.21173395216464996, 0.886870265007019, 0.010609528049826622, 0.03416787087917328, 0.0394207239151001, 0.028931641951203346, 0.8079758286476135, 0.059488389641046524, 0.04832550510764122, 0.042855314910411835, 0.0413549430668354, 0.7526172995567322, 0.06628172099590302, 0.061951205134391785, 0.01683301478624344, 0.10231676697731018, 0.6042441129684448, 0.07877124100923538, 0.09561363607645035, 0.15081629157066345, 0.07055480033159256, 0.5923088788986206, 0.09195706993341446, 0.07460653781890869, 0.18377698957920074, 0.0573505163192749, 0.9144070148468018, 0.013557030819356441, 0.01411103643476963, 0.036235302686691284, 0.02168961986899376, 0.828171968460083, 0.06547070294618607, 0.03191184997558594, 0.05118314176797867, 0.02326233498752117, 0.9211885333061218, 0.014156647957861423, 0.02181357517838478, 0.01496200729161501, 0.02787918411195278, 0.8130202293395996, 0.0528949610888958, 0.05906074121594429, 0.01637927256524563, 0.05864475294947624, 0.9484874606132507, 0.011003904975950718, 0.017236050218343735, 0.007946599274873734, 0.015326018445193768, 0.8849928975105286, 0.03301302716135979, 0.02447277493774891, 0.01789800636470318, 0.03962324559688568, 0.09325957298278809, 0.8339942693710327, 0.020158249884843826, 0.00766669400036335, 0.04492122679948807, 0.48363474011421204, 0.03925326466560364, 0.09833381325006485, 0.1302299201488495, 0.248548224568367, 0.054141320288181305, 0.03514990583062172, 0.13126523792743683, 0.7139715552330017, 0.06547202169895172, 0.5920720100402832, 0.032845351845026016, 0.06375095248222351, 0.20893749594688416, 0.10239411145448685, 0.38558122515678406, 0.04916495457291603, 0.0838552713394165, 0.41511330008506775, 0.06628520041704178, 0.03652237728238106, 0.008321277797222137, 0.021032433956861496, 0.9052729606628418, 0.028850965201854706, 0.02832007221877575, 0.022497285157442093, 0.021974926814436913, 0.8938514590263367, 0.03335626795887947, 0.06219920143485069, 0.3157990574836731, 0.054043445736169815, 0.5433952808380127, 0.024563070386648178, 0.08073524385690689, 0.021624047309160233, 0.06760659068822861, 0.807728111743927, 0.022305961698293686, 0.09050814807415009, 0.6566585898399353, 0.08867556601762772, 0.048022687435150146, 0.11613495647907257, 0.31453847885131836, 0.08159618079662323, 0.13115864992141724, 0.3029535710811615, 0.16975314915180206, 0.0713348463177681, 0.06251160800457001, 0.031034987419843674, 0.7128183841705322, 0.12230012565851212, 0.945565402507782, 0.020379314199090004, 0.009830954484641552, 0.008072448894381523, 0.01615176536142826, 0.17289350926876068, 0.10338225215673447, 0.13337711989879608, 0.20087070763111115, 0.38947638869285583, 0.42454028129577637, 0.3237537443637848, 0.07472939044237137, 0.11306280642747879, 0.0639137402176857, 0.8787235617637634, 0.030682604759931564, 0.015887124463915825, 0.05874627083539963, 0.015960419550538063, 0.6808899641036987, 0.07490333914756775, 0.05611012503504753, 0.13516370952129364, 0.05293286219239235, 0.7792048454284668, 0.043516941368579865, 0.053674131631851196, 0.03457367792725563, 0.08903040736913681, 0.3392438292503357, 0.0581953339278698, 0.1662985384464264, 0.28445178270339966, 0.15181058645248413, 0.6461512446403503, 0.07228337228298187, 0.10478661209344864, 0.0630287304520607, 0.11375002562999725, 0.06139875203371048, 0.05026116967201233, 0.06557770073413849, 0.5345195531845093, 0.2882428467273712, 0.3274213373661041, 0.25711143016815186, 0.18881696462631226, 0.0896548256278038, 0.13699550926685333, 0.3809366822242737, 0.0724639892578125, 0.14596039056777954, 0.12892772257328033, 0.2717112600803375, 0.25083696842193604, 0.08211299777030945, 0.14415127038955688, 0.3339722454547882, 0.18892651796340942, 0.2658758759498596, 0.0792260691523552, 0.12719479203224182, 0.3737933039665222, 0.15390990674495697, 0.06706798821687698, 0.09599556028842926, 0.09909568727016449, 0.6679145097732544, 0.06992623955011368, 0.07020843774080276, 0.06654252856969833, 0.17227423191070557, 0.5792651176452637, 0.11170966923236847, 