{"metrics": {"ACC": 46.85314685314685, "F1": 34.92239873664023}, "predictions": [0, 0, 3, 0, 4, 1, 1, 1, 3, 3, 3, 4, 4, 3, 0, 3, 3, 0, 1, 0, 1, 0, 3, 1, 0, 0, 0, 0, 0, 0, 0, 0, 0, 0, 0, 0, 1, 0, 3, 0, 3, 3, 3, 3, 3, 1, 0, 3, 0, 4, 0, 0, 0, 0, 3, 0, 3, 0, 0, 3, 3, 3, 3, 0, 0, 0, 4, 4, 0, 0, 0, 0, 0, 3, 3, 3, 0, 3, 3, 3, 3, 0, 0, 1, 0, 3, 3, 3, 4, 0, 4, 0, 0, 0, 0, 0, 0, 1, 4, 1, 3, 0, 0, 1, 0, 4, 0, 3, 1, 0, 1, 0, 0, 0, 0, 0, 1, 3, 1, 3, 0, 0, 1, 4, 3, 1, 0, 3, 1, 3, 1, 1, 3, 3, 3, 1, 0, 3, 1, 0, 0, 1, 0], "uids": ["0", "1", "2", "3", "4", "5", "6", "7", "8", "9", "10", "11", "12", "13", "14", "15", "16", "17", "18", "19", "20", "21", "22", "23", "24", "25", "26", "27", "28", "29", "30", "31", "32", "33", "34", "35", "36", "37", "38", "39", "40", "41", "42", "43", "44", "45", "46", "47", "48", "49", "50", "51", "52", "53", "54", "55", "56", "57", "58", "59", "60", "61", "62", "63", "64", "65", "66", "67", "68", "69", "70", "71", "72", "73", "74", "75", "76", "77", "78", "79", "80", "81", "82", "83", "84", "85", "86", "87", "88", "89", "90", "91", "92", "93", "94", "95", "96", "97", "98", "99", "100", "101", "102", "103", "104", "105", "106", "107", "108", "109", "110", "111", "112", "113", "114", "115", "116", "117", "118", "119", "120", "121", "122", "123", "124", "125", "126", "127", "128", "129", "130", "131", "132", "133", "134", "135", "136", "137", "138", "139", "140", "141", "142"], "scores": [0.4044744074344635, 0.3126332759857178, 0.034115929156541824, 0.021836087107658386, 0.2269403338432312, 0.7656696438789368, 0.038906529545784, 0.04974746331572533, 0.03641534969210625, 0.10926106572151184, 0.27708882093429565, 0.00980948843061924, 0.07742198556661606, 0.563129186630249, 0.07255056500434875, 0.8413044810295105, 0.04909699410200119, 0.03106377087533474, 0.021684983745217323, 0.05684983730316162, 0.17995913326740265, 0.1955653727054596, 0.13680212199687958, 0.04833899810910225, 0.4393343925476074, 0.11182426661252975, 0.44696635007858276, 0.09111098200082779, 0.044449616223573685, 0.3056487441062927, 0.1415202021598816, 0.750664234161377, 0.019109291955828667, 0.01735306903719902, 0.07135322690010071, 0.08169189840555191, 0.8639833331108093, 0.013455812819302082, 0.006269690580666065, 0.03459927812218666, 0.18851962685585022, 0.04737601429224014, 0.07546249032020569, 0.43096253275871277, 0.25767937302589417, 0.3106032907962799, 0.058654967695474625, 0.043836094439029694, 0.4434366524219513, 0.14346900582313538, 0.18206271529197693, 0.04459064081311226, 0.06494368612766266, 0.40922456979751587, 0.2991783320903778, 0.32639017701148987, 0.13840292394161224, 0.06051443889737129, 0.12395498156547546, 0.35073742270469666, 0.27735719084739685, 0.2633717358112335, 0.08993878215551376, 0.08652687817811966, 0.2828054428100586, 0.21018469333648682, 0.17572005093097687, 0.08973847329616547, 0.315606027841568, 0.20875070989131927, 0.43296411633491516, 0.12243767827749252, 0.08151852339506149, 0.25785794854164124, 0.1052217110991478, 0.15485255420207977, 0.01731288619339466, 0.06841419637203217, 0.5219238996505737, 0.23749646544456482, 0.06404758244752884, 0.05423041433095932, 0.08049145340919495, 0.5274168252944946, 0.27381378412246704, 0.5313377380371094, 0.09488041698932648, 0.05570526421070099, 0.07973188906908035, 0.23834466934204102, 0.0631914958357811, 0.8795895576477051, 0.01925816386938095, 0.012663920409977436, 0.02529686875641346, 0.9147077202796936, 0.017386825755238533, 0.008450252935290337, 0.05036352574825287, 0.009091711603105068, 0.14284564554691315, 0.7939143776893616, 0.015500487759709358, 0.008443371392786503, 0.039296139031648636, 0.44379064440727234, 0.0971493050456047, 0.03724770247936249, 0.11325003951787949, 0.3085622489452362, 0.3094627857208252, 0.09931335598230362, 0.025430290028452873, 0.479709655046463, 0.08608392626047134, 0.10269778221845627, 0.68939208984375, 0.03784434124827385, 0.04237522557377815, 0.12769050896167755, 0.4079260230064392, 0.08156227320432663, 0.11564227938652039, 0.17521707713603973, 0.21965232491493225, 0.8517299890518188, 0.014333016239106655, 0.03874249383807182, 0.05211293324828148, 0.04308154061436653, 0.7732874751091003, 0.06369484961032867, 0.04917994141578674, 0.056768592447042465, 0.05706913769245148, 0.7063758969306946, 0.07434394210577011, 0.05946534126996994, 0.022222992032766342, 0.13759180903434753, 0.594211995601654, 0.07360493391752243, 0.0978037565946579, 0.16487634181976318, 0.06950295716524124, 0.5863847732543945, 0.08849085122346878, 0.07187675684690475, 0.19604748487472534, 0.05720019340515137, 0.8944680690765381, 0.015670612454414368, 0.015166730619966984, 0.04773877561092377, 0.02695579081773758, 0.7990386486053467, 0.0723147988319397, 0.03337617218494415, 0.060454607009887695, 0.03481573238968849, 0.8996303081512451, 0.019030239433050156, 0.02569505013525486, 0.0178364384919405, 0.03780784830451012, 0.8020654916763306, 0.05081789195537567, 0.058045629411935806, 0.01943015307188034, 0.06964090466499329, 0.9360376000404358, 0.013736074790358543, 0.019983287900686264, 0.01028455886989832, 0.019958557561039925, 0.8434102535247803, 0.04148166999220848, 0.028392929583787918, 0.02460736595094204, 0.06210782378911972, 0.09350762516260147, 0.8213005065917969, 0.01928090862929821, 0.009338404051959515, 0.056572504341602325, 0.47047504782676697, 0.04114949703216553, 0.08257417380809784, 0.13172553479671478, 0.2740757167339325, 0.05801426246762276, 0.03568750619888306, 0.12468466907739639, 0.70982825756073, 0.07178527861833572, 0.5809007287025452, 0.03704886510968208, 0.059807807207107544, 0.19681966304779053, 0.12542295455932617, 0.38948264718055725, 0.04995220899581909, 0.07639389485120773, 0.39816707372665405, 0.08600414544343948, 0.03994091600179672, 0.009150811471045017, 0.020882107317447662, 0.900601327419281, 0.02942483499646187, 0.03741302713751793, 0.024552352726459503, 0.02348739095032215, 0.874710738658905, 0.03983652591705322, 0.07212011516094208, 0.32590585947036743, 0.05428458750247955, 0.5177597403526306, 0.02992963418364525, 0.09081719070672989, 0.026297304779291153, 0.06796013563871384, 0.7865591049194336, 0.02836630307137966, 0.13872964680194855, 0.5447377562522888, 0.09136277437210083, 0.07234051078557968, 0.15282931923866272, 0.33922070264816284, 0.0842641070485115, 0.11311568319797516, 0.29157719016075134, 0.17182232439517975, 0.10934652388095856, 0.06317541748285294, 0.03263211250305176, 0.6663768291473389, 0.12846915423870087, 0.9335612654685974, 0.02234186790883541, 0.010914618149399757, 0.011721362359821796, 0.021460965275764465, 0.1695108264684677, 0.09920548647642136, 0.10928519070148468, 0.2549051344394684, 0.36709338426589966, 0.4404832422733307, 0.26658815145492554, 0.06474850326776505, 0.15724967420101166, 0.07093039900064468, 0.8240934014320374, 0.042819686233997345, 0.01957215927541256, 0.08569733798503876, 0.027817416936159134, 0.6637696623802185, 0.07845837622880936, 0.050052154809236526, 0.14281925559043884, 0.06490051001310349, 0.7757278084754944, 0.04145744442939758, 0.05089627578854561, 0.0455995611846447, 0.08631892502307892, 0.3089577257633209, 0.05655241012573242, 0.1290128380060196, 0.32404056191444397, 0.1814364194869995, 0.6292222738265991, 0.06574364751577377, 0.09524327516555786, 0.07297635078430176, 0.13681446015834808, 0.07306704670190811, 0.05372701585292816, 0.060041751712560654, 0.5374447703361511, 0.27571946382522583, 0.34044069051742554, 0.2288782000541687, 0.16780897974967957, 0.09808995574712753, 0.1647821068763733, 0.4401406943798065, 0.06098465248942375, 0.12392901629209518, 0.13524098694324493, 0.23970463871955872, 0.2998286187648773, 0.07824695110321045, 0.11878883838653564, 0.3119642734527588, 0.1911713033914566, 0.3276675045490265, 0.07802783697843552, 0.10446494817733765, 0.337529718875885, 0.15230989456176758, 0.06461364030838013, 0.08798334747552872, 0.09161200374364853, 0.6848520636558533, 0.07093891501426697, 0.07581011205911636, 0.07052166759967804, 0.17220714688301086, 0.5656645894050598, 0.11579649895429611, 