{"metrics": {"ACC": 42.65734265734265, "F1": 28.667817179758387}, "predictions": [0, 0, 0, 0, 0, 0, 1, 1, 0, 3, 3, 0, 0, 0, 3, 3, 3, 0, 1, 0, 1, 0, 3, 1, 0, 0, 0, 0, 0, 0, 0, 0, 0, 0, 0, 0, 1, 0, 3, 0, 0, 3, 3, 1, 3, 0, 3, 3, 0, 0, 1, 0, 0, 0, 0, 0, 3, 0, 0, 0, 0, 3, 3, 0, 0, 0, 3, 3, 0, 0, 0, 0, 3, 1, 3, 3, 0, 3, 3, 3, 3, 0, 0, 0, 0, 3, 3, 3, 1, 0, 1, 0, 0, 0, 0, 0, 3, 3, 3, 1, 3, 0, 0, 1, 0, 0, 0, 3, 0, 0, 1, 0, 0, 0, 0, 0, 1, 0, 1, 3, 0, 0, 1, 3, 0, 1, 0, 0, 1, 3, 1, 1, 3, 3, 1, 1, 0, 0, 1, 3, 3, 1, 0], "uids": ["0", "1", "2", "3", "4", "5", "6", "7", "8", "9", "10", "11", "12", "13", "14", "15", "16", "17", "18", "19", "20", "21", "22", "23", "24", "25", "26", "27", "28", "29", "30", "31", "32", "33", "34", "35", "36", "37", "38", "39", "40", "41", "42", "43", "44", "45", "46", "47", "48", "49", "50", "51", "52", "53", "54", "55", "56", "57", "58", "59", "60", "61", "62", "63", "64", "65", "66", "67", "68", "69", "70", "71", "72", "73", "74", "75", "76", "77", "78", "79", "80", "81", "82", "83", "84", "85", "86", "87", "88", "89", "90", "91", "92", "93", "94", "95", "96", "97", "98", "99", "100", "101", "102", "103", "104", "105", "106", "107", "108", "109", "110", "111", "112", "113", "114", "115", "116", "117", "118", "119", "120", "121", "122", "123", "124", "125", "126", "127", "128", "129", "130", "131", "132", "133", "134", "135", "136", "137", "138", "139", "140", "141", "142"], "scores": [0.5480824708938599, 0.12397200614213943, 0.058287981897592545, 0.14415131509304047, 0.125506192445755, 0.577267050743103, 0.08378812670707703, 0.07803229987621307, 0.1065031960606575, 0.1544092893600464, 0.386872798204422, 0.049971871078014374, 0.10117846727371216, 0.3579922616481781, 0.10398459434509277, 0.5143301486968994, 0.10162516683340073, 0.07663100957870483, 0.14637444913387299, 0.16103927791118622, 0.35021066665649414, 0.20015329122543335, 0.0954313650727272, 0.161441832780838, 0.19276288151741028, 0.3732371926307678, 0.27302101254463196, 0.06637454777956009, 0.11080079525709152, 0.176566481590271, 0.19827307760715485, 0.6643083095550537, 0.027816887944936752, 0.04671875387430191, 0.0628829151391983, 0.15737682580947876, 0.7179535031318665, 0.028794312849640846, 0.03903723508119583, 0.05683814361691475, 0.32194629311561584, 0.11644823104143143, 0.11835572123527527, 0.26636436581611633, 0.17688538134098053, 0.23281030356884003, 0.21946179866790771, 0.06661869585514069, 0.2885155975818634, 0.19259364902973175, 0.20157214999198914, 0.1361495852470398, 0.09155119210481644, 0.32460999488830566, 0.24611704051494598, 0.49284133315086365, 0.16204118728637695, 0.06073502451181412, 0.14203891158103943, 0.14234362542629242, 0.3373734652996063, 0.24462462961673737, 0.08774546533823013, 0.15721440315246582, 0.17304211854934692, 0.3009950816631317, 0.2793917655944824, 0.06449059396982193, 0.20075497031211853, 0.1543676108121872, 0.21710143983364105, 0.1392933428287506, 0.08530732989311218, 0.42131340503692627, 0.1369844377040863, 0.2613447308540344, 0.09772459417581558, 0.11468137800693512, 0.3230411112308502, 0.20320822298526764, 0.20579583942890167, 0.127164825797081, 0.119405098259449, 0.36270275712013245, 0.18493148684501648, 0.40341445803642273, 0.14257648587226868, 0.06845781207084656, 0.1921510249376297, 0.1934003084897995, 0.18550831079483032, 0.6539950966835022, 0.04674972593784332, 0.0595010481774807, 0.05424584075808525, 0.8510279655456543, 0.05324044078588486, 0.02100689709186554, 0.050746552646160126, 0.023978151381015778, 0.17844930291175842, 0.6865689754486084, 0.030688926577568054, 0.045381445437669754, 0.058911316096782684, 0.5670468807220459, 0.14327993988990784, 0.0450001023709774, 0.10144037753343582, 0.14323268830776215, 0.2845669090747833, 0.17496523261070251, 0.04472595825791359, 0.4069862365722656, 0.08875562995672226, 0.21950416266918182, 0.5542352199554443, 0.047683171927928925, 0.07492537796497345, 0.10365207493305206, 0.32839345932006836, 0.19734646379947662, 0.10611872375011444, 0.21010936796665192, 0.15803201496601105, 0.5588157773017883, 0.08023899793624878, 0.0762406587600708, 0.13754437863826752, 0.14716021716594696, 0.544556200504303, 0.11957735568284988, 0.06819259375333786, 0.13851085305213928, 0.1291629821062088, 0.6064830422401428, 0.12405860424041748, 0.06200648471713066, 0.0799967423081398, 0.12745516002178192, 0.38172852993011475, 0.1576724499464035, 0.10915277898311615, 0.22142592072486877, 0.13002024590969086, 0.35578590631484985, 0.16861149668693542, 0.07687190920114517, 0.28294113278388977, 0.1157894879579544, 0.7950485348701477, 0.054897502064704895, 0.03010912612080574, 0.05513592064380646, 0.0648089200258255, 0.7284600138664246, 0.08939917385578156, 0.0490557998418808, 0.08198130130767822, 0.05110366269946098, 0.663185715675354, 0.07430456578731537, 0.09282446652650833, 0.08304031938314438, 0.08664492517709732, 0.579533576965332, 0.11850128322839737, 0.11341337114572525, 0.08700523525476456, 0.10154659301042557, 0.7044598460197449, 0.06334945559501648, 0.08039628714323044, 0.07189074158668518, 0.07990361005067825, 0.6395728588104248, 0.11254069209098816, 0.051264118403196335, 0.08250383287668228, 0.11411860585212708, 0.17591311037540436, 0.6927717328071594, 0.030786791816353798, 0.04157619550824165, 0.058952149003744125, 0.35098278522491455, 0.10343805700540543, 0.10596241801977158, 0.2526620030403137, 0.18695467710494995, 0.20027069747447968, 0.1243104338645935, 0.10612353682518005, 0.4346545338630676, 0.13464082777500153, 0.437835693359375, 0.09318972378969193, 0.07254388928413391, 0.23903436958789825, 0.1573963165283203, 0.37927138805389404, 0.12699148058891296, 0.07341692596673965, 0.31058943271636963, 0.10973081737756729, 0.18882106244564056, 0.057194262742996216, 0.0691787600517273, 0.5914267897605896, 0.09337908029556274, 0.1581430584192276, 0.069352887570858, 0.07107426226139069, 0.620795488357544, 0.08063435554504395, 0.16666968166828156, 0.44716835021972656, 0.07732374221086502, 0.25200536847114563, 0.056832898408174515, 0.2654629647731781, 0.1281403750181198, 0.10227425396442413, 0.4244667887687683, 0.07965559512376785, 0.2796120345592499, 0.2627350986003876, 0.11692377179861069, 0.24261489510536194, 0.09811419248580933, 0.3064318597316742, 0.14013680815696716, 0.11024229228496552, 0.3266408145427704, 0.11654827743768692, 0.2185806930065155, 0.2622279226779938, 0.053495265543460846, 0.3745335042476654, 0.0911625474691391, 0.6527868509292603, 0.09576709568500519, 0.04363986477255821, 0.11814870685338974, 0.08965744078159332, 0.35848793387413025, 0.23182399570941925, 0.056462790817022324, 0.17525506019592285, 0.17797021567821503, 0.2952083349227905, 0.4741731286048889, 0.030446389690041542, 0.12280972301959991, 0.07736238092184067, 0.8255759477615356, 0.06851793080568314, 0.02944439835846424, 0.04388756677508354, 0.03257414698600769, 0.44945377111434937, 0.13528631627559662, 0.05580175668001175, 0.2580207288265228, 0.1014375388622284, 0.6068792343139648, 0.08819131553173065, 0.0755193829536438, 0.11349370330572128, 0.11591637134552002, 0.39934873580932617, 0.11834927648305893, 0.10228298604488373, 0.22005215287208557, 0.159966841340065, 0.49664533138275146, 0.08884172886610031, 0.09255337715148926, 0.17024779319763184, 0.15171174705028534, 0.23097632825374603, 0.12530365586280823, 0.07068751752376556, 0.37224698066711426, 0.20078550279140472, 0.4596404433250427, 0.16065648198127747, 0.09349605441093445, 0.150074303150177, 0.13613271713256836, 0.49963489174842834, 0.08728159964084625, 0.08862897008657455, 0.19600749015808105, 0.1284470409154892, 0.4384936988353729, 0.11502522975206375, 0.08016637712717056, 0.26186123490333557, 0.10445346683263779, 0.4058990180492401, 0.11241414397954941, 0.07062488049268723, 0.30333128571510315, 0.10773059725761414, 0.17974191904067993, 0.19304153323173523, 0.11593766510486603, 0.4091644585132599, 0.10211432725191116, 0.1649552583694458, 0.1390717476606369, 0.13478082418441772, 0.4381830096244812, 0.123009093105793, 0.4554552137851715, 0.2040305733680725, 