{"metrics": {"ACC": 46.85314685314685, "F1": 34.10642135642136}, "predictions": [0, 0, 3, 0, 4, 1, 1, 1, 3, 3, 3, 0, 0, 3, 0, 3, 3, 0, 1, 0, 1, 0, 0, 1, 0, 0, 0, 0, 0, 0, 0, 0, 0, 0, 0, 0, 1, 0, 3, 0, 3, 3, 3, 3, 3, 1, 0, 3, 0, 4, 1, 0, 0, 0, 0, 0, 3, 0, 0, 0, 0, 3, 3, 0, 0, 0, 4, 4, 0, 0, 0, 0, 0, 0, 0, 3, 0, 3, 3, 3, 3, 0, 0, 0, 0, 3, 3, 3, 0, 0, 4, 0, 0, 0, 0, 0, 0, 4, 4, 1, 3, 0, 0, 1, 0, 0, 0, 3, 1, 0, 1, 0, 0, 0, 0, 0, 1, 0, 1, 3, 0, 0, 1, 4, 0, 1, 0, 3, 1, 3, 1, 1, 3, 3, 1, 1, 0, 0, 1, 0, 0, 1, 0], "uids": ["0", "1", "2", "3", "4", "5", "6", "7", "8", "9", "10", "11", "12", "13", "14", "15", "16", "17", "18", "19", "20", "21", "22", "23", "24", "25", "26", "27", "28", "29", "30", "31", "32", "33", "34", "35", "36", "37", "38", "39", "40", "41", "42", "43", "44", "45", "46", "47", "48", "49", "50", "51", "52", "53", "54", "55", "56", "57", "58", "59", "60", "61", "62", "63", "64", "65", "66", "67", "68", "69", "70", "71", "72", "73", "74", "75", "76", "77", "78", "79", "80", "81", "82", "83", "84", "85", "86", "87", "88", "89", "90", "91", "92", "93", "94", "95", "96", "97", "98", "99", "100", "101", "102", "103", "104", "105", "106", "107", "108", "109", "110", "111", "112", "113", "114", "115", "116", "117", "118", "119", "120", "121", "122", "123", "124", "125", "126", "127", "128", "129", "130", "131", "132", "133", "134", "135", "136", "137", "138", "139", "140", "141", "142"], "scores": [0.3828864097595215, 0.36931678652763367, 0.0428520143032074, 0.01967015117406845, 0.1852746605873108, 0.765018880367279, 0.041641537100076675, 0.06231957674026489, 0.04150756448507309, 0.08951238542795181, 0.2106308490037918, 0.012288467027246952, 0.08395129442214966, 0.6174221634864807, 0.07570724934339523, 0.7981240153312683, 0.06356965005397797, 0.04402481019496918, 0.025445599108934402, 0.06883584707975388, 0.2412724494934082, 0.20441021025180817, 0.1440226435661316, 0.0441863015294075, 0.36610838770866394, 0.14282751083374023, 0.5409451127052307, 0.07940574735403061, 0.03389507159590721, 0.20292657613754272, 0.14079144597053528, 0.7760472297668457, 0.018383098766207695, 0.014543510973453522, 0.05023463815450668, 0.09040414541959763, 0.852168619632721, 0.01670944318175316, 0.0077250017784535885, 0.03299269452691078, 0.2225058674812317, 0.06241903081536293, 0.10251999646425247, 0.34390535950660706, 0.2686498165130615, 0.2586655616760254, 0.08086571097373962, 0.06237068772315979, 0.4634494185447693, 0.13464856147766113, 0.12430287897586823, 0.060791030526161194, 0.09252124279737473, 0.4060102105140686, 0.3163745701313019, 0.34105774760246277, 0.17872382700443268, 0.0766032263636589, 0.11377892643213272, 0.2898362874984741, 0.30694934725761414, 0.2590550482273102, 0.10201830416917801, 0.08683080226182938, 0.24514655768871307, 0.22182214260101318, 0.18704167008399963, 0.0929359570145607, 0.2976280152797699, 0.2005721777677536, 0.4104548692703247, 0.12270768731832504, 0.09813500940799713, 0.26753824949264526, 0.10116421431303024, 0.15072399377822876, 0.02555612288415432, 0.08460076153278351, 0.46776530146598816, 0.2713537812232971, 0.07964476943016052, 0.07874717563390732, 0.09589860588312149, 0.43903815746307373, 0.30667129158973694, 0.5941919088363647, 0.08470745384693146, 0.07318432629108429, 0.07118038833141327, 0.17673595249652863, 0.07608700543642044, 0.8583407402038574, 0.022902928292751312, 0.013685951009392738, 0.02898346073925495, 0.913455069065094, 0.01971956342458725, 0.009696627967059612, 0.04769247770309448, 0.00943631213158369, 0.15076656639575958, 0.7849673628807068, 0.019021812826395035, 0.009736206382513046, 0.03550803288817406, 0.47224101424217224, 0.11335950344800949, 0.0414704829454422, 0.10417980700731277, 0.2687492072582245, 0.3652908205986023, 0.18145915865898132, 0.03210710361599922, 0.30803781747817993, 0.11310503631830215, 0.11606702953577042, 0.6767801642417908, 0.04437786713242531, 0.040181390941143036, 0.12259358167648315, 0.38389262557029724, 0.10315722227096558, 0.1369488388299942, 0.13867488503456116, 0.2373264878988266, 0.8007392883300781, 0.02293286845088005, 0.062474943697452545, 0.06351466476917267, 0.05033816769719124, 0.7129577994346619, 0.08270275592803955, 0.07469090074300766, 0.07064472883939743, 0.05900377407670021, 0.6858221292495728, 0.09111572802066803, 0.08293306082487106, 0.025153808295726776, 0.11497523635625839, 0.5806240439414978, 0.0874214693903923, 0.10648714005947113, 0.14758731424808502, 0.07787998765707016, 0.5799192786216736, 0.09587898850440979, 0.08550675958395004, 0.17293010652065277, 0.0657648891210556, 0.9025996923446655, 0.017711883410811424, 0.0173313170671463, 0.036978065967559814, 0.025379080325365067, 0.7944648265838623, 0.08383248001337051, 0.04012087360024452, 0.05235383287072182, 0.029227856546640396, 0.8586094379425049, 0.030989669263362885, 0.04288673400878906, 0.022838611155748367, 0.04467552527785301, 0.7453235983848572, 0.06996442377567291, 0.08536774665117264, 0.025786621496081352, 0.07355765253305435, 0.8932697772979736, 0.02316443808376789, 0.036707792431116104, 0.01603677310049534, 0.03082120046019554, 0.823822021484375, 0.05346503108739853, 0.03767719864845276, 0.026361480355262756, 0.05867432430386543, 0.10467658191919327, 0.8178046345710754, 0.021532651036977768, 0.010106458328664303, 0.045879654586315155, 0.40542516112327576, 0.06125536561012268, 0.09371708333492279, 0.10418148338794708, 0.33542096614837646, 0.07571005821228027, 0.045186907052993774, 0.1325739473104477, 0.6717632412910461, 0.0747658908367157, 0.5469552278518677, 0.045865535736083984, 0.0753588154911995, 0.21413224935531616, 0.11768817156553268, 0.3424738049507141, 0.07080402970314026, 0.09035082906484604, 0.4150845408439636, 0.08128679543733597, 0.04405520111322403, 0.010491847060620785, 0.025587311014533043, 0.8869651556015015, 0.03290044143795967, 0.0342068150639534, 0.02841353416442871, 0.026556240394711494, 0.8736469745635986, 0.03717641532421112, 0.07550514489412308, 0.39673712849617004, 0.05291203036904335, 0.4415642023086548, 0.03328152745962143, 0.09469775855541229, 0.04537932947278023, 0.07463293522596359, 0.7502736449241638, 0.03501630574464798, 0.13405747711658478, 0.6103893518447876, 0.08362425863742828, 0.06388697773218155, 0.108041912317276, 0.35896897315979004, 0.08939657360315323, 0.12211553007364273, 0.2803709805011749, 0.14914795756340027, 0.1633654236793518, 0.09542582929134369, 0.03996336832642555, 0.5805954337120056, 0.12064997106790543, 0.9157627820968628, 0.02991616167128086, 0.01676502265036106, 0.011567745357751846, 0.025988280773162842, 0.18898126482963562, 0.11129505932331085, 0.12903320789337158, 0.2195824235677719, 0.35110801458358765, 0.35866525769233704, 0.3852580785751343, 0.05867919325828552, 0.12600967288017273, 0.07138783484697342, 0.8543510437011719, 0.04795215651392937, 0.021418949589133263, 0.05517952889204025, 0.02109835483133793, 0.5930919647216797, 0.08627530932426453, 0.062020618468523026, 0.2023724615573883, 0.05623958259820938, 0.744343101978302, 0.05341814458370209, 0.06573842465877533, 0.04762600362300873, 0.08887433260679245, 0.4649159610271454, 0.08049675077199936, 0.1443270742893219, 0.14645619690418243, 0.16380400955677032, 0.6005833148956299, 0.08501705527305603, 0.12032487243413925, 0.07953117042779922, 0.11454354971647263, 0.07807459682226181, 0.05954689532518387, 0.06484577804803848, 0.5349361896514893, 0.2625965178012848, 0.334097683429718, 0.22084562480449677, 0.1855401247739792, 0.11584900319576263, 0.1436675488948822, 0.47959810495376587, 0.0606849230825901, 0.12542876601219177, 0.12457269430160522, 0.20971550047397614, 0.3622368276119232, 0.08312081545591354, 0.13549906015396118, 0.2386159747838974, 0.18052732944488525, 0.38512036204338074, 0.08608648180961609, 0.12023046612739563, 0.24667450785636902, 0.16188810765743256, 0.07235255837440491, 0.11458136141300201, 0.1116628497838974, 0.6233400702476501, 0.07806320488452911, 0.07606998085975647, 0.07745464146137238, 0.1800689846277237, 0.5452688932418823, 0.12113752961158752, 0.6713197827339172, 