{"metrics": {"ACC": 45.45454545454545, "F1": 32.179733840750785}, "predictions": [0, 0, 0, 0, 0, 0, 1, 1, 0, 3, 0, 0, 0, 0, 0, 0, 3, 0, 1, 0, 1, 0, 0, 1, 0, 0, 0, 0, 0, 0, 0, 0, 0, 0, 0, 0, 1, 0, 3, 0, 0, 3, 3, 3, 3, 1, 0, 3, 0, 0, 0, 0, 0, 0, 0, 0, 3, 0, 0, 0, 0, 3, 3, 0, 0, 0, 4, 4, 0, 0, 0, 0, 0, 3, 3, 3, 0, 3, 3, 3, 3, 0, 0, 0, 0, 3, 3, 3, 0, 0, 0, 0, 0, 0, 0, 0, 0, 0, 0, 1, 0, 0, 0, 0, 0, 0, 0, 3, 0, 0, 1, 0, 0, 0, 0, 0, 1, 0, 1, 3, 0, 0, 0, 4, 0, 1, 0, 0, 1, 3, 1, 1, 3, 3, 3, 1, 0, 0, 1, 0, 0, 1, 0], "uids": ["0", "1", "2", "3", "4", "5", "6", "7", "8", "9", "10", "11", "12", "13", "14", "15", "16", "17", "18", "19", "20", "21", "22", "23", "24", "25", "26", "27", "28", "29", "30", "31", "32", "33", "34", "35", "36", "37", "38", "39", "40", "41", "42", "43", "44", "45", "46", "47", "48", "49", "50", "51", "52", "53", "54", "55", "56", "57", "58", "59", "60", "61", "62", "63", "64", "65", "66", "67", "68", "69", "70", "71", "72", "73", "74", "75", "76", "77", "78", "79", "80", "81", "82", "83", "84", "85", "86", "87", "88", "89", "90", "91", "92", "93", "94", "95", "96", "97", "98", "99", "100", "101", "102", "103", "104", "105", "106", "107", "108", "109", "110", "111", "112", "113", "114", "115", "116", "117", "118", "119", "120", "121", "122", "123", "124", "125", "126", "127", "128", "129", "130", "131", "132", "133", "134", "135", "136", "137", "138", "139", "140", "141", "142"], "scores": [0.6082084774971008, 0.1636127084493637, 0.046031273901462555, 0.03437339887022972, 0.14777415990829468, 0.7083157300949097, 0.05758657306432724, 0.06267078965902328, 0.05717693641781807, 0.11424998939037323, 0.44153937697410583, 0.01949932612478733, 0.08481135964393616, 0.3730795979499817, 0.08107031136751175, 0.7467307448387146, 0.06325981020927429, 0.048848528414964676, 0.05015797168016434, 0.09100284427404404, 0.39906999468803406, 0.17220155894756317, 0.1182003915309906, 0.06120140478014946, 0.2493266612291336, 0.40804675221443176, 0.3156720697879791, 0.06710046529769897, 0.04055415466427803, 0.1686265468597412, 0.15435506403446198, 0.7445437908172607, 0.018860802054405212, 0.024572845548391342, 0.05766749009490013, 0.12462104111909866, 0.8106726408004761, 0.013834047131240368, 0.014207212254405022, 0.03666501119732857, 0.35213226079940796, 0.06657828390598297, 0.0928206518292427, 0.29943180084228516, 0.18903709948062897, 0.32015562057495117, 0.11223945021629333, 0.05842424929141998, 0.38975197076797485, 0.11942870914936066, 0.35229185223579407, 0.060559891164302826, 0.07190679013729095, 0.3066236674785614, 0.20861777663230896, 0.5747529864311218, 0.1133817657828331, 0.04945625364780426, 0.10019376873970032, 0.1622152328491211, 0.43644824624061584, 0.2029634267091751, 0.07021281123161316, 0.11277475208044052, 0.17760072648525238, 0.4089309275150299, 0.14263208210468292, 0.0588541217148304, 0.24848799407482147, 0.14109495282173157, 0.4252046048641205, 0.12780368328094482, 0.07571181654930115, 0.25955963134765625, 0.11172022670507431, 0.33057740330696106, 0.04005030170083046, 0.09458555281162262, 0.3274291157722473, 0.20735765993595123, 0.18655282258987427, 0.07569485157728195, 0.10842324793338776, 0.3978571891784668, 0.23147186636924744, 0.6757605075836182, 0.08565355837345123, 0.049520544707775116, 0.066036656498909, 0.12302882224321365, 0.1451186239719391, 0.7901087999343872, 0.017724638804793358, 0.021190796047449112, 0.025857171043753624, 0.9054536819458008, 0.028793003410100937, 0.010438969358801842, 0.04178763926029205, 0.013526763767004013, 0.1668165773153305, 0.7549698352813721, 0.01753995195031166, 0.01889059506356716, 0.0417829230427742, 0.6639732122421265, 0.10240044444799423, 0.032233286648988724, 0.06170784309506416, 0.1396852284669876, 0.514329731464386, 0.15117709338665009, 0.024095844477415085, 0.21391519904136658, 0.09648220986127853, 0.219835564494133, 0.5862929821014404, 0.03561791032552719, 0.056561265140771866, 0.10169225186109543, 0.4225011467933655, 0.14224937558174133, 0.08907708525657654, 0.1582905501127243, 0.18788187205791473, 0.8057453036308289, 0.028199221938848495, 0.043973587453365326, 0.05601518973708153, 0.06606657058000565, 0.7603739500045776, 0.0648299902677536, 0.045618027448654175, 0.06904318928718567, 0.06013493612408638, 0.6900314092636108, 0.09509646892547607, 0.057234156876802444, 0.03362014889717102, 0.12401784956455231, 0.5726006627082825, 0.09307774901390076, 0.08500414341688156, 0.1587456464767456, 0.09057178348302841, 0.6004831194877625, 0.10012219101190567, 0.062271710485219955, 0.16663244366645813, 0.07049053907394409, 0.8825189471244812, 0.026628434658050537, 0.018399346619844437, 0.02850925549864769, 0.043944135308265686, 0.7900423407554626, 0.0783122330904007, 0.03423990309238434, 0.05931050330400467, 0.03809500113129616, 0.8271834254264832, 0.037497710436582565, 0.04769791662693024, 0.029182380065321922, 0.0584384985268116, 0.7309240102767944, 0.09468217194080353, 0.07185032218694687, 0.030539512634277344, 0.07200402766466141, 0.8766844868659973, 0.02844218537211418, 0.036035750061273575, 0.01895317994058132, 0.039884328842163086, 0.7381024360656738, 0.0819048061966896, 0.03941264748573303, 0.042989086359739304, 0.09759102761745453, 0.14372488856315613, 0.7778464555740356, 0.016594910994172096, 0.016885265707969666, 0.04494857415556908, 0.4664160907268524, 0.06661460548639297, 0.08667813986539841, 0.1530618667602539, 0.2272292673587799, 0.1496771275997162, 0.0569646991789341, 0.10823560506105423, 0.5851091742515564, 0.10001344978809357, 0.5722492337226868, 0.05857709422707558, 0.06119808927178383, 0.1790735274553299, 0.1289021074771881, 0.4178953766822815, 0.07973731309175491, 0.06978917121887207, 0.31281226873397827, 0.11976591497659683, 0.15181133151054382, 0.02332647703588009, 0.039854489266872406, 0.7288562059402466, 0.05615147948265076, 0.12333916872739792, 0.042562175542116165, 0.04117058962583542, 0.7321534156799316, 0.06077459454536438, 0.15486760437488556, 0.32309404015541077, 0.04963855817914009, 0.4353421628475189, 0.03705769032239914, 0.19045573472976685, 0.05702191963791847, 0.0737975612282753, 0.6258399486541748, 0.05288480222225189, 0.29993048310279846, 0.3732854425907135, 0.08762313425540924, 0.12959344685077667, 0.10956749320030212, 0.4922870099544525, 0.08504928648471832, 0.09281371533870697, 0.21911616623401642, 0.11073382198810577, 0.38169974088668823, 0.09228084981441498, 0.03407352417707443, 0.39281347393989563, 0.09913241863250732, 0.861841082572937, 0.04740168899297714, 0.020575514063239098, 0.02816387638449669, 0.04201778024435043, 0.3528563976287842, 0.10143622010946274, 0.0859297588467598, 0.21442806720733643, 0.24534957110881805, 0.541292130947113, 0.244021475315094, 0.02656511589884758, 0.12788739800453186, 0.060233861207962036, 0.8764811158180237, 0.04987749829888344, 0.018194064497947693, 0.032080117613077164, 0.023367125540971756, 0.7116566896438599, 0.0643787607550621, 0.03914212808012962, 0.12760497629642487, 0.057217393070459366, 0.7911127209663391, 0.044771887362003326, 0.04431851580739021, 0.045266587287187576, 0.07453025877475739, 0.5288049578666687, 0.08528847247362137, 0.10343201458454132, 0.1393878161907196, 0.14308670163154602, 0.6457729339599609, 0.06846123933792114, 0.08250356465578079, 0.09466450661420822, 0.10859785974025726, 0.21178843080997467, 0.06396975368261337, 0.0656970664858818, 0.43334490060806274, 0.2251998335123062, 0.49204501509666443, 0.17322470247745514, 0.12361317127943039, 0.10153873264789581, 0.10957834869623184, 0.6933251619338989, 0.0482231080532074, 0.07218734920024872, 0.07915311306715012, 0.10711123794317245, 0.5752273201942444, 0.06969229131937027, 0.08090733736753464, 0.16371576488018036, 0.11045730859041214, 0.5941392779350281, 0.07426140457391739, 0.06978058069944382, 0.1634858250617981, 0.09833292663097382, 0.14927533268928528, 0.1395505666732788, 0.11111998558044434, 0.514116644859314, 0.08593739569187164, 0.14156779646873474, 0.09108063578605652, 0.1682649850845337, 0.4825414717197418, 0.11654507368803024, 0.7031125426292419,