{"metrics": {"ACC": 39.16083916083916, "F1": 23.86093827537504}, "predictions": [0, 0, 0, 0, 0, 0, 1, 1, 0, 1, 0, 0, 0, 0, 3, 0, 0, 0, 1, 0, 1, 0, 0, 1, 0, 0, 0, 0, 1, 0, 0, 0, 0, 0, 0, 0, 1, 0, 1, 0, 0, 3, 3, 1, 1, 1, 3, 1, 0, 0, 0, 0, 0, 0, 0, 0, 0, 0, 0, 0, 0, 3, 3, 0, 0, 0, 0, 1, 0, 0, 0, 0, 1, 1, 3, 1, 0, 0, 0, 0, 3, 0, 0, 0, 0, 3, 3, 3, 1, 1, 1, 1, 0, 0, 1, 3, 1, 1, 1, 1, 1, 0, 0, 1, 0, 0, 0, 3, 0, 0, 1, 0, 0, 0, 0, 0, 0, 0, 1, 0, 0, 0, 1, 3, 1, 1, 0, 0, 1, 1, 1, 1, 1, 1, 1, 1, 0, 1, 1, 1, 1, 1, 0], "uids": ["0", "1", "2", "3", "4", "5", "6", "7", "8", "9", "10", "11", "12", "13", "14", "15", "16", "17", "18", "19", "20", "21", "22", "23", "24", "25", "26", "27", "28", "29", "30", "31", "32", "33", "34", "35", "36", "37", "38", "39", "40", "41", "42", "43", "44", "45", "46", "47", "48", "49", "50", "51", "52", "53", "54", "55", "56", "57", "58", "59", "60", "61", "62", "63", "64", "65", "66", "67", "68", "69", "70", "71", "72", "73", "74", "75", "76", "77", "78", "79", "80", "81", "82", "83", "84", "85", "86", "87", "88", "89", "90", "91", "92", "93", "94", "95", "96", "97", "98", "99", "100", "101", "102", "103", "104", "105", "106", "107", "108", "109", "110", "111", "112", "113", "114", "115", "116", "117", "118", "119", "120", "121", "122", "123", "124", "125", "126", "127", "128", "129", "130", "131", "132", "133", "134", "135", "136", "137", "138", "139", "140", "141", "142"], "scores": [0.4130716621875763, 0.2210947573184967, 0.07987531274557114, 0.1661892831325531, 0.11976896226406097, 0.5254767537117004, 0.13886244595050812, 0.08324821293354034, 0.1450035572052002, 0.10740906745195389, 0.34422868490219116, 0.12885674834251404, 0.10777561366558075, 0.3121304214000702, 0.10700857639312744, 0.3848226070404053, 0.2328006476163864, 0.07544779777526855, 0.19711565971374512, 0.10981334000825882, 0.3389747440814972, 0.27922722697257996, 0.0806884691119194, 0.15454313158988953, 0.14656640589237213, 0.40176621079444885, 0.28589484095573425, 0.06665706634521484, 0.1298135668039322, 0.11586833745241165, 0.2159818857908249, 0.6005640029907227, 0.04088393598794937, 0.06724671274423599, 0.07532348483800888, 0.1893097311258316, 0.6285033822059631, 0.04536233842372894, 0.07250259816646576, 0.06432189792394638, 0.3356490731239319, 0.20296330749988556, 0.127484992146492, 0.1767159104347229, 0.15718670189380646, 0.23138900101184845, 0.3149203658103943, 0.07390056550502777, 0.21292124688625336, 0.16686877608299255, 0.2569504678249359, 0.2462238073348999, 0.0963423103094101, 0.21986033022403717, 0.18062303960323334, 0.48835450410842896, 0.21807003021240234, 0.05910538509488106, 0.12562400102615356, 0.10884612798690796, 0.4151257574558258, 0.24152609705924988, 0.07212582230567932, 0.1434328556060791, 0.1277894526720047, 0.4150643050670624, 0.2622426450252533, 0.06054724007844925, 0.14978262782096863, 0.11236310005187988, 0.2180894911289215, 0.24252437055110931, 0.095587357878685, 0.29351547360420227, 0.1502833366394043, 0.34346091747283936, 0.20030103623867035, 0.09290500730276108, 0.18518976867198944, 0.1781432330608368, 0.3370516002178192, 0.20766769349575043, 0.093323715031147, 0.1856483668088913, 0.17630863189697266, 0.43350425362586975, 0.21749475598335266, 0.06294757127761841, 0.15435220301151276, 0.1317012459039688, 0.13598047196865082, 0.6930487751960754, 0.053771890699863434, 0.06516537815332413, 0.05203348398208618, 0.7071446180343628, 0.10518927872180939, 0.04128097742795944, 0.11032035946846008, 0.03606469929218292, 0.21103280782699585, 0.598670482635498, 0.045730773359537125, 0.07934583723545074, 0.06522012501955032, 0.5331676602363586, 0.20410265028476715, 0.05350731685757637, 0.12266511470079422, 0.08655725419521332, 0.34447017312049866, 0.28383147716522217, 0.05199059098958969, 0.23444947600364685, 0.08525819331407547, 0.27258554100990295, 0.41474050283432007, 0.07167449593544006, 0.12960970401763916, 0.11138970404863358, 0.3059178292751312, 0.2976093292236328, 0.10010694712400436, 0.16258002817630768, 0.13378585875034332, 0.4648663401603699, 0.1795322149991989, 0.07917851209640503, 0.16647258400917053, 0.10995032638311386, 0.43087080121040344, 0.2697182297706604, 0.0663035586476326, 0.1482137143611908, 0.08489369601011276, 0.5648869276046753, 0.17687271535396576, 0.05971865728497505, 0.10200167447328568, 0.09652002900838852, 0.28449714183807373, 0.2891555726528168, 0.10643372684717178, 0.19092543423175812, 0.1289880871772766, 0.3318654000759125, 0.27598559856414795, 0.07680397480726242, 0.21490392088890076, 0.10044121742248535, 0.6877552270889282, 0.15076757967472076, 0.03321509808301926, 0.06328913569450378, 0.06497300416231155, 0.662651002407074, 0.14350606501102448, 0.0528423972427845, 0.07869043946266174, 0.062310025095939636, 0.5675438642501831, 0.11438560485839844, 0.10254599153995514, 0.09934346377849579, 0.11618106067180634, 0.553031325340271, 0.12285678088665009, 0.11021129041910172, 0.09819726645946503, 0.11570341885089874, 0.6235126256942749, 0.10411068052053452, 0.09057696908712387, 0.08562497049570084, 0.09617479890584946, 0.6069654822349548, 0.16182702779769897, 0.05213088542222977, 0.09116631746292114, 0.0879102423787117, 0.21395623683929443, 0.6059613823890686, 0.044470008462667465, 0.06936546415090561, 0.06624692678451538, 0.299513578414917, 0.2346370667219162, 0.09098818153142929, 0.20291052758693695, 0.17195068299770355, 0.19586902856826782, 0.2945767343044281, 0.11836718022823334, 0.2706679701805115, 0.12051914632320404, 0.3954394459724426, 0.1827721744775772, 0.06631886959075928, 0.22110362350940704, 0.13436588644981384, 0.3556208610534668, 0.2540375590324402, 0.0680636465549469, 0.21357077360153198, 0.10870711505413055, 0.24021166563034058, 0.15484395623207092, 0.07760011404752731, 0.4238729178905487, 0.10347139090299606, 0.23428289592266083, 0.18469488620758057, 0.07221437245607376, 0.411189466714859, 0.09761840105056763, 0.15046384930610657, 0.535950779914856, 0.08017396181821823, 0.16555455327033997, 0.06785683333873749, 0.19776496291160583, 0.34625717997550964, 0.09355103224515915, 0.2699213922023773, 0.09250541776418686, 0.23009203374385834, 0.32135826349258423, 0.10740339756011963, 0.23673506081104279, 0.10441124439239502, 0.2527691721916199, 0.25735440850257874, 0.11635717749595642, 0.2600169777870178, 0.11350228637456894, 0.26132461428642273, 0.3633565902709961, 0.05653127282857895, 0.23569507896900177, 0.0830923393368721, 0.4909795820713043, 0.20455196499824524, 0.05587035045027733, 0.15773102641105652, 0.09086703509092331, 0.43941205739974976, 0.24874083697795868, 0.06261571496725082, 0.1275571882724762, 0.12167426943778992, 0.3987790644168854, 0.3445686399936676, 0.051030103117227554, 0.11708849668502808, 0.08853373676538467, 0.7427005767822266, 0.10744496434926987, 0.04339728131890297, 0.05862875655293465, 0.04782837629318237, 0.5019180178642273, 0.1912354826927185, 0.06141485646367073, 0.15839135646820068, 0.08704029023647308, 0.5392884016036987, 0.16305571794509888, 0.06467252969741821, 0.1514187604188919, 0.08156463503837585, 0.4293330907821655, 0.20204459130764008, 0.08296148478984833, 0.1632622480392456, 0.12239859998226166, 0.5329182147979736, 0.14523257315158844, 0.07664366066455841, 0.14060847461223602, 0.10459702461957932, 0.3222968578338623, 0.2058076709508896, 0.06503400951623917, 0.27933400869369507, 0.12752747535705566, 0.46504896879196167, 0.18248116970062256, 0.08625932782888412, 0.16146023571491241, 0.10475024580955505, 0.40433451533317566, 0.18398816883563995, 0.09504179656505585, 0.17351014912128448, 0.14312531054019928, 0.3827334940433502, 0.2450636476278305, 0.08250472694635391, 0.17619159817695618, 0.11350656300783157, 0.391194611787796, 0.2426317036151886, 0.07276379317045212, 0.1891506165266037, 0.10425924509763718, 0.23586557805538177, 0.23672693967819214, 0.11252126842737198, 0.3081224262714386, 0.1067638173699379, 0.22161799669265747, 0.21030279994010925, 0.11756203323602676, 0.33606603741645813, 0.11445121467113495, 0.4046667516231537, 0.23386305570602417, 0.07732507586479187, 