{"metrics": {"ACC": 46.85314685314685, "F1": 34.08021821406956}, "predictions": [0, 0, 3, 0, 4, 1, 1, 1, 3, 3, 3, 0, 0, 3, 0, 3, 3, 0, 1, 0, 1, 0, 3, 1, 0, 0, 0, 0, 0, 0, 0, 0, 0, 0, 0, 0, 1, 0, 3, 0, 3, 3, 3, 3, 3, 1, 0, 3, 0, 4, 0, 0, 0, 0, 0, 0, 3, 0, 0, 0, 0, 3, 3, 0, 0, 0, 4, 4, 0, 0, 0, 0, 0, 3, 3, 3, 0, 3, 3, 3, 3, 0, 0, 1, 0, 3, 3, 3, 0, 0, 0, 0, 0, 0, 0, 0, 3, 4, 4, 1, 3, 0, 0, 0, 0, 0, 0, 3, 0, 0, 1, 0, 0, 0, 0, 0, 1, 0, 1, 3, 0, 0, 1, 4, 0, 1, 0, 3, 1, 3, 1, 1, 3, 3, 3, 1, 0, 0, 1, 0, 0, 1, 0], "uids": ["0", "1", "2", "3", "4", "5", "6", "7", "8", "9", "10", "11", "12", "13", "14", "15", "16", "17", "18", "19", "20", "21", "22", "23", "24", "25", "26", "27", "28", "29", "30", "31", "32", "33", "34", "35", "36", "37", "38", "39", "40", "41", "42", "43", "44", "45", "46", "47", "48", "49", "50", "51", "52", "53", "54", "55", "56", "57", "58", "59", "60", "61", "62", "63", "64", "65", "66", "67", "68", "69", "70", "71", "72", "73", "74", "75", "76", "77", "78", "79", "80", "81", "82", "83", "84", "85", "86", "87", "88", "89", "90", "91", "92", "93", "94", "95", "96", "97", "98", "99", "100", "101", "102", "103", "104", "105", "106", "107", "108", "109", "110", "111", "112", "113", "114", "115", "116", "117", "118", "119", "120", "121", "122", "123", "124", "125", "126", "127", "128", "129", "130", "131", "132", "133", "134", "135", "136", "137", "138", "139", "140", "141", "142"], "scores": [0.4367678165435791, 0.24062301218509674, 0.058568939566612244, 0.034417640417814255, 0.22962257266044617, 0.6655742526054382, 0.053533535450696945, 0.07531437277793884, 0.07064193487167358, 0.13493597507476807, 0.2618107795715332, 0.014702227897942066, 0.08474978804588318, 0.5606490969657898, 0.07808811962604523, 0.7821747660636902, 0.0644386038184166, 0.047549765557050705, 0.033921439200639725, 0.07191546261310577, 0.2709110975265503, 0.19181956350803375, 0.14395290613174438, 0.057949360460042953, 0.33536702394485474, 0.2318984568119049, 0.3922085762023926, 0.08906885981559753, 0.05588735267519951, 0.23093681037425995, 0.16277015209197998, 0.7370659708976746, 0.020516442134976387, 0.01870928518474102, 0.0609382688999176, 0.10858805477619171, 0.8179427981376648, 0.018547777086496353, 0.011815355159342289, 0.04310603067278862, 0.2026185542345047, 0.06745242327451706, 0.09436668455600739, 0.4158898591995239, 0.21967248618602753, 0.2003774791955948, 0.07649073749780655, 0.061154432594776154, 0.5455175042152405, 0.11645978689193726, 0.10316495597362518, 0.09098958224058151, 0.10527294874191284, 0.4033026099205017, 0.29726991057395935, 0.4150911569595337, 0.14203622937202454, 0.0716930702328682, 0.12956596910953522, 0.24161353707313538, 0.33559396862983704, 0.2393174022436142, 0.10077390819787979, 0.10867708921432495, 0.21563763916492462, 0.2645636200904846, 0.16896703839302063, 0.08393898606300354, 0.32441091537475586, 0.15811945497989655, 0.34178826212882996, 0.14627529680728912, 0.078451007604599, 0.33983784914016724, 0.0936475470662117, 0.20678551495075226, 0.03892455995082855, 0.09590858966112137, 0.43797767162323, 0.22040367126464844, 0.10565401613712311, 0.07999590039253235, 0.09930989891290665, 0.4872218668460846, 0.22781828045845032, 0.562000036239624, 0.08926273882389069, 0.07452339679002762, 0.08982489258050919, 0.1843889355659485, 0.0662437155842781, 0.88103848695755, 0.015658199787139893, 0.014538237825036049, 0.022521374747157097, 0.9196553826332092, 0.020999843254685402, 0.010625137016177177, 0.037814151495695114, 0.010905522853136063, 0.15462690591812134, 0.7684212327003479, 0.0202243160456419, 0.013808333314955235, 0.042919259518384933, 0.503855288028717, 0.12020618468523026, 0.040521055459976196, 0.09862684458494186, 0.23679061233997345, 0.3176977336406708, 0.19861191511154175, 0.02958892658352852, 0.32933464646339417, 0.12476669996976852, 0.1603085994720459, 0.6101313233375549, 0.0484737753868103, 0.06057189032435417, 0.12051445245742798, 0.420382559299469, 0.11423894762992859, 0.12801213562488556, 0.13834723830223083, 0.19901908934116364, 0.7959156632423401, 0.024886637926101685, 0.06367585808038712, 0.06046269088983536, 0.05505913496017456, 0.707168698310852, 0.07401549816131592, 0.07430577278137207, 0.07379746437072754, 0.0707126185297966, 0.6197662353515625, 0.09611492604017258, 0.08222904056310654, 0.039053916931152344, 0.16283588111400604, 0.6008553504943848, 0.10031833499670029, 0.09364528954029083, 0.11194393038749695, 0.09323716163635254, 0.5879643559455872, 0.11034567654132843, 0.08526254445314407, 0.12785229086875916, 0.08857517689466476, 0.8899244666099548, 0.020194880664348602, 0.020771464332938194, 0.03203597292304039, 0.037073202431201935, 0.7750188112258911, 0.07150036841630936, 0.04489549994468689, 0.07424435764551163, 0.034341003745794296, 0.8533387184143066, 0.03022715263068676, 0.04140281677246094, 0.022856473922729492, 0.052174825221300125, 0.7410101890563965, 0.06932607293128967, 0.0806494727730751, 0.029324686154723167, 0.07968959212303162, 0.8883399963378906, 0.024222439154982567, 0.03502624109387398, 0.01613473892211914, 0.036276545375585556, 0.8114798665046692, 0.053529415279626846, 0.034720100462436676, 0.03146139904856682, 0.06880922615528107, 0.12381728738546371, 0.7860620617866516, 0.022982893511652946, 0.014126600697636604, 0.053011175245046616, 0.5070057511329651, 0.06641505658626556, 0.0947323814034462, 0.10229584574699402, 0.22955091297626495, 0.09051539748907089, 0.0465729758143425, 0.12390699982643127, 0.6720477342605591, 0.06695695221424103, 0.4798116087913513, 0.04949159547686577, 0.07291125506162643, 0.2778479754924774, 0.11993762105703354, 0.2938927114009857, 0.06255767494440079, 0.08229876309633255, 0.4718793034553528, 0.08937152475118637, 0.06955649703741074, 0.01659916155040264, 0.03354413062334061, 0.8399776220321655, 0.04032256826758385, 0.04977953061461449, 0.03272129222750664, 0.030887413769960403, 0.8511908054351807, 0.03542096167802811, 0.0998409166932106, 0.2918156683444977, 0.061434004455804825, 0.5138964653015137, 0.03301293030381203, 0.13528293371200562, 0.044862426817417145, 0.08211533725261688, 0.6986018419265747, 0.03913753107190132, 0.1690630316734314, 0.5380009412765503, 0.09266325831413269, 0.09058789163827896, 0.10968483239412308, 0.4268564283847809, 0.09813852608203888, 0.11841195076704025, 0.22955694794654846, 0.1270361840724945, 0.15803049504756927, 0.09891841560602188, 0.03367216885089874, 0.6103057265281677, 0.09907319396734238, 0.8754238486289978, 0.04293331503868103, 0.022043965756893158, 0.02060920186340809, 0.038989655673503876, 0.21352458000183105, 0.11090124398469925, 0.120920330286026, 0.2645190358161926, 0.2901347875595093, 0.42581626772880554, 0.2332700788974762, 0.06487447768449783, 0.20010367035865784, 0.07593550533056259, 0.8529908657073975, 0.040148135274648666, 0.02839209884405136, 0.05423320084810257, 0.024235663935542107, 0.63312828540802, 0.07716448605060577, 0.05321832746267319, 0.1764925718307495, 0.05999630689620972, 0.6934112906455994, 0.06174901872873306, 0.07010595500469208, 0.06030457839369774, 0.11442916095256805, 0.39702308177948, 0.08060959726572037, 0.13944792747497559, 0.2066003531217575, 0.17631904780864716, 0.5873909592628479, 0.0797252357006073, 0.11605868488550186, 0.09082192927598953, 0.12600316107273102, 0.09971445053815842, 0.057802435010671616, 0.06711229681968689, 0.5544778108596802, 0.220892995595932, 0.35958385467529297, 0.21224595606327057, 0.16770562529563904, 0.11840494722127914, 0.1420595943927765, 0.5609705448150635, 0.06481549143791199, 0.10321676731109619, 0.09915700554847717, 0.1718401163816452, 0.45264366269111633, 0.07351754605770111, 0.11483529955148697, 0.20083607733249664, 0.15816743671894073, 0.4462337791919708, 0.0767664834856987, 0.10725659132003784, 0.22390207648277283, 0.14584101736545563, 0.08730889111757278, 0.1299823522567749, 0.10134482383728027, 0.6080851554870605, 0.07327871769666672, 0.08734427392482758, 0.08857688307762146, 0.16908977925777435, 0.538715660572052, 0.1162734106183052, 0.6133489012718201, 