{"metrics": {"ACC": 32.86713286713287, "F1": 15.623376623376622}, "predictions": [0, 0, 3, 0, 0, 0, 0, 0, 0, 3, 3, 0, 0, 0, 3, 0, 3, 0, 3, 0, 0, 0, 3, 0, 0, 0, 0, 0, 0, 0, 0, 0, 0, 0, 0, 0, 0, 0, 3, 0, 0, 3, 3, 3, 3, 0, 0, 3, 0, 0, 3, 0, 0, 0, 0, 0, 3, 0, 0, 0, 0, 3, 3, 0, 0, 0, 3, 3, 0, 0, 3, 3, 3, 3, 3, 3, 0, 3, 0, 0, 3, 0, 0, 0, 0, 3, 3, 3, 0, 0, 0, 0, 0, 0, 3, 3, 3, 3, 3, 3, 3, 0, 0, 0, 0, 3, 3, 3, 0, 0, 3, 0, 0, 0, 0, 0, 0, 0, 3, 0, 0, 0, 3, 0, 3, 3, 0, 0, 3, 3, 3, 3, 3, 0, 3, 0, 0, 3, 3, 3, 3, 3, 0], "uids": ["0", "1", "2", "3", "4", "5", "6", "7", "8", "9", "10", "11", "12", "13", "14", "15", "16", "17", "18", "19", "20", "21", "22", "23", "24", "25", "26", "27", "28", "29", "30", "31", "32", "33", "34", "35", "36", "37", "38", "39", "40", "41", "42", "43", "44", "45", "46", "47", "48", "49", "50", "51", "52", "53", "54", "55", "56", "57", "58", "59", "60", "61", "62", "63", "64", "65", "66", "67", "68", "69", "70", "71", "72", "73", "74", "75", "76", "77", "78", "79", "80", "81", "82", "83", "84", "85", "86", "87", "88", "89", "90", "91", "92", "93", "94", "95", "96", "97", "98", "99", "100", "101", "102", "103", "104", "105", "106", "107", "108", "109", "110", "111", "112", "113", "114", "115", "116", "117", "118", "119", "120", "121", "122", "123", "124", "125", "126", "127", "128", "129", "130", "131", "132", "133", "134", "135", "136", "137", "138", "139", "140", "141", "142"], "scores": [0.3817608654499054, 0.1221638023853302, 0.060036949813365936, 0.35220932960510254, 0.08382904529571533, 0.44500958919525146, 0.11278874427080154, 0.06278714537620544, 0.2937276065349579, 0.08568687736988068, 0.3210262656211853, 0.12130444496870041, 0.06379567831754684, 0.4177379906177521, 0.0761355385184288, 0.4296857416629791, 0.1337377429008484, 0.05433161184191704, 0.29572805762290955, 0.08651682734489441, 0.4135752022266388, 0.1379491537809372, 0.05317920446395874, 0.31250661611557007, 0.0827898159623146, 0.4061242640018463, 0.1526125818490982, 0.0528910793364048, 0.31196632981300354, 0.07640574872493744, 0.4906361401081085, 0.17225950956344604, 0.048063669353723526, 0.22065727412700653, 0.06838347762823105, 0.4604981243610382, 0.17523011565208435, 0.05019228905439377, 0.2508048117160797, 0.0632745772600174, 0.38556283712387085, 0.12520450353622437, 0.05881486088037491, 0.3490781784057617, 0.08133964240550995, 0.30374813079833984, 0.16653455793857574, 0.054642871022224426, 0.3652307391166687, 0.10984369367361069, 0.23270641267299652, 0.1790160834789276, 0.05887582525610924, 0.4328233301639557, 0.09657833725214005, 0.46915680170059204, 0.13170447945594788, 0.0524727962911129, 0.2673434019088745, 0.07932250946760178, 0.35415634512901306, 0.18451093137264252, 0.051816798746585846, 0.31583330035209656, 0.09368262439966202, 0.3389894962310791, 0.19609275460243225, 0.05229342356324196, 0.32085973024368286, 0.09176457673311234, 0.23850485682487488, 0.1809028834104538, 0.05860035493969917, 0.4213556945323944, 0.10063610225915909, 0.3632739782333374, 0.1314527988433838, 0.06717270612716675, 0.32890963554382324, 0.109190933406353, 0.3357798755168915, 0.1344529539346695, 0.06705830246210098, 0.3549424111843109, 0.10776638239622116, 0.49195194244384766, 0.11989660561084747, 0.05104932188987732, 0.2593224346637726, 0.07777967303991318, 0.26928550004959106, 0.2696337401866913, 0.06468129903078079, 0.3020995259284973, 0.0943000316619873, 0.6251695156097412, 0.09928974509239197, 0.04237119480967522, 0.18292467296123505, 0.05024489015340805, 0.4347565770149231, 0.17937712371349335, 0.05356757715344429, 0.2631901502609253, 0.06910853832960129, 0.5040027499198914, 0.13375888764858246, 0.0492960587143898, 0.24038727581501007, 0.07255510985851288, 0.3340601325035095, 0.20563732087612152, 0.04938001185655594, 0.3395734429359436, 0.07134902477264404, 0.3447628319263458, 0.1789843738079071, 0.05877349153161049, 0.3395891487598419, 0.07789013534784317, 0.4136589765548706, 0.12955732643604279, 0.05544865503907204, 0.3259182870388031, 0.07541680335998535, 0.4334067702293396, 0.12213413417339325, 0.05671939626336098, 0.31939950585365295, 0.06834021955728531, 0.4560554325580597, 0.12628385424613953, 0.0542464442551136, 0.2952578067779541, 0.068156398832798, 0.44615453481674194, 0.14427617192268372, 0.05539887398481369, 0.2830541133880615, 0.0711163654923439, 0.4027862250804901, 0.13628865778446198, 0.06130940467119217, 0.32307639718055725, 0.07653937488794327, 0.42595401406288147, 0.12639224529266357, 0.05397834628820419, 0.32397332787513733, 0.0697021484375, 0.5696249008178711, 0.10511650890111923, 0.04742443189024925, 0.21025869250297546, 0.06757546961307526, 0.5656011700630188, 0.09549439698457718, 0.04775269329547882, 0.22822873294353485, 0.06292304396629333, 0.46184027194976807, 0.10945533215999603, 0.05754808336496353, 0.271125465631485, 0.10003093630075455, 0.42448896169662476, 0.1229143813252449, 0.059427645057439804, 0.285322904586792, 0.10784610360860825, 0.4633193910121918, 0.10728543251752853, 0.05448701232671738, 0.2873888313770294, 0.08751928061246872, 0.4972570538520813, 0.12384182214736938, 0.053686656057834625, 0.25444576144218445, 0.07076873630285263, 0.5015134215354919, 0.15819242596626282, 0.0478520467877388, 0.23181885480880737, 0.06062322482466698, 0.3760013282299042, 0.13165068626403809, 0.060469429939985275, 0.33668458461761475, 0.095194011926651, 0.32728224992752075, 0.14714087545871735, 0.0600447952747345, 0.37867411971092224, 0.08685795962810516, 0.39488402009010315, 0.12951670587062836, 0.05482088029384613, 0.3313264548778534, 0.08945201337337494, 0.40589234232902527, 0.1287868171930313, 0.05224703252315521, 0.3333195447921753, 0.0797543153166771, 0.3160802125930786, 0.14511920511722565, 0.05789145454764366, 0.4018855392932892, 0.07902362197637558, 0.30907905101776123, 0.15227347612380981, 0.059435125440359116, 0.3986508548259735, 0.08056149631738663, 0.22720301151275635, 0.1997181624174118, 0.07038962095975876, 0.41843274235725403, 0.08425641804933548, 0.34312009811401367, 0.15213996171951294, 0.06024249270558357, 0.34849515557289124, 0.0960022583603859, 0.3577684462070465, 0.1628027856349945, 0.06327075511217117, 0.3405880630016327, 0.07557003200054169, 0.36492204666137695, 0.14465059340000153, 0.06643234938383102, 0.34625527262687683, 0.07773976027965546, 0.3044063150882721, 0.19020149111747742, 0.05326572060585022, 0.37810829281806946, 0.07401823997497559, 0.4275413751602173, 0.12569104135036469, 0.05086313933134079, 0.31694602966308594, 0.07895845919847488, 0.34213384985923767, 0.18861059844493866, 0.04830535128712654, 0.3342122435569763, 0.08673790842294693, 0.3299492597579956, 0.1905541568994522, 0.04912233725190163, 0.35190480947494507, 0.07846952974796295, 0.6177762746810913, 0.09134873747825623, 0.04448265582323074, 0.19145585596561432, 0.05493646115064621, 0.5031078457832336, 0.12142912298440933, 0.04972183331847191, 0.2571217715740204, 0.06861942261457443, 0.4592089056968689, 0.11456366628408432, 0.05418582633137703, 0.29751715064048767, 0.07452443242073059, 0.37254244089126587, 0.13657191395759583, 0.054467298090457916, 0.35606467723846436, 0.08035364747047424, 0.39790064096450806, 0.12892603874206543, 0.05620594695210457, 0.3309473693370819, 0.08602000772953033, 0.324779212474823, 0.14256519079208374, 0.05753494054079056, 0.3867131471633911, 0.088407501578331, 0.4231720566749573, 0.15079689025878906, 0.05723227187991142, 0.2873568534851074, 0.08144191652536392, 0.44423210620880127, 0.12317559123039246, 0.0525038056075573, 0.3020899295806885, 0.0779985710978508, 0.43290239572525024, 0.1293911337852478, 0.051323600113391876, 0.31276941299438477, 0.07361342757940292, 0.4273209273815155, 0.12785765528678894, 0.05032724514603615, 0.3262415826320648, 0.06825260072946548, 0.26206403970718384, 0.1837955117225647, 0.0610632486641407, 0.4067600965499878, 0.08631709218025208, 0.2436196357011795, 0.1722196787595749, 0.06730898469686508, 0.4319143295288086, 0.08493734151124954, 0.40024346113204956, 0.1496318131685257, 0.059510450810194016, 