{"metrics": {"ACC": 47.55244755244755, "F1": 35.274815993032824}, "predictions": [1, 0, 3, 0, 4, 1, 1, 1, 3, 3, 3, 4, 4, 3, 0, 3, 3, 0, 1, 0, 1, 0, 3, 1, 0, 0, 0, 0, 0, 0, 0, 0, 0, 0, 0, 0, 1, 0, 3, 0, 3, 3, 3, 3, 3, 1, 3, 3, 0, 4, 0, 0, 0, 0, 3, 0, 3, 0, 0, 3, 3, 3, 3, 0, 0, 0, 4, 4, 0, 0, 0, 0, 0, 3, 3, 3, 0, 3, 3, 3, 3, 3, 0, 1, 0, 3, 3, 3, 4, 3, 4, 0, 0, 0, 0, 0, 3, 1, 4, 1, 3, 0, 0, 1, 1, 4, 0, 3, 1, 4, 1, 0, 0, 0, 0, 0, 1, 3, 1, 3, 0, 0, 1, 4, 3, 1, 0, 3, 1, 3, 1, 1, 3, 3, 3, 0, 3, 3, 1, 0, 0, 1, 0], "uids": ["0", "1", "2", "3", "4", "5", "6", "7", "8", "9", "10", "11", "12", "13", "14", "15", "16", "17", "18", "19", "20", "21", "22", "23", "24", "25", "26", "27", "28", "29", "30", "31", "32", "33", "34", "35", "36", "37", "38", "39", "40", "41", "42", "43", "44", "45", "46", "47", "48", "49", "50", "51", "52", "53", "54", "55", "56", "57", "58", "59", "60", "61", "62", "63", "64", "65", "66", "67", "68", "69", "70", "71", "72", "73", "74", "75", "76", "77", "78", "79", "80", "81", "82", "83", "84", "85", "86", "87", "88", "89", "90", "91", "92", "93", "94", "95", "96", "97", "98", "99", "100", "101", "102", "103", "104", "105", "106", "107", "108", "109", "110", "111", "112", "113", "114", "115", "116", "117", "118", "119", "120", "121", "122", "123", "124", "125", "126", "127", "128", "129", "130", "131", "132", "133", "134", "135", "136", "137", "138", "139", "140", "141", "142"], "scores": [0.3796379864215851, 0.39400574564933777, 0.030192578211426735, 0.01817043498158455, 0.17799323797225952, 0.8020727634429932, 0.027736958116292953, 0.04635350778698921, 0.04015982896089554, 0.08367697149515152, 0.18443109095096588, 0.007787056267261505, 0.06780634820461273, 0.6781972050666809, 0.0617782287299633, 0.8601335287094116, 0.04310987517237663, 0.029306698590517044, 0.019450968131422997, 0.04799894616007805, 0.16684183478355408, 0.20408852398395538, 0.15193018317222595, 0.058749325573444366, 0.4183901250362396, 0.1012420803308487, 0.5784985423088074, 0.07344283163547516, 0.04730473831295967, 0.1995117962360382, 0.12346726655960083, 0.7885634899139404, 0.01721009612083435, 0.015128935687243938, 0.055630315095186234, 0.07277985662221909, 0.881430983543396, 0.012586302123963833, 0.005419350229203701, 0.027783559635281563, 0.16332317888736725, 0.041800010949373245, 0.08135943859815598, 0.47591865062713623, 0.23759868741035461, 0.23678265511989594, 0.04806238040328026, 0.043805643916130066, 0.55989009141922, 0.11145924031734467, 0.09399525076150894, 0.040787387639284134, 0.07328573614358902, 0.5224800109863281, 0.2694515883922577, 0.3025502860546112, 0.14290016889572144, 0.0700523778796196, 0.14204461872577667, 0.34245261549949646, 0.2550102174282074, 0.2744177579879761, 0.10136815905570984, 0.08670557290315628, 0.2824983298778534, 0.17752821743488312, 0.18733975291252136, 0.1016443595290184, 0.3318540155887604, 0.20163364708423615, 0.36400991678237915, 0.12975388765335083, 0.0857856422662735, 0.33357083797454834, 0.0868796706199646, 0.10147128999233246, 0.014743354171514511, 0.06342926621437073, 0.6106907725334167, 0.20966525375843048, 0.04909699782729149, 0.0618656650185585, 0.08010528981685638, 0.5375591516494751, 0.2713730037212372, 0.5859218835830688, 0.07790223509073257, 0.06197959557175636, 0.07130425423383713, 0.20289196074008942, 0.05081411823630333, 0.897948682308197, 0.018490279093384743, 0.011629885993897915, 0.02111697942018509, 0.9192635416984558, 0.01693054661154747, 0.0079989954829216, 0.04684876650571823, 0.008958124555647373, 0.13976633548736572, 0.8047958612442017, 0.015338368713855743, 0.007697827182710171, 0.03240153193473816, 0.4174824357032776, 0.09491679817438126, 0.03766562044620514, 0.13570716977119446, 0.31422796845436096, 0.32644709944725037, 0.13242818415164948, 0.02647525444626808, 0.4151858687400818, 0.09946353733539581, 0.09135200083255768, 0.7031360268592834, 0.04342813044786453, 0.051650095731019974, 0.11043374985456467, 0.32128533720970154, 0.060840293765068054, 0.13351768255233765, 0.2948342263698578, 0.18952248990535736, 0.8523927927017212, 0.011229592375457287, 0.03983471170067787, 0.06254462152719498, 0.033998340368270874, 0.7754935026168823, 0.06265825033187866, 0.05021461099386215, 0.06308034062385559, 0.04855316877365112, 0.6889259815216064, 0.07955856621265411, 0.06903215497732162, 0.023416198790073395, 0.1390671283006668, 0.5631590485572815, 0.08041676878929138, 0.09998565912246704, 0.18360665440559387, 0.072831891477108, 0.5434166193008423, 0.08971492201089859, 0.07529377192258835, 0.2355392724275589, 0.05603540688753128, 0.8971702456474304, 0.015074130147695541, 0.015531815588474274, 0.04712328314781189, 0.02510051243007183, 0.8043755292892456, 0.06955250352621078, 0.033026549965143204, 0.0665849819779396, 0.02646039053797722, 0.9187284111976624, 0.013170886784791946, 0.021728357300162315, 0.01743951067328453, 0.0289328470826149, 0.8129551410675049, 0.049912020564079285, 0.0588834285736084, 0.01885065622627735, 0.05939871817827225, 0.9465484023094177, 0.010571000166237354, 0.01760055497288704, 0.009224689565598965, 0.016055336222052574, 0.8773038387298584, 0.033819131553173065, 0.024812862277030945, 0.020675817504525185, 0.043388329446315765, 0.08664946258068085, 0.8413392901420593, 0.018762435764074326, 0.008208035491406918, 0.045040711760520935, 0.4447984993457794, 0.03876934573054314, 0.10387597978115082, 0.17565050721168518, 0.23690564930438995, 0.048912350088357925, 0.031862325966358185, 0.12173377722501755, 0.7430907487869263, 0.05440076068043709, 0.512738823890686, 0.031022610142827034, 0.06635687500238419, 0.2889595627784729, 0.1009221002459526, 0.2928856611251831, 0.040219034999608994, 0.07827533781528473, 0.534340500831604, 0.054279472678899765, 0.03204590082168579, 0.007951215840876102, 0.019382629543542862, 0.9149700403213501, 0.02565029263496399, 0.026276472955942154, 0.02102348953485489, 0.020577576011419296, 0.9023040533065796, 0.029818443581461906, 0.06455326080322266, 0.3059930205345154, 0.052205730229616165, 0.5522615909576416, 0.024986347183585167, 0.07398510724306107, 0.021930210292339325, 0.06272956728935242, 0.8201003670692444, 0.021254809573292732, 0.09265333414077759, 0.6402164101600647, 0.09061174094676971, 0.06062735989689827, 0.11589118093252182, 0.2678558826446533, 0.08029875159263611, 0.1285591423511505, 0.3661898672580719, 0.15709635615348816, 0.06549697369337082, 0.04953796789050102, 0.027870427817106247, 0.7687320113182068, 0.0883626788854599, 0.9392194151878357, 0.021444527432322502, 0.010269193910062313, 0.011267946101725101, 0.017799029126763344, 0.15605713427066803, 0.09600520133972168, 0.1351136565208435, 0.260730504989624, 0.35209351778030396, 0.44468554854393005, 0.26759836077690125, 0.0740613341331482, 0.15654140710830688, 0.05711337551474571, 0.8418158292770386, 0.038068339228630066, 0.016947824507951736, 0.08294857293367386, 0.020219432190060616, 0.5724458694458008, 0.08273830264806747, 0.059023868292570114, 0.22193405032157898, 0.06385796517133713, 0.7422317862510681, 0.04526302218437195, 0.056968558579683304, 0.05266304314136505, 0.10287361592054367, 0.3009241223335266, 0.05860048159956932, 0.16700324416160583, 0.32709357142448425, 0.1463785320520401, 0.6203551292419434, 0.07455673813819885, 0.10997971147298813, 0.0756836086511612, 0.11942478269338608, 0.055800341069698334, 0.044166408479213715, 0.060477305203676224, 0.5981168746948242, 0.24143913388252258, 0.3057266175746918, 0.2567378580570221, 0.19263620674610138, 0.10430330783128738, 0.14059601724147797, 0.3578202724456787, 0.07023885846138, 0.14397114515304565, 0.16388647258281708, 0.26408326625823975, 0.22376230359077454, 0.07763125747442245, 0.13464175164699554, 0.39531558752059937, 0.1686491221189499, 0.22915509343147278, 0.07183387875556946, 0.11638352274894714, 0.44698429107666016, 0.13564324378967285, 0.0605132095515728, 0.09022744745016098, 0.09478100389242172, 0.6878758668899536, 0.06660245358943939, 0.06654158234596252, 0.06502823531627655, 0.16488239169120789, 0.5964905023574829, 