{"metrics": {"ACC": 36.03603603603604, "F1": 10.309829059829061}, "predictions": [4, 4, 4, 4, 4, 4, 4, 4, 4, 4, 4, 4, 4, 4, 4, 4, 4, 4, 4, 4, 4, 5, 5, 4, 4, 4, 4, 4, 4, 4, 4, 4, 4, 4, 4, 4, 4, 4, 4, 4, 4, 4, 4, 4, 4, 4, 4, 4, 4, 4, 4, 4, 4, 4, 4, 4, 4, 4, 4, 4, 4, 4, 4, 4, 4, 4, 4, 4, 4, 4, 4, 4, 4, 4, 4, 2, 4, 4, 4, 4, 4, 4, 4, 4, 4, 4, 4, 4, 4, 4, 1, 4, 4, 4, 5, 4, 4, 4, 5, 5, 4, 4, 4, 4, 4, 4, 4, 4, 4, 4, 4], "uids": ["0", "1", "2", "3", "4", "5", "6", "7", "8", "9", "10", "11", "12", "13", "14", "15", "16", "17", "18", "19", "20", "21", "22", "23", "24", "25", "26", "27", "28", "29", "30", "31", "32", "33", "34", "35", "36", "37", "38", "39", "40", "41", "42", "43", "44", "45", "46", "47", "48", "49", "50", "51", "52", "53", "54", "55", "56", "57", "58", "59", "60", "61", "62", "63", "64", "65", "66", "67", "68", "69", "70", "71", "72", "73", "74", "75", "76", "77", "78", "79", "80", "81", "82", "83", "84", "85", "86", "87", "88", "89", "90", "91", "92", "93", "94", "95", "96", "97", "98", "99", "100", "101", "102", "103", "104", "105", "106", "107", "108", "109", "110"], "scores": [0.17856410145759583, 0.21098168194293976, 0.03300129622220993, 0.032447826117277145, 0.32470470666885376, 0.2203003466129303, 0.04894941300153732, 0.10737018287181854, 0.028603004291653633, 0.022955192252993584, 0.6951084136962891, 0.09701382368803024, 0.12384136021137238, 0.21834509074687958, 0.040494997054338455, 0.036675386130809784, 0.38132479786872864, 0.1993183046579361, 0.10836595296859741, 0.14015381038188934, 0.029701747000217438, 0.020736679434776306, 0.5540598630905151, 0.14698190987110138, 0.06565259397029877, 0.11746557056903839, 0.028385359793901443, 0.02433304488658905, 0.5843007564544678, 0.1798626333475113, 0.04960877075791359, 0.1247262954711914, 0.0428023599088192, 0.020433522760868073, 0.5193533897399902, 0.2430756390094757, 0.028140755370259285, 0.07734371721744537, 0.05425827205181122, 0.016098657622933388, 0.6842628121376038, 0.13989579677581787, 0.08437001705169678, 0.07411839067935944, 0.04243823140859604, 0.02846839278936386, 0.6555387377738953, 0.11506625264883041, 0.07703448086977005, 0.12323648482561111, 0.041133031249046326, 0.022884946316480637, 0.591600775718689, 0.1441103219985962, 0.1472662091255188, 0.1210419312119484, 0.03868676722049713, 0.03838489577174187, 0.4983857572078705, 0.15623444318771362, 0.13832633197307587, 0.09537375718355179, 0.0373300164937973, 0.029775159433484077, 0.5741477608680725, 0.12504702806472778, 0.04773898422718048, 0.1657244712114334, 0.05926479399204254, 0.022277401760220528, 0.567084014415741, 0.13791042566299438, 0.04889095574617386, 0.08878815174102783, 0.011967462487518787, 0.011097709648311138, 0.7364434003829956, 0.10281234234571457, 0.09403171390295029, 0.10170690715312958, 0.03005419671535492, 0.032111622393131256, 0.6187406778335571, 0.12335490435361862, 0.02941100485622883, 0.08410844206809998, 0.02264135703444481, 0.01443517953157425, 0.742968738079071, 0.10643529891967773, 0.06004757806658745, 0.0828743726015091, 0.020786350592970848, 0.019834276288747787, 0.7019141912460327, 0.11454320698976517, 0.07486308366060257, 0.06934213638305664, 0.011876932345330715, 0.01633843593299389, 0.7752344608306885, 0.052344921976327896, 0.12377025932073593, 0.2407839149236679, 0.02727985382080078, 0.03423092141747475, 0.392574667930603, 0.18136030435562134, 0.03653735667467117, 0.06801442801952362, 0.010843507945537567, 0.01266044843941927, 0.8000295758247375, 0.07191461324691772, 0.09894166141748428, 0.12286073714494705, 0.018643755465745926, 0.025725822895765305, 0.6066455245018005, 0.12718254327774048, 0.24014800786972046, 0.1409320831298828, 0.03791440278291702, 0.04626993089914322, 0.3256186544895172, 0.2091168761253357, 0.26976126432418823, 0.16541898250579834, 0.046174366027116776, 0.07816877961158752, 0.11389230191707611, 0.3265843391418457, 0.2061087191104889, 0.20992021262645721, 0.05986785888671875, 0.07225223630666733, 0.07431917637586594, 0.3775317966938019, 0.04776209965348244, 0.2447020709514618, 0.023630661889910698, 0.015143275260925293, 0.5260014533996582, 0.14276041090488434, 0.06874634325504303, 0.25702109932899475, 0.030906254425644875, 0.023035090416669846, 0.5091508030891418, 0.1111404150724411, 0.08183294534683228, 0.1510697901248932, 0.049835603684186935, 0.033393602818250656, 0.579245388507843, 0.10462265461683273, 0.08381788432598114, 0.08930827677249908, 0.02188895270228386, 0.026487063616514206, 0.6965543031692505, 0.08194352686405182, 0.028416678309440613, 0.07851006835699081, 0.021860945969820023, 0.012493330985307693, 0.7944228649139404, 0.06429612636566162, 0.03034789301455021, 0.05992462486028671, 0.01860208436846733, 0.012799059972167015, 0.8260314464569092, 0.052294906228780746, 0.027557043358683586, 0.0911942571401596, 0.18451398611068726, 0.023196661844849586, 0.5637558102607727, 0.10978225618600845, 0.02946949563920498, 0.06920359283685684, 0.12645640969276428, 0.025102339684963226, 0.6760615110397339, 0.07370664924383163, 0.10014797002077103, 0.12623465061187744, 0.041726529598236084, 0.03627636283636093, 0.5618242025375366, 0.1337902843952179, 0.02846328169107437, 0.10503105074167252, 0.0174931101500988, 0.009497412480413914, 0.757320761680603, 0.08219441026449203, 0.061152465641498566, 0.16325263679027557, 0.03249064460396767, 0.02475229650735855, 0.47541025280952454, 0.24294167757034302, 0.08485570549964905, 0.13478510081768036, 0.016557229682803154, 0.020159151405096054, 0.6186599135398865, 0.12498294562101364, 0.056047920137643814, 0.0745013952255249, 0.01708458550274372, 0.01936088502407074, 0.7525638937950134, 0.08044128119945526, 0.0856996402144432, 0.07201877981424332, 0.018145941197872162, 0.020739823579788208, 0.7095775008201599, 0.09381836652755737, 0.11912408471107483, 0.14585047960281372, 0.0247836671769619, 0.031879495829343796, 0.5375321507453918, 0.14083005487918854, 0.10534148663282394, 0.12167294323444366, 0.02163108065724373, 0.02291204407811165, 0.6158539056777954, 0.11258848756551743, 0.16032171249389648, 0.25079095363616943, 0.035709310322999954, 0.03657625988125801, 0.32665398716926575, 0.18994784355163574, 0.1290803998708725, 0.10458400100469589, 0.03097831830382347, 0.0377621166408062, 0.5674576759338379, 0.13013741374015808, 0.07289513945579529, 0.1285732090473175, 0.03568929433822632, 0.02047361619770527, 0.641603410243988, 0.10076527297496796, 0.06974751502275467, 0.16007345914840698, 0.030948838219046593, 0.019844314083456993, 0.6234661936759949, 0.09591975808143616, 0.06087350472807884, 0.1891273558139801, 0.024495873600244522, 0.024285227060317993, 0.5388005375862122, 0.16241751611232758, 0.030394956469535828, 0.05128318443894386, 0.010729378089308739, 0.008713137358427048, 0.851678729057312, 0.047200534492731094, 0.03234280273318291, 0.058169785887002945, 0.009010580368340015, 0.009335271082818508, 0.8240638971328735, 0.06707767397165298, 0.03455467149615288, 0.07759705930948257, 0.055791690945625305, 0.023572949692606926, 0.6025568842887878, 0.2059267908334732, 0.060388315469026566, 0.08183073252439499, 0.1586475521326065, 0.07280374318361282, 0.5207943320274353, 0.1055353581905365, 0.09642598778009415, 0.12148775160312653, 0.023708732798695564, 0.034726016223430634, 0.5810460448265076, 0.1426054835319519, 0.04379088804125786, 0.18351809680461884, 0.03439037874341011, 0.01852397806942463, 0.5666381120681763, 0.15313862264156342, 0.07031311094760895, 0.21783320605754852, 0.038769837468862534, 0.023321589455008507, 0.44311460852622986, 0.20664756000041962, 0.1253824383020401, 0.13151682913303375, 0.03740004450082779, 0.03368208929896355, 0.5721536874771118, 0.09986494481563568, 0.06060614064335823, 0.07013355195522308, 0.018599316477775574, 0.018448548391461372, 0.7732585072517395, 0.058953914791345596, 0.11399918049573898, 0.15387164056301117, 0.022312022745609283, 0.03060188889503479, 0.6010273098945618, 0.07818793505430222, 0.13021278381347656, 0.13741067051887512, 0.02643861435353756, 0.029966581612825394, 0.5463798642158508, 