{"metrics": {"ACC": 36.03603603603604, "F1": 8.830022075055188}, "predictions": [4, 4, 4, 4, 4, 4, 4, 4, 4, 4, 4, 4, 4, 4, 4, 4, 4, 4, 4, 4, 4, 4, 4, 4, 4, 4, 4, 4, 4, 4, 4, 4, 4, 4, 4, 4, 4, 4, 4, 4, 4, 4, 4, 4, 4, 4, 4, 4, 4, 4, 4, 4, 4, 4, 4, 4, 4, 4, 4, 4, 4, 4, 4, 4, 4, 4, 4, 4, 4, 4, 4, 4, 4, 4, 4, 4, 4, 4, 4, 4, 4, 4, 4, 4, 4, 4, 4, 4, 4, 4, 4, 4, 4, 4, 4, 4, 4, 4, 4, 4, 4, 4, 4, 4, 4, 4, 4, 4, 4, 4, 4], "uids": ["0", "1", "2", "3", "4", "5", "6", "7", "8", "9", "10", "11", "12", "13", "14", "15", "16", "17", "18", "19", "20", "21", "22", "23", "24", "25", "26", "27", "28", "29", "30", "31", "32", "33", "34", "35", "36", "37", "38", "39", "40", "41", "42", "43", "44", "45", "46", "47", "48", "49", "50", "51", "52", "53", "54", "55", "56", "57", "58", "59", "60", "61", "62", "63", "64", "65", "66", "67", "68", "69", "70", "71", "72", "73", "74", "75", "76", "77", "78", "79", "80", "81", "82", "83", "84", "85", "86", "87", "88", "89", "90", "91", "92", "93", "94", "95", "96", "97", "98", "99", "100", "101", "102", "103", "104", "105", "106", "107", "108", "109", "110"], "scores": [0.07583869993686676, 0.10573798418045044, 0.03937937691807747, 0.03787584975361824, 0.5684212446212769, 0.17274680733680725, 0.06886657327413559, 0.09775850176811218, 0.047004662454128265, 0.04076223820447922, 0.5588003396987915, 0.18680767714977264, 0.07244105637073517, 0.11331338435411453, 0.04040383920073509, 0.03642065078020096, 0.5487441420555115, 0.1886768937110901, 0.08177650719881058, 0.1124037653207779, 0.03939361870288849, 0.03739147633314133, 0.5511341691017151, 0.177900493144989, 0.06785736232995987, 0.10537653416395187, 0.03970521315932274, 0.036790307611227036, 0.5842110514640808, 0.16605950891971588, 0.07377097755670547, 0.11091120541095734, 0.04160912707448006, 0.03807874396443367, 0.558989942073822, 0.17663998901844025, 0.07169224321842194, 0.09713887423276901, 0.05156896635890007, 0.040216173976659775, 0.5450853109359741, 0.19429850578308105, 0.0725935623049736, 0.09661264717578888, 0.04627179354429245, 0.04008472338318825, 0.5526537895202637, 0.19178353250026703, 0.07477182149887085, 0.0980447381734848, 0.05516061931848526, 0.0410885289311409, 0.5655419230461121, 0.16539232432842255, 0.07078666239976883, 0.09292162954807281, 0.041554272174835205, 0.038244713097810745, 0.5985535979270935, 0.15793907642364502, 0.07773038744926453, 0.09220753610134125, 0.0390966460108757, 0.03746926039457321, 0.5831347703933716, 0.1703614592552185, 0.06938683241605759, 0.11886115372180939, 0.049972839653491974, 0.04362637549638748, 0.5345917344093323, 0.18356101214885712, 0.07459815591573715, 0.11314915120601654, 0.03672858327627182, 0.041445545852184296, 0.5560781955718994, 0.1780003309249878, 0.06883478909730911, 0.10443221032619476, 0.04133183881640434, 0.03653745725750923, 0.5827584862709045, 0.16610528528690338, 0.06604517996311188, 0.11177781969308853, 0.04683778062462807, 0.03870489448308945, 0.5517498850822449, 0.18488436937332153, 0.06915851682424545, 0.1061682179570198, 0.043319400399923325, 0.039058588445186615, 0.5685458183288574, 0.17374947667121887, 0.08226461708545685, 0.11305295675992966, 0.036429498344659805, 0.03903143107891083, 0.5601800084114075, 0.16904142498970032, 0.07241407036781311, 0.11781894415616989, 0.036402378231287, 0.03988923504948616, 0.5646032691001892, 0.1688721776008606, 0.07584577053785324, 0.12175000458955765, 0.04012816771864891, 0.04167862981557846, 0.5525641441345215, 0.16803331673145294, 0.08383241295814514, 0.12531326711177826, 0.038659900426864624, 0.04130728542804718, 0.5414822101593018, 0.1694049835205078, 0.0843934640288353, 0.12858699262142181, 0.04188237711787224, 0.036841295659542084, 0.5152992010116577, 0.19299669563770294, 0.08985740691423416, 0.13100239634513855, 0.04262746125459671, 0.04078049585223198, 0.49525463581085205, 0.20047765970230103, 0.0817246288061142, 0.13403581082820892, 0.04111454263329506, 0.03845870867371559, 0.5134889483451843, 0.1911773830652237, 0.07375192642211914, 0.11044252663850784, 0.043051593005657196, 0.03431495279073715, 0.5583541393280029, 0.18008479475975037, 0.07548584789037704, 0.11658576130867004, 0.04592149332165718, 0.040436357259750366, 0.5436940789222717, 0.17787645757198334, 0.07815682142972946, 0.12509998679161072, 0.04565149173140526, 0.04145059734582901, 0.5405586957931519, 0.1690824180841446, 0.07602421939373016, 0.11081353574991226, 0.03940432891249657, 0.0385059118270874, 0.5648219585418701, 0.1704300343990326, 0.07069436460733414, 0.10172414034605026, 0.04730745032429695, 0.03840097412467003, 0.556789219379425, 0.18508389592170715, 0.07914173603057861, 0.10507425665855408, 0.048356059938669205, 0.04319101944565773, 0.5327230095863342, 0.19151388108730316, 0.06769393384456635, 0.09851913154125214, 0.07181056588888168, 0.04910764843225479, 0.5157245397567749, 0.19714415073394775, 0.06643446534872055, 0.09648513048887253, 0.05330844968557358, 0.04209747537970543, 0.5681476593017578, 0.1735268235206604, 0.07674814760684967, 0.12405521422624588, 0.044052742421627045, 0.042969927191734314, 0.5292080044746399, 0.18296600878238678, 0.07040086388587952, 0.11482692509889603, 0.04610753059387207, 0.0368088036775589, 0.5458049178123474, 0.18605096638202667, 0.06596063077449799, 0.09618818759918213, 0.04152664542198181, 0.036416783928871155, 0.5616252422332764, 0.19828248023986816, 0.0693870559334755, 0.10384229570627213, 0.04606318101286888, 0.03592247515916824, 0.5438153743743896, 0.2009696364402771, 0.0731583833694458, 0.09946110844612122, 0.03833317011594772, 0.04067771136760712, 0.5500220656394958, 0.19834750890731812, 0.073542520403862, 0.10880910605192184, 0.03969501703977585, 0.03886479511857033, 0.5544657111167908, 0.18462291359901428, 0.08276738971471786, 0.12167197465896606, 0.03890298679471016, 0.04119271785020828, 0.5327292084693909, 0.18273574113845825, 0.0852348804473877, 0.1171577125787735, 0.03981484845280647, 0.0367007851600647, 0.5433897376060486, 0.17770206928253174, 0.09172160178422928, 0.11568092554807663, 0.0433165580034256, 0.03834613412618637, 0.5244523882865906, 0.18648236989974976, 0.08326809108257294, 0.10215163230895996, 0.04093889147043228, 0.037738438695669174, 0.5583497881889343, 0.17755314707756042, 0.07875042408704758, 0.10841430723667145, 0.05140210688114166, 0.03691765293478966, 0.5593835711479187, 0.16513195633888245, 0.07571455091238022, 0.11575372517108917, 0.044063106179237366, 0.036150459200143814, 0.560525119304657, 0.16779302060604095, 0.06782716512680054, 0.1184832975268364, 0.04572476074099541, 0.04156485199928284, 0.5341565012931824, 0.19224344193935394, 0.07378126680850983, 0.10913867503404617, 0.038650237023830414, 0.03735462576150894, 0.5633609294891357, 0.17771421372890472, 0.08101913332939148, 0.11741703003644943, 0.039168331772089005, 0.04354070872068405, 0.5261020660400391, 0.19275279343128204, 0.07372483611106873, 0.09264403581619263, 0.0534234344959259, 0.045320574194192886, 0.5204840302467346, 0.21440304815769196, 0.07191143184900284, 0.09484999626874924, 0.045832309871912, 0.04173878952860832, 0.5604738593101501, 0.18519362807273865, 0.0938122346997261, 0.11211183667182922, 0.05230807885527611, 0.04671197384595871, 0.4929647743701935, 0.20209112763404846, 0.0721069872379303, 0.10273601859807968, 0.047880951315164566, 0.045304905623197556, 0.5261978507041931, 0.20577332377433777, 0.06469692289829254, 0.09693968296051025, 0.048089127987623215, 0.03606535866856575, 0.5450670123100281, 0.20914189517498016, 0.06548381596803665, 0.09609483927488327, 0.04945884644985199, 0.034470170736312866, 0.5648131370544434, 0.18967919051647186, 0.06321021914482117, 0.094163678586483, 0.04557442292571068, 0.03691193833947182, 0.5921716094017029, 0.16796809434890747, 0.07330069690942764, 0.10545288026332855, 0.042020536959171295, 0.03913983702659607, 0.5641062259674072, 0.1759798526763916, 0.07689700275659561, 0.11049019545316696, 0.04293675720691681, 0.04105522483587265, 0.5351880192756653, 0.1934327781200409, 0.06780063360929489, 