{"metrics": {"ACC": 36.03603603603604, "F1": 11.34646962233169}, "predictions": [4, 4, 4, 4, 4, 4, 4, 4, 4, 4, 4, 4, 4, 4, 4, 4, 4, 4, 4, 4, 0, 5, 5, 4, 4, 4, 4, 4, 4, 4, 4, 4, 4, 4, 4, 4, 4, 4, 4, 4, 4, 4, 4, 4, 4, 4, 4, 4, 4, 4, 4, 4, 4, 4, 4, 4, 4, 4, 4, 4, 4, 4, 4, 4, 4, 4, 4, 4, 4, 4, 4, 4, 4, 4, 4, 4, 4, 4, 4, 4, 4, 4, 4, 4, 4, 4, 4, 4, 4, 4, 4, 4, 4, 4, 4, 4, 4, 4, 5, 4, 4, 4, 4, 4, 4, 2, 4, 4, 2, 4, 4], "uids": ["0", "1", "2", "3", "4", "5", "6", "7", "8", "9", "10", "11", "12", "13", "14", "15", "16", "17", "18", "19", "20", "21", "22", "23", "24", "25", "26", "27", "28", "29", "30", "31", "32", "33", "34", "35", "36", "37", "38", "39", "40", "41", "42", "43", "44", "45", "46", "47", "48", "49", "50", "51", "52", "53", "54", "55", "56", "57", "58", "59", "60", "61", "62", "63", "64", "65", "66", "67", "68", "69", "70", "71", "72", "73", "74", "75", "76", "77", "78", "79", "80", "81", "82", "83", "84", "85", "86", "87", "88", "89", "90", "91", "92", "93", "94", "95", "96", "97", "98", "99", "100", "101", "102", "103", "104", "105", "106", "107", "108", "109", "110"], "scores": [0.1418851763010025, 0.2100137323141098, 0.035300157964229584, 0.03637881204485893, 0.3960103392601013, 0.18041186034679413, 0.047923535108566284, 0.13524416089057922, 0.039660871028900146, 0.022528018802404404, 0.6306397914886475, 0.1240035817027092, 0.08480486273765564, 0.203945130109787, 0.040805015712976456, 0.031527481973171234, 0.4793410897254944, 0.15957646071910858, 0.10301494598388672, 0.1686173975467682, 0.0357593409717083, 0.025676269084215164, 0.49627602100372314, 0.17065607011318207, 0.08247512578964233, 0.18297994136810303, 0.06010473147034645, 0.03988419845700264, 0.37029391527175903, 0.2642620801925659, 0.06438833475112915, 0.1844971776008606, 0.07524953037500381, 0.030659792944788933, 0.37929341197013855, 0.26591166853904724, 0.04826947674155235, 0.15637418627738953, 0.07995353639125824, 0.02509389817714691, 0.5002761483192444, 0.19003278017044067, 0.07885309308767319, 0.15005522966384888, 0.06642426550388336, 0.03266288340091705, 0.5032345652580261, 0.1687699407339096, 0.06805290281772614, 0.16030991077423096, 0.06435589492321014, 0.029998380690813065, 0.5202361345291138, 0.15704680979251862, 0.11385830491781235, 0.14343900978565216, 0.05059041827917099, 0.04150056838989258, 0.491118460893631, 0.15949320793151855, 0.1333363652229309, 0.14855866134166718, 0.05793510749936104, 0.04283963516354561, 0.4652729034423828, 0.15205736458301544, 0.08913827687501907, 0.20924580097198486, 0.08666450530290604, 0.05062878131866455, 0.40305158495903015, 0.16127103567123413, 0.0842621847987175, 0.18205231428146362, 0.03070887178182602, 0.026822034269571304, 0.5070509910583496, 0.16910362243652344, 0.09084941446781158, 0.15427547693252563, 0.043114837259054184, 0.03722849115729332, 0.48819977045059204, 0.18633206188678741, 0.03915936499834061, 0.16490229964256287, 0.04861726239323616, 0.021944278851151466, 0.580849289894104, 0.14452750980854034, 0.07715770602226257, 0.16023240983486176, 0.05063992738723755, 0.033453524112701416, 0.4668305516242981, 0.21168582141399384, 0.10808514058589935, 0.1448705941438675, 0.02187541499733925, 0.026220785453915596, 0.6017851233482361, 0.09716290980577469, 0.10331977158784866, 0.21145036816596985, 0.030579332262277603, 0.03324108198285103, 0.46987369656562805, 0.15153571963310242, 0.05872652307152748, 0.14725717902183533, 0.02118782140314579, 0.01851036585867405, 0.627921998500824, 0.1263960599899292, 0.11012923717498779, 0.20199649035930634, 0.03086954914033413, 0.03390210494399071, 0.4467391073703766, 0.1763635277748108, 0.27012789249420166, 0.15817321836948395, 0.06745163351297379, 0.09933534264564514, 0.15177752077579498, 0.2531343698501587, 0.2483096569776535, 0.1535925567150116, 0.06298442929983139, 0.1000606119632721, 0.14316673576831818, 0.29188603162765503, 0.20342908799648285, 0.19416852295398712, 0.0669485330581665, 0.08038465678691864, 0.14793041348457336, 0.30713874101638794, 0.05531565845012665, 0.27528321743011475, 0.04661473631858826, 0.02108684740960598, 0.43870270252227783, 0.1629968285560608, 0.06459293514490128, 0.20991788804531097, 0.04600164666771889, 0.02377890795469284, 0.5488370060920715, 0.10687161982059479, 0.08819057047367096, 0.2005145251750946, 0.0774354338645935, 0.041812676936388016, 0.4715820550918579, 0.1204647496342659, 0.09751438349485397, 0.15630972385406494, 0.035489074885845184, 0.03602709621191025, 0.5539426803588867, 0.12071698904037476, 0.041956279426813126, 0.15512005984783173, 0.04108266532421112, 0.020966248586773872, 0.6391205191612244, 0.10175422579050064, 0.04545505717396736, 0.11588993668556213, 0.038882430642843246, 0.0232520904392004, 0.6795211434364319, 0.09699937701225281, 0.03849409893155098, 0.15564420819282532, 0.22618550062179565, 0.04118983447551727, 0.38338667154312134, 0.15509964525699615, 0.047309886664152145, 0.16198471188545227, 0.20577727258205414, 0.05625138804316521, 0.3886682391166687, 0.14000850915908813, 0.08231350779533386, 0.20909415185451508, 0.07085708528757095, 0.037930551916360855, 0.4566538631916046, 0.14315082132816315, 0.045771706849336624, 0.19826357066631317, 0.047264985740184784, 0.01908908411860466, 0.5425844192504883, 0.14702625572681427, 0.05021863058209419, 0.15425710380077362, 0.05001956969499588, 0.02219696342945099, 0.5430539846420288, 0.1802537441253662, 0.07527650892734528, 0.15542016923427582, 0.03195427358150482, 0.02395695075392723, 0.5838723182678223, 0.1295197457075119, 0.059139274060726166, 0.10039442032575607, 0.04368777573108673, 0.03252806514501572, 0.6225842237472534, 0.14166632294654846, 0.10488837957382202, 0.13677144050598145, 0.033089376986026764, 0.034326259046792984, 0.5311363339424133, 0.15978823602199554, 0.09155876934528351, 0.20002758502960205, 0.032920967787504196, 0.030200215056538582, 0.48957791924476624, 0.15571454167366028, 0.10649356245994568, 0.15834055840969086, 0.029694193974137306, 0.030003845691680908, 0.5338553786277771, 0.1416124552488327, 0.13312776386737823, 0.22634319961071014, 0.04256397858262062, 0.042559392750263214, 0.3913603127002716, 0.1640453338623047, 0.1264560967683792, 0.15214495360851288, 0.03368375450372696, 0.04209725186228752, 0.503919780254364, 0.14169816672801971, 0.07127150148153305, 0.15973851084709167, 0.04809705913066864, 0.025053735822439194, 0.5819182991981506, 0.11392088979482651, 0.06981731206178665, 0.19583846628665924, 0.042033109813928604, 0.025131750851869583, 0.5544575452804565, 0.11272180080413818, 0.04939745366573334, 0.18926240503787994, 0.031264834105968475, 0.02622334286570549, 0.5356248617172241, 0.16822706162929535, 0.05517788231372833, 0.135947123169899, 0.026700664311647415, 0.015403514727950096, 0.6548616886138916, 0.11190911382436752, 0.05137250944972038, 0.1376418024301529, 0.021602267399430275, 0.015889378264546394, 0.6563127040863037, 0.11718125641345978, 0.04341502487659454, 0.11296871304512024, 0.11010310798883438, 0.04634353145956993, 0.5040814876556396, 0.18308812379837036, 0.051409296691417694, 0.1148802861571312, 0.1138642281293869, 0.06715252995491028, 0.5139427781105042, 0.13875092566013336, 0.0861760601401329, 0.16415753960609436, 0.036785513162612915, 0.03205442801117897, 0.5168430805206299, 0.16398335993289948, 0.061594754457473755, 0.21309441328048706, 0.05914316698908806, 0.03070332109928131, 0.4468357264995575, 0.18862861394882202, 0.07122749835252762, 0.2258017510175705, 0.04728008061647415, 0.028412945568561554, 0.4448951184749603, 0.18238261342048645, 0.09873588383197784, 0.18769344687461853, 0.04714137315750122, 0.0380212627351284, 0.4972333610057831, 0.131174698472023, 0.06500899791717529, 0.13973970711231232, 0.02839590795338154, 0.02540707029402256, 0.6390343904495239, 0.10241390764713287, 0.11061790585517883, 0.20146794617176056, 0.03503861650824547, 0.04108100384473801, 0.49004489183425903, 0.12174960225820541, 0.0984896570444107, 0.17355942726135254, 0.03864540532231331, 0.03052552603185177, 0.5242747068405151, 0.1345052421092987, 