{"metrics": {"ACC": 39.63963963963964, "F1": 23.35150276326747}, "predictions": [5, 4, 5, 4, 4, 4, 4, 4, 4, 4, 4, 4, 4, 4, 4, 4, 4, 1, 4, 4, 4, 5, 5, 4, 1, 4, 4, 4, 4, 4, 4, 4, 4, 5, 4, 4, 4, 4, 4, 1, 4, 4, 4, 1, 4, 4, 4, 2, 4, 4, 1, 4, 4, 4, 0, 4, 5, 4, 4, 4, 4, 4, 4, 4, 4, 4, 4, 5, 0, 4, 4, 1, 1, 1, 5, 2, 5, 5, 4, 4, 4, 4, 4, 4, 4, 5, 4, 5, 4, 4, 1, 4, 2, 5, 5, 4, 4, 4, 5, 5, 4, 4, 4, 4, 4, 2, 4, 4, 2, 4, 4], "uids": ["0", "1", "2", "3", "4", "5", "6", "7", "8", "9", "10", "11", "12", "13", "14", "15", "16", "17", "18", "19", "20", "21", "22", "23", "24", "25", "26", "27", "28", "29", "30", "31", "32", "33", "34", "35", "36", "37", "38", "39", "40", "41", "42", "43", "44", "45", "46", "47", "48", "49", "50", "51", "52", "53", "54", "55", "56", "57", "58", "59", "60", "61", "62", "63", "64", "65", "66", "67", "68", "69", "70", "71", "72", "73", "74", "75", "76", "77", "78", "79", "80", "81", "82", "83", "84", "85", "86", "87", "88", "89", "90", "91", "92", "93", "94", "95", "96", "97", "98", "99", "100", "101", "102", "103", "104", "105", "106", "107", "108", "109", "110"], "scores": [0.2188149392604828, 0.23157930374145508, 0.03759540617465973, 0.04829493537545204, 0.0443795807659626, 0.41933581233024597, 0.0991828590631485, 0.1432895064353943, 0.06401259452104568, 0.07830138504505157, 0.44828516244888306, 0.16692852973937988, 0.17807699739933014, 0.28724804520606995, 0.06325995922088623, 0.056588176637887955, 0.07169843465089798, 0.34312835335731506, 0.071610227227211, 0.09385918080806732, 0.01861748844385147, 0.01139116007834673, 0.7149842381477356, 0.08953771740198135, 0.050126854330301285, 0.07926876097917557, 0.014475668780505657, 0.01484681200236082, 0.7285336256027222, 0.11274830996990204, 0.04815227910876274, 0.12400726228952408, 0.028138533234596252, 0.016948789358139038, 0.47887617349624634, 0.30387699604034424, 0.0203526820987463, 0.04283996298909187, 0.05006663128733635, 0.01577349565923214, 0.7516536712646484, 0.119313545525074, 0.08137001097202301, 0.04206565022468567, 0.02815171703696251, 0.02642967365682125, 0.7611253261566162, 0.06085769087076187, 0.08413445204496384, 0.175252765417099, 0.055106982588768005, 0.02586812525987625, 0.5123327970504761, 0.14730487763881683, 0.2173154205083847, 0.14000198245048523, 0.06111561879515648, 0.062182601541280746, 0.30208343267440796, 0.21730098128318787, 0.21303436160087585, 0.11699532717466354, 0.05449891835451126, 0.04924626648426056, 0.4060829281806946, 0.16014210879802704, 0.03007953241467476, 0.19547481834888458, 0.06999954581260681, 0.01598513498902321, 0.574336588382721, 0.11412440985441208, 0.04111653193831444, 0.06853422522544861, 0.006363831926137209, 0.00798126496374607, 0.7821946144104004, 0.09380947798490524, 0.1404530555009842, 0.1082616001367569, 0.027902472764253616, 0.04020597040653229, 0.5500249862670898, 0.13315191864967346, 0.015624000690877438, 0.059775080531835556, 0.012587216682732105, 0.008011733181774616, 0.847813606262207, 0.056188300251960754, 0.041843120008707047, 0.039950836449861526, 0.00911968108266592, 0.010824416764080524, 0.847642719745636, 0.050619278103113174, 0.05430524796247482, 0.026993153616786003, 0.004898181650787592, 0.010826351121068, 0.8854081034660339, 0.017568958923220634, 0.11889546364545822, 0.4596284031867981, 0.03441353142261505, 0.05371000990271568, 0.15964487195014954, 0.1737077683210373, 0.0221738088876009, 0.031362053006887436, 0.006523425690829754, 0.010973936878144741, 0.8953942656517029, 0.033572547137737274, 0.04851812869310379, 0.061001136898994446, 0.006663153879344463, 0.010712661780416965, 0.8141233921051025, 0.0589815117418766, 0.20843148231506348, 0.0798744186758995, 0.018593477085232735, 0.028740013018250465, 0.5486046075820923, 0.11575593054294586, 0.25451985001564026, 0.12365200370550156, 0.025759879499673843, 0.04920177906751633, 0.2697993218898773, 0.2770671248435974, 0.15790580213069916, 0.20226633548736572, 0.051846396178007126, 0.07044131308794022, 0.019545504823327065, 0.49799463152885437, 0.042308926582336426, 0.31191471219062805, 0.013774940744042397, 0.013406139798462391, 0.48800280690193176, 0.1305924654006958, 0.07813289016485214, 0.3822129964828491, 0.02560443803668022, 0.027158081531524658, 0.3630444407463074, 0.12384714186191559, 0.07523977011442184, 0.15285681188106537, 0.05915074422955513, 0.03426891565322876, 0.5804724097251892, 0.09801133722066879, 0.05687147006392479, 0.04587337002158165, 0.009281454607844353, 0.01379464566707611, 0.8322485089302063, 0.04193052649497986, 0.009396461769938469, 0.028152573853731155, 0.008926906622946262, 0.004673785995692015, 0.9237996339797974, 0.025050584226846695, 0.019093362614512444, 0.028484880924224854, 0.011644226498901844, 0.00913169514387846, 0.9099686741828918, 0.02167706936597824, 0.02544526569545269, 0.06510795652866364, 0.24557311832904816, 0.02423681505024433, 0.54576176404953, 0.09387505054473877, 0.021170686930418015, 0.03136777877807617, 0.11495885998010635, 0.018855808302760124, 0.7826929688453674, 0.03095388226211071, 0.1822962909936905, 0.15087491273880005, 0.08098144829273224, 0.060134705156087875, 0.37176427245140076, 0.15394830703735352, 0.010977146215736866, 0.042042315006256104, 0.007291137706488371, 0.004198245704174042, 0.9016006588935852, 0.0338904894888401, 0.07503125071525574, 0.1863415241241455, 0.04244999587535858, 0.034760843962430954, 0.06465020775794983, 0.5967661142349243, 0.1041935533285141, 0.1915053129196167, 0.01576915569603443, 0.022907892242074013, 0.385559618473053, 0.28006449341773987, 0.05987793207168579, 0.06726798415184021, 0.014151079580187798, 0.01837868243455887, 0.7711803317070007, 0.06914399564266205, 0.05801386386156082, 0.03910663723945618, 0.009432333521544933, 0.013103188015520573, 0.8320918083190918, 0.04825219139456749, 0.17539088428020477, 0.21757006645202637, 0.03964458033442497, 0.0638137012720108, 0.2556460499763489, 0.2479347139596939, 0.13543982803821564, 0.1324128806591034, 0.022680561989545822, 0.02611946128308773, 0.5571381449699402, 0.12620924413204193, 0.14786119759082794, 0.4077313244342804, 0.03285427391529083, 0.0388854444026947, 0.13541093468666077, 0.23725681006908417, 0.1781570315361023, 0.11275265365839005, 0.030714519321918488, 0.04931524768471718, 0.4832051694393158, 0.14585542678833008, 0.040633056312799454, 0.10240186005830765, 0.019608091562986374, 0.011573879048228264, 0.7590237855911255, 0.06675930321216583, 0.06407300382852554, 0.17781485617160797, 0.030743153765797615, 0.01928158849477768, 0.6379624605178833, 0.07012488692998886, 0.047818686813116074, 0.37376078963279724, 0.028573455289006233, 0.030693957582116127, 0.3364311754703522, 0.18272188305854797, 0.013091336004436016, 0.014696941711008549, 0.005444931332021952, 0.004536926280707121, 0.949731171131134, 0.01249863300472498, 0.008833476342260838, 0.013097717426717281, 0.0036930616479367018, 0.0034427910577505827, 0.9551224112510681, 0.015810538083314896, 0.029453562572598457, 0.06715072691440582, 0.07942374795675278, 0.027458537369966507, 0.5416248440742493, 0.2548885643482208, 0.0673266053199768, 0.07727230340242386, 0.3674786686897278, 0.1309114396572113, 0.26318156719207764, 0.09382949769496918, 0.08441649377346039, 0.07228448241949081, 0.01416411530226469, 0.025143636390566826, 0.7018840909004211, 0.10210713744163513, 0.041590616106987, 0.24014151096343994, 0.029163381084799767, 0.017223963513970375, 0.45298656821250916, 0.21889397501945496, 0.08417022973299026, 0.4008937180042267, 0.06018897518515587, 0.0378713458776474, 0.14425815641880035, 0.2726175785064697, 0.1873650997877121, 0.19258160889148712, 0.04427814856171608, 0.05919545143842697, 0.4122643768787384, 0.10431529581546783, 0.031272850930690765, 0.028599437326192856, 0.007162144873291254, 0.009945796802639961, 0.9041000008583069, 0.01891973800957203, 0.16820304095745087, 0.2820761501789093, 0.01751674711704254, 0.044531818479299545, 0.3780806064605713, 0.10959167033433914, 0.26016053557395935, 0.1857903003692627, 0.02774753049015999, 0.05242050439119339, 