{"metrics": {"ACC": 36.93693693693694, "F1": 10.403628117913831}, "predictions": [4, 4, 4, 4, 4, 4, 4, 4, 4, 4, 4, 4, 4, 4, 4, 4, 4, 4, 4, 4, 5, 5, 5, 4, 4, 4, 4, 4, 4, 4, 4, 4, 4, 4, 4, 4, 4, 4, 4, 4, 4, 4, 4, 4, 4, 4, 4, 4, 4, 4, 4, 4, 4, 4, 4, 4, 4, 4, 4, 4, 4, 4, 4, 4, 4, 4, 4, 4, 4, 4, 4, 4, 4, 4, 4, 4, 4, 4, 4, 4, 4, 4, 4, 4, 4, 4, 4, 4, 4, 4, 4, 4, 4, 4, 4, 4, 4, 4, 5, 4, 4, 4, 4, 4, 4, 4, 4, 4, 4, 4, 4], "uids": ["0", "1", "2", "3", "4", "5", "6", "7", "8", "9", "10", "11", "12", "13", "14", "15", "16", "17", "18", "19", "20", "21", "22", "23", "24", "25", "26", "27", "28", "29", "30", "31", "32", "33", "34", "35", "36", "37", "38", "39", "40", "41", "42", "43", "44", "45", "46", "47", "48", "49", "50", "51", "52", "53", "54", "55", "56", "57", "58", "59", "60", "61", "62", "63", "64", "65", "66", "67", "68", "69", "70", "71", "72", "73", "74", "75", "76", "77", "78", "79", "80", "81", "82", "83", "84", "85", "86", "87", "88", "89", "90", "91", "92", "93", "94", "95", "96", "97", "98", "99", "100", "101", "102", "103", "104", "105", "106", "107", "108", "109", "110"], "scores": [0.05814599618315697, 0.14053194224834442, 0.054769545793533325, 0.02879781648516655, 0.5456642508506775, 0.17209048569202423, 0.03556583449244499, 0.11929931491613388, 0.07190478593111038, 0.022124486044049263, 0.6065945625305176, 0.14451099932193756, 0.049854930490255356, 0.14919240772724152, 0.07575807720422745, 0.030194250866770744, 0.4772237241268158, 0.21777664124965668, 0.06360471993684769, 0.13863623142242432, 0.07393399626016617, 0.03174479305744171, 0.46216729283332825, 0.22991304099559784, 0.05952512472867966, 0.16725747287273407, 0.08891788125038147, 0.04104584455490112, 0.40093204379081726, 0.2423216700553894, 0.05161646753549576, 0.1702786237001419, 0.09946570545434952, 0.029784778133034706, 0.42916592955589294, 0.21968849003314972, 0.04820409417152405, 0.14487464725971222, 0.10564295202493668, 0.029132768511772156, 0.46965283155441284, 0.20249269902706146, 0.05718352645635605, 0.12949371337890625, 0.11253329366445541, 0.0382344014942646, 0.43177029490470886, 0.23078478872776031, 0.0600065179169178, 0.15406550467014313, 0.10463815182447433, 0.03686683997511864, 0.45020192861557007, 0.19422107934951782, 0.08301084488630295, 0.133719339966774, 0.07927004992961884, 0.04227130115032196, 0.47651395201683044, 0.1852145493030548, 0.09049546718597412, 0.13638508319854736, 0.07870538532733917, 0.040584199130535126, 0.47004541754722595, 0.18378445506095886, 0.052742306143045425, 0.15767431259155273, 0.20170684158802032, 0.055539969354867935, 0.3670806288719177, 0.16525594890117645, 0.0461275540292263, 0.17240020632743835, 0.060939278453588486, 0.026758840307593346, 0.5341840386390686, 0.15959009528160095, 0.05665925517678261, 0.13846130669116974, 0.0756259560585022, 0.03778275102376938, 0.4923820197582245, 0.19908872246742249, 0.044380512088537216, 0.14506883919239044, 0.09429372102022171, 0.03528212383389473, 0.49434810876846313, 0.18662667274475098, 0.054127223789691925, 0.14930251240730286, 0.09921398013830185, 0.04095796123147011, 0.4227219223976135, 0.23367644846439362, 0.0739813968539238, 0.13544729351997375, 0.04265448823571205, 0.030413558706641197, 0.5779769420623779, 0.1395263373851776, 0.05837206169962883, 0.18183180689811707, 0.06821618229150772, 0.034364521503448486, 0.4571067988872528, 0.2001086324453354, 0.04077788442373276, 0.12544786930084229, 0.04983432963490486, 0.02500404417514801, 0.5943596363067627, 0.16457632184028625, 0.059744760394096375, 0.16069678962230682, 0.05423538759350777, 0.031411539763212204, 0.4937562048435211, 0.2001553624868393, 0.12940268218517303, 0.13667471706867218, 0.09415637701749802, 0.06099746748805046, 0.2804209589958191, 0.2983478307723999, 0.14264610409736633, 0.14313934743404388, 0.09335508197546005, 0.06681060045957565, 0.25533339381217957, 0.2987155020236969, 0.1030491515994072, 0.15866371989250183, 0.10407762229442596, 0.05546927452087402, 0.259333997964859, 0.3194062411785126, 0.05293158069252968, 0.21708454191684723, 0.09741145372390747, 0.027895387262105942, 0.4077001214027405, 0.196976900100708, 0.05490950867533684, 0.17375054955482483, 0.08973658829927444, 0.03005509078502655, 0.49952712655067444, 0.15202118456363678, 0.06253974139690399, 0.19497381150722504, 0.1267729252576828, 0.04565991461277008, 0.4159705340862274, 0.15408310294151306, 0.05420296639204025, 0.1496398001909256, 0.06289196759462357, 0.03374558687210083, 0.5398068428039551, 0.1597127914428711, 0.039905741810798645, 0.15440508723258972, 0.0893634706735611, 0.027729466557502747, 0.5435146689414978, 0.14508163928985596, 0.041499026119709015, 0.11982456594705582, 0.06786719709634781, 0.030593227595090866, 0.5844988822937012, 0.15571708977222443, 0.04240371286869049, 0.13574843108654022, 0.21159274876117706, 0.0431288443505764, 0.40326961874961853, 0.163856640458107, 0.044422078877687454, 0.1409619003534317, 0.21924278140068054, 0.05371217429637909, 0.38675063848495483, 0.15491046011447906, 0.04887008294463158, 0.18597352504730225, 0.09669436514377594, 0.03067500703036785, 0.4506653845310211, 0.18712158501148224, 0.04429908096790314, 0.17166663706302643, 0.0894036665558815, 0.027896801009774208, 0.47461819648742676, 0.1921156495809555, 0.03942209854722023, 0.13265065848827362, 0.08707014471292496, 0.026235604658722878, 0.5329362750053406, 0.18168523907661438, 0.044898103922605515, 0.13338670134544373, 0.05869909003376961, 0.026031311601400375, 0.5820892453193665, 0.1548955887556076, 0.05829984322190285, 0.11912323534488678, 0.06865653395652771, 0.0395701564848423, 0.5321467518806458, 0.1822035163640976, 0.07449761033058167, 0.13245905935764313, 0.06155117601156235, 0.0416225828230381, 0.49783438444137573, 0.19203521311283112, 0.06151788309216499, 0.15553227066993713, 0.062473900616168976, 0.036608077585697174, 0.4993990659713745, 0.18446877598762512, 0.05370992422103882, 0.1383439600467682, 0.05695093050599098, 0.02759568765759468, 0.5479822158813477, 0.1754172295331955, 0.07483738660812378, 0.17451369762420654, 0.08520912379026413, 0.04010302573442459, 0.40341717004776, 0.22191967070102692, 0.062659852206707, 0.12719924747943878, 0.06308992952108383, 0.03490722179412842, 0.5329420566558838, 0.1792016327381134, 0.05392300710082054, 0.14454299211502075, 0.08183809369802475, 0.027086559683084488, 0.5442842841148376, 0.1483250856399536, 0.05067893862724304, 0.16632336378097534, 0.07257190346717834, 0.027797488495707512, 0.5392147898674011, 0.1434134542942047, 0.04334045201539993, 0.16766652464866638, 0.07598581165075302, 0.03596347197890282, 0.4741329252719879, 0.20291081070899963, 0.04680811986327171, 0.13898636400699615, 0.06885454803705215, 0.024448519572615623, 0.5549163818359375, 0.165986105799675, 0.04141457751393318, 0.12909725308418274, 0.05930206552147865, 0.026097647845745087, 0.551846444606781, 0.19224202632904053, 0.046659499406814575, 0.12130739539861679, 0.13085582852363586, 0.04741951823234558, 0.4334980547428131, 0.2202596813440323, 0.04429695010185242, 0.12654651701450348, 0.09709124267101288, 0.04135120287537575, 0.5389923453330994, 0.1517217755317688, 0.0642566978931427, 0.14298759400844574, 0.06429045647382736, 0.03566737845540047, 0.5203685164451599, 0.1724294126033783, 0.05091872066259384, 0.15398754179477692, 0.08652909845113754, 0.03242042660713196, 0.48104074597358704, 0.19510342180728912, 0.05521306395530701, 0.17871995270252228, 0.09499845653772354, 0.034855253994464874, 0.4123373031616211, 0.22387593984603882, 0.07025761902332306, 0.16533014178276062, 0.09425009042024612, 0.037249621003866196, 0.433657169342041, 0.19925537705421448, 0.053274933248758316, 0.1394759863615036, 0.06926506012678146, 0.030228137969970703, 0.5445718765258789, 0.16318409144878387, 0.06314468383789062, 0.1564396619796753, 0.06434806436300278, 0.03969733417034149, 0.5041865706443787, 0.17218367755413055, 0.058461744338274, 0.1436958760023117, 0.07044905424118042, 0.03152308240532875, 0.5427250266075134, 0.1531451940536499, 0.04161626100540161, 