{"metrics": {"ACC": 36.93693693693694, "F1": 13.707897041230375}, "predictions": [4, 4, 4, 4, 4, 5, 4, 4, 4, 4, 4, 4, 4, 4, 4, 4, 4, 4, 4, 4, 4, 5, 5, 4, 4, 4, 4, 4, 4, 4, 4, 4, 4, 4, 4, 4, 4, 4, 4, 4, 4, 4, 4, 4, 4, 4, 4, 4, 4, 4, 4, 4, 4, 4, 4, 4, 4, 4, 4, 4, 4, 4, 4, 4, 4, 4, 4, 4, 4, 4, 4, 4, 4, 4, 4, 4, 4, 4, 4, 4, 4, 4, 4, 4, 4, 4, 4, 4, 4, 4, 4, 4, 4, 4, 5, 4, 4, 4, 5, 5, 4, 4, 4, 4, 4, 2, 4, 4, 2, 4, 4], "uids": ["0", "1", "2", "3", "4", "5", "6", "7", "8", "9", "10", "11", "12", "13", "14", "15", "16", "17", "18", "19", "20", "21", "22", "23", "24", "25", "26", "27", "28", "29", "30", "31", "32", "33", "34", "35", "36", "37", "38", "39", "40", "41", "42", "43", "44", "45", "46", "47", "48", "49", "50", "51", "52", "53", "54", "55", "56", "57", "58", "59", "60", "61", "62", "63", "64", "65", "66", "67", "68", "69", "70", "71", "72", "73", "74", "75", "76", "77", "78", "79", "80", "81", "82", "83", "84", "85", "86", "87", "88", "89", "90", "91", "92", "93", "94", "95", "96", "97", "98", "99", "100", "101", "102", "103", "104", "105", "106", "107", "108", "109", "110"], "scores": [0.1983349323272705, 0.1991986185312271, 0.03140909969806671, 0.040193405002355576, 0.31273385882377625, 0.21813003718852997, 0.03833767771720886, 0.10402262210845947, 0.028229983523488045, 0.017510950565338135, 0.7017340064048767, 0.11016470938920975, 0.09650313854217529, 0.18569618463516235, 0.039304789155721664, 0.03049055114388466, 0.4523056447505951, 0.19569970667362213, 0.13118614256381989, 0.1578507274389267, 0.038876719772815704, 0.024516742676496506, 0.46133482456207275, 0.18623487651348114, 0.09137050807476044, 0.163286492228508, 0.04216718673706055, 0.03165970370173454, 0.4096404016017914, 0.261875718832016, 0.0843580886721611, 0.14214392006397247, 0.06292854994535446, 0.034258659929037094, 0.33587846159935, 0.3404322862625122, 0.04208475351333618, 0.10845077037811279, 0.06135401874780655, 0.021132495254278183, 0.5689774751663208, 0.1980004459619522, 0.09365270286798477, 0.10264791548252106, 0.05397018417716026, 0.03187448903918266, 0.5631386041641235, 0.1547161489725113, 0.09651006013154984, 0.1395002156496048, 0.052798207849264145, 0.02911647967994213, 0.5138386487960815, 0.16823633015155792, 0.1816086322069168, 0.13955122232437134, 0.050009965896606445, 0.05048497021198273, 0.4032670259475708, 0.17507818341255188, 0.1649986356496811, 0.12303818762302399, 0.046066977083683014, 0.03914911299943924, 0.4725448787212372, 0.1542021930217743, 0.0417700819671154, 0.191031351685524, 0.08759810775518417, 0.020557329058647156, 0.5098267793655396, 0.14921627938747406, 0.06540663540363312, 0.13172291219234467, 0.017690693959593773, 0.014838561415672302, 0.623295247554779, 0.14704591035842896, 0.1115846037864685, 0.12929962575435638, 0.03442743420600891, 0.03548506647348404, 0.5067469477653503, 0.1824563443660736, 0.028818737715482712, 0.10720101743936539, 0.029721766710281372, 0.015911344438791275, 0.6985213160514832, 0.11982589215040207, 0.11057613044977188, 0.12896664440631866, 0.04859369620680809, 0.04753357544541359, 0.40048351883888245, 0.26384636759757996, 0.0933413952589035, 0.09673213213682175, 0.014771128073334694, 0.018337540328502655, 0.7036176919937134, 0.07320009171962738, 0.1015002429485321, 0.19430488348007202, 0.026010606437921524, 0.0302759800106287, 0.48485544323921204, 0.16305293142795563, 0.03678697347640991, 0.06980954855680466, 0.012726347893476486, 0.012466025538742542, 0.7887250781059265, 0.07948606461286545, 0.10251475125551224, 0.1436978429555893, 0.0232900008559227, 0.02832208387553692, 0.55722576379776, 0.14494957029819489, 0.24031099677085876, 0.15103061497211456, 0.04835735261440277, 0.05465187877416611, 0.2641727328300476, 0.2414763867855072, 0.250948965549469, 0.16413019597530365, 0.04734891280531883, 0.06498260051012039, 0.17436832189559937, 0.29822099208831787, 0.2005135864019394, 0.2057282030582428, 0.06111089140176773, 0.062497466802597046, 0.14369036257266998, 0.32645949721336365, 0.06563302129507065, 0.24325673282146454, 0.03364703059196472, 0.02046141028404236, 0.44101178646087646, 0.19598998129367828, 0.06968561559915543, 0.20588888227939606, 0.03540714457631111, 0.02094799093902111, 0.5507413744926453, 0.11732903122901917, 0.09057734906673431, 0.1664244532585144, 0.06178883835673332, 0.0394902378320694, 0.5120754241943359, 0.12964364886283875, 0.1027875691652298, 0.11698457598686218, 0.027873540297150612, 0.03089079260826111, 0.6141329407691956, 0.1073305606842041, 0.03427024185657501, 0.11211387813091278, 0.02883290685713291, 0.015685413032770157, 0.7215176820755005, 0.08757985383272171, 0.03889673575758934, 0.08294515311717987, 0.03021610714495182, 0.018925786018371582, 0.7529191970825195, 0.0760970264673233, 0.028829455375671387, 0.1345062404870987, 0.20674847066402435, 0.027168896049261093, 0.43390750885009766, 0.1688394695520401, 0.03373774141073227, 0.1301022469997406, 0.20595218241214752, 0.03416101261973381, 0.45945900678634644, 0.13658779859542847, 0.10487521439790726, 0.16516265273094177, 0.05809210240840912, 0.03997781127691269, 0.47272583842277527, 0.15916647017002106, 0.03415915369987488, 0.1466905027627945, 0.02723812684416771, 0.012349857948720455, 0.66050785779953, 0.11905448138713837, 0.05727740749716759, 0.14066311717033386, 0.03721345216035843, 0.02305745519697666, 0.5343230962753296, 0.20746545493602753, 0.08396589756011963, 0.1270037293434143, 0.021973753347992897, 0.02245425060391426, 0.6099401116371155, 0.13466228544712067, 0.056462109088897705, 0.07084248960018158, 0.033552058041095734, 0.029272831976413727, 0.6773683428764343, 0.13250210881233215, 0.096612349152565, 0.09605495631694794, 0.02252364531159401, 0.025951186195015907, 0.6328809857368469, 0.1259768009185791, 0.1349135935306549, 0.16120785474777222, 0.036762695759534836, 0.040087129920721054, 0.45552560687065125, 0.17150309681892395, 0.11722824722528458, 0.12319827079772949, 0.025202445685863495, 0.026219533756375313, 0.5791327357292175, 0.12901873886585236, 0.1545564830303192, 0.19957464933395386, 0.03721887245774269, 0.03964449465274811, 0.3957905173301697, 0.17321501672267914, 0.137985959649086, 0.11549492180347443, 0.03106526844203472, 0.039340320974588394, 0.5439138412475586, 0.1321997344493866, 0.07148846238851547, 0.12637925148010254, 0.03158288449048996, 0.01976165920495987, 0.6363590359687805, 0.11442875862121582, 0.07953418046236038, 0.16822171211242676, 0.03329651802778244, 0.02361966297030449, 0.5798326730728149, 0.1154952421784401, 0.046977002173662186, 0.1819029152393341, 0.03164324536919594, 0.024654490873217583, 0.5460125803947449, 0.16880972683429718, 0.03669023513793945, 0.0786043107509613, 0.018954958766698837, 0.009971552528440952, 0.782555341720581, 0.07322362810373306, 0.03567085042595863, 0.0760306790471077, 0.01345090288668871, 0.011115694418549538, 0.7698178291320801, 0.09391403198242188, 0.037831246852874756, 0.08195684105157852, 0.0877629742026329, 0.03388176113367081, 0.5438395142555237, 0.21472764015197754, 0.05912621691823006, 0.09290522336959839, 0.15622137486934662, 0.07984563708305359, 0.48024508357048035, 0.13165651261806488, 0.10390156507492065, 0.12902922928333282, 0.026786182075738907, 0.03548555448651314, 0.5493988394737244, 0.15539862215518951, 0.056762468069791794, 0.20449598133563995, 0.05760365352034569, 0.030669065192341805, 0.45786571502685547, 0.19260311126708984, 0.06531094759702682, 0.19978776574134827, 0.04125283285975456, 0.025555036962032318, 0.46403101086616516, 0.20406243205070496, 0.10888176411390305, 0.143605038523674, 0.03920768201351166, 0.03626570478081703, 0.5422375202178955, 0.12980224192142487, 0.05504576489329338, 0.087069071829319, 0.019374240189790726, 0.018615037202835083, 0.7416324615478516, 0.07826346904039383, 0.11936290562152863, 0.15531115233898163, 0.024959580972790718, 0.033385612070560455, 0.5656813979148865, 0.10129933059215546, 0.11936619132757187, 0.1430358588695526, 0.03286437317728996, 0.03259880095720291, 0.5294550061225891, 0.14267978072166443, 0.04914487525820732,