{"metrics": {"ACC": 37.83783783783784, "F1": 21.3583151931925}, "predictions": [5, 4, 5, 4, 4, 5, 4, 4, 4, 4, 4, 4, 4, 4, 4, 4, 4, 1, 4, 4, 0, 5, 5, 4, 4, 4, 4, 4, 4, 4, 4, 4, 4, 5, 5, 4, 4, 5, 4, 1, 4, 4, 4, 1, 4, 4, 4, 4, 4, 1, 1, 4, 4, 4, 0, 4, 5, 4, 4, 4, 4, 4, 4, 4, 4, 4, 4, 5, 0, 4, 4, 4, 1, 1, 2, 2, 5, 5, 4, 4, 4, 4, 4, 4, 4, 5, 4, 5, 4, 4, 5, 4, 2, 5, 5, 4, 4, 4, 5, 5, 4, 4, 4, 4, 4, 2, 5, 4, 2, 4, 4], "uids": ["0", "1", "2", "3", "4", "5", "6", "7", "8", "9", "10", "11", "12", "13", "14", "15", "16", "17", "18", "19", "20", "21", "22", "23", "24", "25", "26", "27", "28", "29", "30", "31", "32", "33", "34", "35", "36", "37", "38", "39", "40", "41", "42", "43", "44", "45", "46", "47", "48", "49", "50", "51", "52", "53", "54", "55", "56", "57", "58", "59", "60", "61", "62", "63", "64", "65", "66", "67", "68", "69", "70", "71", "72", "73", "74", "75", "76", "77", "78", "79", "80", "81", "82", "83", "84", "85", "86", "87", "88", "89", "90", "91", "92", "93", "94", "95", "96", "97", "98", "99", "100", "101", "102", "103", "104", "105", "106", "107", "108", "109", "110"], "scores": [0.24512608349323273, 0.21393197774887085, 0.05011220648884773, 0.059230100363492966, 0.04877111315727234, 0.3828285038471222, 0.10405531525611877, 0.14590714871883392, 0.07351020723581314, 0.0742233544588089, 0.43264052271842957, 0.16966348886489868, 0.1842767298221588, 0.26186126470565796, 0.07453209161758423, 0.060577429831027985, 0.07451891899108887, 0.34423360228538513, 0.13125990331172943, 0.1702806055545807, 0.03944605216383934, 0.02100801095366478, 0.455486536026001, 0.18251889944076538, 0.07800894975662231, 0.13586391508579254, 0.028865957632660866, 0.023908531293272972, 0.5200245380401611, 0.21332813799381256, 0.053428053855895996, 0.15450797975063324, 0.048861272633075714, 0.020731177181005478, 0.35243597626686096, 0.3700354993343353, 0.028521444648504257, 0.0760548785328865, 0.0899052768945694, 0.021253278478980064, 0.5866275429725647, 0.19763754308223724, 0.10389363765716553, 0.057458605617284775, 0.05339322239160538, 0.0363449826836586, 0.6464616060256958, 0.1024479791522026, 0.08999652415513992, 0.1609031707048416, 0.07491353899240494, 0.02913612313568592, 0.4692106544971466, 0.17584000527858734, 0.2078714221715927, 0.13992881774902344, 0.07578686624765396, 0.06368045508861542, 0.2630710005760193, 0.24966144561767578, 0.1893310695886612, 0.10425437986850739, 0.05479288101196289, 0.041187576949596405, 0.4483661651611328, 0.16206790506839752, 0.04090143367648125, 0.2162792980670929, 0.09189663082361221, 0.02459661103785038, 0.4710095226764679, 0.1553165316581726, 0.06792467832565308, 0.11308940500020981, 0.01290176808834076, 0.013620438054203987, 0.6206459403038025, 0.17181777954101562, 0.14487750828266144, 0.11635501682758331, 0.036483172327280045, 0.043784234672784805, 0.5062733888626099, 0.15222670137882233, 0.021159101277589798, 0.08077076822519302, 0.01958957500755787, 0.010174633003771305, 0.7853984236717224, 0.08290744572877884, 0.0676763579249382, 0.06963519752025604, 0.018597790971398354, 0.01823350228369236, 0.7241948843002319, 0.10166222602128983, 0.08669304102659225, 0.044951166957616806, 0.008705546148121357, 0.016201617196202278, 0.8099436163902283, 0.033505022525787354, 0.12793917953968048, 0.3996908664703369, 0.03927232325077057, 0.05349443107843399, 0.18443402647972107, 0.19516915082931519, 0.03018810600042343, 0.047914691269397736, 0.009335651062428951, 0.01337407436221838, 0.8467960357666016, 0.0523914210498333, 0.08498732000589371, 0.09885293245315552, 0.014083354733884335, 0.019776832312345505, 0.656379222869873, 0.1259204000234604, 0.3308228552341461, 0.10865721106529236, 0.0382293164730072, 0.05300799757242203, 0.27138522267341614, 0.19789740443229675, 0.29316285252571106, 0.131887748837471, 0.053082045167684555, 0.08647947013378143, 0.09273028373718262, 0.3426576852798462, 0.19743120670318604, 0.18205025792121887, 0.07307030260562897, 0.09113728255033493, 0.026721227914094925, 0.42958977818489075, 0.04809040203690529, 0.30118998885154724, 0.020655840635299683, 0.015494977124035358, 0.4556688368320465, 0.15889997780323029, 0.07942379266023636, 0.32698488235473633, 0.034060582518577576, 0.027515456080436707, 0.4029110372066498, 0.12910418212413788, 0.07762381434440613, 0.15272662043571472, 0.07643699645996094, 0.03489616885781288, 0.5401424169540405, 0.11817403137683868, 0.07398899644613266, 0.06213017553091049, 0.01676415465772152, 0.020199140533804893, 0.7617157697677612, 0.0652017891407013, 0.013586034066975117, 0.044197794049978256, 0.015577223151922226, 0.006723144557327032, 0.8812609314918518, 0.03865490108728409, 0.024835577234625816, 0.038062263280153275, 0.01782439835369587, 0.0127311572432518, 0.8747923970222473, 0.03175414353609085, 0.02871113084256649, 0.08454395085573196, 0.27108532190322876, 0.028153693303465843, 0.4644762873649597, 0.12302958220243454, 0.026459481567144394, 0.05034716799855232, 0.16833026707172394, 0.027406947687268257, 0.6738907098770142, 0.05356545373797417, 0.15741512179374695, 0.1570103019475937, 0.08066968619823456, 0.056713808327913284, 0.38239970803260803, 0.16579146683216095, 0.017450090497732162, 0.07210525870323181, 0.013726717792451382, 0.006435424089431763, 0.8270521759986877, 0.06323040276765823, 0.09040997177362442, 0.194386288523674, 0.058011919260025024, 0.03907597437500954, 0.09877602010965347, 0.5193398594856262, 0.1500958949327469, 0.2133478820323944, 0.030702536925673485, 0.037991564720869064, 0.2112947553396225, 0.3565674126148224, 0.09413901716470718, 0.0977402776479721, 0.02764805778861046, 0.030488653108477592, 0.634948194026947, 0.11503584682941437, 0.09084273129701614, 0.06118912249803543, 0.016650365665555, 0.020873717963695526, 0.7169616222381592, 0.09348244965076447, 0.1927637904882431, 0.1924574226140976, 0.050269965082407, 0.07073292881250381, 0.20416401326656342, 0.2896118462085724, 0.15780994296073914, 0.13917173445224762, 0.033461906015872955, 0.032233405858278275, 0.46903690695762634, 0.1682860106229782, 0.17655716836452484, 0.32065436244010925, 0.04631276801228523, 0.04431943967938423, 0.12751711905002594, 0.2846390902996063, 0.18963605165481567, 0.11236093193292618, 0.04090793430805206, 0.05363715440034866, 0.4429347813129425, 0.16052313148975372, 0.06030690297484398, 0.1280977427959442, 0.032350946217775345, 0.016294140368700027, 0.6620291471481323, 0.100921131670475, 0.08449698984622955, 0.1982160061597824, 0.04489719867706299, 0.02589278668165207, 0.5464853644371033, 0.10001160204410553, 0.06991934031248093, 0.3616845905780792, 0.04475044831633568, 0.054338421672582626, 0.2240416705608368, 0.24526552855968475, 0.02369360812008381, 0.0293806791305542, 0.008045841939747334, 0.006590838078409433, 0.9046886563301086, 0.02760041132569313, 0.015274913981556892, 0.027231749147176743, 0.0057631609961390495, 0.0052481587044894695, 0.9129727482795715, 0.033509235829114914, 0.03661206737160683, 0.08695484697818756, 0.11286795884370804, 0.033133018761873245, 0.4404992163181305, 0.28993287682533264, 0.06887289881706238, 0.0819517970085144, 0.31557896733283997, 0.11717026680707932, 0.3209753632545471, 0.09545072168111801, 0.11501079797744751, 0.11396387964487076, 0.0279647558927536, 0.03960924595594406, 0.5090710520744324, 0.1943802833557129, 0.05845629796385765, 0.2998758852481842, 0.05404370650649071, 0.024804966524243355, 0.26875039935112, 0.29406875371932983, 0.08995923399925232, 0.3670390844345093, 0.06927803158760071, 0.037843894213438034, 0.16137182712554932, 0.27450796961784363, 0.18139217793941498, 0.16964974999427795, 0.05315927788615227, 0.05506456643342972, 0.4237533211708069, 0.11698084324598312, 0.04528189077973366, 0.045029956847429276, 0.01198804471641779, 0.014279468916356564, 0.8489297032356262, 0.034491028636693954, 0.1810297667980194, 0.2228238433599472, 0.023031678050756454, 0.04533039778470993, 0.41943061351776123, 0.10835379362106323, 0.3013128340244293, 0.1846262812614441, 0.03657158464193344, 0.06937835365533829, 0.16165900230407715, 