{"metrics": {"ACC": 36.03603603603604, "F1": 16.191554154202713}, "predictions": [5, 4, 5, 4, 4, 4, 4, 4, 4, 4, 4, 4, 4, 4, 4, 4, 4, 1, 4, 4, 4, 5, 5, 4, 4, 4, 4, 4, 4, 4, 4, 4, 4, 5, 4, 4, 4, 4, 4, 1, 4, 4, 4, 1, 4, 4, 4, 4, 4, 4, 1, 4, 4, 4, 4, 4, 4, 4, 4, 4, 4, 4, 4, 4, 4, 4, 4, 4, 4, 4, 4, 4, 1, 4, 4, 2, 4, 4, 4, 4, 4, 4, 4, 4, 4, 4, 4, 4, 4, 4, 1, 4, 4, 5, 5, 4, 4, 4, 5, 5, 4, 4, 4, 4, 4, 2, 4, 4, 2, 4, 4], "uids": ["0", "1", "2", "3", "4", "5", "6", "7", "8", "9", "10", "11", "12", "13", "14", "15", "16", "17", "18", "19", "20", "21", "22", "23", "24", "25", "26", "27", "28", "29", "30", "31", "32", "33", "34", "35", "36", "37", "38", "39", "40", "41", "42", "43", "44", "45", "46", "47", "48", "49", "50", "51", "52", "53", "54", "55", "56", "57", "58", "59", "60", "61", "62", "63", "64", "65", "66", "67", "68", "69", "70", "71", "72", "73", "74", "75", "76", "77", "78", "79", "80", "81", "82", "83", "84", "85", "86", "87", "88", "89", "90", "91", "92", "93", "94", "95", "96", "97", "98", "99", "100", "101", "102", "103", "104", "105", "106", "107", "108", "109", "110"], "scores": [0.20396432280540466, 0.2208736389875412, 0.031450413167476654, 0.03761301189661026, 0.2008092999458313, 0.30528929829597473, 0.06113132834434509, 0.11126109957695007, 0.04265211150050163, 0.03699073567986488, 0.6218523979187012, 0.12611234188079834, 0.14265410602092743, 0.24673978984355927, 0.05749170109629631, 0.046763185411691666, 0.18535961210727692, 0.3209916353225708, 0.11259828507900238, 0.15903805196285248, 0.03158274292945862, 0.020346878096461296, 0.5106706619262695, 0.16576343774795532, 0.08702106028795242, 0.1574513465166092, 0.03259418159723282, 0.02757745422422886, 0.43230095505714417, 0.2630549669265747, 0.05460852012038231, 0.15127073228359222, 0.04143005236983299, 0.020248714834451675, 0.4164009094238281, 0.31604111194610596, 0.02764703333377838, 0.06786458939313889, 0.06730791926383972, 0.01817619428038597, 0.6615134477615356, 0.1574908047914505, 0.07529837638139725, 0.05555292218923569, 0.035762690007686615, 0.025420382618904114, 0.719944417476654, 0.08802123367786407, 0.07210636138916016, 0.14200808107852936, 0.050846949219703674, 0.023561477661132812, 0.5638255476951599, 0.1476515680551529, 0.17755426466464996, 0.1257515400648117, 0.05067319795489311, 0.04672662913799286, 0.4083636701107025, 0.19093070924282074, 0.13829657435417175, 0.08344540745019913, 0.036830056458711624, 0.02630104310810566, 0.5984051823616028, 0.11672171950340271, 0.043763916939496994, 0.2080259621143341, 0.07241672277450562, 0.021741414442658424, 0.4881775677204132, 0.1658743917942047, 0.07635090500116348, 0.1351553201675415, 0.014247541315853596, 0.01628599502146244, 0.562421441078186, 0.19553881883621216, 0.12090521305799484, 0.11738648265600204, 0.027976511046290398, 0.03651612251996994, 0.5500775575637817, 0.1471380889415741, 0.024965012446045876, 0.10272063314914703, 0.02320869080722332, 0.012291040271520615, 0.7310981154441833, 0.10571657121181488, 0.07396004348993301, 0.0927693322300911, 0.02201538160443306, 0.021464236080646515, 0.6484479308128357, 0.14134308695793152, 0.08513227850198746, 0.05615968629717827, 0.008471758104860783, 0.01541490014642477, 0.794077455997467, 0.04074389860033989, 0.12225396186113358, 0.3847329914569855, 0.036845169961452484, 0.04479903355240822, 0.23406332731246948, 0.1773054599761963, 0.05579037219285965, 0.11049707233905792, 0.016153693199157715, 0.02153128944337368, 0.6901249885559082, 0.1059025377035141, 0.09647930413484573, 0.13514117896556854, 0.017123490571975708, 0.02508264221251011, 0.577435314655304, 0.1487381011247635, 0.2777504324913025, 0.12525956332683563, 0.03519892320036888, 0.0471995584666729, 0.2864351272583008, 0.2281564176082611, 0.2681988477706909, 0.14328312873840332, 0.0443144291639328, 0.07737667858600616, 0.11360324919223785, 0.35322365164756775, 0.1790989637374878, 0.20356567203998566, 0.06018569692969322, 0.0797504112124443, 0.04334961250424385, 0.4340496361255646, 0.061419691890478134, 0.3165740668773651, 0.02237965166568756, 0.018211418762803078, 0.3911062180995941, 0.19030901789665222, 0.07300279289484024, 0.2767292261123657, 0.029703635722398758, 0.02505716122686863, 0.4657003879547119, 0.129806786775589, 0.06299421936273575, 0.12901848554611206, 0.05468086898326874, 0.0271480493247509, 0.6294190287590027, 0.0967392697930336, 0.07673861086368561, 0.07379359006881714, 0.019077403470873833, 0.02221345156431198, 0.7351117730140686, 0.07306516915559769, 0.020092321559786797, 0.05506715551018715, 0.017719294875860214, 0.00873095728456974, 0.8476259112358093, 0.050764381885528564, 0.028908729553222656, 0.051820624619722366, 0.021147405728697777, 0.014278031885623932, 0.8386285901069641, 0.04521656781435013, 0.027948973700404167, 0.0898372232913971, 0.22117425501346588, 0.026113996282219887, 0.5131509900093079, 0.12177451699972153, 0.028259562328457832, 0.06263098865747452, 0.14178381860256195, 0.025223322212696075, 0.6759964823722839, 0.06610589474439621, 0.14273542165756226, 0.14562001824378967, 0.06282540410757065, 0.05158710852265358, 0.43893224000930786, 0.1582997441291809, 0.0206777211278677, 0.08168841898441315, 0.014690868556499481, 0.007243444211781025, 0.8030269145965576, 0.07267259806394577, 0.07506227493286133, 0.1763538271188736, 0.04774501174688339, 0.03285786136984825, 0.2483423799276352, 0.4196387231349945, 0.10206914693117142, 0.1781407743692398, 0.01918359100818634, 0.025318924337625504, 0.48011836409568787, 0.19516921043395996, 0.07084748893976212, 0.09945604205131531, 0.023800404742360115, 0.022916605696082115, 0.6712768077850342, 0.11170266568660736, 0.08958181738853455, 0.07318977266550064, 0.017710357904434204, 0.021628795191645622, 0.6933168768882751, 0.10457231104373932, 0.14045144617557526, 0.1642908900976181, 0.03228557109832764, 0.0460195429623127, 0.4239340126514435, 0.19301852583885193, 0.13619554042816162, 0.11672303825616837, 0.025058986619114876, 0.027162812650203705, 0.5597540140151978, 0.13510558009147644, 0.17168061435222626, 0.2847643494606018, 0.04088006541132927, 0.03937692567706108, 0.2170768827199936, 0.2462211549282074, 0.15043874084949493, 0.10744699835777283, 0.035107698291540146, 0.04392869025468826, 0.5167443752288818, 0.1463334709405899, 0.05986381322145462, 0.11244647204875946, 0.03188477084040642, 0.01602979749441147, 0.6812205910682678, 0.09855452179908752, 0.05890529230237007, 0.14676320552825928, 0.029187973588705063, 0.0169686209410429, 0.6669015884399414, 0.08127325773239136, 0.0814240351319313, 0.338451087474823, 0.050335321575403214, 0.05044892057776451, 0.21135452389717102, 0.26798611879348755, 0.024124236777424812, 0.038112573325634, 0.008673625066876411, 0.007122659590095282, 0.8874942660331726, 0.034472692757844925, 0.03137676790356636, 0.06215176731348038, 0.010158619843423367, 0.010831319727003574, 0.8129633069038391, 0.0725182518362999, 0.034545060247182846, 0.08443883061408997, 0.08342438191175461, 0.027398310601711273, 0.5298178195953369, 0.24037562310695648, 0.06111275032162666, 0.08269999921321869, 0.23573975265026093, 0.1015983447432518, 0.4159483313560486, 0.10290073603391647, 0.11896874010562897, 0.1149902269244194, 0.02979973703622818, 0.03993852064013481, 0.5104861855506897, 0.1858166754245758, 0.04492231830954552, 0.21651239693164825, 0.037475790828466415, 0.01793665997684002, 0.4845012426376343, 0.19865161180496216, 0.07991298288106918, 0.28407055139541626, 0.05063888058066368, 0.030929237604141235, 0.27967971563339233, 0.2747686505317688, 0.14958429336547852, 0.14952634274959564, 0.042857807129621506, 0.04553335905075073, 0.49508434534072876, 0.11741380393505096, 0.04516449198126793, 0.04955592378973961, 0.012638271786272526, 0.014526198618113995, 0.8352277278900146, 0.04288731887936592, 0.12237194180488586, 0.1584772914648056, 0.01687396503984928, 0.03090355172753334, 0.5861600637435913, 0.08521310985088348, 0.19808156788349152, 0.1496429741382599, 0.025937873870134354, 0.03871507570147514, 0.40547820925712585, 0.18214422464370728, 