{"metrics": {"ACC": 35.13513513513514, "F1": 17.59171410499684}, "predictions": [5, 4, 5, 4, 4, 4, 4, 4, 4, 4, 4, 4, 4, 4, 4, 4, 4, 1, 4, 4, 4, 4, 5, 4, 4, 4, 4, 4, 4, 4, 4, 4, 4, 5, 4, 4, 4, 4, 4, 1, 4, 4, 4, 4, 4, 4, 4, 2, 4, 4, 1, 4, 4, 4, 4, 4, 5, 4, 4, 4, 4, 4, 4, 4, 4, 4, 4, 5, 4, 4, 4, 4, 1, 1, 5, 2, 5, 4, 4, 4, 4, 4, 4, 4, 4, 4, 4, 5, 4, 4, 1, 4, 4, 5, 5, 4, 4, 4, 5, 5, 4, 4, 4, 4, 4, 2, 4, 4, 2, 4, 4], "uids": ["0", "1", "2", "3", "4", "5", "6", "7", "8", "9", "10", "11", "12", "13", "14", "15", "16", "17", "18", "19", "20", "21", "22", "23", "24", "25", "26", "27", "28", "29", "30", "31", "32", "33", "34", "35", "36", "37", "38", "39", "40", "41", "42", "43", "44", "45", "46", "47", "48", "49", "50", "51", "52", "53", "54", "55", "56", "57", "58", "59", "60", "61", "62", "63", "64", "65", "66", "67", "68", "69", "70", "71", "72", "73", "74", "75", "76", "77", "78", "79", "80", "81", "82", "83", "84", "85", "86", "87", "88", "89", "90", "91", "92", "93", "94", "95", "96", "97", "98", "99", "100", "101", "102", "103", "104", "105", "106", "107", "108", "109", "110"], "scores": [0.1966521441936493, 0.24533359706401825, 0.03520902991294861, 0.04457421228289604, 0.05738012492656708, 0.4208509027957916, 0.08641141653060913, 0.13097284734249115, 0.06353533267974854, 0.07415850460529327, 0.49129679799079895, 0.15362511575222015, 0.1581135392189026, 0.2909386456012726, 0.061607833951711655, 0.05371720716357231, 0.09416945278644562, 0.34145328402519226, 0.05200020968914032, 0.07571268826723099, 0.015610242262482643, 0.009155979380011559, 0.7738779783248901, 0.07364300638437271, 0.044067248702049255, 0.07079198956489563, 0.013678601011633873, 0.014209602028131485, 0.756083071231842, 0.10116947442293167, 0.03860034421086311, 0.10236767679452896, 0.02501506358385086, 0.015081489458680153, 0.5646672248840332, 0.25426822900772095, 0.020009975880384445, 0.04145439341664314, 0.051101814955472946, 0.01650480553507805, 0.7511029839515686, 0.11982598900794983, 0.06604137271642685, 0.0370013453066349, 0.025582127273082733, 0.0236213319003582, 0.7916232943534851, 0.05613051727414131, 0.06589537858963013, 0.14194819331169128, 0.04849817231297493, 0.022236905992031097, 0.6014544367790222, 0.11996690183877945, 0.19301222264766693, 0.13529369235038757, 0.0608079731464386, 0.05757364630699158, 0.34158191084861755, 0.21173056960105896, 0.17896318435668945, 0.10693276673555374, 0.050158340483903885, 0.0419062040746212, 0.47744762897491455, 0.14459185302257538, 0.024739205837249756, 0.14825639128684998, 0.050234805792570114, 0.012919927015900612, 0.6713927388191223, 0.09245695173740387, 0.03406970947980881, 0.0580463707447052, 0.0059045166708528996, 0.0073793549090623856, 0.8148213624954224, 0.07977870106697083, 0.11827784776687622, 0.09602178633213043, 0.02491801418364048, 0.03572365269064903, 0.6084850430488586, 0.11657368391752243, 0.015252434648573399, 0.058812305331230164, 0.012920442968606949, 0.008328749798238277, 0.8485005497932434, 0.05618547275662422, 0.03171603009104729, 0.03294213116168976, 0.008045841008424759, 0.008981285616755486, 0.8766874074935913, 0.04162728041410446, 0.04912461340427399, 0.025240924209356308, 0.004765662364661694, 0.010246124118566513, 0.8935025930404663, 0.017120035365223885, 0.11170793324708939, 0.44048404693603516, 0.03592430427670479, 0.055211544036865234, 0.18289275467395782, 0.17377939820289612, 0.021458420902490616, 0.029914407059550285, 0.006920966319739819, 0.011296254582703114, 0.8966190218925476, 0.0337909497320652, 0.04577023908495903, 0.0609404593706131, 0.006696982309222221, 0.010891136713325977, 0.8140451312065125, 0.061656028032302856, 0.18067987263202667, 0.07447351515293121, 0.01696745678782463, 0.025847231969237328, 0.5917900204658508, 0.11024188995361328, 0.22735780477523804, 0.11521275341510773, 0.023339666426181793, 0.04354170709848404, 0.33993270993232727, 0.25061529874801636, 0.14780376851558685, 0.20901158452033997, 0.05096075311303139, 0.06826367974281311, 0.021653061732649803, 0.5023071765899658, 0.03527290001511574, 0.26609188318252563, 0.013192582875490189, 0.01173233613371849, 0.5594574809074402, 0.11425277590751648, 0.06611871719360352, 0.3375004827976227, 0.0259723924100399, 0.025489529594779015, 0.43308526277542114, 0.11183366179466248, 0.06285183876752853, 0.13323000073432922, 0.05688576400279999, 0.030763033777475357, 0.6323672533035278, 0.08390208333730698, 0.04992487654089928, 0.042497213929891586, 0.00866895541548729, 0.012706814333796501, 0.8468164801597595, 0.039385586977005005, 0.008874175138771534, 0.025497572496533394, 0.009348724037408829, 0.0046711089089512825, 0.9272938370704651, 0.024314647540450096, 0.019633512943983078, 0.02917851321399212, 0.013294597156345844, 0.010250319726765156, 0.903352677822113, 0.024290358647704124, 0.025101428851485252, 0.061812419444322586, 0.23437976837158203, 0.025367045775055885, 0.5557132959365845, 0.09762606024742126, 0.02278119884431362, 0.032107528299093246, 0.12325034290552139, 0.0220610611140728, 0.764905571937561, 0.03489425778388977, 0.1606447994709015, 0.1436111181974411, 0.0814274251461029, 0.05696307495236397, 0.4104890823364258, 0.14686447381973267, 0.0104502709582448, 0.04084719344973564, 0.007973969914019108, 0.004355066455900669, 0.9011614322662354, 0.03521200269460678, 0.06422676146030426, 0.18737410008907318, 0.041621409356594086, 0.03403797745704651, 0.08392464369535446, 0.5888150930404663, 0.08375494182109833, 0.16787832975387573, 0.013991497457027435, 0.020500624552369118, 0.4684547483921051, 0.24541985988616943, 0.0443497858941555, 0.05141999199986458, 0.011905994266271591, 0.01487304363399744, 0.8207137584686279, 0.05673743784427643, 0.050037674605846405, 0.03547981381416321, 0.009006212465465069, 0.012231988832354546, 0.8478223085403442, 0.045422013849020004, 0.15601196885108948, 0.21242505311965942, 0.038882624357938766, 0.06048104912042618, 0.2854267954826355, 0.24677246809005737, 0.1209423765540123, 0.12171008437871933, 0.021429186686873436, 0.02535390295088291, 0.5862953066825867, 0.12426915764808655, 0.1328119933605194, 0.3982095718383789, 0.031203072518110275, 0.03612310066819191, 0.17720216512680054, 0.22445014119148254, 0.16028042137622833, 0.10736958682537079, 0.030828071758151054, 0.04737994447350502, 0.5111525058746338, 0.14298945665359497, 0.03538244590163231, 0.08821635693311691, 0.019443947821855545, 0.011138790287077427, 0.7865256071090698, 0.05929288640618324, 0.05536460131406784, 0.15490306913852692, 0.029481559991836548, 0.017807353287935257, 0.6780266165733337, 0.0644167810678482, 0.04096508026123047, 0.3316570818424225, 0.027208872139453888, 0.027722522616386414, 0.41066762804985046, 0.16177886724472046, 0.01268390379846096, 0.014719325117766857, 0.005875272210687399, 0.004667691420763731, 0.9490089416503906, 0.013044909574091434, 0.008784539997577667, 0.013171621598303318, 0.00406798766925931, 0.0036813360638916492, 0.9538521766662598, 0.01644228585064411, 0.02770974114537239, 0.06595633924007416, 0.08666699379682541, 0.029107892885804176, 0.5478281378746033, 0.24273088574409485, 0.06433722376823425, 0.07652393728494644, 0.3576149344444275, 0.12925682961940765, 0.2792454957962036, 0.09302160888910294, 0.06774279475212097, 0.06212014704942703, 0.013107632286846638, 0.022263504564762115, 0.7456569075584412, 0.08910907059907913, 0.03053322620689869, 0.19082140922546387, 0.024383069947361946, 0.013361597433686256, 0.5784238576889038, 0.16247688233852386, 0.07392421364784241, 0.37685927748680115, 0.0577402338385582, 0.035641156136989594, 0.1895540952682495, 0.26628103852272034, 0.15344581007957458, 0.17048077285289764, 0.03864528238773346, 0.05007780343294144, 0.4907342195510864, 0.09661614894866943, 0.028241856023669243, 0.026112025603652, 0.006978471763432026, 0.00940863136202097, 0.9108842611312866, 0.01837483048439026, 0.15020516514778137, 0.26231658458709717, 0.016826258972287178, 0.04278329387307167, 0.4233006238937378, 0.10456807166337967, 0.2265242040157318, 0.17568205296993256, 0.026619721204042435, 