{"metrics": {"ACC": 35.13513513513514, "F1": 15.971965654077724}, "predictions": [5, 4, 5, 4, 4, 4, 4, 4, 4, 4, 4, 4, 4, 4, 4, 4, 4, 1, 4, 4, 4, 5, 5, 4, 4, 4, 4, 4, 4, 4, 4, 4, 4, 5, 4, 4, 4, 4, 4, 1, 4, 4, 4, 4, 4, 4, 4, 4, 4, 4, 1, 4, 4, 4, 0, 4, 5, 4, 4, 4, 4, 4, 4, 4, 4, 4, 4, 5, 0, 4, 4, 4, 1, 4, 4, 2, 5, 4, 4, 4, 4, 4, 4, 4, 4, 4, 4, 5, 4, 4, 5, 4, 4, 5, 5, 4, 4, 4, 5, 5, 4, 4, 4, 4, 4, 2, 4, 4, 2, 4, 4], "uids": ["0", "1", "2", "3", "4", "5", "6", "7", "8", "9", "10", "11", "12", "13", "14", "15", "16", "17", "18", "19", "20", "21", "22", "23", "24", "25", "26", "27", "28", "29", "30", "31", "32", "33", "34", "35", "36", "37", "38", "39", "40", "41", "42", "43", "44", "45", "46", "47", "48", "49", "50", "51", "52", "53", "54", "55", "56", "57", "58", "59", "60", "61", "62", "63", "64", "65", "66", "67", "68", "69", "70", "71", "72", "73", "74", "75", "76", "77", "78", "79", "80", "81", "82", "83", "84", "85", "86", "87", "88", "89", "90", "91", "92", "93", "94", "95", "96", "97", "98", "99", "100", "101", "102", "103", "104", "105", "106", "107", "108", "109", "110"], "scores": [0.2451101392507553, 0.23808085918426514, 0.04128735512495041, 0.05453291907906532, 0.05861253663897514, 0.3623761534690857, 0.09631149470806122, 0.13612797856330872, 0.05718095600605011, 0.06772328168153763, 0.5066775679588318, 0.13597868382930756, 0.17716214060783386, 0.2917700409889221, 0.06847695261240005, 0.056552302092313766, 0.08903185278177261, 0.3170067071914673, 0.09462255984544754, 0.1206364631652832, 0.024436328560113907, 0.015054728835821152, 0.6340665817260742, 0.11118336766958237, 0.05385848134756088, 0.09008324891328812, 0.01630956493318081, 0.017100829631090164, 0.7016252875328064, 0.12102258950471878, 0.04749881103634834, 0.12659692764282227, 0.03285832330584526, 0.018497200682759285, 0.4760003685951233, 0.2985483705997467, 0.025025060400366783, 0.05241343751549721, 0.05607049539685249, 0.017305884510278702, 0.722199022769928, 0.12698616087436676, 0.1091485247015953, 0.055097706615924835, 0.040761832147836685, 0.037039998918771744, 0.6747183799743652, 0.08323356509208679, 0.08712325245141983, 0.15670941770076752, 0.0640919953584671, 0.02756907418370247, 0.5227918028831482, 0.14171449840068817, 0.21230442821979523, 0.13634392619132996, 0.057263754308223724, 0.056491442024707794, 0.3428375720977783, 0.19475890696048737, 0.18872864544391632, 0.10205872356891632, 0.04694920405745506, 0.04050056263804436, 0.49521538615226746, 0.12654754519462585, 0.037026651203632355, 0.19246220588684082, 0.06435426324605942, 0.020762087777256966, 0.5762214064598083, 0.10917343199253082, 0.041754111647605896, 0.07017285376787186, 0.007120854686945677, 0.008756708353757858, 0.7854817509651184, 0.08671365678310394, 0.12269660830497742, 0.10108353197574615, 0.024656379595398903, 0.03620346263051033, 0.6024633049964905, 0.11289671063423157, 0.019590113312005997, 0.07164664566516876, 0.016665199771523476, 0.01080038771033287, 0.8124263286590576, 0.06887134164571762, 0.049878887832164764, 0.04844917356967926, 0.011651970446109772, 0.014025629498064518, 0.81512850522995, 0.06086581200361252, 0.06380660086870193, 0.0338595025241375, 0.005954930558800697, 0.013039340265095234, 0.8605748414993286, 0.022764816880226135, 0.12979330122470856, 0.4047628939151764, 0.035734761506319046, 0.05568011477589607, 0.19175413250923157, 0.18227483332157135, 0.024737130850553513, 0.03291870281100273, 0.007513454183936119, 0.012101360596716404, 0.887559711933136, 0.03516973927617073, 0.06671159714460373, 0.07980582118034363, 0.009639207273721695, 0.01553269848227501, 0.7469912171363831, 0.08131945878267288, 0.24852676689624786, 0.09559666365385056, 0.023398661985993385, 0.03612715005874634, 0.45627203583717346, 0.14007872343063354, 0.27730104327201843, 0.1303999274969101, 0.03249172493815422, 0.06110190972685814, 0.18743528425693512, 0.311270147562027, 0.1737295389175415, 0.2099040001630783, 0.05670652911067009, 0.0739765614271164, 0.02483726665377617, 0.46084609627723694, 0.04387901350855827, 0.2984178960323334, 0.015875214710831642, 0.014232832007110119, 0.4968431293964386, 0.13075193762779236, 0.07890263944864273, 0.333527535200119, 0.028023112565279007, 0.026234220713377, 0.4255097508430481, 0.10780277848243713, 0.07642457634210587, 0.1459757685661316, 0.05935036763548851, 0.034387484192848206, 0.589796781539917, 0.09406502544879913, 0.062194958329200745, 0.04779520630836487, 0.011037539690732956, 0.015810169279575348, 0.8230558037757874, 0.0401063896715641, 0.01186718512326479, 0.033234044909477234, 0.011119833216071129, 0.006092064548283815, 0.910222053527832, 0.02746482938528061, 0.023425649851560593, 0.03219426050782204, 0.014799626544117928, 0.011690106242895126, 0.8925231099128723, 0.02536713518202305, 0.02482559345662594, 0.06212576851248741, 0.2036057561635971, 0.021822083741426468, 0.6110526919364929, 0.07656803727149963, 0.02680288627743721, 0.03897206485271454, 0.14739781618118286, 0.02471606805920601, 0.7252105474472046, 0.03690067678689957, 0.15348230302333832, 0.1433352380990982, 0.06425842642784119, 0.050853680819272995, 0.4551528990268707, 0.13291749358177185, 0.01464018039405346, 0.057202499359846115, 0.011409925296902657, 0.006051648408174515, 0.8636566400527954, 0.047039080411195755, 0.08796951174736023, 0.2088773548603058, 0.045932747423648834, 0.040386952459812164, 0.10849899798631668, 0.5083343982696533, 0.10424472391605377, 0.17094683647155762, 0.01552444789558649, 0.023100735619664192, 0.4791870415210724, 0.20699621737003326, 0.04059026017785072, 0.0504707470536232, 0.011546673253178596, 0.014606263488531113, 0.8320640921592712, 0.050721973180770874, 0.06701183319091797, 0.04815567657351494, 0.011597326025366783, 0.016629701480269432, 0.7979974150657654, 0.058608029037714005, 0.19303418695926666, 0.21486932039260864, 0.041106149554252625, 0.06618643552064896, 0.25606003403663635, 0.22874386608600616, 0.15703359246253967, 0.15193232893943787, 0.027335986495018005, 0.032725363969802856, 0.49236905574798584, 0.13860370218753815, 0.15464864671230316, 0.3715316355228424, 0.03201470896601677, 0.03845631331205368, 0.19047904014587402, 0.21286970376968384, 0.15841196477413177, 0.10193689912557602, 0.029194790869951248, 0.044410496950149536, 0.5397584438323975, 0.12628735601902008, 0.04776556044816971, 0.10666097700595856, 0.022753043100237846, 0.013852753676474094, 0.7379153966903687, 0.07105232030153275, 0.07530219852924347, 0.18040871620178223, 0.03461209684610367, 0.022775864228606224, 0.6093074679374695, 0.07759371399879456, 0.04801074042916298, 0.3151187300682068, 0.02819058857858181, 0.03075336664915085, 0.4166664481163025, 0.16126017272472382, 0.017006291076540947, 0.019498324021697044, 0.0066549149341881275, 0.005868208594620228, 0.933664858341217, 0.01730736531317234, 0.01047971099615097, 0.015814289450645447, 0.004279830027371645, 0.0042648096568882465, 0.9457487463951111, 0.01941261999309063, 0.03127892315387726, 0.062200166285037994, 0.07452774047851562, 0.02844475395977497, 0.5862279534339905, 0.2173204869031906, 0.06946349889039993, 0.07931384444236755, 0.3140842020511627, 0.11448647081851959, 0.33041369915008545, 0.09223829954862595, 0.09727749973535538, 0.08388568460941315, 0.018268417567014694, 0.034149497747421265, 0.6601070761680603, 0.10631183534860611, 0.03804325684905052, 0.22706031799316406, 0.031066281720995903, 0.01692238263785839, 0.5119207501411438, 0.17498700320720673, 0.0848439484834671, 0.38299646973609924, 0.06032305210828781, 0.0375126488506794, 0.1708483099937439, 0.26347556710243225, 0.1748332977294922, 0.17957517504692078, 0.043328966945409775, 0.053160686045885086, 0.4455416202545166, 0.10356021672487259, 0.039356332272291183, 0.038358982652425766, 0.00913754478096962, 0.0121393371373415, 0.8760685920715332, 0.02493916265666485, 0.17437811195850372, 0.26277270913124084, 0.02055569551885128, 0.046672336757183075, 0.3913630247116089, 0.10425810515880585, 0.2670048773288727, 0.19243335723876953, 0.031049469485878944, 0.05562715604901314, 