{"metrics": {"ACC": 32.86713286713287, "F1": 13.275709219858156}, "predictions": [0, 1, 0, 0, 0, 0, 0, 0, 0, 0, 0, 0, 0, 0, 0, 0, 0, 0, 0, 0, 0, 0, 0, 0, 0, 0, 0, 0, 0, 0, 0, 0, 0, 0, 0, 0, 0, 0, 0, 0, 0, 0, 0, 0, 0, 0, 0, 0, 0, 0, 0, 0, 0, 0, 0, 0, 0, 0, 0, 0, 0, 0, 0, 0, 0, 0, 0, 0, 0, 0, 0, 0, 0, 0, 0, 0, 0, 0, 0, 0, 0, 0, 0, 0, 0, 0, 0, 0, 0, 0, 0, 0, 0, 0, 0, 0, 0, 0, 0, 0, 0, 0, 0, 0, 0, 0, 0, 0, 0, 0, 0, 0, 0, 0, 0, 0, 0, 0, 0, 0, 0, 0, 0, 0, 0, 0, 0, 0, 0, 0, 0, 0, 0, 0, 0, 0, 0, 0, 0, 0, 0, 0, 0], "uids": ["0", "1", "2", "3", "4", "5", "6", "7", "8", "9", "10", "11", "12", "13", "14", "15", "16", "17", "18", "19", "20", "21", "22", "23", "24", "25", "26", "27", "28", "29", "30", "31", "32", "33", "34", "35", "36", "37", "38", "39", "40", "41", "42", "43", "44", "45", "46", "47", "48", "49", "50", "51", "52", "53", "54", "55", "56", "57", "58", "59", "60", "61", "62", "63", "64", "65", "66", "67", "68", "69", "70", "71", "72", "73", "74", "75", "76", "77", "78", "79", "80", "81", "82", "83", "84", "85", "86", "87", "88", "89", "90", "91", "92", "93", "94", "95", "96", "97", "98", "99", "100", "101", "102", "103", "104", "105", "106", "107", "108", "109", "110", "111", "112", "113", "114", "115", "116", "117", "118", "119", "120", "121", "122", "123", "124", "125", "126", "127", "128", "129", "130", "131", "132", "133", "134", "135", "136", "137", "138", "139", "140", "141", "142"], "scores": [0.4669781029224396, 0.3183950185775757, 0.17924147844314575, 0.035385310649871826, 0.3919544219970703, 0.4177599847316742, 0.1601993441581726, 0.030086174607276917, 0.47662782669067383, 0.3304828107357025, 0.15476049482822418, 0.038128823041915894, 0.46583110094070435, 0.3512924313545227, 0.15866324305534363, 0.024213233962655067, 0.4743157625198364, 0.34362512826919556, 0.15576817095279694, 0.026290975511074066, 0.4882641136646271, 0.331204354763031, 0.15525472164154053, 0.025276850908994675, 0.5770633816719055, 0.28177645802497864, 0.10973745584487915, 0.03142261505126953, 0.5498066544532776, 0.3029003441333771, 0.12068910151720047, 0.02660389244556427, 0.43224072456359863, 0.36482712626457214, 0.1743161529302597, 0.028616001829504967, 0.4912296533584595, 0.30189579725265503, 0.16782014071941376, 0.03905441612005234, 0.5198215246200562, 0.25407975912094116, 0.18585333228111267, 0.04024543985724449, 0.45289236307144165, 0.375033974647522, 0.14878708124160767, 0.023286491632461548, 0.46530795097351074, 0.32872289419174194, 0.18205010890960693, 0.023919066414237022, 0.5088140368461609, 0.2987930178642273, 0.16889341175556183, 0.023499591276049614, 0.4732707738876343, 0.22843733429908752, 0.2574063241481781, 0.040885571390390396, 0.38967326283454895, 0.31709054112434387, 0.2502944767475128, 0.04294164478778839, 0.39254695177078247, 0.3065110146999359, 0.257313072681427, 0.043628983199596405, 0.46415555477142334, 0.3779730498790741, 0.12871260941028595, 0.029158836230635643, 0.598771870136261, 0.21869048476219177, 0.13954299688339233, 0.042994629591703415, 0.6527391672134399, 0.21214422583580017, 0.11052815616130829, 0.024588430300354958, 0.49417296051979065, 0.3501475751399994, 0.12907148897647858, 0.026608048006892204, 0.49689167737960815, 0.37317955493927, 0.10730841755867004, 0.02262037806212902, 0.6162371039390564, 0.22283828258514404, 0.12446431070566177, 0.03646022826433182, 0.5046064257621765, 0.26198509335517883, 0.1983533501625061, 0.03505517169833183, 0.47260311245918274, 0.32641759514808655, 0.17016729712486267, 0.030811935663223267, 0.5179819464683533, 0.3031332492828369, 0.1461113691329956, 0.03277342766523361, 0.5022850632667542, 0.3367159962654114, 0.13574127852916718, 0.025257647037506104, 0.46389004588127136, 0.3768022954463959, 0.12891420722007751, 0.030393389984965324, 0.5194653868675232, 0.3004729449748993, 0.14152753353118896, 0.03853412717580795, 0.5132227540016174, 0.32320985198020935, 0.13093028962612152, 0.032637156546115875, 0.5234171748161316, 0.3189730644226074, 0.12649498879909515, 0.031114766374230385, 0.4826374650001526, 0.3571494221687317, 0.13613806664943695, 0.024075044319033623, 0.3868253827095032, 0.36955103278160095, 0.20296335220336914, 0.04066016897559166, 0.37366828322410583, 0.3592643141746521, 0.2256377935409546, 0.04142964258790016, 0.4022136926651001, 0.3911188840866089, 0.17508408427238464, 0.03158336132764816, 0.4460352063179016, 0.38125255703926086, 0.14333544671535492, 0.029376693069934845, 0.536540150642395, 0.32612988352775574, 0.11212519556283951, 0.025204800069332123, 0.47202828526496887, 0.3160244822502136, 0.17487196624279022, 0.037075284868478775, 0.4695388376712799, 0.29408183693885803, 0.20057258009910583, 0.03580676391720772, 0.44827261567115784, 0.35180315375328064, 0.16711844503879547, 0.032805800437927246, 0.45507535338401794, 0.34976139664649963, 0.1641279011964798, 0.03103535994887352, 0.5180085301399231, 0.30418816208839417, 0.14562132954597473, 0.032182011753320694, 0.5135620832443237, 0.3107253909111023, 0.14507021009922028, 0.030642306432127953, 0.5085757970809937, 0.22574327886104584, 0.2160959243774414, 0.04958505183458328, 0.46179065108299255, 0.32746219635009766, 0.1759137064218521, 0.03483348339796066, 0.4918624460697174, 0.2795250415802002, 0.18716107308864594, 0.041451435536146164, 0.4617775082588196, 0.32007548213005066, 0.17569716274738312, 0.04244986176490784, 0.6030024886131287, 0.21679100394248962, 0.1489432156085968, 0.031263384968042374, 0.5045353770256042, 0.3362787365913391, 0.13154834508895874, 0.02763749100267887, 0.5527852773666382, 0.2639813721179962, 0.1542188674211502, 0.02901453524827957, 0.5951598882675171, 0.22804883122444153, 0.1449311226606369, 0.03186015784740448, 0.5022421479225159, 0.3461430072784424, 0.12833110988140106, 0.023283690214157104, 0.4913070499897003, 0.3644426167011261, 0.1213035136461258, 0.02294679544866085, 0.4842509627342224, 0.3255910873413086, 0.15865440666675568, 0.031503524631261826, 0.4693434238433838, 0.3368339240550995, 0.16083543002605438, 0.032987210899591446, 0.45684754848480225, 0.3605167269706726, 0.15200747549533844, 0.030628278851509094, 0.4770250618457794, 0.3186182975769043, 0.175279900431633, 0.02907675877213478, 0.49175697565078735, 0.37519901990890503, 0.10860717296600342, 0.02443688176572323, 0.5269735455513, 0.29969680309295654, 0.13883261382579803, 0.034496989101171494, 0.5393519997596741, 0.29037705063819885, 0.137505903840065, 0.03276505693793297, 0.5388224124908447, 0.29754549264907837, 0.1355152726173401, 0.028116879984736443, 0.5098947286605835, 0.27995818853378296, 0.17134615778923035, 0.0388009175658226, 0.4965619146823883, 0.3064022362232208, 0.1618366241455078, 0.035199254751205444, 0.4571319818496704, 0.3347313404083252, 0.1684008538722992, 0.0397358238697052, 0.45666080713272095, 0.34265953302383423, 0.1662139892578125, 0.034465715289115906, 0.5836164951324463, 0.24463821947574615, 0.13718059659004211, 0.034564681351184845, 0.5145108699798584, 0.23046071827411652, 0.2174897938966751, 0.03753859922289848, 0.5343434810638428, 0.22021526098251343, 0.20969617366790771, 0.035745035856962204, 0.4398907423019409, 0.37503179907798767, 0.1537664234638214, 0.03131103515625, 0.5191010236740112, 0.30091068148612976, 0.1501934677362442, 0.02979479543864727, 0.5164830088615417, 0.2756175994873047, 0.17253431677818298, 0.03536509349942207, 0.5664420127868652, 0.23764976859092712, 0.16049952805042267, 0.03540872037410736, 0.4928973317146301, 0.28972184658050537, 0.1792263239622116, 0.03815446421504021, 0.5384108424186707, 0.2505928874015808, 0.17181137204170227, 0.03918488323688507, 0.4922173321247101, 0.24597160518169403, 0.21104870736598969, 0.05076238512992859, 0.5418018698692322, 0.2235686033964157, 0.19200611114501953, 0.042623452842235565, 0.6618381142616272, 0.2053065001964569, 0.09658701717853546, 0.03626837953925133, 0.4508312940597534, 0.35266900062561035, 0.14545036852359772, 0.0510493740439415, 0.4541966915130615, 0.337360143661499, 0.17156735062599182, 0.0368758849799633, 0.5380711555480957, 0.3210327923297882, 