{"metrics": {"ACC": 44.05594405594406, "F1": 32.79279279279279}, "predictions": [1, 1, 1, 1, 2, 1, 1, 1, 1, 1, 1, 2, 2, 0, 1, 1, 0, 1, 1, 0, 1, 1, 0, 2, 1, 1, 1, 1, 0, 0, 0, 1, 2, 2, 2, 1, 1, 0, 0, 1, 0, 0, 0, 0, 0, 1, 1, 0, 2, 1, 0, 0, 1, 1, 1, 1, 1, 1, 2, 0, 0, 0, 0, 2, 1, 1, 1, 1, 1, 0, 2, 0, 1, 0, 2, 0, 0, 1, 0, 0, 0, 0, 0, 1, 1, 0, 0, 0, 0, 0, 2, 0, 1, 2, 2, 2, 0, 2, 2, 2, 2, 0, 1, 1, 1, 2, 0, 0, 1, 0, 2, 1, 1, 0, 0, 1, 0, 2, 0, 1, 0, 1, 1, 2, 0, 2, 1, 1, 0, 0, 0, 0, 0, 1, 0, 0, 2, 0, 0, 1, 1, 0, 0], "uids": ["0", "1", "2", "3", "4", "5", "6", "7", "8", "9", "10", "11", "12", "13", "14", "15", "16", "17", "18", "19", "20", "21", "22", "23", "24", "25", "26", "27", "28", "29", "30", "31", "32", "33", "34", "35", "36", "37", "38", "39", "40", "41", "42", "43", "44", "45", "46", "47", "48", "49", "50", "51", "52", "53", "54", "55", "56", "57", "58", "59", "60", "61", "62", "63", "64", "65", "66", "67", "68", "69", "70", "71", "72", "73", "74", "75", "76", "77", "78", "79", "80", "81", "82", "83", "84", "85", "86", "87", "88", "89", "90", "91", "92", "93", "94", "95", "96", "97", "98", "99", "100", "101", "102", "103", "104", "105", "106", "107", "108", "109", "110", "111", "112", "113", "114", "115", "116", "117", "118", "119", "120", "121", "122", "123", "124", "125", "126", "127", "128", "129", "130", "131", "132", "133", "134", "135", "136", "137", "138", "139", "140", "141", "142"], "scores": [0.063308484852314, 0.7518991231918335, 0.1622629016637802, 0.022529443725943565, 0.01171807199716568, 0.9040749073028564, 0.0788288488984108, 0.00537828216329217, 0.3004942536354065, 0.5754199028015137, 0.034675586968660355, 0.08941026031970978, 0.030356161296367645, 0.8555741906166077, 0.07914958149194717, 0.034920018166303635, 0.03496086597442627, 0.36823317408561707, 0.5570560097694397, 0.03975001722574234, 0.05184740573167801, 0.4897908568382263, 0.4398055672645569, 0.018556158989667892, 0.02833843231201172, 0.9233471751213074, 0.038884487003088, 0.009429845958948135, 0.04443975165486336, 0.5389660596847534, 0.38987699151039124, 0.026717163622379303, 0.05904826149344444, 0.8609573841094971, 0.06112021952867508, 0.01887413300573826, 0.3418308198451996, 0.5860929489135742, 0.03633100911974907, 0.03574521839618683, 0.18622560799121857, 0.6959826350212097, 0.08508744835853577, 0.032704371958971024, 0.15527863800525665, 0.3868296444416046, 0.44132134318351746, 0.016570331528782845, 0.14222167432308197, 0.1667660027742386, 0.671061635017395, 0.019950734451413155, 0.46657437086105347, 0.17804239690303802, 0.33248767256736755, 0.02289554476737976, 0.12815794348716736, 0.5369550585746765, 0.28412240743637085, 0.05076463893055916, 0.2338087111711502, 0.6196327209472656, 0.08962587267160416, 0.05693269893527031, 0.31479787826538086, 0.2824551463127136, 0.22960665822029114, 0.17314036190509796, 0.3360178768634796, 0.3544752597808838, 0.24823451042175293, 0.06127235293388367, 0.1841864436864853, 0.37903496623039246, 0.3424959182739258, 0.09428265690803528, 0.9724586009979248, 0.00886621605604887, 0.013146118260920048, 0.00552896736189723, 0.021388307213783264, 0.8268464803695679, 0.13579338788986206, 0.015971843153238297, 0.016839491203427315, 0.9765638113021851, 0.004078147001564503, 0.0025184876285493374, 0.5973126888275146, 0.3782292902469635, 0.012205760926008224, 0.012252191081643105, 0.1882050633430481, 0.39439159631729126, 0.4062221944332123, 0.011181165464222431, 0.17279137670993805, 0.44222885370254517, 0.37424609065055847, 0.010733628645539284, 0.15714584290981293, 0.7127942442893982, 0.11167639493942261, 0.018383575603365898, 0.06242401897907257, 0.9094897508621216, 0.020939260721206665, 0.007146963384002447, 0.02869994565844536, 0.551085352897644, 0.4016910791397095, 0.018523607403039932, 0.8036803603172302, 0.07856012135744095, 0.0909004658460617, 0.026859071105718613, 0.8344280123710632, 0.11122573912143707, 0.03737470507621765, 0.01697150431573391, 0.868782639503479, 0.061389219015836716, 0.05660102143883705, 0.01322714053094387, 0.07936548441648483, 0.8931272029876709, 0.021957099437713623, 0.005550250876694918, 0.02458161860704422, 0.4127110540866852, 0.5353958606719971, 0.027311524376273155, 0.008268646895885468, 0.08540208637714386, 0.8869027495384216, 0.019426487386226654, 0.02290661260485649, 0.23818354308605194, 0.7025247812271118, 0.03638508543372154, 0.013679486699402332, 0.8954225778579712, 0.08375408500432968, 0.007143855560570955, 0.01645175740122795, 0.7730634808540344, 0.19034311175346375, 0.020141636952757835, 0.45270493626594543, 0.12337626516819, 0.39068272709846497, 0.03323615342378616, 0.5306410193443298, 0.13144630193710327, 0.29164206981658936, 0.04627068340778351, 0.11513225734233856, 0.7052954435348511, 0.15183977782726288, 0.02773253247141838, 0.4032120108604431, 0.28202447295188904, 0.2810131311416626, 0.03375038504600525, 0.901905357837677, 0.0721900537610054, 0.01054731197655201, 0.015357309952378273, 0.8192136287689209, 0.15915191173553467, 0.007209034636616707, 0.014425564557313919, 0.8603991866111755, 0.038781337440013885, 0.023771530017256737, 0.07704798132181168, 0.8829200863838196, 0.06927124410867691, 0.01514122448861599, 0.03266734257340431, 0.17336992919445038, 0.5006634593009949, 0.18713825941085815, 0.13882844150066376, 0.3512760400772095, 0.4964755177497864, 0.08586825430393219, 0.06638021767139435, 0.845984697341919, 0.1020030751824379, 0.038732368499040604, 0.013279964216053486, 0.19763045012950897, 0.24210357666015625, 0.5377961993217468, 0.022469772025942802, 0.040809910744428635, 0.9196423888206482, 0.03136098384857178, 0.008186710067093372, 0.8249040842056274, 0.06336870044469833, 0.09749938547611237, 0.014227912761271, 0.48980772495269775, 0.48304641246795654, 0.02219453826546669, 0.00495130242779851, 0.0687410831451416, 0.9079398512840271, 0.019715536385774612, 0.003603563643991947, 0.22186808288097382, 0.39969342947006226, 0.35445234179496765, 0.023986132815480232, 0.06042202562093735, 0.7028558254241943, 0.22288721799850464, 0.013834884390234947, 0.010014407336711884, 0.9462378025054932, 0.035402532666921616, 0.008345295675098896, 0.3279730975627899, 0.3440714478492737, 0.2945517599582672, 0.0334036611020565, 0.016906145960092545, 0.9430979490280151, 0.024489890784025192, 0.015506037510931492, 0.3584836423397064, 0.1333560347557068, 0.4146905839443207, 0.09346980601549149, 0.5683584213256836, 0.06494197249412537, 0.31568220257759094, 0.0510173924267292, 0.6982957124710083, 0.08304520696401596, 0.18554401397705078, 0.03311505541205406, 0.5539500117301941, 0.3558170795440674, 0.019839707762002945, 0.0703931674361229, 0.4599895775318146, 0.26870858669281006, 0.054500434547662735, 0.21680143475532532, 0.12223445624113083, 0.36516281962394714, 0.48138105869293213, 0.031221609562635422, 0.07261498272418976, 0.7227829694747925, 0.18759207427501678, 0.01700999028980732, 0.32030269503593445, 0.36313799023628235, 0.2874910533428192, 0.029068343341350555, 0.10954524576663971, 0.6884257197380066, 0.1651708334684372, 0.03685823455452919, 0.13938595354557037, 0.6427339911460876, 0.18122678995132446, 0.036653246730566025, 0.03417243808507919, 0.8208643198013306, 0.12860170006752014, 0.01636156439781189, 0.5327079892158508, 0.08353550732135773, 0.3584116995334625, 0.02534479834139347, 0.03411397710442543, 0.13933996856212616, 0.813622236251831, 0.012923776172101498, 0.47039279341697693, 0.056921519339084625, 0.4533121883869171, 0.019373368471860886, 0.339450865983963, 0.3772967755794525, 0.24927695095539093, 0.033975422382354736, 0.7587869763374329, 0.19592049717903137, 0.02747531235218048, 0.017817292362451553, 0.27651000022888184, 0.12417543679475784, 0.559263288974762, 0.04005124792456627, 0.7736040353775024, 0.07421316206455231, 0.12713785469532013, 0.0250448789447546, 0.9022157192230225, 0.06723468005657196, 0.020057691261172295, 0.01049185823649168, 0.1348123401403427, 0.6938217878341675, 0.05282914265990257, 0.11853674799203873, 0.47582510113716125, 0.15751203894615173, 0.27339911460876465, 