{"metrics": {"ACC": 53.14685314685315, "F1": 39.97776749058926}, "predictions": [1, 1, 1, 1, 1, 1, 1, 1, 1, 1, 1, 1, 1, 1, 2, 2, 2, 1, 0, 0, 1, 1, 0, 2, 2, 1, 1, 1, 0, 1, 0, 1, 2, 2, 2, 1, 1, 2, 2, 1, 1, 0, 0, 0, 0, 0, 1, 0, 1, 1, 0, 1, 1, 1, 1, 1, 1, 1, 2, 0, 0, 0, 1, 2, 1, 1, 1, 1, 1, 2, 2, 0, 1, 0, 2, 0, 0, 1, 2, 0, 0, 0, 0, 1, 1, 0, 0, 2, 0, 2, 2, 0, 1, 2, 2, 2, 0, 2, 2, 2, 2, 2, 1, 1, 1, 1, 1, 2, 1, 1, 2, 1, 1, 1, 1, 1, 1, 2, 0, 1, 0, 1, 1, 1, 2, 0, 2, 2, 0, 0, 0, 0, 0, 1, 0, 0, 2, 2, 0, 1, 1, 0, 1], "uids": ["0", "1", "2", "3", "4", "5", "6", "7", "8", "9", "10", "11", "12", "13", "14", "15", "16", "17", "18", "19", "20", "21", "22", "23", "24", "25", "26", "27", "28", "29", "30", "31", "32", "33", "34", "35", "36", "37", "38", "39", "40", "41", "42", "43", "44", "45", "46", "47", "48", "49", "50", "51", "52", "53", "54", "55", "56", "57", "58", "59", "60", "61", "62", "63", "64", "65", "66", "67", "68", "69", "70", "71", "72", "73", "74", "75", "76", "77", "78", "79", "80", "81", "82", "83", "84", "85", "86", "87", "88", "89", "90", "91", "92", "93", "94", "95", "96", "97", "98", "99", "100", "101", "102", "103", "104", "105", "106", "107", "108", "109", "110", "111", "112", "113", "114", "115", "116", "117", "118", "119", "120", "121", "122", "123", "124", "125", "126", "127", "128", "129", "130", "131", "132", "133", "134", "135", "136", "137", "138", "139", "140", "141", "142"], "scores": [0.2024574875831604, 0.5314121246337891, 0.2536986172199249, 0.012431706301867962, 0.06615002453327179, 0.7624794244766235, 0.1608704924583435, 0.010500040836632252, 0.2710704207420349, 0.5566462874412537, 0.12457418441772461, 0.04770909994840622, 0.16044294834136963, 0.6427109241485596, 0.1809302270412445, 0.01591579057276249, 0.13429084420204163, 0.5456300973892212, 0.2988049387931824, 0.021274106577038765, 0.12271422147750854, 0.5856277942657471, 0.27571842074394226, 0.0159396193921566, 0.20255298912525177, 0.6079750657081604, 0.14919647574424744, 0.040275417268276215, 0.1650482416152954, 0.5494868755340576, 0.24233323335647583, 0.043131690472364426, 0.2077215164899826, 0.42768898606300354, 0.33434221148490906, 0.03024730458855629, 0.232664555311203, 0.5740806460380554, 0.15855173766613007, 0.0347030907869339, 0.2019893378019333, 0.5011540055274963, 0.2589086890220642, 0.03794798254966736, 0.19885919988155365, 0.49971288442611694, 0.290489137172699, 0.010938779450953007, 0.2358310967683792, 0.3940437436103821, 0.34845760464668274, 0.021667562425136566, 0.303348571062088, 0.44566935300827026, 0.23607447743415833, 0.014907551929354668, 0.2837780714035034, 0.3185547888278961, 0.34573253989219666, 0.05193458870053291, 0.1920480728149414, 0.3709542751312256, 0.37641429901123047, 0.06058340147137642, 0.21838650107383728, 0.26020556688308716, 0.43848392367362976, 0.08292396366596222, 0.23604591190814972, 0.6172665357589722, 0.12248825281858444, 0.024199334904551506, 0.30027732253074646, 0.29975250363349915, 0.25598129630088806, 0.14398887753486633, 0.8348594307899475, 0.06826078146696091, 0.07345027476549149, 0.023429477587342262, 0.13036353886127472, 0.6348171830177307, 0.19467759132385254, 0.04014167562127113, 0.11602752655744553, 0.8232566118240356, 0.054376836866140366, 0.0063390349969267845, 0.6658949851989746, 0.23307541012763977, 0.07963310182094574, 0.02139645628631115, 0.2367742657661438, 0.3353528678417206, 0.4011552035808563, 0.02671762928366661, 0.19060760736465454, 0.37667346000671387, 0.41457828879356384, 0.01814061589539051, 0.16545328497886658, 0.6123558282852173, 0.20705226063728333, 0.01513863168656826, 0.18489453196525574, 0.6767337918281555, 0.1260257363319397, 0.012345981784164906, 0.07802055031061172, 0.7469190955162048, 0.16404040157794952, 0.011019919998943806, 0.375805526971817, 0.281014084815979, 0.30804094672203064, 0.035139456391334534, 0.3731171488761902, 0.45734459161758423, 0.14771631360054016, 0.021821903064846992, 0.4260024130344391, 0.27831029891967773, 0.2727804481983185, 0.022906742990016937, 0.22791525721549988, 0.5614436268806458, 0.19589246809482574, 0.01474865060299635, 0.05504389852285385, 0.22064092755317688, 0.6807323098182678, 0.04358286410570145, 0.04987241327762604, 0.15819796919822693, 0.7326091527938843, 0.05932043120265007, 0.0561395101249218, 0.14015330374240875, 0.7484258413314819, 0.0552813895046711, 0.11500518769025803, 0.6667259931564331, 0.20635633170604706, 0.011912467889487743, 0.13356056809425354, 0.6039193868637085, 0.21623040735721588, 0.04628966376185417, 0.25579938292503357, 0.27993011474609375, 0.4384782016277313, 0.02579229511320591, 0.3285137712955475, 0.2206394523382187, 0.41549235582351685, 0.03535441309213638, 0.18636921048164368, 0.5928517580032349, 0.20115983486175537, 0.019619164988398552, 0.2846142649650574, 0.4797552525997162, 0.2209528088569641, 0.014677731320261955, 0.592700183391571, 0.28273534774780273, 0.10174892842769623, 0.022815458476543427, 0.5583064556121826, 0.34632086753845215, 0.07447671890258789, 0.02089599147439003, 0.5113785862922668, 0.14965850114822388, 0.23084065318107605, 0.10812227427959442, 0.5585069060325623, 0.22965025901794434, 0.1734541952610016, 0.03838859498500824, 0.3291521966457367, 0.29922568798065186, 0.3072102963924408, 0.06441184133291245, 0.2854791283607483, 0.381670743227005, 0.28833505511283875, 0.04451514407992363, 0.5682006478309631, 0.25606709718704224, 0.13865476846694946, 0.03707754239439964, 0.22596654295921326, 0.483285129070282, 0.276803582906723, 0.013944783248007298, 0.28148895502090454, 0.5766200423240662, 0.12917986512184143, 0.012711196206510067, 0.6075567007064819, 0.22066274285316467, 0.14200802147388458, 0.029772436246275902, 0.3223768472671509, 0.4284394681453705, 0.23422592878341675, 0.014957756735384464, 0.2525533437728882, 0.6782737374305725, 0.06166832894086838, 0.0075046345591545105, 0.1377025544643402, 0.6031700372695923, 0.24675579369068146, 0.012371542863547802, 0.10944287478923798, 0.6321194767951965, 0.2460935115814209, 0.012344111688435078, 0.091233029961586, 0.782837986946106, 0.11462154239416122, 0.011307363398373127, 0.2272644191980362, 0.5004420876502991, 0.2530408203601837, 0.019252685829997063, 0.10345833748579025, 0.8233964443206787, 0.061904460191726685, 0.011240817606449127, 0.30397990345954895, 0.259672075510025, 0.389297753572464, 0.047050297260284424, 0.39637118577957153, 0.2050025314092636, 0.3587851822376251, 0.03984113410115242, 0.42539605498313904, 0.2669866383075714, 0.2787162959575653, 0.028901010751724243, 0.4621551036834717, 0.40480127930641174, 0.08917739987373352, 0.043866246938705444, 0.3697047233581543, 0.4395105242729187, 0.11298321932554245, 0.07780148088932037, 0.17644661664962769, 0.3746230900287628, 0.4247600734233856, 0.024170130491256714, 0.13369981944561005, 0.45184722542762756, 0.3956972062587738, 0.01875571347773075, 0.25501927733421326, 0.39562511444091797, 0.3020312190055847, 0.04732442647218704, 0.24583201110363007, 0.45018288493156433, 0.2722824513912201, 0.0317026823759079, 0.2767883241176605, 0.3984867036342621, 0.29489752650260925, 0.029827402904629707, 0.13145969808101654, 0.661462128162384, 0.19441631436347961, 0.012661853805184364, 0.35583919286727905, 0.21008619666099548, 0.41257575154304504, 0.021498922258615494, 0.21027995645999908, 0.3243950605392456, 0.4454958140850067, 0.019829217344522476, 0.4440481662750244, 0.2105312943458557, 0.3219538927078247, 0.023466723039746284, 0.39285939931869507, 0.41148629784584045, 0.17129667103290558, 0.02435762993991375, 0.5092292428016663, 0.3381408751010895, 0.12154503166675568, 0.031084872782230377, 0.25834524631500244, 0.22544020414352417, 0.47429171204566956, 0.04192277044057846, 0.45202142000198364, 0.2404145896434784, 0.26611393690109253, 0.04145012050867081, 0.730339527130127, 0.1862274706363678, 0.06330075860023499, 0.020132344216108322, 0.2552134394645691, 0.5296048521995544, 0.167112335562706, 0.04806935414671898, 0.2571660876274109, 0.311825156211853, 0.37644562125205994, 0.05456316098570824, 0.5085121393203735, 