{"metrics": {"ACC": 46.15384615384615, "F1": 34.08211576321023}, "predictions": [1, 1, 1, 1, 1, 1, 1, 1, 1, 1, 1, 1, 2, 0, 1, 1, 1, 1, 1, 0, 1, 1, 0, 1, 1, 1, 1, 1, 0, 0, 0, 1, 2, 2, 2, 1, 1, 2, 0, 1, 1, 0, 0, 0, 0, 1, 1, 0, 2, 1, 0, 1, 1, 1, 1, 1, 1, 1, 2, 0, 0, 0, 0, 1, 1, 1, 1, 1, 1, 0, 2, 2, 1, 0, 2, 0, 0, 1, 0, 0, 0, 0, 0, 1, 1, 0, 0, 0, 0, 0, 2, 0, 1, 2, 2, 2, 0, 2, 2, 2, 2, 0, 1, 1, 1, 2, 1, 0, 1, 1, 2, 1, 1, 0, 1, 1, 1, 1, 1, 1, 0, 1, 1, 1, 2, 1, 1, 1, 0, 2, 0, 0, 0, 1, 0, 0, 2, 0, 0, 1, 1, 0, 1], "uids": ["0", "1", "2", "3", "4", "5", "6", "7", "8", "9", "10", "11", "12", "13", "14", "15", "16", "17", "18", "19", "20", "21", "22", "23", "24", "25", "26", "27", "28", "29", "30", "31", "32", "33", "34", "35", "36", "37", "38", "39", "40", "41", "42", "43", "44", "45", "46", "47", "48", "49", "50", "51", "52", "53", "54", "55", "56", "57", "58", "59", "60", "61", "62", "63", "64", "65", "66", "67", "68", "69", "70", "71", "72", "73", "74", "75", "76", "77", "78", "79", "80", "81", "82", "83", "84", "85", "86", "87", "88", "89", "90", "91", "92", "93", "94", "95", "96", "97", "98", "99", "100", "101", "102", "103", "104", "105", "106", "107", "108", "109", "110", "111", "112", "113", "114", "115", "116", "117", "118", "119", "120", "121", "122", "123", "124", "125", "126", "127", "128", "129", "130", "131", "132", "133", "134", "135", "136", "137", "138", "139", "140", "141", "142"], "scores": [0.04345845431089401, 0.8313212990760803, 0.10667487233877182, 0.018545405939221382, 0.008852984756231308, 0.9189525842666626, 0.06663142144680023, 0.005563052371144295, 0.2200293242931366, 0.6638915538787842, 0.04436202347278595, 0.07171709090471268, 0.031526774168014526, 0.8550946116447449, 0.0807138979434967, 0.03266469016671181, 0.02571883425116539, 0.48298588395118713, 0.4517558217048645, 0.03953947126865387, 0.024334587156772614, 0.6566770076751709, 0.2985295057296753, 0.020458927378058434, 0.028729887679219246, 0.9259284734725952, 0.03608154505491257, 0.009260149672627449, 0.04355611279606819, 0.5954877138137817, 0.33337268233299255, 0.027583548799157143, 0.047853391617536545, 0.8903914093971252, 0.04791807755827904, 0.013837087899446487, 0.18100644648075104, 0.7634508609771729, 0.03173064440488815, 0.02381204254925251, 0.060451336205005646, 0.8883911967277527, 0.037292223423719406, 0.013865215703845024, 0.12264100462198257, 0.4975047707557678, 0.36528223752975464, 0.014572055079042912, 0.142229825258255, 0.2611330449581146, 0.5774248242378235, 0.01921236328780651, 0.4308159053325653, 0.26057252287864685, 0.2882576882839203, 0.020353801548480988, 0.07401524484157562, 0.6419647932052612, 0.24842074513435364, 0.03559920936822891, 0.1698937565088272, 0.6890795230865479, 0.09737039357423782, 0.043656330555677414, 0.27017107605934143, 0.3398536145687103, 0.23820026218891144, 0.15177500247955322, 0.23537294566631317, 0.55072021484375, 0.1539488434791565, 0.059958018362522125, 0.16038298606872559, 0.4701451063156128, 0.28338366746902466, 0.08608824759721756, 0.9718927145004272, 0.010158219374716282, 0.012230700813233852, 0.005718308035284281, 0.02261975407600403, 0.8392208814620972, 0.12222564965486526, 0.015933731570839882, 0.014906712807714939, 0.9777483940124512, 0.00472729979082942, 0.0026176567189395428, 0.7285438179969788, 0.24708427488803864, 0.012308687902987003, 0.012063218280673027, 0.12706772983074188, 0.5317371487617493, 0.33050337433815, 0.01069169957190752, 0.08657306432723999, 0.5991417169570923, 0.30561363697052, 0.008671656250953674, 0.10141311585903168, 0.7898432016372681, 0.09338558465242386, 0.015358036383986473, 0.057129986584186554, 0.9111248254776001, 0.02433948963880539, 0.007405618671327829, 0.01778627187013626, 0.761022686958313, 0.2064586877822876, 0.014732268638908863, 0.7608523368835449, 0.10130603611469269, 0.10735183954238892, 0.030489739030599594, 0.7790617942810059, 0.15560205280780792, 0.04603414237499237, 0.019302010536193848, 0.8374552726745605, 0.09731905162334442, 0.052734095603227615, 0.01249151211231947, 0.04647533968091011, 0.9284249544143677, 0.019629361107945442, 0.005470463074743748, 0.021309329196810722, 0.43597766757011414, 0.5123944282531738, 0.030318565666675568, 0.009068872779607773, 0.13221080601215363, 0.832024872303009, 0.02669551409780979, 0.022070206701755524, 0.26658666133880615, 0.6730260848999023, 0.03831705451011658, 0.012608125805854797, 0.9132469296455383, 0.06728864461183548, 0.006856266409158707, 0.018163859844207764, 0.7914175987243652, 0.1699250489473343, 0.020493431016802788, 0.3056514263153076, 0.24166885018348694, 0.4234267771244049, 0.02925289422273636, 0.4544607698917389, 0.19493693113327026, 0.30163857340812683, 0.048963773995637894, 0.059258297085762024, 0.8306757211685181, 0.09001464396715164, 0.02005128748714924, 0.21900731325149536, 0.5249514579772949, 0.22600169479846954, 0.030039558187127113, 0.8687575459480286, 0.10223094373941422, 0.012800694443285465, 0.016210880130529404, 0.7470816969871521, 0.229811891913414, 0.008637580089271069, 0.014468854293227196, 0.8099456429481506, 0.05618384853005409, 0.034653037786483765, 0.09921744465827942, 0.8241949081420898, 0.10977883636951447, 0.022814862430095673, 0.0432114377617836, 0.14653310179710388, 0.5874351263046265, 0.14976076781749725, 0.11627104133367538, 0.27148866653442383, 0.582292914390564, 0.08705828338861465, 0.05916014686226845, 0.7269105911254883, 0.19778798520565033, 0.05944978818297386, 0.015851646661758423, 0.1275457888841629, 0.36277130246162415, 0.4889738857746124, 0.02070898562669754, 0.04503728821873665, 0.9178054928779602, 0.029397569596767426, 0.007759678643196821, 0.7857232689857483, 0.12113329768180847, 0.07956183701753616, 0.013581622391939163, 0.27727270126342773, 0.7015399932861328, 0.01670655980706215, 0.004480818752199411, 0.03858361765742302, 0.9418509602546692, 0.016681337729096413, 0.002883909735828638, 0.18068648874759674, 0.46981310844421387, 0.3266686499118805, 0.022831806913018227, 0.045674338936805725, 0.8005979061126709, 0.14318640530109406, 0.010541428811848164, 0.009312981739640236, 0.9531369805335999, 0.030651193112134933, 0.006898869294673204, 0.25631824135780334, 0.43592870235443115, 0.27429720759391785, 0.03345591574907303, 0.012732602655887604, 0.9584291577339172, 0.01877671480178833, 0.0100615369156003, 0.32750505208969116, 0.1510474979877472, 0.4266727566719055, 0.0947747603058815, 0.4900103211402893, 0.09696158766746521, 0.3579237461090088, 0.05510426685214043, 0.6158004999160767, 0.12977363169193268, 0.21896465122699738, 0.03546127676963806, 0.47163936495780945, 0.44197985529899597, 0.01991724967956543, 0.06646351516246796, 0.39110267162323, 0.3357744514942169, 0.05404163524508476, 0.21908125281333923, 0.08897457271814346, 0.4742125868797302, 0.40273022651672363, 0.034082621335983276, 0.04763608053326607, 0.7693028450012207, 0.167046919465065, 0.016014130786061287, 0.2729860842227936, 0.4449038505554199, 0.25396159291267395, 0.028148366138339043, 0.08506553620100021, 0.7466900944709778, 0.1346370279788971, 0.03360738605260849, 0.10565076023340225, 0.7252218127250671, 0.13571611046791077, 0.03341126814484596, 0.03155378997325897, 0.8294180631637573, 0.12224743515253067, 0.016780752688646317, 0.45543545484542847, 0.12059807777404785, 0.400281697511673, 0.023684699088335037, 0.03500055894255638, 0.19756658375263214, 0.7524561285972595, 0.01497675385326147, 0.40152397751808167, 0.10311796516180038, 0.4742724597454071, 0.02108551561832428, 0.22398124635219574, 0.49917927384376526, 0.24910055100917816, 0.027738872915506363, 0.6979300379753113, 0.2586369514465332, 0.026268597692251205, 0.01716447062790394, 0.19890247285366058, 0.2081598937511444, 0.5573471784591675, 0.03559047356247902, 0.7408249974250793, 0.10029126703739166, 0.13511155545711517, 0.02377220429480076, 0.8993351459503174, 0.07286234945058823, 0.017277680337429047, 0.010524846613407135, 0.08894955366849899, 0.7700394988059998, 0.05014872923493385, 0.0908622145652771, 0.4218572974205017, 0.21431535482406616, 0.283913791179657, 