{"metrics": {"ACC": 50.349650349650354, "F1": 38.088086298349126}, "predictions": [1, 1, 1, 1, 2, 2, 1, 1, 1, 1, 1, 1, 2, 0, 1, 1, 2, 0, 1, 0, 1, 1, 0, 2, 2, 1, 1, 1, 0, 0, 0, 1, 2, 2, 2, 1, 1, 2, 0, 1, 1, 0, 0, 0, 0, 1, 1, 0, 2, 1, 0, 1, 1, 1, 1, 1, 1, 1, 2, 2, 0, 0, 0, 2, 1, 2, 1, 1, 1, 0, 2, 2, 0, 0, 2, 0, 0, 1, 0, 0, 0, 0, 2, 1, 1, 0, 0, 0, 2, 2, 2, 0, 1, 2, 2, 2, 0, 2, 2, 2, 2, 0, 1, 2, 1, 2, 1, 0, 1, 1, 2, 1, 1, 0, 1, 1, 0, 2, 0, 1, 0, 1, 1, 2, 2, 0, 2, 1, 0, 0, 0, 0, 0, 1, 0, 0, 2, 0, 0, 1, 1, 0, 1], "uids": ["0", "1", "2", "3", "4", "5", "6", "7", "8", "9", "10", "11", "12", "13", "14", "15", "16", "17", "18", "19", "20", "21", "22", "23", "24", "25", "26", "27", "28", "29", "30", "31", "32", "33", "34", "35", "36", "37", "38", "39", "40", "41", "42", "43", "44", "45", "46", "47", "48", "49", "50", "51", "52", "53", "54", "55", "56", "57", "58", "59", "60", "61", "62", "63", "64", "65", "66", "67", "68", "69", "70", "71", "72", "73", "74", "75", "76", "77", "78", "79", "80", "81", "82", "83", "84", "85", "86", "87", "88", "89", "90", "91", "92", "93", "94", "95", "96", "97", "98", "99", "100", "101", "102", "103", "104", "105", "106", "107", "108", "109", "110", "111", "112", "113", "114", "115", "116", "117", "118", "119", "120", "121", "122", "123", "124", "125", "126", "127", "128", "129", "130", "131", "132", "133", "134", "135", "136", "137", "138", "139", "140", "141", "142"], "scores": [0.07688725739717484, 0.6211128830909729, 0.2771618962287903, 0.02483794093132019, 0.021609880030155182, 0.8962190747261047, 0.07529337704181671, 0.0068776956759393215, 0.3230217695236206, 0.543812096118927, 0.06063611060380936, 0.07253006100654602, 0.05025546997785568, 0.7885444760322571, 0.13040754199028015, 0.030792515724897385, 0.03519028052687645, 0.4203767478466034, 0.5110605359077454, 0.033372439444065094, 0.0534030981361866, 0.418891578912735, 0.5053806900978088, 0.022324586287140846, 0.07284162938594818, 0.7581655383110046, 0.14727303385734558, 0.02171984687447548, 0.07096000015735626, 0.501290500164032, 0.39447933435440063, 0.03327019512653351, 0.11782922595739365, 0.7424657940864563, 0.11807975172996521, 0.021625259891152382, 0.3797887861728668, 0.5100728273391724, 0.06825843453407288, 0.04187991842627525, 0.24777396023273468, 0.5020219683647156, 0.19900427758693695, 0.051199790090322495, 0.152576744556427, 0.45111578702926636, 0.3830042779445648, 0.013303195126354694, 0.18294477462768555, 0.27060824632644653, 0.5285496115684509, 0.0178973451256752, 0.4766871929168701, 0.23653456568717957, 0.26906818151474, 0.017710000276565552, 0.18687526881694794, 0.5124244093894958, 0.26375365257263184, 0.036946721374988556, 0.2767256796360016, 0.3758620023727417, 0.28366056084632874, 0.06375179439783096, 0.30138346552848816, 0.22058776021003723, 0.3763850927352905, 0.10164371877908707, 0.3648534119129181, 0.30323147773742676, 0.2742607295513153, 0.05765444040298462, 0.25245797634124756, 0.3411160111427307, 0.2968411147594452, 0.10958487540483475, 0.9384937286376953, 0.020266950130462646, 0.03102966398000717, 0.010209544561803341, 0.045583341270685196, 0.6979923248291016, 0.23222485184669495, 0.02419942244887352, 0.030093584209680557, 0.9555949568748474, 0.011265222914516926, 0.003046278143301606, 0.5634475350379944, 0.3952341675758362, 0.026593554764986038, 0.01472476776689291, 0.1808587908744812, 0.2983340919017792, 0.5069987773895264, 0.01380837056785822, 0.0966058224439621, 0.3256038725376129, 0.5650646686553955, 0.01272564847022295, 0.1453533172607422, 0.6228949427604675, 0.21000392735004425, 0.021747825667262077, 0.11932698637247086, 0.7924711108207703, 0.07563241571187973, 0.012569434009492397, 0.027432294562458992, 0.7155277132987976, 0.2409638613462448, 0.0160761047154665, 0.5373966693878174, 0.14303569495677948, 0.27143537998199463, 0.04813232645392418, 0.5876750946044922, 0.18529823422431946, 0.1867390275001526, 0.04028771445155144, 0.6437311172485352, 0.12853075563907623, 0.20270639657974243, 0.025031711906194687, 0.1073370948433876, 0.8331961631774902, 0.0505153127014637, 0.008951450698077679, 0.023426011204719543, 0.2517738938331604, 0.692012369632721, 0.03278768062591553, 0.014550328254699707, 0.08613252639770508, 0.8617566227912903, 0.03756050020456314, 0.022570205852389336, 0.16864433884620667, 0.7662911415100098, 0.042494360357522964, 0.025667855516076088, 0.8455349206924438, 0.12069475650787354, 0.00810250174254179, 0.036649398505687714, 0.6596280336380005, 0.27390769124031067, 0.029814844951033592, 0.2468879073858261, 0.23485995829105377, 0.4839629828929901, 0.03428918495774269, 0.5009515285491943, 0.12425030767917633, 0.3336907625198364, 0.041107356548309326, 0.14104534685611725, 0.7003335356712341, 0.13285799324512482, 0.02576300874352455, 0.3369172215461731, 0.40832021832466125, 0.22709684073925018, 0.02766571380198002, 0.8455067276954651, 0.11243811994791031, 0.024254154413938522, 0.01780102401971817, 0.8241868019104004, 0.1444571167230606, 0.01669229008257389, 0.014663677662611008, 0.8240454792976379, 0.05225931480526924, 0.05193876102566719, 0.07175644487142563, 0.8330202698707581, 0.07745350897312164, 0.050907202064991, 0.03861904516816139, 0.2526966333389282, 0.43462255597114563, 0.2106643170118332, 0.10201641917228699, 0.3172745406627655, 0.4634178876876831, 0.16043731570243835, 0.05887029320001602, 0.7279552817344666, 0.2038053572177887, 0.05547761172056198, 0.012761850841343403, 0.12527996301651, 0.30637630820274353, 0.5498313307762146, 0.018512316048145294, 0.07206380367279053, 0.8800716400146484, 0.039491117000579834, 0.008373378776013851, 0.8195434808731079, 0.0903763696551323, 0.07486414909362793, 0.015215910971164703, 0.2467992603778839, 0.6815788745880127, 0.06362103670835495, 0.008000846020877361, 0.08549022674560547, 0.8776288032531738, 0.03299880400300026, 0.0038821392226964235, 0.15244460105895996, 0.5045477151870728, 0.32434162497520447, 0.01866609789431095, 0.057591408491134644, 0.6904263496398926, 0.2392370104789734, 0.012745187617838383, 0.023105796426534653, 0.8952217102050781, 0.07133471220731735, 0.010337762534618378, 0.3191121220588684, 0.38054588437080383, 0.27508556842803955, 0.02525637485086918, 0.031206445768475533, 0.9147520065307617, 0.039642997086048126, 0.014398591592907906, 0.2933875024318695, 0.1603856235742569, 0.45459604263305664, 0.09163077175617218, 0.4050844609737396, 0.12226823717355728, 0.4164309799671173, 0.056216347962617874, 0.4483431577682495, 0.16624967753887177, 0.3412075936794281, 0.04419957846403122, 0.6145283579826355, 0.29850831627845764, 0.029981030151247978, 0.05698231980204582, 0.49893832206726074, 0.2473040223121643, 0.0728871077299118, 0.18087050318717957, 0.10468335449695587, 0.38175201416015625, 0.47865030169487, 0.0349142923951149, 0.08357452601194382, 0.5566156506538391, 0.3347049355506897, 0.025104865431785583, 0.2011827677488327, 0.33182406425476074, 0.4214557409286499, 0.045537419617176056, 0.11863567680120468, 0.6751047372817993, 0.175545334815979, 0.030714238062500954, 0.152383491396904, 0.6186756491661072, 0.2011680155992508, 0.027772802859544754, 0.04044560343027115, 0.8163776993751526, 0.12882888317108154, 0.014347788877785206, 0.43838968873023987, 0.1162206381559372, 0.4115264117717743, 0.033863186836242676, 0.0547376349568367, 0.21852517127990723, 0.7128878831863403, 0.013849311508238316, 0.3428005874156952, 0.10448109358549118, 0.5319082736968994, 0.02081006020307541, 0.4092535078525543, 0.33877649903297424, 0.22204403579235077, 0.029926007613539696, 0.7278164625167847, 0.19791388511657715, 0.05481060594320297, 0.019458996132016182, 0.2311526983976364, 0.17935959994792938, 0.5471978783607483, 0.042289819568395615, 0.6547637581825256, 0.11829552054405212, 0.19395804405212402, 0.032982662320137024, 0.7527181506156921, 0.18969854712486267, 0.039493922144174576, 0.01808943971991539, 0.1587430238723755, 0.6266463994979858, 0.10147932171821594, 0.11313130706548691, 0.37660980224609375, 0.16749460995197296, 0.36834248900413513, 0.08755312114953995, 0.6665915250778198,