{"metrics": {"ACC": 47.55244755244755, "F1": 35.76617590081364}, "predictions": [1, 1, 1, 1, 2, 2, 1, 1, 1, 1, 1, 2, 2, 0, 1, 1, 2, 1, 2, 0, 1, 1, 1, 2, 2, 1, 1, 1, 0, 0, 0, 1, 2, 2, 2, 1, 1, 2, 0, 1, 1, 0, 0, 0, 0, 1, 1, 0, 2, 1, 0, 1, 1, 1, 1, 1, 1, 1, 2, 2, 0, 0, 0, 2, 1, 2, 1, 1, 1, 0, 2, 2, 1, 0, 2, 0, 0, 1, 2, 0, 0, 0, 0, 1, 1, 0, 0, 0, 2, 2, 2, 0, 1, 2, 2, 2, 0, 2, 2, 2, 2, 0, 1, 2, 1, 2, 2, 0, 1, 2, 2, 1, 1, 0, 1, 1, 1, 1, 1, 1, 0, 1, 1, 1, 2, 2, 2, 1, 0, 0, 2, 0, 0, 1, 0, 0, 2, 0, 0, 1, 1, 0, 1], "uids": ["0", "1", "2", "3", "4", "5", "6", "7", "8", "9", "10", "11", "12", "13", "14", "15", "16", "17", "18", "19", "20", "21", "22", "23", "24", "25", "26", "27", "28", "29", "30", "31", "32", "33", "34", "35", "36", "37", "38", "39", "40", "41", "42", "43", "44", "45", "46", "47", "48", "49", "50", "51", "52", "53", "54", "55", "56", "57", "58", "59", "60", "61", "62", "63", "64", "65", "66", "67", "68", "69", "70", "71", "72", "73", "74", "75", "76", "77", "78", "79", "80", "81", "82", "83", "84", "85", "86", "87", "88", "89", "90", "91", "92", "93", "94", "95", "96", "97", "98", "99", "100", "101", "102", "103", "104", "105", "106", "107", "108", "109", "110", "111", "112", "113", "114", "115", "116", "117", "118", "119", "120", "121", "122", "123", "124", "125", "126", "127", "128", "129", "130", "131", "132", "133", "134", "135", "136", "137", "138", "139", "140", "141", "142"], "scores": [0.0562913715839386, 0.6516960859298706, 0.2622896134853363, 0.02972295507788658, 0.013126811012625694, 0.8862064480781555, 0.09254264086484909, 0.00812412891536951, 0.262740820646286, 0.5924329161643982, 0.0495702363550663, 0.09525600075721741, 0.034425798803567886, 0.7836960554122925, 0.13199780881404877, 0.04988042265176773, 0.02150106243789196, 0.44129568338394165, 0.5030676126480103, 0.03413564711809158, 0.03201386705040932, 0.4224119186401367, 0.5206122398376465, 0.024961980059742928, 0.043752413243055344, 0.821571409702301, 0.11391879618167877, 0.020757349207997322, 0.04530007019639015, 0.46563228964805603, 0.45362892746925354, 0.035438768565654755, 0.05444207042455673, 0.8239803910255432, 0.09689849615097046, 0.02467912621796131, 0.2538318336009979, 0.6401666402816772, 0.05733810365200043, 0.04866351559758186, 0.13086365163326263, 0.7201182246208191, 0.11102929711341858, 0.037988800555467606, 0.11302473396062851, 0.40389153361320496, 0.46475544571876526, 0.01832825504243374, 0.12460114806890488, 0.21991461515426636, 0.6337695121765137, 0.021714679896831512, 0.39044472575187683, 0.2563924491405487, 0.3298656642436981, 0.023297175765037537, 0.09139016270637512, 0.501076340675354, 0.3579467236995697, 0.04958678409457207, 0.18609146773815155, 0.5308036804199219, 0.21706068515777588, 0.06604411453008652, 0.24052269756793976, 0.2569872736930847, 0.3608260750770569, 0.14166393876075745, 0.2742578685283661, 0.4011627733707428, 0.2265121042728424, 0.0980672687292099, 0.14798474311828613, 0.33634841442108154, 0.39356476068496704, 0.12210211902856827, 0.9634825587272644, 0.011888324283063412, 0.017068559303879738, 0.007560687139630318, 0.028358830139040947, 0.6979768872261047, 0.24664461612701416, 0.02701963484287262, 0.018205387517809868, 0.9717870950698853, 0.006967697758227587, 0.00303980172611773, 0.4555529057979584, 0.5081762075424194, 0.021147605031728745, 0.015123333781957626, 0.1143827736377716, 0.3463423550128937, 0.5261555314064026, 0.013119284994900227, 0.07665342092514038, 0.38577479124069214, 0.5247528553009033, 0.012818929739296436, 0.10665548592805862, 0.7298740744590759, 0.1387435644865036, 0.024726787582039833, 0.07404933869838715, 0.8660182952880859, 0.04640616476535797, 0.013526245020329952, 0.019822584465146065, 0.6891378164291382, 0.2694007158279419, 0.021638842299580574, 0.7064866423606873, 0.09639133512973785, 0.1573067158460617, 0.039815325289964676, 0.7439207434654236, 0.140877366065979, 0.08600520342588425, 0.029196714982390404, 0.7918057441711426, 0.09367606788873672, 0.09561644494533539, 0.018901709467172623, 0.06586340069770813, 0.8792993426322937, 0.04556211084127426, 0.009275209158658981, 0.020943796262145042, 0.34303808212280273, 0.5916944742202759, 0.04432373866438866, 0.010783897712826729, 0.09492619335651398, 0.8538880944252014, 0.04040184244513512, 0.02033248357474804, 0.20526164770126343, 0.7202592492103577, 0.05414663255214691, 0.01577914133667946, 0.8412412405014038, 0.13171085715293884, 0.01126875914633274, 0.022513849660754204, 0.6423833966255188, 0.30338653922080994, 0.03171619772911072, 0.18646587431430817, 0.23071102797985077, 0.5504644513130188, 0.03235863894224167, 0.4732651114463806, 0.14467765390872955, 0.3294978141784668, 0.052559442818164825, 0.08524888753890991, 0.7455304265022278, 0.13897143304347992, 0.03024916909635067, 0.2899914085865021, 0.3823544681072235, 0.2898702323436737, 0.037783898413181305, 0.8546318411827087, 0.1078202873468399, 0.01665256917476654, 0.02089533396065235, 0.7857924103736877, 0.18366678059101105, 0.012551022693514824, 0.017989778891205788, 0.8072494864463806, 0.05527576059103012, 0.041352514177560806, 0.09612217545509338, 0.8461595177650452, 0.07965736091136932, 0.026384824886918068, 0.047798339277505875, 0.1867367923259735, 0.4628496766090393, 0.2151225060224533, 0.1352909505367279, 0.3106826841831207, 0.5025918483734131, 0.11844141781330109, 0.0682840496301651, 0.6271679997444153, 0.2750387489795685, 0.08084588497877121, 0.016947388648986816, 0.07063701003789902, 0.2501940429210663, 0.6544708609580994, 0.024698125198483467, 0.034363631159067154, 0.924386203289032, 0.03227759525179863, 0.008972590789198875, 0.7550663948059082, 0.1061505526304245, 0.11932776868343353, 0.019455356523394585, 0.314071387052536, 0.6399703025817871, 0.039262935519218445, 0.006695426069200039, 0.08495573699474335, 0.8794956803321838, 0.030950158834457397, 0.004598356317728758, 0.12798935174942017, 0.44792237877845764, 0.39945295453071594, 0.02463529072701931, 0.03143342211842537, 0.6990336775779724, 0.2541508972644806, 0.015382077544927597, 0.013973301276564598, 0.9151574969291687, 0.058119628578424454, 0.012749666348099709, 0.25376906991004944, 0.40673044323921204, 0.30531784892082214, 0.03418257087469101, 0.021339908242225647, 0.9243836402893066, 0.03548295795917511, 0.01879347488284111, 0.2869162857532501, 0.1455617994070053, 0.44766780734062195, 0.11985410004854202, 0.37977808713912964, 0.12031340599060059, 0.42567873001098633, 0.07422980666160583, 0.4553951919078827, 0.17202162742614746, 0.31807082891464233, 0.054512348026037216, 0.517670214176178, 0.3680829703807831, 0.030589736998081207, 0.08365703374147415, 0.4344446361064911, 0.2762613594532013, 0.06507330387830734, 0.22422067821025848, 0.07138898968696594, 0.3460950255393982, 0.5363365411758423, 0.04617939889431, 0.05743519216775894, 0.6179822087287903, 0.2976780831813812, 0.026904497295618057, 0.140932098031044, 0.3587687909603119, 0.4469704329967499, 0.053328737616539, 0.07550868391990662, 0.7386696338653564, 0.15050165355205536, 0.03532003238797188, 0.10568765550851822, 0.6666958928108215, 0.1922035962343216, 0.03541284054517746, 0.02834624983370304, 0.7854271531105042, 0.16494736075401306, 0.02127920091152191, 0.437918484210968, 0.10744037479162216, 0.42633429169654846, 0.028306862339377403, 0.025606127455830574, 0.16453324258327484, 0.791217029094696, 0.018643584102392197, 0.16429592669010162, 0.08721660077571869, 0.7234507203102112, 0.0250367671251297, 0.29177767038345337, 0.3681016266345978, 0.3015190064907074, 0.038601722568273544, 0.6840678453445435, 0.24380174279212952, 0.04936651885509491, 0.02276390604674816, 0.13822470605373383, 0.2044452279806137, 0.6221636533737183, 0.03516639769077301, 0.6240244507789612, 0.13217376172542572, 0.2125127613544464, 0.031288936734199524, 0.8383301496505737, 0.11599503457546234, 0.03160805627703667, 0.014066694304347038, 0.10806609690189362, 0.7067709565162659, 0.06339351832866669, 0.12176942080259323, 0.32970529794692993, 0.19453488290309906, 0.37390610575675964, 0.10185364633798599, 