{"metrics": {"ACC": 45.45454545454545, "F1": 33.811327561327566}, "predictions": [1, 1, 1, 1, 1, 1, 1, 1, 1, 1, 1, 1, 2, 1, 1, 1, 2, 1, 1, 0, 1, 1, 0, 1, 1, 1, 1, 1, 0, 0, 0, 1, 2, 2, 2, 1, 1, 2, 0, 1, 1, 0, 0, 0, 0, 1, 1, 0, 1, 1, 0, 1, 1, 1, 1, 1, 1, 1, 2, 2, 0, 0, 0, 2, 1, 1, 1, 1, 1, 0, 2, 0, 1, 0, 2, 0, 0, 1, 1, 1, 1, 0, 0, 1, 1, 0, 0, 2, 0, 2, 2, 0, 1, 1, 2, 1, 0, 2, 2, 2, 2, 0, 1, 1, 1, 1, 1, 0, 1, 1, 1, 1, 1, 1, 1, 1, 1, 1, 0, 1, 0, 1, 1, 1, 2, 0, 2, 1, 0, 0, 0, 0, 0, 1, 0, 0, 2, 0, 0, 1, 1, 0, 1], "uids": ["0", "1", "2", "3", "4", "5", "6", "7", "8", "9", "10", "11", "12", "13", "14", "15", "16", "17", "18", "19", "20", "21", "22", "23", "24", "25", "26", "27", "28", "29", "30", "31", "32", "33", "34", "35", "36", "37", "38", "39", "40", "41", "42", "43", "44", "45", "46", "47", "48", "49", "50", "51", "52", "53", "54", "55", "56", "57", "58", "59", "60", "61", "62", "63", "64", "65", "66", "67", "68", "69", "70", "71", "72", "73", "74", "75", "76", "77", "78", "79", "80", "81", "82", "83", "84", "85", "86", "87", "88", "89", "90", "91", "92", "93", "94", "95", "96", "97", "98", "99", "100", "101", "102", "103", "104", "105", "106", "107", "108", "109", "110", "111", "112", "113", "114", "115", "116", "117", "118", "119", "120", "121", "122", "123", "124", "125", "126", "127", "128", "129", "130", "131", "132", "133", "134", "135", "136", "137", "138", "139", "140", "141", "142"], "scores": [0.07725346833467484, 0.7283832430839539, 0.18032629787921906, 0.014036969281733036, 0.029970422387123108, 0.8572381734848022, 0.10478562116622925, 0.008005783893167973, 0.23272009193897247, 0.6466177701950073, 0.07625774294137955, 0.04440443590283394, 0.061606764793395996, 0.7974919676780701, 0.12663349509239197, 0.014267859049141407, 0.0444297231733799, 0.5906112194061279, 0.34160512685775757, 0.023353958502411842, 0.04249555245041847, 0.7186471819877625, 0.2258923053741455, 0.012964931316673756, 0.1123814731836319, 0.8019498586654663, 0.06634428352117538, 0.019324349239468575, 0.12459497153759003, 0.6835784912109375, 0.16563518345355988, 0.026191316545009613, 0.09652082622051239, 0.7843286991119385, 0.10712792724370956, 0.01202256977558136, 0.3025773763656616, 0.6018929481506348, 0.06988733261823654, 0.025642305612564087, 0.07560627907514572, 0.8518785238265991, 0.061938609927892685, 0.010576632805168629, 0.16012978553771973, 0.5298357605934143, 0.29992836713790894, 0.010106118395924568, 0.21965789794921875, 0.36877813935279846, 0.39809250831604004, 0.013471396639943123, 0.3757132291793823, 0.42404353618621826, 0.19010891020298004, 0.0101343197748065, 0.144888237118721, 0.5804024934768677, 0.2474810630083084, 0.02722824737429619, 0.17132338881492615, 0.5223113894462585, 0.272256463766098, 0.034108713269233704, 0.22511228919029236, 0.34456565976142883, 0.3751527965068817, 0.055169202387332916, 0.21521219611167908, 0.5417875051498413, 0.20868097245693207, 0.03431932255625725, 0.3041328191757202, 0.43057912588119507, 0.16474758088588715, 0.1005404070019722, 0.9208089113235474, 0.03677699342370033, 0.03135393187403679, 0.011060143820941448, 0.07561527192592621, 0.8004575967788696, 0.10535746067762375, 0.018569650128483772, 0.041341762989759445, 0.9340086579322815, 0.020665019750595093, 0.0039845178835093975, 0.5860409140586853, 0.3789534568786621, 0.02298043482005596, 0.012025144882500172, 0.23457618057727814, 0.43616563081741333, 0.31466448307037354, 0.01459375862032175, 0.12262778729200363, 0.5180943012237549, 0.3472151458263397, 0.012062836438417435, 0.10851947218179703, 0.719160795211792, 0.15815292298793793, 0.01416683942079544, 0.1669507622718811, 0.7361170053482056, 0.08443087339401245, 0.012501319870352745, 0.02965293824672699, 0.7783424258232117, 0.17880141735076904, 0.013203288428485394, 0.5097330212593079, 0.24515488743782043, 0.2109985500574112, 0.034113503992557526, 0.5006264448165894, 0.3855818808078766, 0.09451563656330109, 0.019275998696684837, 0.49255651235580444, 0.2071431577205658, 0.2775132358074188, 0.02278709039092064, 0.11684529483318329, 0.8113954067230225, 0.061590854078531265, 0.010168441571295261, 0.02765577659010887, 0.2728545665740967, 0.6652941703796387, 0.0341954305768013, 0.021656865254044533, 0.19390226900577545, 0.7529961466789246, 0.03144476190209389, 0.02931138500571251, 0.20451466739177704, 0.7262833714485168, 0.03989057615399361, 0.0417577289044857, 0.8371537327766418, 0.1107465997338295, 0.010341925546526909, 0.07647564262151718, 0.7769105434417725, 0.12358283996582031, 0.023030921816825867, 0.21333935856819153, 0.33845970034599304, 0.42246538400650024, 0.02573556639254093, 0.40072396397590637, 0.2502741813659668, 0.3183569014072418, 0.03064490295946598, 0.11563491076231003, 0.7566166520118713, 0.10899485647678375, 0.018753614276647568, 0.20949649810791016, 0.6109620928764343, 0.16197550296783447, 0.01756584644317627, 0.7484028339385986, 0.20287086069583893, 0.034914351999759674, 0.01381194218993187, 0.6633546948432922, 0.3038942813873291, 0.020931893959641457, 0.011819131672382355, 0.8138951659202576, 0.07574480772018433, 0.050757646560668945, 0.05960240587592125, 0.7753342390060425, 0.14702020585536957, 0.046506792306900024, 0.03113880380988121, 0.27432888746261597, 0.4763258099555969, 0.18399818241596222, 0.06534712016582489, 0.28619444370269775, 0.516004741191864, 0.15750010311603546, 0.040300752967596054, 0.5406991243362427, 0.38720759749412537, 0.060836099088191986, 0.011257164180278778, 0.14716748893260956, 0.49321219325065613, 0.34553515911102295, 0.01408512145280838, 0.09992647171020508, 0.8464276194572449, 0.04631607234477997, 0.0073298318311572075, 0.8093166947364807, 0.13417242467403412, 0.04429889842867851, 0.012212010100483894, 0.22701884806156158, 0.6925069689750671, 0.0713062733411789, 0.009167906828224659, 0.11960837244987488, 0.8477150797843933, 0.0282722357660532, 0.004404319915920496, 0.14458461105823517, 0.5502727031707764, 0.29014819860458374, 0.014994464814662933, 0.05227271467447281, 0.7380857467651367, 0.19946154952049255, 0.010179969482123852, 0.03937843069434166, 0.8842840790748596, 0.06709828227758408, 0.00923914648592472, 0.258462131023407, 0.4923861622810364, 0.23074527084827423, 0.01840643398463726, 0.03890329226851463, 0.9134609699249268, 0.036542583256959915, 0.011093100532889366, 0.27314868569374084, 0.1896476298570633, 0.47488629817962646, 0.0623173862695694, 0.3940895199775696, 0.14944688975811005, 0.4199668765068054, 0.036496736109256744, 0.42711004614830017, 0.2494739592075348, 0.2982041537761688, 0.025211788713932037, 0.49275094270706177, 0.4258526563644409, 0.032635245472192764, 0.04876108840107918, 0.4116089940071106, 0.3854214549064636, 0.06630734354257584, 0.13666224479675293, 0.11124060302972794, 0.42247137427330017, 0.44520118832588196, 0.021086808294057846, 0.10865087062120438, 0.5731491446495056, 0.3016813099384308, 0.016518689692020416, 0.21467043459415436, 0.4696028530597687, 0.27849408984184265, 0.03723267465829849, 0.0865679681301117, 0.7811618447303772, 0.1127459928393364, 0.019524306058883667, 0.13909660279750824, 0.6977795958518982, 0.1423359364271164, 0.020787814632058144, 0.064240463078022, 0.7687704563140869, 0.15260694921016693, 0.01438216958194971, 0.4432062804698944, 0.17952561378479004, 0.35411545634269714, 0.023152636364102364, 0.08745799213647842, 0.32664954662323, 0.5732511878013611, 0.012641279958188534, 0.5895082950592041, 0.15056343376636505, 0.24491898715496063, 0.0150092588737607, 0.4020457863807678, 0.45536062121391296, 0.12326084822416306, 0.019332634285092354, 0.7106418013572693, 0.23654931783676147, 0.03775371238589287, 0.015055126510560513, 0.27875974774360657, 0.25868532061576843, 0.43176209926605225, 0.030792858451604843, 0.5816045999526978, 0.22993242740631104, 0.1642184555530548, 0.024244556203484535, 0.7964609861373901, 0.15645717084407806, 0.03259487822651863, 0.014487027190625668, 0.15728582441806793, 0.6938438415527344, 0.08066564053297043, 0.06820468604564667, 0.29625439643859863, 0.36122170090675354, 0.2928466200828552, 