{"metrics": {"ACC": 42.65734265734265, "F1": 32.08212349980643}, "predictions": [1, 1, 1, 1, 2, 1, 1, 1, 1, 1, 1, 2, 2, 0, 1, 1, 1, 1, 1, 0, 1, 1, 1, 2, 1, 1, 1, 1, 0, 0, 0, 1, 2, 2, 2, 1, 1, 2, 0, 1, 1, 0, 0, 0, 0, 1, 1, 0, 2, 1, 0, 1, 1, 2, 1, 1, 1, 1, 2, 0, 0, 0, 0, 2, 1, 1, 1, 1, 1, 0, 2, 2, 1, 0, 2, 0, 0, 1, 0, 0, 0, 0, 2, 1, 1, 0, 0, 0, 2, 2, 2, 0, 1, 2, 2, 2, 0, 2, 2, 2, 2, 0, 1, 1, 1, 2, 0, 0, 1, 2, 2, 1, 1, 0, 1, 1, 1, 1, 1, 1, 0, 1, 1, 2, 2, 2, 1, 1, 0, 0, 2, 0, 0, 1, 0, 0, 2, 0, 0, 1, 1, 0, 0], "uids": ["0", "1", "2", "3", "4", "5", "6", "7", "8", "9", "10", "11", "12", "13", "14", "15", "16", "17", "18", "19", "20", "21", "22", "23", "24", "25", "26", "27", "28", "29", "30", "31", "32", "33", "34", "35", "36", "37", "38", "39", "40", "41", "42", "43", "44", "45", "46", "47", "48", "49", "50", "51", "52", "53", "54", "55", "56", "57", "58", "59", "60", "61", "62", "63", "64", "65", "66", "67", "68", "69", "70", "71", "72", "73", "74", "75", "76", "77", "78", "79", "80", "81", "82", "83", "84", "85", "86", "87", "88", "89", "90", "91", "92", "93", "94", "95", "96", "97", "98", "99", "100", "101", "102", "103", "104", "105", "106", "107", "108", "109", "110", "111", "112", "113", "114", "115", "116", "117", "118", "119", "120", "121", "122", "123", "124", "125", "126", "127", "128", "129", "130", "131", "132", "133", "134", "135", "136", "137", "138", "139", "140", "141", "142"], "scores": [0.04243241623044014, 0.7586676478385925, 0.17432956397533417, 0.024570483714342117, 0.008953478187322617, 0.8954502940177917, 0.0895889550447464, 0.00600738450884819, 0.2611432671546936, 0.6153011918067932, 0.035058729350566864, 0.0884968489408493, 0.025195999071002007, 0.8550814986228943, 0.08286378532648087, 0.03685867041349411, 0.018997253850102425, 0.38797104358673096, 0.5568211674690247, 0.0362105555832386, 0.030093124136328697, 0.48305535316467285, 0.467785507440567, 0.019066067412495613, 0.02344224415719509, 0.9234243035316467, 0.043285172432661057, 0.009848317131400108, 0.03201400116086006, 0.47926846146583557, 0.4601324796676636, 0.02858497016131878, 0.03596518188714981, 0.8914980292320251, 0.05679916962981224, 0.015737637877464294, 0.23280474543571472, 0.6972289681434631, 0.03702797740697861, 0.03293829783797264, 0.12070682644844055, 0.7610561847686768, 0.08872156590223312, 0.029515333473682404, 0.11370989680290222, 0.3873705267906189, 0.4828990399837494, 0.016020506620407104, 0.11049365997314453, 0.16511327028274536, 0.7055951952934265, 0.018797829747200012, 0.39928358793258667, 0.19997866451740265, 0.37730032205581665, 0.023437418043613434, 0.0949026495218277, 0.5536391139030457, 0.30587607622146606, 0.04558217152953148, 0.1894022524356842, 0.6661840677261353, 0.0924614667892456, 0.05195220559835434, 0.2837616205215454, 0.2980476915836334, 0.24561630189418793, 0.17257440090179443, 0.23168879747390747, 0.41438332200050354, 0.2851579487323761, 0.0687699019908905, 0.14041472971439362, 0.3910815119743347, 0.3730127811431885, 0.09549087285995483, 0.9704204201698303, 0.009064197540283203, 0.014816198498010635, 0.00569907808676362, 0.01867147907614708, 0.8069364428520203, 0.15655121207237244, 0.017840763553977013, 0.011670896783471107, 0.9817529916763306, 0.004146309103816748, 0.0024299160577356815, 0.41501331329345703, 0.5617683529853821, 0.011342034675180912, 0.011876274831593037, 0.11649727076292038, 0.4361666738986969, 0.4363037049770355, 0.011032326146960258, 0.08965611457824707, 0.47414496541023254, 0.42648887634277344, 0.00971000175923109, 0.10271866619586945, 0.7626731395721436, 0.11636552959680557, 0.018242767080664635, 0.045216236263513565, 0.9228023886680603, 0.02437063865363598, 0.007610713597387075, 0.020163644105196, 0.5608470439910889, 0.4005318284034729, 0.018457548692822456, 0.7855457067489624, 0.08594314008951187, 0.09997493773698807, 0.028536148369312286, 0.791000247001648, 0.14518067240715027, 0.0447472408413887, 0.0190719086676836, 0.8482341170310974, 0.0674629658460617, 0.06934275478124619, 0.01496010273694992, 0.051676195114851, 0.9221780300140381, 0.02047145925462246, 0.0056743803434073925, 0.02063312754034996, 0.4517034888267517, 0.4986307621002197, 0.029032573103904724, 0.007146078161895275, 0.0884690135717392, 0.8831477165222168, 0.02123720571398735, 0.02001143991947174, 0.24501964449882507, 0.6956921815872192, 0.039276767522096634, 0.01174373459070921, 0.886508047580719, 0.09365486353635788, 0.008093438111245632, 0.01364956982433796, 0.7444688081741333, 0.2195982038974762, 0.022283459082245827, 0.3488246500492096, 0.14467887580394745, 0.47356489300727844, 0.032931603491306305, 0.4504490792751312, 0.16795086860656738, 0.3355230987071991, 0.04607696086168289, 0.0714876800775528, 0.7540628910064697, 0.14803391695022583, 0.026415569707751274, 0.2540978193283081, 0.4053304195404053, 0.30490750074386597, 0.035664152354002, 0.88813716173172, 0.08603931963443756, 0.01082491036504507, 0.014998703263700008, 0.7844687104225159, 0.1941966563463211, 0.007020991761237383, 0.014313673600554466, 0.8563418388366699, 0.038323670625686646, 0.025906207039952278, 0.07942827045917511, 0.8613647222518921, 0.08661723136901855, 0.016540180891752243, 0.03547782078385353, 0.1373058408498764, 0.5284112095832825, 0.19303692877292633, 0.14124596118927002, 0.27724966406822205, 0.5761546492576599, 0.08356757462024689, 0.06302818655967712, 0.750884473323822, 0.17826588451862335, 0.054944902658462524, 0.015904700383543968, 0.11385740339756012, 0.2538948059082031, 0.6088207960128784, 0.023427024483680725, 0.027888383716344833, 0.9291477799415588, 0.034966688603162766, 0.007997228763997555, 0.7074680924415588, 0.1039157435297966, 0.16950315237045288, 0.019113045185804367, 0.40733620524406433, 0.5630764365196228, 0.024400677531957626, 0.005186691414564848, 0.0338045097887516, 0.9436396956443787, 0.019227836281061172, 0.003327961079776287, 0.13477230072021484, 0.4139438271522522, 0.42650306224823, 0.024780843406915665, 0.04155244305729866, 0.7249624133110046, 0.22034429013729095, 0.01314085628837347, 0.007783630862832069, 0.9456661343574524, 0.037899576127529144, 0.00865072663873434, 0.25070658326148987, 0.388553649187088, 0.3274368941783905, 0.033302903175354004, 0.012635533697903156, 0.9491099715232849, 0.023692332208156586, 0.014562159776687622, 0.30040132999420166, 0.13573746383190155, 0.46303001046180725, 0.10083121806383133, 0.5084204077720642, 0.0747855082154274, 0.3625468909740448, 0.05424724146723747, 0.6285707354545593, 0.10635184496641159, 0.22820605337619781, 0.03687136620283127, 0.5008179545402527, 0.41224366426467896, 0.01910807564854622, 0.06783031672239304, 0.42874327301979065, 0.2872256934642792, 0.05637771636247635, 0.2276533544063568, 0.08778447657823563, 0.39703115820884705, 0.48218464851379395, 0.03299965709447861, 0.04662089794874191, 0.7441591024398804, 0.19097331166267395, 0.018246661871671677, 0.22897911071777344, 0.38148483633995056, 0.3563748002052307, 0.03316129744052887, 0.08335569500923157, 0.7139834761619568, 0.16324178874492645, 0.0394190214574337, 0.10249331593513489, 0.6835567355155945, 0.1752704530954361, 0.03867950290441513, 0.024423548951745033, 0.835674524307251, 0.12380118668079376, 0.01610075868666172, 0.4635619521141052, 0.08964525908231735, 0.4203760623931885, 0.0264167170971632, 0.024923397228121758, 0.14690561592578888, 0.8148370981216431, 0.013333895243704319, 0.31801849603652954, 0.06429523229598999, 0.5973731875419617, 0.020313041284680367, 0.26277220249176025, 0.3875332474708557, 0.3140295445919037, 0.03566509485244751, 0.7292389869689941, 0.22081734240055084, 0.031186707317829132, 0.018756991252303123, 0.2109157294034958, 0.14367039501667023, 0.6068631410598755, 0.03855074942111969, 0.7347047328948975, 0.0916871502995491, 0.14739173650741577, 0.026216333732008934, 0.8908143639564514, 0.07701970636844635, 0.021059086546301842, 0.011106903664767742, 0.09358828514814377, 0.7595261931419373, 0.0456073060631752, 0.10127829015254974, 0.4173015356063843, 0.16923421621322632, 0.3157314360141754, 0.0977327823638916, 