{"metrics": {"ACC": 47.55244755244755, "F1": 35.881864170678654}, "predictions": [1, 1, 1, 1, 2, 1, 1, 1, 1, 1, 1, 1, 2, 1, 1, 1, 2, 1, 1, 0, 1, 1, 0, 1, 1, 1, 1, 1, 0, 0, 0, 1, 2, 2, 2, 1, 1, 2, 0, 1, 1, 0, 0, 0, 0, 1, 1, 0, 2, 1, 0, 1, 1, 1, 1, 1, 1, 1, 2, 2, 0, 0, 0, 2, 1, 1, 1, 1, 1, 2, 2, 0, 0, 0, 2, 0, 0, 1, 1, 0, 1, 0, 2, 1, 1, 0, 0, 0, 2, 2, 2, 0, 1, 2, 2, 2, 1, 2, 2, 2, 2, 0, 1, 1, 1, 2, 1, 0, 1, 1, 1, 1, 1, 1, 1, 1, 1, 2, 0, 1, 2, 2, 1, 2, 2, 2, 2, 1, 0, 0, 0, 0, 0, 1, 0, 0, 2, 2, 0, 0, 1, 0, 1], "uids": ["0", "1", "2", "3", "4", "5", "6", "7", "8", "9", "10", "11", "12", "13", "14", "15", "16", "17", "18", "19", "20", "21", "22", "23", "24", "25", "26", "27", "28", "29", "30", "31", "32", "33", "34", "35", "36", "37", "38", "39", "40", "41", "42", "43", "44", "45", "46", "47", "48", "49", "50", "51", "52", "53", "54", "55", "56", "57", "58", "59", "60", "61", "62", "63", "64", "65", "66", "67", "68", "69", "70", "71", "72", "73", "74", "75", "76", "77", "78", "79", "80", "81", "82", "83", "84", "85", "86", "87", "88", "89", "90", "91", "92", "93", "94", "95", "96", "97", "98", "99", "100", "101", "102", "103", "104", "105", "106", "107", "108", "109", "110", "111", "112", "113", "114", "115", "116", "117", "118", "119", "120", "121", "122", "123", "124", "125", "126", "127", "128", "129", "130", "131", "132", "133", "134", "135", "136", "137", "138", "139", "140", "141", "142"], "scores": [0.08871965110301971, 0.64271479845047, 0.25482821464538574, 0.013737345114350319, 0.038889650255441666, 0.7780224680900574, 0.1723000407218933, 0.01078783255070448, 0.33972999453544617, 0.4995783567428589, 0.11578096449375153, 0.04491070285439491, 0.09957989305257797, 0.7207306027412415, 0.16595929861068726, 0.013730160892009735, 0.10719077289104462, 0.3695731461048126, 0.4741930067539215, 0.04904313385486603, 0.0496017150580883, 0.6821542978286743, 0.24868838489055634, 0.019555583596229553, 0.10492702573537827, 0.7091444730758667, 0.15415717661380768, 0.031771380454301834, 0.06400240212678909, 0.6254420876502991, 0.278830349445343, 0.03172525763511658, 0.1551356166601181, 0.559394359588623, 0.26422083377838135, 0.02124926447868347, 0.20232349634170532, 0.6230844855308533, 0.14859655499458313, 0.025995446369051933, 0.09507647901773453, 0.6916899085044861, 0.19378140568733215, 0.01945214532315731, 0.11992952972650528, 0.44760337471961975, 0.4208875298500061, 0.011579505167901516, 0.1513584703207016, 0.3768026530742645, 0.45426011085510254, 0.0175787340849638, 0.23526306450366974, 0.39997735619544983, 0.34981393814086914, 0.01494557224214077, 0.22565896809101105, 0.4220470190048218, 0.3217633366584778, 0.030530711635947227, 0.19082282483577728, 0.42931029200553894, 0.32886454463005066, 0.05100236460566521, 0.23813588917255402, 0.2993306517601013, 0.3881891071796417, 0.07434435933828354, 0.3532218337059021, 0.47332802414894104, 0.1434514969587326, 0.029998650774359703, 0.23515167832374573, 0.36377039551734924, 0.2958883047103882, 0.10518971085548401, 0.8975905179977417, 0.038804780691862106, 0.04904535040259361, 0.01455933041870594, 0.05659722164273262, 0.7206416130065918, 0.19633404910564423, 0.026427078992128372, 0.055674340575933456, 0.8915086388587952, 0.048242587596178055, 0.004574472084641457, 0.7415327429771423, 0.19626036286354065, 0.048318490386009216, 0.013888442888855934, 0.09745646268129349, 0.4495968222618103, 0.43370985984802246, 0.019236939027905464, 0.0851815715432167, 0.49878761172294617, 0.403496652841568, 0.012534230947494507, 0.1442617028951645, 0.5449289083480835, 0.29360678791999817, 0.017202597111463547, 0.17986881732940674, 0.6319058537483215, 0.17311054468154907, 0.015114741399884224, 0.038388900458812714, 0.7037683725357056, 0.24630653858184814, 0.011536149308085442, 0.5338162779808044, 0.16131910681724548, 0.2737530767917633, 0.0311115812510252, 0.5175095796585083, 0.35441339015960693, 0.10973250865936279, 0.01834454946219921, 0.5439158082008362, 0.20129534602165222, 0.235772505402565, 0.019016388803720474, 0.14328423142433167, 0.6946554183959961, 0.14923705160617828, 0.012823294848203659, 0.03969303518533707, 0.3644362688064575, 0.566359281539917, 0.029511425644159317, 0.02880002185702324, 0.2269335687160492, 0.703116238117218, 0.041150204837322235, 0.040291763842105865, 0.2180289775133133, 0.7065066695213318, 0.03517259284853935, 0.06779064983129501, 0.7612748742103577, 0.16023261845111847, 0.010701870545744896, 0.05315393581986427, 0.6713752746582031, 0.23937195539474487, 0.03609885647892952, 0.2561078667640686, 0.30367138981819153, 0.41747844219207764, 0.022742262110114098, 0.4043169915676117, 0.21323126554489136, 0.3442923128604889, 0.03815944492816925, 0.14956119656562805, 0.6109057068824768, 0.21888163685798645, 0.020651448518037796, 0.24353262782096863, 0.5161072015762329, 0.22558461129665375, 0.014775480143725872, 0.7460171580314636, 0.16332010924816132, 0.06990645080804825, 0.020756209269165993, 0.7110750079154968, 0.22608830034732819, 0.04474099725484848, 0.018095653504133224, 0.6520723104476929, 0.1109418198466301, 0.14812630414962769, 0.08885955810546875, 0.6833794116973877, 0.19361045956611633, 0.0850372165441513, 0.03797294571995735, 0.24036255478858948, 0.41590753197669983, 0.2802422344684601, 0.06348760426044464, 0.2712658941745758, 0.4526333212852478, 0.236347958445549, 0.03975291922688484, 0.5792427659034729, 0.2998659610748291, 0.10010994970798492, 0.020781347528100014, 0.14110709726810455, 0.4145226776599884, 0.4313155710697174, 0.013054698705673218, 0.195190891623497, 0.7024738788604736, 0.09117041528224945, 0.011164830066263676, 0.7573446035385132, 0.14984355866909027, 0.0748295858502388, 0.017982300370931625, 0.18089888989925385, 0.5953190326690674, 0.21083511412143707, 0.01294706854969263, 0.13706374168395996, 0.8048604130744934, 0.051867835223674774, 0.006208011880517006, 0.10009219497442245, 0.5489901304244995, 0.3385523557662964, 0.01236533373594284, 0.06701599061489105, 0.7302462458610535, 0.193426251411438, 0.009311503730714321, 0.06275105476379395, 0.8386245369911194, 0.08802002668380737, 0.010604427196085453, 0.2351241111755371, 0.4558272361755371, 0.2885825037956238, 0.02046605758368969, 0.05267834663391113, 0.8781588673591614, 0.058293815702199936, 0.010868972167372704, 0.3181827664375305, 0.17806564271450043, 0.4501487910747528, 0.05360276997089386, 0.3983291685581207, 0.14824388921260834, 0.41596201062202454, 0.03746496140956879, 0.42642873525619507, 0.21379674971103668, 0.33390897512435913, 0.025865552946925163, 0.49980759620666504, 0.3851086497306824, 0.06302423030138016, 0.05205949395895004, 0.45505788922309875, 0.3304469883441925, 0.10338914394378662, 0.11110596358776093, 0.14937131106853485, 0.3553602397441864, 0.4665471911430359, 0.02872125804424286, 0.10060033947229385, 0.4792928397655487, 0.4012424647808075, 0.0188644677400589, 0.2514033317565918, 0.3936927318572998, 0.3204377293586731, 0.03446618840098381, 0.1918606013059616, 0.5861272811889648, 0.19432955980300903, 0.02768249437212944, 0.24992795288562775, 0.5103844404220581, 0.21299345791339874, 0.02669410966336727, 0.09643862396478653, 0.7040438652038574, 0.18490229547023773, 0.014615204185247421, 0.3922228217124939, 0.16976264119148254, 0.4217982888221741, 0.016216237097978592, 0.18653203547000885, 0.2470502406358719, 0.5491865873336792, 0.017231149598956108, 0.574647068977356, 0.13353191316127777, 0.27097001671791077, 0.02085103467106819, 0.41066503524780273, 0.4043022394180298, 0.1575542390346527, 0.027478478848934174, 0.6041547656059265, 0.27377793192863464, 0.0931493267416954, 0.028917968273162842, 0.2741298973560333, 0.26767227053642273, 0.42561596632003784, 0.032581768929958344, 0.5359985828399658, 0.21839644014835358, 0.21426571905612946, 0.031339265406131744, 0.8065383434295654, 0.13570982217788696, 0.040316130965948105, 0.01743563823401928, 0.26942119002342224, 0.5107907652854919, 0.14548635482788086, 0.07430169731378555, 0.2879672348499298, 0.36476078629493713, 0.3019610643386841, 0.04531093314290047, 0.5193381309509277,