{"metrics": {"ACC": 46.15384615384615, "F1": 34.04251207729468}, "predictions": [1, 1, 1, 1, 1, 1, 1, 1, 1, 1, 1, 1, 1, 1, 2, 2, 2, 1, 0, 0, 1, 1, 0, 1, 1, 1, 1, 1, 0, 1, 0, 1, 2, 2, 2, 1, 1, 1, 2, 1, 1, 0, 0, 0, 0, 0, 2, 0, 1, 1, 0, 1, 1, 1, 1, 1, 1, 1, 1, 0, 0, 0, 1, 1, 1, 0, 1, 1, 1, 0, 1, 0, 0, 0, 1, 0, 0, 1, 1, 0, 1, 0, 0, 1, 1, 2, 2, 2, 0, 0, 0, 0, 1, 1, 1, 1, 0, 2, 2, 2, 2, 1, 1, 2, 1, 1, 1, 2, 1, 1, 1, 1, 1, 1, 1, 1, 1, 1, 0, 1, 0, 1, 1, 2, 1, 0, 2, 1, 0, 0, 0, 0, 0, 1, 0, 0, 2, 2, 0, 0, 0, 0, 1], "uids": ["0", "1", "2", "3", "4", "5", "6", "7", "8", "9", "10", "11", "12", "13", "14", "15", "16", "17", "18", "19", "20", "21", "22", "23", "24", "25", "26", "27", "28", "29", "30", "31", "32", "33", "34", "35", "36", "37", "38", "39", "40", "41", "42", "43", "44", "45", "46", "47", "48", "49", "50", "51", "52", "53", "54", "55", "56", "57", "58", "59", "60", "61", "62", "63", "64", "65", "66", "67", "68", "69", "70", "71", "72", "73", "74", "75", "76", "77", "78", "79", "80", "81", "82", "83", "84", "85", "86", "87", "88", "89", "90", "91", "92", "93", "94", "95", "96", "97", "98", "99", "100", "101", "102", "103", "104", "105", "106", "107", "108", "109", "110", "111", "112", "113", "114", "115", "116", "117", "118", "119", "120", "121", "122", "123", "124", "125", "126", "127", "128", "129", "130", "131", "132", "133", "134", "135", "136", "137", "138", "139", "140", "141", "142"], "scores": [0.2757917642593384, 0.5014415979385376, 0.20510873198509216, 0.01765790767967701, 0.15769940614700317, 0.6884786486625671, 0.14028286933898926, 0.013538982719182968, 0.3475537598133087, 0.4423873722553253, 0.16448624432086945, 0.045572616159915924, 0.30901312828063965, 0.517102837562561, 0.15396857261657715, 0.01991548016667366, 0.20427140593528748, 0.47444844245910645, 0.29677078127861023, 0.024509355425834656, 0.20597165822982788, 0.5877258777618408, 0.19233709573745728, 0.013965371996164322, 0.3562161326408386, 0.4603756070137024, 0.14814937114715576, 0.03525884076952934, 0.3577454686164856, 0.41056716442108154, 0.18923676013946533, 0.04245058074593544, 0.2569248080253601, 0.3826545774936676, 0.32456570863723755, 0.035854849964380264, 0.3053785264492035, 0.4455433785915375, 0.2028849869966507, 0.046193111687898636, 0.26682716608047485, 0.45462939143180847, 0.23390020430088043, 0.04464318975806236, 0.2388906478881836, 0.5353661179542542, 0.21354098618030548, 0.012202231213450432, 0.24889488518238068, 0.47613823413848877, 0.25828540325164795, 0.016681497916579247, 0.2981915771961212, 0.47292646765708923, 0.21395817399024963, 0.01492382399737835, 0.3012538552284241, 0.3100067973136902, 0.3451195955276489, 0.04361973702907562, 0.18869231641292572, 0.3557375371456146, 0.40282025933265686, 0.0527498796582222, 0.1997506320476532, 0.3445277214050293, 0.4006679356098175, 0.055053696036338806, 0.2506203353404999, 0.5935406684875488, 0.12801998853683472, 0.02781892940402031, 0.41137948632240295, 0.28577858209609985, 0.1905081421136856, 0.11233379691839218, 0.8215052485466003, 0.08500509709119797, 0.07126571983098984, 0.022223861888051033, 0.33757448196411133, 0.46044984459877014, 0.16846473515033722, 0.033510979264974594, 0.24854718148708344, 0.6650331616401672, 0.07644844055175781, 0.009971183724701405, 0.5632611513137817, 0.3083529770374298, 0.1028376966714859, 0.025548160076141357, 0.29923215508461, 0.37863245606422424, 0.295537531375885, 0.02659786492586136, 0.25873538851737976, 0.39770179986953735, 0.3186454176902771, 0.024917464703321457, 0.24485668540000916, 0.535171627998352, 0.20217302441596985, 0.017798567190766335, 0.3496607840061188, 0.45734015107154846, 0.17662207782268524, 0.01637696474790573, 0.15777136385440826, 0.6965753436088562, 0.13275285065174103, 0.012900489382445812, 0.3996969759464264, 0.328929603099823, 0.23035846650600433, 0.04101498797535896, 0.376931756734848, 0.44823578000068665, 0.15152274072170258, 0.023309683427214622, 0.4666679799556732, 0.36156997084617615, 0.15132665634155273, 0.02043541893362999, 0.23127909004688263, 0.605182409286499, 0.15148885548114777, 0.012049640528857708, 0.12302043288946152, 0.2974773347377777, 0.5341135263442993, 0.045388732105493546, 0.11674760282039642, 0.29045307636260986, 0.5370351076126099, 0.05576417222619057, 0.1424400806427002, 0.2826300859451294, 0.5271646976470947, 0.047765158116817474, 0.19214770197868347, 0.6111618280410767, 0.18178218603134155, 0.014908283948898315, 0.32489505410194397, 0.45524048805236816, 0.18199315667152405, 0.037871312350034714, 0.31935474276542664, 0.33532029390335083, 0.3085861802101135, 0.03673882037401199, 0.31442707777023315, 0.2964002788066864, 0.3431313931941986, 0.046041231602430344, 0.2757015824317932, 0.4873405694961548, 0.21307535469532013, 0.023882467299699783, 0.3453049659729004, 0.4457190930843353, 0.188777357339859, 0.020198669284582138, 0.4904654920101166, 0.3395841717720032, 0.14110276103019714, 0.02884763851761818, 0.46617990732192993, 0.4000028371810913, 0.11364959925413132, 0.020167699083685875, 0.4768677353858948, 0.18751408159732819, 0.24026837944984436, 0.09534981101751328, 0.48309141397476196, 0.2558330297470093, 0.21929675340652466, 0.04177870228886604, 0.34036195278167725, 0.31117182970046997, 0.29801270365715027, 0.05045359581708908, 0.31024980545043945, 0.3140350878238678, 0.3199582099914551, 0.055756911635398865, 0.4801388084888458, 0.36274558305740356, 0.12927129864692688, 0.027844343334436417, 0.28651055693626404, 0.5492086410522461, 0.15013442933559418, 0.014146347530186176, 0.35658934712409973, 0.4192468822002411, 0.207084059715271, 0.017079748213291168, 0.5333220362663269, 0.293692409992218, 0.15340417623519897, 0.019581405445933342, 0.25673726201057434, 0.5475135445594788, 0.18148668110370636, 0.014262530952692032, 0.2331545203924179, 0.6662601828575134, 0.08924828469753265, 0.011336924508213997, 0.26637715101242065, 0.5623010396957397, 0.1575969010591507, 0.01372491754591465, 0.17287546396255493, 0.5693684816360474, 0.23659084737300873, 0.021165208891034126, 0.16604351997375488, 0.6783872246742249, 0.14275191724300385, 0.012817325070500374, 0.3287360966205597, 0.46810656785964966, 0.18437962234020233, 0.01877770572900772, 0.19229310750961304, 0.6956490874290466, 0.09506287425756454, 0.016994990408420563, 0.27616962790489197, 0.3788061738014221, 0.28904807567596436, 0.05597611889243126, 0.3515632748603821, 0.3443385064601898, 0.25567179918289185, 0.04842641204595566, 0.3924649953842163, 0.3596121370792389, 0.21408464014530182, 0.03383827582001686, 0.42704543471336365, 0.38692060112953186, 0.14201755821704865, 0.04401642829179764, 0.3804371953010559, 0.4109371602535248, 0.1559678316116333, 0.05265771970152855, 0.29456794261932373, 0.39014729857444763, 0.28542250394821167, 0.029862217605113983, 0.26498740911483765, 0.45677894353866577, 0.2558613419532776, 0.022372255101799965, 0.4000883996486664, 0.3849617540836334, 0.18480929732322693, 0.030140437185764313, 0.2958824038505554, 0.36778536438941956, 0.29574763774871826, 0.04058464616537094, 0.3142821788787842, 0.37296929955482483, 0.27709150314331055, 0.035656943917274475, 0.23638294637203217, 0.5653839111328125, 0.18141436576843262, 0.016818817704916, 0.46357953548431396, 0.26071739196777344, 0.2556992471218109, 0.020003806799650192, 0.30748623609542847, 0.4054112732410431, 0.2644350230693817, 0.02266741544008255, 0.5040874481201172, 0.260678231716156, 0.21130375564098358, 0.02393064647912979, 0.40002915263175964, 0.3350764214992523, 0.22755859792232513, 0.03733579441905022, 0.47132110595703125, 0.33396220207214355, 0.16007325053215027, 0.03464335948228836, 0.29802843928337097, 0.32654422521591187, 0.32032373547554016, 0.05510356277227402, 0.38386258482933044, 0.3186744749546051, 0.23993973433971405, 0.05752319097518921, 0.724540650844574, 0.17623944580554962, 0.07737588882446289, 0.021843956783413887, 0.253495454788208, 0.4741142690181732, 0.2154977023601532, 0.05689254403114319, 0.26327410340309143, 0.35924890637397766, 0.32713377475738525, 0.05034320428967476, 0.47225499153137207, 