{"metrics": {"ACC": 41.44144144144144, "F1": 23.590067340067343}, "predictions": [4, 4, 4, 4, 4, 1, 4, 4, 4, 4, 4, 4, 4, 0, 4, 4, 4, 1, 4, 4, 5, 5, 5, 1, 1, 4, 4, 4, 4, 4, 4, 4, 4, 4, 4, 4, 4, 4, 4, 4, 4, 4, 4, 4, 4, 4, 4, 2, 5, 5, 4, 4, 4, 4, 4, 4, 4, 4, 4, 1, 4, 4, 4, 4, 4, 4, 4, 4, 4, 4, 4, 4, 4, 4, 4, 4, 5, 5, 5, 4, 4, 4, 4, 4, 4, 4, 4, 5, 1, 4, 1, 2, 2, 4, 5, 1, 4, 4, 5, 4, 4, 4, 4, 4, 4, 5, 4, 4, 4, 4, 2], "uids": ["0", "1", "2", "3", "4", "5", "6", "7", "8", "9", "10", "11", "12", "13", "14", "15", "16", "17", "18", "19", "20", "21", "22", "23", "24", "25", "26", "27", "28", "29", "30", "31", "32", "33", "34", "35", "36", "37", "38", "39", "40", "41", "42", "43", "44", "45", "46", "47", "48", "49", "50", "51", "52", "53", "54", "55", "56", "57", "58", "59", "60", "61", "62", "63", "64", "65", "66", "67", "68", "69", "70", "71", "72", "73", "74", "75", "76", "77", "78", "79", "80", "81", "82", "83", "84", "85", "86", "87", "88", "89", "90", "91", "92", "93", "94", "95", "96", "97", "98", "99", "100", "101", "102", "103", "104", "105", "106", "107", "108", "109", "110"], "scores": [0.19381405413150787, 0.25919637084007263, 0.04622407257556915, 0.04544907808303833, 0.2649335265159607, 0.19038288295269012, 0.09891781955957413, 0.10236472636461258, 0.023742619901895523, 0.029351498931646347, 0.6671159267425537, 0.07850737869739532, 0.121444933116436, 0.2444916069507599, 0.013858444057404995, 0.03302847966551781, 0.4410288631916046, 0.1461476981639862, 0.08458179235458374, 0.1701015681028366, 0.010427179746329784, 0.022557886317372322, 0.5240080952644348, 0.18832345306873322, 0.07887712121009827, 0.1993621289730072, 0.009222373366355896, 0.018570881336927414, 0.4177083969116211, 0.27625909447669983, 0.15968865156173706, 0.32889893651008606, 0.01633715070784092, 0.03189220651984215, 0.18545427918434143, 0.27772876620292664, 0.03349560126662254, 0.0681237131357193, 0.09101704508066177, 0.016173362731933594, 0.6922644972801208, 0.09892574697732925, 0.033875010907649994, 0.0428183414041996, 0.011828206479549408, 0.011311632581055164, 0.8688929677009583, 0.03127381205558777, 0.0429258793592453, 0.13131092488765717, 0.0420977957546711, 0.016322441399097443, 0.6612569093704224, 0.10608606040477753, 0.06635535508394241, 0.06648028641939163, 0.05021856725215912, 0.045158784836530685, 0.6669970750808716, 0.10478988289833069, 0.05077846720814705, 0.04929003864526749, 0.02343951351940632, 0.031174827367067337, 0.784591794013977, 0.06072545051574707, 0.01865268684923649, 0.08255339413881302, 0.033489007502794266, 0.020878277719020844, 0.7814853191375732, 0.06294135749340057, 0.03717206045985222, 0.06020095571875572, 0.004977929871529341, 0.012522781267762184, 0.7792728543281555, 0.105853371322155, 0.4791434109210968, 0.16777947545051575, 0.017267679795622826, 0.05776004493236542, 0.19178682565689087, 0.08626250177621841, 0.05393138900399208, 0.09799407422542572, 0.01074637658894062, 0.013627328909933567, 0.7709133625030518, 0.05278750881552696, 0.05521078780293465, 0.06957900524139404, 0.010424703359603882, 0.0167170912027359, 0.74676913022995, 0.1012992411851883, 0.20378342270851135, 0.07813550531864166, 0.009571937844157219, 0.028115279972553253, 0.6375768780708313, 0.04281703010201454, 0.1174749806523323, 0.5559424757957458, 0.04452430456876755, 0.039918430149555206, 0.13772784173488617, 0.10441195964813232, 0.09464819729328156, 0.23560595512390137, 0.025017675012350082, 0.035751715302467346, 0.5330426692962646, 0.07593382894992828, 0.022445328533649445, 0.034483253955841064, 0.009494263678789139, 0.007710850331932306, 0.8966488242149353, 0.029217427596449852, 0.11896541714668274, 0.36711573600769043, 0.026889411732554436, 0.043597262352705, 0.06124507263302803, 0.3821870684623718, 0.1259978711605072, 0.297760933637619, 0.021148383617401123, 0.04393386095762253, 0.0690065398812294, 0.4421524703502655, 0.07594162970781326, 0.3175796866416931, 0.03501942381262779, 0.04640951007604599, 0.058052994310855865, 0.4669967293739319, 0.08868686854839325, 0.43811532855033875, 0.015277476981282234, 0.035408928990364075, 0.1249275878071785, 0.2975839078426361, 0.09266963601112366, 0.34118884801864624, 0.048658087849617004, 0.04670942947268486, 0.3086329698562622, 0.16214092075824738, 0.0620967298746109, 0.06306044012308121, 0.07476317882537842, 0.03456821292638779, 0.6494073271751404, 0.11610408127307892, 0.04025093838572502, 0.023870663717389107, 0.02388203702867031, 0.015371075831353664, 0.8401151895523071, 0.05651012063026428, 0.023902716115117073, 0.048105064779520035, 0.01740957424044609, 0.016187213361263275, 0.8034348487854004, 0.09096059948205948, 0.031129414215683937, 0.02341197244822979, 0.007775495294481516, 0.011179492808878422, 0.8907468914985657, 0.035756729543209076, 0.021913571283221245, 0.06835880875587463, 0.1295977383852005, 0.02518557943403721, 0.6515299081802368, 0.10341440141201019, 0.030292510986328125, 0.07194417715072632, 0.04091551899909973, 0.026138275861740112, 0.7080633640289307, 0.12264614552259445, 0.20041437447071075, 0.22190995514392853, 0.07566890865564346, 0.09124069660902023, 0.26301369071006775, 0.14775240421295166, 0.01671489141881466, 0.07459500432014465, 0.061078041791915894, 0.014845246449112892, 0.761613667011261, 0.07115315645933151, 0.06803468614816666, 0.12850655615329742, 0.02687769941985607, 0.03678426891565323, 0.6000217795372009, 0.13977506756782532, 0.054483503103256226, 0.07594218850135803, 0.008548117242753506, 0.011883383616805077, 0.779574453830719, 0.06956832855939865, 0.17629577219486237, 0.09870786964893341, 0.02197982370853424, 0.03307505324482918, 0.6315022110939026, 0.03843929246068001, 0.14571930468082428, 0.07933853566646576, 0.028599075973033905, 0.03552548214793205, 0.6567331552505493, 0.054084476083517075, 0.29721805453300476, 0.11541927605867386, 0.02020976133644581, 0.0439775176346302, 0.4448297321796417, 0.07834569364786148, 0.031056957319378853, 0.0408361442387104, 0.013593603856861591, 0.01772848144173622, 0.8381788730621338, 0.05860595405101776, 0.06109152361750603, 0.12082841247320175, 0.024116497486829758, 0.024787023663520813, 0.5290499925613403, 0.24012652039527893, 0.24036136269569397, 0.06591211259365082, 0.009339675307273865, 0.035245075821876526, 0.5803853273391724, 0.06875649839639664, 0.03346417844295502, 0.0655888020992279, 0.04536959156394005, 0.018563605844974518, 0.7337849140167236, 0.10322888195514679, 0.03541113808751106, 0.06409073621034622, 0.02414773963391781, 0.013888671062886715, 0.7597322463989258, 0.10272953659296036, 0.03797977417707443, 0.06787218898534775, 0.0052173142321407795, 0.011633522808551788, 0.807075023651123, 0.07022220641374588, 0.045334722846746445, 0.041953422129154205, 0.015056095086038113, 0.014841985888779163, 0.8165997862815857, 0.06621401011943817, 0.022563982754945755, 0.019241122528910637, 0.006038257386535406, 0.010284722782671452, 0.9090045094490051, 0.032867446541786194, 0.05353356897830963, 0.08418300747871399, 0.059796854853630066, 0.025166017934679985, 0.7057159543037415, 0.07160454988479614, 0.11025580763816833, 0.1258353292942047, 0.5465080142021179, 0.056116823107004166, 0.10392730683088303, 0.057356737554073334, 0.09403876960277557, 0.1630464643239975, 0.05248398706316948, 0.06151308864355087, 0.30371758341789246, 0.3252001106739044, 0.04507898539304733, 0.27372974157333374, 0.047914616763591766, 0.028645886108279228, 0.27706965804100037, 0.32756105065345764, 0.03466395288705826, 0.27853652834892273, 0.03734118863940239, 0.021794160827994347, 0.3738028407096863, 0.25386133790016174, 0.03415029123425484, 0.04985550791025162, 0.126809760928154, 0.029131973162293434, 0.698686957359314, 0.06136550381779671, 0.021488742902874947, 0.02523687668144703, 0.01940840855240822, 0.016591662541031837, 0.8760315179824829, 0.04124276712536812, 0.03393667936325073, 0.04915682598948479, 0.036144550889730453, 0.02257361076772213, 0.7909180521965027, 0.06727033853530884, 0.03391753137111664, 0.04735415056347847, 0.027908088639378548, 0.00935478787869215, 