{"metrics": {"ACC": 38.73873873873874, "F1": 22.990551527136894}, "predictions": [1, 4, 1, 4, 5, 5, 4, 4, 4, 4, 4, 4, 4, 0, 4, 4, 4, 1, 1, 4, 5, 5, 5, 1, 1, 4, 4, 4, 4, 4, 4, 1, 4, 4, 4, 4, 4, 0, 4, 5, 4, 4, 4, 4, 4, 4, 4, 2, 5, 5, 5, 4, 4, 4, 4, 4, 4, 4, 4, 1, 1, 4, 4, 4, 4, 4, 5, 4, 4, 4, 4, 4, 1, 5, 4, 4, 5, 5, 5, 4, 4, 4, 4, 5, 4, 4, 4, 5, 1, 1, 1, 1, 2, 4, 5, 1, 4, 4, 5, 5, 4, 4, 4, 4, 4, 5, 4, 4, 4, 4, 2], "uids": ["0", "1", "2", "3", "4", "5", "6", "7", "8", "9", "10", "11", "12", "13", "14", "15", "16", "17", "18", "19", "20", "21", "22", "23", "24", "25", "26", "27", "28", "29", "30", "31", "32", "33", "34", "35", "36", "37", "38", "39", "40", "41", "42", "43", "44", "45", "46", "47", "48", "49", "50", "51", "52", "53", "54", "55", "56", "57", "58", "59", "60", "61", "62", "63", "64", "65", "66", "67", "68", "69", "70", "71", "72", "73", "74", "75", "76", "77", "78", "79", "80", "81", "82", "83", "84", "85", "86", "87", "88", "89", "90", "91", "92", "93", "94", "95", "96", "97", "98", "99", "100", "101", "102", "103", "104", "105", "106", "107", "108", "109", "110"], "scores": [0.18179605901241302, 0.2768574059009552, 0.056568410247564316, 0.0453542023897171, 0.18978892266750336, 0.2496349811553955, 0.11526811867952347, 0.1334032416343689, 0.026017434895038605, 0.03680497407913208, 0.5743841528892517, 0.11412209272384644, 0.0904141291975975, 0.37430959939956665, 0.013142215088009834, 0.029301099479198456, 0.24366746842861176, 0.24916549026966095, 0.07516342401504517, 0.2100376933813095, 0.010907317511737347, 0.02163691073656082, 0.3560093343257904, 0.32624533772468567, 0.05650241672992706, 0.18070688843727112, 0.007829447276890278, 0.014178873039782047, 0.3378280699253082, 0.4029543101787567, 0.1311125010251999, 0.3373284339904785, 0.014425226487219334, 0.027999380603432655, 0.14640191197395325, 0.3427325487136841, 0.02335788495838642, 0.05509157478809357, 0.07301772385835648, 0.01256331242620945, 0.7071579694747925, 0.12881149351596832, 0.03310999274253845, 0.040396176278591156, 0.01198542769998312, 0.010593880899250507, 0.8767522573471069, 0.027162285521626472, 0.0482979491353035, 0.2072763293981552, 0.04990699514746666, 0.020833352580666542, 0.47389641404151917, 0.19978898763656616, 0.05953977257013321, 0.061839163303375244, 0.0560561940073967, 0.047317828983068466, 0.6175742149353027, 0.15767285227775574, 0.048221129924058914, 0.050153058022260666, 0.029141979292035103, 0.03363584727048874, 0.7456083297729492, 0.09323973953723907, 0.017315248027443886, 0.07350680977106094, 0.03436586633324623, 0.023969251662492752, 0.7686402201652527, 0.08220264315605164, 0.06563163548707962, 0.12545469403266907, 0.007624704856425524, 0.01704590395092964, 0.4553025960922241, 0.3289404809474945, 0.5087084174156189, 0.17317242920398712, 0.019164226949214935, 0.05616935342550278, 0.14814980328083038, 0.09463581442832947, 0.05220252275466919, 0.13785777986049652, 0.016663389280438423, 0.020599668845534325, 0.6852429509162903, 0.08743365108966827, 0.03949907049536705, 0.0648765042424202, 0.011160383000969887, 0.016157040372490883, 0.7218592166900635, 0.1464477926492691, 0.2496691346168518, 0.08374854922294617, 0.010896642692387104, 0.030563272535800934, 0.5660062432289124, 0.059116099029779434, 0.08564084768295288, 0.6458163261413574, 0.06743228435516357, 0.03976096957921982, 0.04491285979747772, 0.11643675714731216, 0.09298073500394821, 0.4652688205242157, 0.0440191812813282, 0.04423947632312775, 0.2384341061115265, 0.11505762487649918, 0.018644781783223152, 0.031888771802186966, 0.010084324516355991, 0.007036194670945406, 0.8999481201171875, 0.03239786997437477, 0.10505589097738266, 0.38893383741378784, 0.02810889482498169, 0.03786061704158783, 0.03854108974337578, 0.4014996588230133, 0.1182829961180687, 0.3153715431690216, 0.01993252895772457, 0.03880634903907776, 0.0490366593003273, 0.4585699439048767, 0.06354823708534241, 0.3301951289176941, 0.03614495322108269, 0.04512304067611694, 0.03970250487327576, 0.485286146402359, 0.06821944564580917, 0.4393730163574219, 0.013170471414923668, 0.0280323289334774, 0.0858335942029953, 0.36537110805511475, 0.07842240482568741, 0.3866787254810333, 0.05841892957687378, 0.04851476103067398, 0.19927802681922913, 0.22868719696998596, 0.05075458437204361, 0.06129418686032295, 0.09977944195270538, 0.03707054629921913, 0.6011769771575928, 0.14992432296276093, 0.03497271239757538, 0.020843923091888428, 0.02925826422870159, 0.015536928549408913, 0.8210605382919312, 0.07832764834165573, 0.023094542324543, 0.06922927498817444, 0.01900741457939148, 0.021470632404088974, 0.7182191610336304, 0.14897899329662323, 0.026500029489398003, 0.019015569239854813, 0.00691171595826745, 0.009954323060810566, 0.8991413116455078, 0.03847707808017731, 0.015713823959231377, 0.047212183475494385, 0.08210081607103348, 0.021604012697935104, 0.7245558500289917, 0.10881324857473373, 0.030531561002135277, 0.07139504700899124, 0.02438408136367798, 0.024337932467460632, 0.6477034687995911, 0.20164786279201508, 0.19148306548595428, 0.2642870843410492, 0.09505288302898407, 0.10232584178447723, 0.15857191383838654, 0.1882791668176651, 0.017402751371264458, 0.09636791795492172, 0.10065767168998718, 0.022673625499010086, 0.6267246603965759, 0.13617341220378876, 0.06414669007062912, 0.1829795092344284, 0.0314420722424984, 0.04612908884882927, 0.38286322355270386, 0.2924394905567169, 0.044326189905405045, 0.10066794604063034, 0.009012509137392044, 0.010890990495681763, 0.7187540531158447, 0.11634829640388489, 0.2279091328382492, 0.12979789078235626, 0.0298081673681736, 0.03863930702209473, 0.5178764462471008, 0.0559689924120903, 0.16465052962303162, 0.08488375693559647, 0.0345502607524395, 0.04290739446878433, 0.5945781469345093, 0.07842995226383209, 0.3442141115665436, 0.16766095161437988, 0.02042882889509201, 0.04843740910291672, 0.30000993609428406, 0.11924885213375092, 0.034940849989652634, 0.0656839981675148, 0.026773476973176003, 0.031257741153240204, 0.7074102759361267, 0.13393375277519226, 0.054280076175928116, 0.1606636345386505, 0.03444000706076622, 0.031887754797935486, 0.2785261571407318, 0.4402023255825043, 0.2665659189224243, 0.07495230436325073, 0.010425805114209652, 0.039773743599653244, 0.49348562955856323, 0.11479662358760834, 0.03182749077677727, 0.0919114500284195, 0.07265352457761765, 0.02629278227686882, 0.5507940649986267, 0.22652065753936768, 0.0391429103910923, 0.09630966931581497, 0.03528127446770668, 0.019453248009085655, 0.5807229280471802, 0.22908993065357208, 0.03156290575861931, 0.09364785999059677, 0.006281248759478331, 0.012108832597732544, 0.7190466523170471, 0.13735252618789673, 0.03625131770968437, 0.04419470205903053, 0.016970200464129448, 0.016073280945420265, 0.7777954339981079, 0.10871506482362747, 0.017387429252266884, 0.01446256972849369, 0.005003516562283039, 0.008685128763318062, 0.9187719225883484, 0.03568943962454796, 0.036265913397073746, 0.0648738294839859, 0.05633591488003731, 0.01827847771346569, 0.7517179846763611, 0.07252787798643112, 0.07304749637842178, 0.09809403121471405, 0.6729338765144348, 0.05190981924533844, 0.053063128143548965, 0.050951678305864334, 0.06553005427122116, 0.15275849401950836, 0.05899633467197418, 0.07143707573413849, 0.1459103375673294, 0.5053677558898926, 0.033479344099760056, 0.2878755033016205, 0.04233734309673309, 0.026626989245414734, 0.14701609313488007, 0.46266475319862366, 0.027158772572875023, 0.3075328469276428, 0.05104579031467438, 0.024703221395611763, 0.2074315845966339, 0.3821277618408203, 0.028749456629157066, 0.04806413874030113, 0.18426020443439484, 0.03500783070921898, 0.6199262738227844, 0.08399207144975662, 0.01894211582839489, 0.02486857958137989, 0.02365015633404255, 0.017869852483272552, 0.8543885350227356, 0.06028071045875549, 0.031340934336185455, 0.058283645659685135, 0.053605109453201294, 0.029447544366121292, 0.7190971374511719, 0.10822558403015137, 0.035494349896907806, 0.048831239342689514, 0.03273823857307434, 0.009466913528740406, 0.7836993932723999, 