{"metrics": {"ACC": 41.44144144144144, "F1": 24.559246759700194}, "predictions": [4, 4, 4, 4, 5, 5, 4, 4, 4, 4, 4, 4, 4, 0, 4, 4, 4, 1, 1, 4, 5, 5, 5, 1, 4, 4, 4, 4, 4, 4, 4, 4, 4, 4, 4, 4, 4, 4, 4, 4, 4, 4, 4, 4, 4, 4, 4, 2, 5, 5, 5, 4, 4, 4, 4, 4, 4, 4, 4, 4, 4, 4, 4, 4, 4, 4, 4, 4, 4, 4, 4, 4, 4, 4, 4, 4, 5, 5, 5, 4, 4, 4, 4, 4, 4, 4, 4, 5, 1, 5, 1, 2, 2, 4, 5, 1, 4, 4, 5, 5, 4, 4, 4, 4, 4, 5, 4, 4, 4, 4, 2], "uids": ["0", "1", "2", "3", "4", "5", "6", "7", "8", "9", "10", "11", "12", "13", "14", "15", "16", "17", "18", "19", "20", "21", "22", "23", "24", "25", "26", "27", "28", "29", "30", "31", "32", "33", "34", "35", "36", "37", "38", "39", "40", "41", "42", "43", "44", "45", "46", "47", "48", "49", "50", "51", "52", "53", "54", "55", "56", "57", "58", "59", "60", "61", "62", "63", "64", "65", "66", "67", "68", "69", "70", "71", "72", "73", "74", "75", "76", "77", "78", "79", "80", "81", "82", "83", "84", "85", "86", "87", "88", "89", "90", "91", "92", "93", "94", "95", "96", "97", "98", "99", "100", "101", "102", "103", "104", "105", "106", "107", "108", "109", "110"], "scores": [0.1557796150445938, 0.24621887505054474, 0.04987800121307373, 0.042053136974573135, 0.2638271450996399, 0.24224326014518738, 0.08271948993206024, 0.10904763638973236, 0.029318489134311676, 0.028956180438399315, 0.6389307975769043, 0.11102738976478577, 0.07926900684833527, 0.2439335286617279, 0.01639413647353649, 0.02922934852540493, 0.4165952503681183, 0.21457868814468384, 0.07280459254980087, 0.20908762514591217, 0.016037551686167717, 0.024681057780981064, 0.4172111749649048, 0.26017799973487854, 0.07958731800317764, 0.242934912443161, 0.014220556244254112, 0.022569550201296806, 0.2486983984708786, 0.3919893205165863, 0.1287267655134201, 0.2871100902557373, 0.01723538152873516, 0.029929373413324356, 0.21762457489967346, 0.3193737864494324, 0.04415461793541908, 0.09664180129766464, 0.11620646715164185, 0.023055316880345345, 0.5824362635612488, 0.13750550150871277, 0.04271995276212692, 0.06981775909662247, 0.014674271456897259, 0.01460194494575262, 0.8042521476745605, 0.05393390357494354, 0.0396144725382328, 0.13582974672317505, 0.05601925030350685, 0.02117612026631832, 0.5879657864570618, 0.15939457714557648, 0.061178967356681824, 0.08533190935850143, 0.0617288276553154, 0.03644518181681633, 0.5967592000961304, 0.15855588018894196, 0.05472436174750328, 0.08147434890270233, 0.04001372307538986, 0.033264901489019394, 0.6699299812316895, 0.1205926463007927, 0.02467094361782074, 0.14807449281215668, 0.08550073951482773, 0.03239413723349571, 0.5799862742424011, 0.1293734908103943, 0.06474126875400543, 0.15406787395477295, 0.009789844043552876, 0.022425711154937744, 0.44436952471733093, 0.30460572242736816, 0.4111805558204651, 0.17597010731697083, 0.019190529361367226, 0.056820809841156006, 0.2132526934146881, 0.1235852837562561, 0.049291521310806274, 0.12746377289295197, 0.016337227076292038, 0.015457413159310818, 0.6966466307640076, 0.09480344504117966, 0.04700585827231407, 0.10699502378702164, 0.01938370056450367, 0.02253461442887783, 0.6313669681549072, 0.17271380126476288, 0.23396843671798706, 0.12265466153621674, 0.014475804753601551, 0.03428013250231743, 0.517061173915863, 0.07755976170301437, 0.07863420993089676, 0.47747373580932617, 0.05517875775694847, 0.04068726301193237, 0.20185793936252594, 0.1461680382490158, 0.10745947062969208, 0.3570103347301483, 0.04581557214260101, 0.04463775083422661, 0.2975478768348694, 0.14752908051013947, 0.0287184938788414, 0.06956040859222412, 0.022726353257894516, 0.014187793247401714, 0.7950870394706726, 0.0697198435664177, 0.09414506703615189, 0.32814258337020874, 0.028583085164427757, 0.046129755675792694, 0.07026740163564682, 0.43273210525512695, 0.10223999619483948, 0.27015894651412964, 0.022901248186826706, 0.04167510196566582, 0.09060496836900711, 0.4724196195602417, 0.07179845124483109, 0.3118361532688141, 0.038730986416339874, 0.046026408672332764, 0.08322089910507202, 0.44838711619377136, 0.08052948862314224, 0.39132174849510193, 0.018634069710969925, 0.03815334662795067, 0.1438647359609604, 0.32749664783477783, 0.08062943816184998, 0.3022139072418213, 0.06223812326788902, 0.036156754940748215, 0.34745416045188904, 0.17130757868289948, 0.05982844904065132, 0.09457492083311081, 0.10658837854862213, 0.03573428466916084, 0.5291422009468079, 0.17413176596164703, 0.04850516840815544, 0.04714013263583183, 0.044060397893190384, 0.021235886961221695, 0.7208757996559143, 0.11818255484104156, 0.033926092088222504, 0.09853076189756393, 0.033112552016973495, 0.02459484525024891, 0.6370407342910767, 0.17279505729675293, 0.04421902447938919, 0.041304294019937515, 0.01374475471675396, 0.01693158969283104, 0.8049859404563904, 0.07881436496973038, 0.02776787243783474, 0.09850543737411499, 0.11382029205560684, 0.03366972878575325, 0.5554649829864502, 0.17077164351940155, 0.03788166865706444, 0.1050361692905426, 0.04148438945412636, 0.03147744759917259, 0.6000281572341919, 0.18409213423728943, 0.14987869560718536, 0.22044828534126282, 0.07220497727394104, 0.061663612723350525, 0.3033660650253296, 0.19243833422660828, 0.024438563734292984, 0.11930190026760101, 0.08083435148000717, 0.01791541464626789, 0.606655478477478, 0.15085431933403015, 0.03660319000482559, 0.10608138889074326, 0.02663792297244072, 0.02089523896574974, 0.6336120367050171, 0.17617018520832062, 0.03483571112155914, 0.08003918081521988, 0.01414385624229908, 0.01132819801568985, 0.7655867338180542, 0.09406635910272598, 0.1130816712975502, 0.08695684373378754, 0.02842082642018795, 0.029568064957857132, 0.6898625493049622, 0.05211000517010689, 0.09399199485778809, 0.07863055169582367, 0.029502227902412415, 0.028044676408171654, 0.7021130323410034, 0.06771755963563919, 0.1640813797712326, 0.13552053272724152, 0.01994871161878109, 0.02969353273510933, 0.522787868976593, 0.1279679238796234, 0.050362478941679, 0.09508466720581055, 0.036436133086681366, 0.03472871333360672, 0.6332786679267883, 0.15010936558246613, 0.06755270808935165, 0.15932121872901917, 0.034198399633169174, 0.034178853034973145, 0.4164281487464905, 0.2883206903934479, 0.23367252945899963, 0.0944686308503151, 0.012017613276839256, 0.03686297684907913, 0.4952491223812103, 0.1277291178703308, 0.03912974148988724, 0.11149883270263672, 0.07145243883132935, 0.027129588648676872, 0.5627344250679016, 0.1880549192428589, 0.0394676998257637, 0.09336982667446136, 0.03357017785310745, 0.018500806763768196, 0.6290019154548645, 0.18608956038951874, 0.04204930365085602, 0.1402730941772461, 0.01262506004422903, 0.016272297129034996, 0.6120806336402893, 0.17669957876205444, 0.05239684879779816, 0.09013812243938446, 0.02969542145729065, 0.027149740606546402, 0.6436310410499573, 0.15698888897895813, 0.04490453377366066, 0.07893922924995422, 0.01921865902841091, 0.02721177414059639, 0.7149698734283447, 0.11475597321987152, 0.04400553181767464, 0.11730692535638809, 0.07005138695240021, 0.03398042544722557, 0.5954457521438599, 0.13920997083187103, 0.10726727545261383, 0.13625521957874298, 0.47372233867645264, 0.05602884665131569, 0.13580067455768585, 0.09092561900615692, 0.07035012543201447, 0.1501949578523636, 0.07824765890836716, 0.06345341354608536, 0.31275370717048645, 0.325000137090683, 0.04015683755278587, 0.25445616245269775, 0.048660747706890106, 0.02571951225399971, 0.28901928663253784, 0.3419874608516693, 0.04371954873204231, 0.29824087023735046, 0.043971698731184006, 0.027062298730015755, 0.2502703070640564, 0.33673521876335144, 0.042327817529439926, 0.09098425507545471, 0.21006892621517181, 0.03728092461824417, 0.48436471819877625, 0.13497337698936462, 0.031312521547079086, 0.054163604974746704, 0.03431062772870064, 0.023497413843870163, 0.7546003460884094, 0.10211554914712906, 0.04175460338592529, 0.08339636772871017, 0.056774623692035675, 0.02990657277405262, 0.6616421341896057, 0.12652571499347687, 0.04492095857858658, 0.0786149650812149, 0.05203535407781601, 0.015448673628270626, 0.6557263731956482, 