{"metrics": {"ACC": 36.03603603603604, "F1": 8.88888888888889}, "predictions": [4, 4, 4, 4, 4, 4, 4, 4, 4, 4, 4, 4, 4, 4, 4, 4, 4, 4, 4, 4, 4, 4, 5, 4, 4, 4, 4, 4, 4, 4, 4, 4, 4, 4, 4, 4, 4, 4, 4, 4, 4, 4, 4, 4, 4, 4, 4, 4, 4, 4, 4, 4, 4, 4, 4, 4, 4, 4, 4, 4, 4, 4, 4, 4, 4, 4, 4, 4, 4, 4, 4, 4, 4, 4, 4, 4, 4, 4, 4, 4, 4, 4, 4, 4, 4, 4, 4, 4, 4, 4, 4, 4, 4, 4, 4, 4, 4, 4, 4, 4, 4, 4, 4, 4, 4, 4, 4, 4, 4, 4, 4], "uids": ["0", "1", "2", "3", "4", "5", "6", "7", "8", "9", "10", "11", "12", "13", "14", "15", "16", "17", "18", "19", "20", "21", "22", "23", "24", "25", "26", "27", "28", "29", "30", "31", "32", "33", "34", "35", "36", "37", "38", "39", "40", "41", "42", "43", "44", "45", "46", "47", "48", "49", "50", "51", "52", "53", "54", "55", "56", "57", "58", "59", "60", "61", "62", "63", "64", "65", "66", "67", "68", "69", "70", "71", "72", "73", "74", "75", "76", "77", "78", "79", "80", "81", "82", "83", "84", "85", "86", "87", "88", "89", "90", "91", "92", "93", "94", "95", "96", "97", "98", "99", "100", "101", "102", "103", "104", "105", "106", "107", "108", "109", "110"], "scores": [0.06235963851213455, 0.09919136762619019, 0.09113804250955582, 0.028210755437612534, 0.4645583927631378, 0.2545417845249176, 0.06310838460922241, 0.09261764585971832, 0.07504904270172119, 0.03263271972537041, 0.4992377460002899, 0.23735441267490387, 0.06260766834020615, 0.09982894361019135, 0.0912952870130539, 0.03308527171611786, 0.46230992674827576, 0.250872939825058, 0.06582126766443253, 0.09233742207288742, 0.08223778009414673, 0.034139733761548996, 0.45567020773887634, 0.2697935998439789, 0.06741351634263992, 0.09224893897771835, 0.07731607556343079, 0.03797959163784981, 0.44376829266548157, 0.28127357363700867, 0.0677422359585762, 0.09344746172428131, 0.07932835072278976, 0.03502269461750984, 0.46665698289871216, 0.25780224800109863, 0.07144186645746231, 0.11478082835674286, 0.10203160345554352, 0.04051636904478073, 0.4212600886821747, 0.2499692738056183, 0.06482387334108353, 0.09965354949235916, 0.09833058714866638, 0.03281133621931076, 0.4607176184654236, 0.24366307258605957, 0.06841826438903809, 0.10931598395109177, 0.10125051438808441, 0.037458211183547974, 0.4426935017108917, 0.24086353182792664, 0.06984568387269974, 0.09798216819763184, 0.09104903042316437, 0.036111198365688324, 0.47550052404403687, 0.22951143980026245, 0.07230907678604126, 0.09405446797609329, 0.08767704665660858, 0.035886991769075394, 0.46971046924591064, 0.24036194384098053, 0.06880451738834381, 0.0871400460600853, 0.08456051349639893, 0.03871094435453415, 0.4949205815792084, 0.22586342692375183, 0.05968445912003517, 0.08010709285736084, 0.06649205833673477, 0.034711629152297974, 0.5119318962097168, 0.24707283079624176, 0.06719789654016495, 0.0862424373626709, 0.07139089703559875, 0.0357842817902565, 0.48756152391433716, 0.25182297825813293, 0.062109626829624176, 0.0900457575917244, 0.08064576983451843, 0.02834814228117466, 0.5124803185462952, 0.22637039422988892, 0.06483151763677597, 0.08737388253211975, 0.07624579966068268, 0.0318150632083416, 0.4741058945655823, 0.26562774181365967, 0.06806248426437378, 0.08249711245298386, 0.0852150246500969, 0.03265509009361267, 0.479290634393692, 0.25227972865104675, 0.07240644097328186, 0.10760179162025452, 0.09281986951828003, 0.03448204696178436, 0.44638538360595703, 0.2463044673204422, 0.0758824497461319, 0.10282106697559357, 0.08939404040575027, 0.038231734186410904, 0.44390636682510376, 0.2497643530368805, 0.08000410348176956, 0.11124604940414429, 0.0763506144285202, 0.043000344187021255, 0.44422268867492676, 0.24517622590065002, 0.08965916931629181, 0.11166589707136154, 0.1020442396402359, 0.05932201072573662, 0.32964062690734863, 0.3076680302619934, 0.09260201454162598, 0.11143103986978531, 0.11143215000629425, 0.05659923702478409, 0.3154309391975403, 0.3125046193599701, 0.08718536794185638, 0.11679843813180923, 0.12160340696573257, 0.05426330864429474, 0.3006182014942169, 0.31953126192092896, 0.058908116072416306, 0.10993637889623642, 0.08573607355356216, 0.03482289984822273, 0.475740522146225, 0.23485594987869263, 0.07152693718671799, 0.10762153565883636, 0.10370063781738281, 0.03617878258228302, 0.46102702617645264, 0.21994511783123016, 0.08120064437389374, 0.10095313936471939, 0.10314826667308807, 0.0324573814868927, 0.43426308035850525, 0.24797752499580383, 0.07535939663648605, 0.08608968555927277, 0.08851811289787292, 0.03199325501918793, 0.4711066484451294, 0.24693289399147034, 0.06681476533412933, 0.09083004295825958, 0.08572445064783096, 0.029289936646819115, 0.45845896005630493, 0.26888179779052734, 0.062493789941072464, 0.08235029876232147, 0.0709424838423729, 0.028124652802944183, 0.512515664100647, 0.2435731142759323, 0.06295506656169891, 0.10177872329950333, 0.09961478412151337, 0.03276529535651207, 0.4494817554950714, 0.25340428948402405, 0.06391527503728867, 0.09432296454906464, 0.09584170579910278, 0.03302802890539169, 0.4686846435070038, 0.24420735239982605, 0.06822097301483154, 0.09562873840332031, 0.08242123574018478, 0.02904171124100685, 0.45498523116111755, 0.26970213651657104, 0.06519775837659836, 0.09158924967050552, 0.09569093585014343, 0.027638647705316544, 0.4522530138492584, 0.267630398273468, 0.06180114299058914, 0.09918905794620514, 0.09282505512237549, 0.030524754896759987, 0.4663837254047394, 0.2492762953042984, 0.06219398230314255, 0.09113403409719467, 0.0854807049036026, 0.028221625834703445, 0.48112985491752625, 0.2518397867679596, 0.07903028279542923, 0.09981434792280197, 0.07945752143859863, 0.03503686189651489, 0.4945322275161743, 0.21212877333164215, 0.06679118424654007, 0.08848752826452255, 0.07623535394668579, 0.03158211708068848, 0.508647084236145, 0.22825676202774048, 0.06641589850187302, 0.09291583299636841, 0.07657938450574875, 0.0313037633895874, 0.48868605494499207, 0.24409906566143036, 0.07035505771636963, 0.09478429704904556, 0.08250704407691956, 0.031965505331754684, 0.49114957451820374, 0.2292385697364807, 0.07193316519260406, 0.09744551032781601, 0.09110913425683975, 0.031317729502916336, 0.44871553778648376, 0.259478896856308, 0.0695696696639061, 0.08682938665151596, 0.07213995605707169, 0.030591929331421852, 0.4934849143028259, 0.24738410115242004, 0.07562794536352158, 0.1008562445640564, 0.10362586379051208, 0.03139406442642212, 0.46639299392700195, 0.22210289537906647, 0.07059398293495178, 0.10107407718896866, 0.10104234516620636, 0.029914891347289085, 0.476087749004364, 0.22128692269325256, 0.0796804204583168, 0.11007281392812729, 0.08958751708269119, 0.039230410009622574, 0.4189619719982147, 0.2624668776988983, 0.08288518339395523, 0.11155492067337036, 0.10560332238674164, 0.04171134904026985, 0.40122562646865845, 0.2570195496082306, 0.09073958545923233, 0.10861381888389587, 0.07937291264533997, 0.04721161350607872, 0.44358548521995544, 0.230476513504982, 0.0777939185500145, 0.10403768718242645, 0.06877487897872925, 0.044236920773983, 0.46607092022895813, 0.23908571898937225, 0.06710419803857803, 0.09583314508199692, 0.0704759880900383, 0.03503791242837906, 0.499312162399292, 0.23223653435707092, 0.06931960582733154, 0.09475962817668915, 0.09008167684078217, 0.035726550966501236, 0.4399908185005188, 0.270121693611145, 0.06925181299448013, 0.10911013185977936, 0.09320242702960968, 0.03579597920179367, 0.41126304864883423, 0.28137657046318054, 0.0653260201215744, 0.10721694678068161, 0.08561838418245316, 0.03544819355010986, 0.4180765450000763, 0.28831398487091064, 0.06717343628406525, 0.09710389375686646, 0.10877397656440735, 0.03418115898966789, 0.45062151551246643, 0.24214601516723633, 0.06735997647047043, 0.09357129782438278, 0.09990055114030838, 0.0347912535071373, 0.46065905690193176, 0.24371787905693054, 0.07166987657546997, 0.09925191849470139, 0.1137193888425827, 0.03625188395380974, 0.436099112033844, 0.2430078387260437, 0.08370770514011383, 0.11128278076648712, 0.10940049588680267, 0.04683208465576172, 0.3603588938713074, 0.2884180247783661, 0.0853613018989563, 