{"metrics": {"ACC": 36.93693693693694, "F1": 16.340844795629692}, "predictions": [4, 4, 4, 4, 5, 4, 4, 4, 4, 4, 4, 4, 4, 4, 4, 4, 4, 4, 4, 4, 5, 5, 5, 4, 4, 4, 4, 4, 4, 4, 4, 4, 4, 4, 4, 4, 4, 4, 4, 4, 4, 4, 4, 4, 4, 4, 4, 4, 4, 4, 5, 4, 4, 4, 4, 4, 4, 4, 4, 4, 4, 4, 4, 4, 4, 4, 4, 4, 4, 4, 4, 4, 4, 4, 5, 4, 4, 4, 5, 4, 4, 4, 4, 4, 4, 4, 4, 5, 4, 4, 1, 2, 2, 4, 5, 4, 5, 4, 5, 5, 4, 4, 4, 4, 4, 5, 4, 4, 4, 4, 2], "uids": ["0", "1", "2", "3", "4", "5", "6", "7", "8", "9", "10", "11", "12", "13", "14", "15", "16", "17", "18", "19", "20", "21", "22", "23", "24", "25", "26", "27", "28", "29", "30", "31", "32", "33", "34", "35", "36", "37", "38", "39", "40", "41", "42", "43", "44", "45", "46", "47", "48", "49", "50", "51", "52", "53", "54", "55", "56", "57", "58", "59", "60", "61", "62", "63", "64", "65", "66", "67", "68", "69", "70", "71", "72", "73", "74", "75", "76", "77", "78", "79", "80", "81", "82", "83", "84", "85", "86", "87", "88", "89", "90", "91", "92", "93", "94", "95", "96", "97", "98", "99", "100", "101", "102", "103", "104", "105", "106", "107", "108", "109", "110"], "scores": [0.0919773057103157, 0.167814239859581, 0.07334369421005249, 0.037151698023080826, 0.413308322429657, 0.2164047509431839, 0.07438181340694427, 0.12208045274019241, 0.07391620427370071, 0.03553690388798714, 0.5211648941040039, 0.17291972041130066, 0.0766376256942749, 0.18768194317817688, 0.06378142535686493, 0.03976761922240257, 0.39145761728286743, 0.24067378044128418, 0.08483290672302246, 0.1918540596961975, 0.05719465762376785, 0.04386846721172333, 0.3405773937702179, 0.28167247772216797, 0.10025928914546967, 0.1789754331111908, 0.050824712961912155, 0.04203680157661438, 0.3117937743663788, 0.3161099851131439, 0.09676555544137955, 0.17034292221069336, 0.06120622903108597, 0.04100882634520531, 0.35833847522735596, 0.27233803272247314, 0.08148817718029022, 0.1491483747959137, 0.1340009570121765, 0.04753774777054787, 0.38044771552085876, 0.20737704634666443, 0.0766465812921524, 0.1487530916929245, 0.07084079831838608, 0.035800546407699585, 0.507526159286499, 0.1604328751564026, 0.06942548602819443, 0.17078067362308502, 0.12653355300426483, 0.044296398758888245, 0.38890567421913147, 0.2000582367181778, 0.08600413054227829, 0.14197508990764618, 0.10198143869638443, 0.03697068989276886, 0.45645853877067566, 0.1766100525856018, 0.09509526938199997, 0.1455991417169571, 0.08666644245386124, 0.039014484733343124, 0.4680289924144745, 0.1655956357717514, 0.061700861901044846, 0.1372106820344925, 0.2348109483718872, 0.05599397048354149, 0.32534298300743103, 0.18494054675102234, 0.0573478527367115, 0.13079720735549927, 0.045276299118995667, 0.031717605888843536, 0.5003544688224792, 0.23450657725334167, 0.1320754587650299, 0.14493924379348755, 0.051097553223371506, 0.03922312706708908, 0.38665127754211426, 0.2460133582353592, 0.0719856396317482, 0.16237108409404755, 0.07249727845191956, 0.02566799893975258, 0.5103878974914551, 0.15709012746810913, 0.08378475159406662, 0.16328413784503937, 0.05595184117555618, 0.04285825788974762, 0.34102725982666016, 0.31309375166893005, 0.11987917870283127, 0.13778820633888245, 0.06023677811026573, 0.03783375769853592, 0.481275349855423, 0.16298672556877136, 0.07671591639518738, 0.2070251852273941, 0.07960674911737442, 0.031978100538253784, 0.4044514298439026, 0.20022256672382355, 0.09514675289392471, 0.17800435423851013, 0.06165066733956337, 0.040923330932855606, 0.4199928939342499, 0.2042819708585739, 0.0720503106713295, 0.19420690834522247, 0.11499080061912537, 0.054759472608566284, 0.3361548185348511, 0.2278376966714859, 0.09667504578828812, 0.24134643375873566, 0.0726727768778801, 0.08143018931150436, 0.13314853608608246, 0.3747271001338959, 0.09976378083229065, 0.20693834125995636, 0.06762848794460297, 0.07590468227863312, 0.1545610874891281, 0.3952036201953888, 0.08676593750715256, 0.24333056807518005, 0.07598812878131866, 0.07226625829935074, 0.14477166533470154, 0.37687745690345764, 0.08573842793703079, 0.21839949488639832, 0.060166675597429276, 0.043585799634456635, 0.31192806363105774, 0.28018152713775635, 0.09178260713815689, 0.25195273756980896, 0.1037711575627327, 0.04439777508378029, 0.2863727807998657, 0.22172287106513977, 0.08916289359331131, 0.14228945970535278, 0.1439460963010788, 0.03915783762931824, 0.3763589859008789, 0.20908476412296295, 0.09821445494890213, 0.11271549761295319, 0.10506483912467957, 0.03408234938979149, 0.45435547828674316, 0.19556736946105957, 0.061915721744298935, 0.1393652856349945, 0.08320733904838562, 0.03448674455285072, 0.4224337637424469, 0.2585911452770233, 0.08086017519235611, 0.13010507822036743, 0.04715411737561226, 0.03168977424502373, 0.503505527973175, 0.20668534934520721, 0.07226777821779251, 0.13904057443141937, 0.1793142855167389, 0.05806102976202965, 0.306729257106781, 0.24458707869052887, 0.06993146240711212, 0.1387856900691986, 0.20251749455928802, 0.05485251545906067, 0.3049062192440033, 0.22900664806365967, 0.10722240805625916, 0.18915614485740662, 0.07397250831127167, 0.057016994804143906, 0.35811617970466614, 0.2145157903432846, 0.06301969289779663, 0.15457993745803833, 0.11162519454956055, 0.03007967583835125, 0.4285806715488434, 0.21211479604244232, 0.06756150722503662, 0.13430581986904144, 0.10098998993635178, 0.03280969709157944, 0.46240881085395813, 0.2019241750240326, 0.07774337381124496, 0.13441187143325806, 0.0764918103814125, 0.0321338027715683, 0.4794244170188904, 0.1997946798801422, 0.10380353033542633, 0.13320253789424896, 0.07132597267627716, 0.04434607923030853, 0.5036157369613647, 0.14370612800121307, 0.09811924397945404, 0.13204990327358246, 0.0878215953707695, 0.04219105467200279, 0.4723043143749237, 0.167513906955719, 0.08787821233272552, 0.13188646733760834, 0.06892019510269165, 0.03172237426042557, 0.5137731432914734, 0.1658196747303009, 0.0889250710606575, 0.16399170458316803, 0.07302320003509521, 0.03767368942499161, 0.4529453217983246, 0.18344101309776306, 0.08204196393489838, 0.16833467781543732, 0.06545732170343399, 0.030085137113928795, 0.4136970043182373, 0.24038386344909668, 0.13913291692733765, 0.12286417931318283, 0.047370996326208115, 0.037528425455093384, 0.45493143796920776, 0.19817209243774414, 0.09088544547557831, 0.16921474039554596, 0.09638085961341858, 0.03604756295681, 0.41771942377090454, 0.18975192308425903, 0.09596801549196243, 0.15745195746421814, 0.08640950918197632, 0.03231845423579216, 0.4473314881324768, 0.18052062392234802, 0.07964853942394257, 0.18832732737064362, 0.0688219740986824, 0.04555897414684296, 0.3386904001235962, 0.2789527475833893, 0.07720471918582916, 0.16989834606647491, 0.10422667860984802, 0.04825509712100029, 0.30686652660369873, 0.2935486137866974, 0.08388373255729675, 0.19026482105255127, 0.060954924672842026, 0.05625699833035469, 0.3609183132648468, 0.24772126972675323, 0.0875864028930664, 0.18625740706920624, 0.09073763340711594, 0.05118731036782265, 0.3814750015735626, 0.20275624096393585, 0.11547258496284485, 0.14573729038238525, 0.11235811561346054, 0.05238274484872818, 0.39087170362472534, 0.1831776201725006, 0.0769539475440979, 0.15167847275733948, 0.10114490985870361, 0.04584265500307083, 0.3754481077194214, 0.2489319145679474, 0.08407948166131973, 0.20067760348320007, 0.08568152040243149, 0.04861157760024071, 0.3043874502182007, 0.276562362909317, 0.08187288045883179, 0.19681377708911896, 0.0645613744854927, 0.04224994406104088, 0.3050147294998169, 0.30948731303215027, 0.07740280032157898, 0.1512691080570221, 0.15581704676151276, 0.040362995117902756, 0.41061264276504517, 0.16453538835048676, 0.07888080179691315, 0.13388361036777496, 0.09241124987602234, 0.03749402239918709, 0.4870864152908325, 0.17024390399456024, 0.08771630376577377, 0.14260393381118774, 0.11730382591485977, 0.040199294686317444, 0.44974881410598755, 0.16242782771587372, 0.07227680832147598, 0.1339511275291443, 0.12217754870653152, 0.03932685777544975, 0.3881334960460663, 0.24413420259952545, 0.08272548764944077, 0.1627771556377411, 