{"metrics": {"ACC": 40.54054054054054, "F1": 24.108892462550997}, "predictions": [1, 4, 1, 4, 5, 5, 4, 4, 4, 4, 4, 4, 4, 0, 4, 4, 4, 1, 1, 4, 5, 5, 5, 1, 1, 4, 4, 4, 4, 4, 4, 1, 4, 4, 4, 4, 4, 0, 4, 5, 4, 4, 4, 4, 4, 4, 4, 2, 5, 5, 5, 4, 4, 4, 4, 4, 4, 4, 4, 1, 1, 4, 4, 4, 4, 4, 5, 4, 4, 4, 4, 4, 1, 5, 4, 4, 5, 5, 5, 4, 4, 4, 4, 5, 4, 4, 4, 5, 1, 5, 1, 1, 2, 4, 5, 1, 4, 4, 5, 4, 4, 4, 4, 4, 4, 5, 4, 4, 4, 4, 2], "uids": ["0", "1", "2", "3", "4", "5", "6", "7", "8", "9", "10", "11", "12", "13", "14", "15", "16", "17", "18", "19", "20", "21", "22", "23", "24", "25", "26", "27", "28", "29", "30", "31", "32", "33", "34", "35", "36", "37", "38", "39", "40", "41", "42", "43", "44", "45", "46", "47", "48", "49", "50", "51", "52", "53", "54", "55", "56", "57", "58", "59", "60", "61", "62", "63", "64", "65", "66", "67", "68", "69", "70", "71", "72", "73", "74", "75", "76", "77", "78", "79", "80", "81", "82", "83", "84", "85", "86", "87", "88", "89", "90", "91", "92", "93", "94", "95", "96", "97", "98", "99", "100", "101", "102", "103", "104", "105", "106", "107", "108", "109", "110"], "scores": [0.2161695510149002, 0.3013434410095215, 0.05059559643268585, 0.045540712773799896, 0.14643320441246033, 0.2399175465106964, 0.11293978989124298, 0.12041351944208145, 0.01940886862576008, 0.03291274234652519, 0.6252231001853943, 0.08910194039344788, 0.1043669655919075, 0.40877196192741394, 0.010565732605755329, 0.030648423358798027, 0.22027666866779327, 0.22537022829055786, 0.06726554781198502, 0.17857225239276886, 0.007386950310319662, 0.020581189543008804, 0.43467992544174194, 0.29151418805122375, 0.04711994156241417, 0.15172691643238068, 0.005922343581914902, 0.013034258037805557, 0.325082391500473, 0.45711416006088257, 0.11666355282068253, 0.36120086908340454, 0.01151716522872448, 0.028644606471061707, 0.08567774295806885, 0.39629602432250977, 0.017133906483650208, 0.030690710991621017, 0.03698411583900452, 0.007842139340937138, 0.823853075504303, 0.08349604904651642, 0.02243918925523758, 0.02304116077721119, 0.006095137447118759, 0.007307799067348242, 0.924516499042511, 0.016600249335169792, 0.047227151691913605, 0.20086471736431122, 0.026689747348427773, 0.016111936420202255, 0.5295554399490356, 0.17955096065998077, 0.05682497099041939, 0.043559614568948746, 0.03828992694616318, 0.049462754279375076, 0.6744918823242188, 0.13737085461616516, 0.03747875615954399, 0.029999621212482452, 0.016379280015826225, 0.027808519080281258, 0.8229323029518127, 0.06540151685476303, 0.011270339600741863, 0.046681880950927734, 0.014870726503431797, 0.0145389623939991, 0.8592431545257568, 0.05339488759636879, 0.039572056382894516, 0.07252846658229828, 0.0046778954565525055, 0.012291190214455128, 0.6000250577926636, 0.2709052860736847, 0.5237021446228027, 0.1742568463087082, 0.016853276640176773, 0.05574902519583702, 0.1467580646276474, 0.08268071711063385, 0.0443604402244091, 0.1243370845913887, 0.01059521920979023, 0.017132718116044998, 0.729424238204956, 0.07415028661489487, 0.02316299080848694, 0.025866732001304626, 0.00443939957767725, 0.009017454460263252, 0.8632156252861023, 0.07429774105548859, 0.1953488439321518, 0.05621993914246559, 0.006987748667597771, 0.02445319853723049, 0.677841305732727, 0.039148975163698196, 0.08577585965394974, 0.7053883671760559, 0.04929591342806816, 0.041915133595466614, 0.0324675627052784, 0.08515726774930954, 0.08296097815036774, 0.39803484082221985, 0.029098715633153915, 0.04111185669898987, 0.35316002368927, 0.0956336036324501, 0.017709769308567047, 0.022423144429922104, 0.005281147081404924, 0.005701014772057533, 0.9256349205970764, 0.02324996143579483, 0.09770401567220688, 0.3747735619544983, 0.018923703581094742, 0.030075253918766975, 0.04252907633781433, 0.4359944462776184, 0.1254805326461792, 0.29663214087486267, 0.01205410435795784, 0.029388340190052986, 0.07202288508415222, 0.4644220173358917, 0.05521850660443306, 0.3120848834514618, 0.029209638014435768, 0.03808039799332619, 0.033487994223833084, 0.5319185853004456, 0.05411120876669884, 0.4454788863658905, 0.010269599966704845, 0.02581946924328804, 0.054486922919750214, 0.4098339080810547, 0.0868060514330864, 0.36678147315979004, 0.0410102903842926, 0.049212370067834854, 0.24338601529598236, 0.21280382573604584, 0.05102502182126045, 0.04140956699848175, 0.07762598991394043, 0.03398969769477844, 0.6858987808227539, 0.11005096882581711, 0.02157982625067234, 0.009615985676646233, 0.01124234963208437, 0.009868527762591839, 0.9027828574180603, 0.044910404831171036, 0.017908276990056038, 0.044639136642217636, 0.010936122387647629, 0.016622675582766533, 0.7935950756072998, 0.1162986308336258, 0.02423042617738247, 0.014016146771609783, 0.004311966709792614, 0.009335747919976711, 0.9162226915359497, 0.031883008778095245, 0.01374687347561121, 0.03448168560862541, 0.06986748427152634, 0.021436160430312157, 0.7775107026100159, 0.08295708894729614, 0.028939295560121536, 0.058371029794216156, 0.0200842022895813, 0.02575249783694744, 0.7039850354194641, 0.16286802291870117, 0.19760020077228546, 0.3111109733581543, 0.09965091943740845, 0.1271311640739441, 0.08276207745075226, 0.18174472451210022, 0.01361287571489811, 0.06598411500453949, 0.06730151176452637, 0.018941747024655342, 0.7277215123176575, 0.10643824189901352, 0.0603230744600296, 0.1850040853023529, 0.028116311877965927, 0.04916902631521225, 0.34677329659461975, 0.33061420917510986, 0.059878040105104446, 0.11214955151081085, 0.006896765436977148, 0.012624460272490978, 0.6942464113235474, 0.1142047792673111, 0.2732367217540741, 0.13107556104660034, 0.023327765986323357, 0.04196996986865997, 0.4815109372138977, 0.0488789826631546, 0.1766609251499176, 0.080484539270401, 0.02809513732790947, 0.04441821947693825, 0.6100167632102966, 0.06032438576221466, 0.40405333042144775, 0.14357896149158478, 0.01908082701265812, 0.05737411975860596, 0.28124257922172546, 0.09467010200023651, 0.02030019834637642, 0.026089148595929146, 0.011954274028539658, 0.017760956659913063, 0.849797248840332, 0.0740981176495552, 0.039746761322021484, 0.09739938378334045, 0.017409222200512886, 0.024124477058649063, 0.3996497392654419, 0.42167040705680847, 0.20369628071784973, 0.0467083565890789, 0.00623497786000371, 0.03129275515675545, 0.6335127949714661, 0.07855487614870071, 0.023775918409228325, 0.04686473309993744, 0.03258223459124565, 0.017162639647722244, 0.7233453392982483, 0.1562691628932953, 0.027394788339734077, 0.05811740458011627, 0.02146562747657299, 0.014104713685810566, 0.694543182849884, 0.18437422811985016, 0.025761088356375694, 0.04429565742611885, 0.0033844616264104843, 0.008053461089730263, 0.826280415058136, 0.09222497045993805, 0.031139768660068512, 0.016822855919599533, 0.007401852402836084, 0.010234975256025791, 0.884017288684845, 0.05038321390748024, 0.013409675098955631, 0.006949321832507849, 0.0029689697548747063, 0.006037928629666567, 0.9486457705497742, 0.021988367661833763, 0.023994628340005875, 0.030151136219501495, 0.01922612264752388, 0.009166305884718895, 0.8744215965270996, 0.043040260672569275, 0.08963987231254578, 0.11131487041711807, 0.6542094349861145, 0.05964527279138565, 0.04425790533423424, 0.040932606905698776, 0.07467970997095108, 0.15973864495754242, 0.03297598659992218, 0.05669497326016426, 0.11855202168226242, 0.5573586821556091, 0.029587214812636375, 0.26206910610198975, 0.026164017617702484, 0.021157696843147278, 0.13276107609272003, 0.5282608866691589, 0.024084437638521194, 0.30398041009902954, 0.040892768651247025, 0.02684190683066845, 0.2044416069984436, 0.39975887537002563, 0.027057984843850136, 0.03490334376692772, 0.15277200937271118, 0.036700546741485596, 0.685218870639801, 0.0633472204208374, 0.01192848477512598, 0.011933081783354282, 0.01211745198816061, 0.0121585289016366, 0.9205610752105713, 0.03130142390727997, 0.02368832565844059, 0.03760272637009621, 0.037035614252090454, 0.02561766281723976, 0.7882415056228638, 0.08781410753726959, 0.0323319248855114, 0.028598682954907417, 0.016843505203723907, 