{"metrics": {"ACC": 39.63963963963964, "F1": 24.805888555888554}, "predictions": [1, 4, 1, 4, 5, 1, 4, 4, 4, 4, 4, 4, 4, 0, 4, 4, 4, 1, 1, 4, 5, 5, 5, 1, 1, 4, 4, 4, 4, 4, 4, 1, 4, 5, 4, 4, 4, 0, 4, 5, 4, 4, 4, 4, 4, 4, 4, 2, 5, 5, 5, 4, 4, 4, 4, 4, 4, 4, 4, 1, 1, 4, 4, 4, 4, 4, 5, 4, 4, 4, 4, 4, 1, 5, 4, 4, 5, 5, 5, 4, 4, 4, 4, 5, 4, 4, 4, 5, 1, 5, 1, 2, 2, 4, 5, 1, 4, 4, 5, 5, 4, 4, 4, 4, 4, 5, 4, 4, 4, 4, 2], "uids": ["0", "1", "2", "3", "4", "5", "6", "7", "8", "9", "10", "11", "12", "13", "14", "15", "16", "17", "18", "19", "20", "21", "22", "23", "24", "25", "26", "27", "28", "29", "30", "31", "32", "33", "34", "35", "36", "37", "38", "39", "40", "41", "42", "43", "44", "45", "46", "47", "48", "49", "50", "51", "52", "53", "54", "55", "56", "57", "58", "59", "60", "61", "62", "63", "64", "65", "66", "67", "68", "69", "70", "71", "72", "73", "74", "75", "76", "77", "78", "79", "80", "81", "82", "83", "84", "85", "86", "87", "88", "89", "90", "91", "92", "93", "94", "95", "96", "97", "98", "99", "100", "101", "102", "103", "104", "105", "106", "107", "108", "109", "110"], "scores": [0.21437636017799377, 0.3147698640823364, 0.061210718005895615, 0.05025992915034294, 0.12661795318126678, 0.2327650785446167, 0.12403862923383713, 0.13102303445339203, 0.022409962490200996, 0.037304025143384933, 0.5986734628677368, 0.08655095845460892, 0.10507836192846298, 0.4400855600833893, 0.011343310587108135, 0.03173232451081276, 0.20266889035701752, 0.20909154415130615, 0.06939035654067993, 0.2130434215068817, 0.008310524746775627, 0.022804448381066322, 0.3794081509113312, 0.30704301595687866, 0.04485102742910385, 0.1711205095052719, 0.006120121572166681, 0.01344893779605627, 0.27963900566101074, 0.4848204553127289, 0.11963935196399689, 0.3919532299041748, 0.01326022483408451, 0.03156336396932602, 0.06619367748498917, 0.37739017605781555, 0.018295949324965477, 0.03473285585641861, 0.04827330633997917, 0.009012918919324875, 0.7992745041847229, 0.09041047096252441, 0.0219536405056715, 0.024405881762504578, 0.006743655540049076, 0.007613553665578365, 0.9242202043533325, 0.015063110738992691, 0.051403019577264786, 0.2696968615055084, 0.037528350949287415, 0.01946091093122959, 0.42716720700263977, 0.1947435885667801, 0.062002021819353104, 0.049212660640478134, 0.04920247569680214, 0.05873400717973709, 0.6329018473625183, 0.14794695377349854, 0.042892858386039734, 0.036640726029872894, 0.02183220349252224, 0.03443618491292, 0.7911954522132874, 0.07300262153148651, 0.013051359914243221, 0.06593536585569382, 0.022865094244480133, 0.019831659272313118, 0.813127875328064, 0.06518857926130295, 0.047497786581516266, 0.11103635281324387, 0.0059282067231833935, 0.015484362840652466, 0.42434126138687134, 0.3957120180130005, 0.5346562266349792, 0.18372991681098938, 0.01762372814118862, 0.05811622738838196, 0.12802216410636902, 0.077851802110672, 0.04924656078219414, 0.1601097583770752, 0.01618839055299759, 0.025360221043229103, 0.6633396148681641, 0.08575543761253357, 0.026097584515810013, 0.03307871147990227, 0.005545460153371096, 0.010936103761196136, 0.8381664752960205, 0.08617573976516724, 0.24271972477436066, 0.06912091374397278, 0.008076213300228119, 0.02896128036081791, 0.6110457181930542, 0.04007613658905029, 0.0807647630572319, 0.7124803066253662, 0.05725737288594246, 0.04652329534292221, 0.026579314842820168, 0.07639501988887787, 0.08718619495630264, 0.5011387467384338, 0.03931982442736626, 0.050008099526166916, 0.2277446985244751, 0.09460241347551346, 0.01654142141342163, 0.022512713447213173, 0.006734106224030256, 0.006208039820194244, 0.9262607097625732, 0.021743014454841614, 0.09911919385194778, 0.3861578106880188, 0.02017335407435894, 0.03223889693617821, 0.034953176975250244, 0.42735758423805237, 0.12573684751987457, 0.3153232932090759, 0.013035699725151062, 0.03159518539905548, 0.057998064905405045, 0.45631080865859985, 0.056743621826171875, 0.3220925033092499, 0.03091144748032093, 0.041087765246629715, 0.029792116954922676, 0.5193725824356079, 0.05135441944003105, 0.49159231781959534, 0.011488211341202259, 0.02827794849872589, 0.03897770121693611, 0.37830936908721924, 0.09159806370735168, 0.3756151795387268, 0.05096161738038063, 0.057365916669368744, 0.21597659587860107, 0.20848262310028076, 0.054853614419698715, 0.04489363357424736, 0.10057972371578217, 0.04140413552522659, 0.6400945782661438, 0.118174247443676, 0.022419888526201248, 0.01024415623396635, 0.013899484649300575, 0.011035589501261711, 0.8956671357154846, 0.04673367738723755, 0.020952275022864342, 0.0586286224424839, 0.01496601477265358, 0.021992135792970657, 0.7486783862113953, 0.134782612323761, 0.025006892159581184, 0.01457888912409544, 0.005126281175762415, 0.010245803743600845, 0.9134140014648438, 0.03162804991006851, 0.014876638539135456, 0.04088220372796059, 0.10487782210111618, 0.026428870856761932, 0.7197485566139221, 0.0931859090924263, 0.030111802741885185, 0.0681408941745758, 0.02390923723578453, 0.028980759903788567, 0.6701112985610962, 0.1787460297346115, 0.1888628453016281, 0.3219149112701416, 0.11247419565916061, 0.13275280594825745, 0.07155387103557587, 0.17244131863117218, 0.01578524149954319, 0.08516862243413925, 0.10533088445663452, 0.027366874739527702, 0.642816424369812, 0.1235319972038269, 0.06759748607873917, 0.22836656868457794, 0.038178905844688416, 0.06327823549509048, 0.263645201921463, 0.3389335870742798, 0.06284703314304352, 0.12477195262908936, 0.007678625639528036, 0.013523276895284653, 0.6786730885505676, 0.11250600218772888, 0.30128392577171326, 0.1418556123971939, 0.028828004375100136, 0.04817738011479378, 0.4306528568267822, 0.04920228570699692, 0.19041098654270172, 0.09005207568407059, 0.03385455906391144, 0.05139853432774544, 0.5761601328849792, 0.058123745024204254, 0.42025047540664673, 0.16469985246658325, 0.02099486067891121, 0.06200071796774864, 0.24124254286289215, 0.09081155806779861, 0.024126898497343063, 0.03596605733036995, 0.017622170969843864, 0.02532966248691082, 0.8027200102806091, 0.09423518180847168, 0.044157594442367554, 0.11952204257249832, 0.02333923615515232, 0.03012358956038952, 0.31701841950416565, 0.46583905816078186, 0.24610015749931335, 0.05590984597802162, 0.006900366861373186, 0.03708147630095482, 0.5725981593132019, 0.08140993863344193, 0.028825638815760612, 0.0615079291164875, 0.049291037023067474, 0.02310364879667759, 0.6390178203582764, 0.19825395941734314, 0.030076049268245697, 0.07215489447116852, 0.029752198606729507, 0.017646322026848793, 0.6389521360397339, 0.21141844987869263, 0.02715323492884636, 0.062157042324543, 0.0037717376835644245, 0.00949963927268982, 0.7902724742889404, 0.10714583843946457, 0.03633733466267586, 0.021350502967834473, 0.009831220842897892, 0.013441113755106926, 0.8588398098945618, 0.06019999459385872, 0.01312126126140356, 0.007278072647750378, 0.0031248433515429497, 0.006486393045634031, 0.9474426507949829, 0.022546757012605667, 0.024394141510128975, 0.033289287239313126, 0.0215644221752882, 0.010589436627924442, 0.8647769689559937, 0.045385755598545074, 0.08377492427825928, 0.10377872735261917, 0.6773431897163391, 0.061639659106731415, 0.03688101842999458, 0.036582544445991516, 0.07438669353723526, 0.16967132687568665, 0.0372280552983284, 0.06113125756382942, 0.10977853834629059, 0.5478041172027588, 0.028347952291369438, 0.2782604694366455, 0.03322676569223404, 0.024255435913801193, 0.12180615216493607, 0.5141031742095947, 0.023673823103308678, 0.3274337947368622, 0.052478499710559845, 0.03147070109844208, 0.1784648448228836, 0.38647839426994324, 0.030214503407478333, 0.040511924773454666, 0.21489658951759338, 0.04673954099416733, 0.5989729166030884, 0.06866444647312164, 0.01255875825881958, 0.01389546599239111, 0.015816155821084976, 0.014564385637640953, 0.9083009362220764, 0.034864336252212524, 0.027955567464232445, 0.05009285733103752, 0.05607813224196434, 0.03501691669225693, 0.7271392345428467, 0.10371726751327515, 0.033286433666944504, 0.03162272274494171, 0.021367233246564865, 