{"metrics": {"ACC": 39.63963963963964, "F1": 25.306222308254828}, "predictions": [1, 4, 1, 5, 5, 1, 4, 4, 4, 4, 4, 4, 5, 0, 4, 4, 4, 1, 1, 4, 5, 5, 5, 1, 1, 4, 4, 4, 4, 4, 4, 1, 4, 5, 4, 4, 4, 0, 4, 5, 4, 4, 4, 4, 4, 4, 4, 2, 5, 5, 1, 4, 4, 4, 4, 4, 4, 4, 4, 1, 1, 4, 4, 4, 4, 4, 5, 4, 4, 4, 4, 4, 1, 5, 4, 4, 5, 5, 5, 4, 4, 4, 4, 5, 4, 4, 4, 5, 1, 1, 1, 2, 2, 4, 5, 1, 4, 4, 5, 5, 4, 4, 4, 4, 4, 5, 4, 4, 4, 4, 2], "uids": ["0", "1", "2", "3", "4", "5", "6", "7", "8", "9", "10", "11", "12", "13", "14", "15", "16", "17", "18", "19", "20", "21", "22", "23", "24", "25", "26", "27", "28", "29", "30", "31", "32", "33", "34", "35", "36", "37", "38", "39", "40", "41", "42", "43", "44", "45", "46", "47", "48", "49", "50", "51", "52", "53", "54", "55", "56", "57", "58", "59", "60", "61", "62", "63", "64", "65", "66", "67", "68", "69", "70", "71", "72", "73", "74", "75", "76", "77", "78", "79", "80", "81", "82", "83", "84", "85", "86", "87", "88", "89", "90", "91", "92", "93", "94", "95", "96", "97", "98", "99", "100", "101", "102", "103", "104", "105", "106", "107", "108", "109", "110"], "scores": [0.19603532552719116, 0.33176133036613464, 0.0616367869079113, 0.046055834740400314, 0.11803226172924042, 0.24647852778434753, 0.13010939955711365, 0.15073087811470032, 0.025356145575642586, 0.04057217389345169, 0.5453281402587891, 0.10790330171585083, 0.10622169822454453, 0.48134085536003113, 0.012233260087668896, 0.03244385868310928, 0.13656093180179596, 0.23119935393333435, 0.08879699558019638, 0.3217465877532959, 0.011166807264089584, 0.0281563401222229, 0.17845842242240906, 0.3716748058795929, 0.06010541319847107, 0.24831826984882355, 0.008677491918206215, 0.01719340868294239, 0.15826904773712158, 0.5074363946914673, 0.12337616831064224, 0.40555834770202637, 0.01600753329694271, 0.0340857096016407, 0.04811658710241318, 0.37285563349723816, 0.023231059312820435, 0.0508207231760025, 0.05968789756298065, 0.010774974711239338, 0.7464202642440796, 0.10906512290239334, 0.03954514488577843, 0.04365236312150955, 0.010419596917927265, 0.011104409582912922, 0.8726289868354797, 0.022649431601166725, 0.06462831795215607, 0.31957492232322693, 0.051427531987428665, 0.02468731254339218, 0.3207520544528961, 0.21892984211444855, 0.07058223336935043, 0.06941890716552734, 0.050310272723436356, 0.06140810251235962, 0.5831408500671387, 0.16513966023921967, 0.056567106395959854, 0.06020062044262886, 0.026554049924016, 0.04325708746910095, 0.7200698852539062, 0.09335129708051682, 0.018646376207470894, 0.10895068943500519, 0.046386849135160446, 0.02764205075800419, 0.7074418663978577, 0.09093219041824341, 0.05948133021593094, 0.16469056904315948, 0.007587106432765722, 0.01849616877734661, 0.24359779059886932, 0.506147027015686, 0.5186850428581238, 0.18611320853233337, 0.01715092547237873, 0.05576647073030472, 0.13182350993156433, 0.0904608890414238, 0.0649716705083847, 0.19426339864730835, 0.01653696969151497, 0.023527445271611214, 0.6013514995574951, 0.0993489995598793, 0.049413684755563736, 0.109115369617939, 0.01195257157087326, 0.020434986799955368, 0.5981109738349915, 0.2109723836183548, 0.2722926437854767, 0.0892227366566658, 0.009058823809027672, 0.030901987105607986, 0.5468533635139465, 0.05167045816779137, 0.07996349781751633, 0.7192183136940002, 0.05376288294792175, 0.03860291466116905, 0.03222186118364334, 0.0762304961681366, 0.09482307732105255, 0.5474974513053894, 0.046327605843544006, 0.050600312650203705, 0.14868669211864471, 0.11206486821174622, 0.02166418358683586, 0.039522312581539154, 0.008560262620449066, 0.007953844964504242, 0.8919169306755066, 0.03038247860968113, 0.09181933104991913, 0.3998711407184601, 0.02759593166410923, 0.0461636558175087, 0.024693544954061508, 0.4098564684391022, 0.10206456482410431, 0.33008328080177307, 0.0198535043746233, 0.041828423738479614, 0.033152349293231964, 0.4730178415775299, 0.06229545921087265, 0.3509669601917267, 0.03627939149737358, 0.04717714712023735, 0.026070907711982727, 0.477210134267807, 0.06257250159978867, 0.49412769079208374, 0.014004047960042953, 0.0314132496714592, 0.03443480283021927, 0.36344781517982483, 0.08444896340370178, 0.46329355239868164, 0.05160906910896301, 0.05693724378943443, 0.13003219664096832, 0.2136790156364441, 0.06711094826459885, 0.07230303436517715, 0.1095094084739685, 0.047147151082754135, 0.5411621928215027, 0.16276726126670837, 0.03217286616563797, 0.01847800798714161, 0.024082990363240242, 0.014948085881769657, 0.8367667198181152, 0.07355131953954697, 0.02857520431280136, 0.10207273066043854, 0.019923990592360497, 0.028818830847740173, 0.6273420453071594, 0.19326716661453247, 0.0328967422246933, 0.024011649191379547, 0.005901138763874769, 0.013008630834519863, 0.8765432238578796, 0.04763855040073395, 0.017354806885123253, 0.06047232449054718, 0.12014468014240265, 0.028111832216382027, 0.6442939639091492, 0.12962238490581512, 0.0324106328189373, 0.10958141833543777, 0.044355358928442, 0.034269046038389206, 0.5293196439743042, 0.2500639259815216, 0.1874995082616806, 0.3270072937011719, 0.11328461021184921, 0.13344761729240417, 0.06691266596317291, 0.1718483567237854, 0.021149685606360435, 0.14529745280742645, 0.17188423871994019, 0.035499557852745056, 0.4521966576576233, 0.17397242784500122, 0.0841231644153595, 0.2741706371307373, 0.05125683918595314, 0.07384699583053589, 0.177038311958313, 0.3395640254020691, 0.061188146471977234, 0.1334914118051529, 0.009564204141497612, 0.013691523112356663, 0.657247006893158, 0.12481776624917984, 0.2749533951282501, 0.14093615114688873, 0.02962067723274231, 0.044933054596185684, 0.46076643466949463, 0.048790279775857925, 0.18229103088378906, 0.0990484282374382, 0.03455165773630142, 0.053283531218767166, 0.5649698376655579, 0.06585542112588882, 0.39289432764053345, 0.18676602840423584, 0.01755847968161106, 0.0572509802877903, 0.232803612947464, 0.11272650212049484, 0.0360521636903286, 0.07189680635929108, 0.02867046743631363, 0.03751419484615326, 0.6618672609329224, 0.16399909555912018, 0.05103471502661705, 0.17990635335445404, 0.030046550557017326, 0.031888630241155624, 0.20695452392101288, 0.5001692175865173, 0.2513924241065979, 0.0682046040892601, 0.00784849002957344, 0.03684311732649803, 0.5296587347984314, 0.10605267435312271, 0.033516429364681244, 0.10234963893890381, 0.07872601598501205, 0.028757810592651367, 0.4854434132575989, 0.27120664715766907, 0.03655603528022766, 0.11638963967561722, 0.036375172436237335, 0.019962938502430916, 0.5071027278900146, 0.28361350297927856, 0.042919714003801346, 0.1686539351940155, 0.007283185608685017, 0.016154486685991287, 0.5393401980400085, 0.22564852237701416, 0.057798903435468674, 0.060746002942323685, 0.022275956347584724, 0.020638659596443176, 0.7159033417701721, 0.12263720482587814, 0.015652427449822426, 0.010358900763094425, 0.0036150598898530006, 0.007160856854170561, 0.9350878000259399, 0.02812492474913597, 0.043390944600105286, 0.0700465515255928, 0.03883625566959381, 0.02136249840259552, 0.7524592280387878, 0.07390454411506653, 0.08807192742824554, 0.11102880537509918, 0.65153968334198, 0.062064677476882935, 0.04482434317469597, 0.04247061163187027, 0.08517318218946457, 0.19830597937107086, 0.0368683896958828, 0.0549912229180336, 0.12300822883844376, 0.5016530156135559, 0.0342070646584034, 0.3487834632396698, 0.03631231561303139, 0.025770949199795723, 0.09739519655704498, 0.4575309753417969, 0.029725436121225357, 0.3937635123729706, 0.04220863804221153, 0.028353847563266754, 0.1255948394536972, 0.380353718996048, 0.03497278317809105, 0.06084991991519928, 0.26850903034210205, 0.04993538185954094, 0.49535539746284485, 0.09037752449512482, 0.015500936657190323, 0.022351562976837158, 0.021708883345127106, 0.017874494194984436, 0.8717132210731506, 0.050850968807935715, 0.03137229382991791, 0.07176478952169418, 0.062153130769729614, 0.035911839455366135, 0.6702666282653809, 0.1285312920808792, 0.03731662407517433, 0.047837384045124054, 0.027840398252010345, 0.00947224535048008, 0.7947735786437988, 