{"metrics": {"ACC": 39.63963963963964, "F1": 17.370669188197922}, "predictions": [4, 4, 4, 4, 4, 4, 4, 4, 4, 4, 4, 4, 4, 4, 4, 4, 4, 4, 4, 4, 5, 5, 5, 1, 1, 4, 4, 4, 4, 4, 4, 4, 4, 4, 4, 4, 4, 4, 4, 4, 4, 4, 4, 4, 4, 4, 4, 4, 4, 4, 4, 4, 4, 4, 4, 4, 4, 4, 4, 4, 4, 4, 4, 4, 4, 4, 4, 4, 4, 4, 4, 4, 4, 4, 4, 4, 4, 1, 5, 4, 4, 4, 4, 4, 4, 4, 4, 1, 1, 4, 1, 1, 2, 4, 5, 4, 4, 4, 5, 5, 4, 4, 4, 4, 4, 5, 4, 4, 4, 4, 4], "uids": ["0", "1", "2", "3", "4", "5", "6", "7", "8", "9", "10", "11", "12", "13", "14", "15", "16", "17", "18", "19", "20", "21", "22", "23", "24", "25", "26", "27", "28", "29", "30", "31", "32", "33", "34", "35", "36", "37", "38", "39", "40", "41", "42", "43", "44", "45", "46", "47", "48", "49", "50", "51", "52", "53", "54", "55", "56", "57", "58", "59", "60", "61", "62", "63", "64", "65", "66", "67", "68", "69", "70", "71", "72", "73", "74", "75", "76", "77", "78", "79", "80", "81", "82", "83", "84", "85", "86", "87", "88", "89", "90", "91", "92", "93", "94", "95", "96", "97", "98", "99", "100", "101", "102", "103", "104", "105", "106", "107", "108", "109", "110"], "scores": [0.14961299300193787, 0.22647951543331146, 0.050291791558265686, 0.045824673026800156, 0.3287932872772217, 0.19899773597717285, 0.09560546278953552, 0.1482311338186264, 0.0450948067009449, 0.03150221332907677, 0.5485468506813049, 0.13101953268051147, 0.10666684806346893, 0.24612174928188324, 0.03986804559826851, 0.036936111748218536, 0.3753221035003662, 0.19508513808250427, 0.12103123962879181, 0.265441358089447, 0.03529505804181099, 0.04167107120156288, 0.3036676347255707, 0.2328936755657196, 0.1364029049873352, 0.24762922525405884, 0.03218337893486023, 0.03377753123641014, 0.2832213044166565, 0.2667856216430664, 0.1607527732849121, 0.2662466764450073, 0.0328901931643486, 0.03393974155187607, 0.2692224383354187, 0.2369481325149536, 0.08451083302497864, 0.17120607197284698, 0.13139894604682922, 0.038291145116090775, 0.43229082226753235, 0.14230214059352875, 0.0980767086148262, 0.16040322184562683, 0.03491136059165001, 0.03127747401595116, 0.5811892747879028, 0.09414197504520416, 0.06606380641460419, 0.20285376906394958, 0.08589320629835129, 0.03178824111819267, 0.479540079832077, 0.13386091589927673, 0.0927700400352478, 0.1498025506734848, 0.08407992124557495, 0.03470926359295845, 0.5062386989593506, 0.1323995590209961, 0.09295409917831421, 0.1562809944152832, 0.06864306330680847, 0.034395597875118256, 0.5378932952880859, 0.10983294248580933, 0.04296401888132095, 0.1883109211921692, 0.16629280149936676, 0.03642294928431511, 0.45449405908584595, 0.11151522397994995, 0.08663567900657654, 0.1805955320596695, 0.018164120614528656, 0.025712251663208008, 0.48038896918296814, 0.2085033804178238, 0.2782747745513916, 0.19747591018676758, 0.031716544181108475, 0.048256803303956985, 0.28974995017051697, 0.154526025056839, 0.09043751657009125, 0.17592599987983704, 0.04057440161705017, 0.023392971605062485, 0.5388013124465942, 0.13086779415607452, 0.09564334899187088, 0.1890312135219574, 0.03103029727935791, 0.03294563665986061, 0.4607282280921936, 0.1906212717294693, 0.210836723446846, 0.18667300045490265, 0.03657498583197594, 0.037837591022253036, 0.4193437099456787, 0.10873399674892426, 0.10456804186105728, 0.3129311203956604, 0.05745000019669533, 0.03677285462617874, 0.32227498292922974, 0.16600298881530762, 0.11999921500682831, 0.22564876079559326, 0.04576028883457184, 0.041141707450151443, 0.42249590158462524, 0.1449541300535202, 0.057446517050266266, 0.22347669303417206, 0.06696875393390656, 0.03199826553463936, 0.496381551027298, 0.1237281933426857, 0.13485538959503174, 0.31126779317855835, 0.05669715255498886, 0.0686134621500969, 0.1097782552242279, 0.31878790259361267, 0.13463127613067627, 0.286447674036026, 0.05142569914460182, 0.06899948418140411, 0.1043396070599556, 0.3541562259197235, 0.10882559418678284, 0.3168692886829376, 0.05995775759220123, 0.06326625496149063, 0.10213514417409897, 0.3489460349082947, 0.09394004195928574, 0.3436291217803955, 0.03845607116818428, 0.03853820264339447, 0.269430547952652, 0.2160060554742813, 0.09628372639417648, 0.34328797459602356, 0.07493019104003906, 0.03840222582221031, 0.30048611760139465, 0.14660978317260742, 0.08454401791095734, 0.14796851575374603, 0.12711724638938904, 0.03422309830784798, 0.4521358609199524, 0.15401118993759155, 0.09904038906097412, 0.1173776239156723, 0.07896985113620758, 0.032318130135536194, 0.5313553214073181, 0.14093869924545288, 0.06317535042762756, 0.1440475434064865, 0.0668025016784668, 0.024726053699851036, 0.5296357274055481, 0.17161278426647186, 0.09641049057245255, 0.12471547722816467, 0.03008810430765152, 0.032327115535736084, 0.5906083583831787, 0.12585048377513885, 0.05882301554083824, 0.17986752092838287, 0.1779286414384842, 0.04639917239546776, 0.36283427476882935, 0.1741473525762558, 0.07353397458791733, 0.18128205835819244, 0.1391219198703766, 0.04780829697847366, 0.4175044894218445, 0.1407492756843567, 0.15179948508739471, 0.2659907639026642, 0.05831548571586609, 0.06505879759788513, 0.2846270799636841, 0.17420831322669983, 0.05413633957505226, 0.214542418718338, 0.08735237270593643, 0.025913292542099953, 0.45923560857772827, 0.1588199883699417, 0.07459775358438492, 0.18729418516159058, 0.059601977467536926, 0.029398098587989807, 0.49206429719924927, 0.1570437252521515, 0.10009286552667618, 0.1741093248128891, 0.04761091247200966, 0.02796710468828678, 0.5065644979476929, 0.14365527033805847, 0.18662357330322266, 0.16518135368824005, 0.03858926519751549, 0.039426639676094055, 0.4682154655456543, 0.10196372866630554, 0.11578193306922913, 0.14379294216632843, 0.06076576188206673, 0.035206034779548645, 0.5283455848693848, 0.1161077693104744, 0.16186587512493134, 0.17916832864284515, 0.04307457432150841, 0.03753744810819626, 0.44116881489753723, 0.1371849626302719, 0.09816507250070572, 0.18505848944187164, 0.04917711392045021, 0.03821992501616478, 0.5011270046234131, 0.12825241684913635, 0.09729695320129395, 0.2121603786945343, 0.05576625466346741, 0.03390039503574371, 0.3911946713924408, 0.20968137681484222, 0.2373359054327011, 0.15738804638385773, 0.030824949964880943, 0.04221715033054352, 0.3943272531032562, 0.13790668547153473, 0.09559100866317749, 0.18942654132843018, 0.07707367837429047, 0.032179489731788635, 0.45971181988716125, 0.14601744711399078, 0.08509042114019394, 0.17972853779792786, 0.06219949573278427, 0.028533799573779106, 0.47187182307243347, 0.17257586121559143, 0.0807885155081749, 0.3076149821281433, 0.03310373052954674, 0.03678223490715027, 0.3633846342563629, 0.17832589149475098, 0.08566354960203171, 0.22424843907356262, 0.062026266008615494, 0.040948014706373215, 0.37819400429725647, 0.20891959965229034, 0.07695110142230988, 0.16799603402614594, 0.03283638134598732, 0.035961367189884186, 0.5275558829307556, 0.15869925916194916, 0.07357686012983322, 0.20960916578769684, 0.07883862406015396, 0.034343600273132324, 0.44862502813339233, 0.15500670671463013, 0.1152174323797226, 0.17382660508155823, 0.2368236482143402, 0.05062942951917648, 0.27734631299972534, 0.14615650475025177, 0.11158077418804169, 0.23277315497398376, 0.07738691568374634, 0.04084187373518944, 0.341433584690094, 0.19598369300365448, 0.09056104719638824, 0.2772012948989868, 0.06939046829938889, 0.03588441386818886, 0.32010993361473083, 0.20685289800167084, 0.08651594072580338, 0.2703225016593933, 0.05238012224435806, 0.03363987058401108, 0.3005215525627136, 0.25662004947662354, 0.0684565007686615, 0.1686786413192749, 0.16474170982837677, 0.03232265263795853, 0.4355648458003998, 0.13023562729358673, 0.07297144085168839, 0.1347602754831314, 0.05516033619642258, 0.0269010066986084, 0.5840215682983398, 0.126185342669487, 0.07807545363903046, 0.15528087317943573, 0.08724482357501984, 0.03180196136236191, 0.5219247937202454, 0.12567207217216492, 0.06757709383964539, 0.14748764038085938, 0.08977510780096054, 0.02533748932182789, 0.511425793170929, 0.1583968549966812, 0.0713782086968422, 0.16083776950836182, 