{"metrics": {"ACC": 38.73873873873874, "F1": 20.600703060380486}, "predictions": [4, 4, 4, 4, 5, 1, 4, 4, 4, 4, 4, 4, 4, 0, 4, 4, 4, 1, 4, 4, 1, 5, 5, 1, 1, 4, 4, 4, 4, 4, 4, 4, 4, 4, 4, 4, 4, 4, 4, 4, 4, 4, 4, 4, 4, 4, 4, 2, 4, 4, 4, 4, 4, 4, 4, 4, 4, 4, 4, 4, 4, 4, 4, 4, 4, 4, 4, 4, 4, 4, 4, 4, 4, 4, 4, 4, 4, 5, 5, 4, 4, 4, 4, 4, 4, 4, 4, 5, 4, 4, 1, 2, 2, 4, 5, 4, 4, 4, 5, 5, 4, 4, 4, 4, 4, 5, 4, 4, 4, 4, 2], "uids": ["0", "1", "2", "3", "4", "5", "6", "7", "8", "9", "10", "11", "12", "13", "14", "15", "16", "17", "18", "19", "20", "21", "22", "23", "24", "25", "26", "27", "28", "29", "30", "31", "32", "33", "34", "35", "36", "37", "38", "39", "40", "41", "42", "43", "44", "45", "46", "47", "48", "49", "50", "51", "52", "53", "54", "55", "56", "57", "58", "59", "60", "61", "62", "63", "64", "65", "66", "67", "68", "69", "70", "71", "72", "73", "74", "75", "76", "77", "78", "79", "80", "81", "82", "83", "84", "85", "86", "87", "88", "89", "90", "91", "92", "93", "94", "95", "96", "97", "98", "99", "100", "101", "102", "103", "104", "105", "106", "107", "108", "109", "110"], "scores": [0.14044147729873657, 0.24996882677078247, 0.053112614899873734, 0.03637877106666565, 0.32296666502952576, 0.1971316784620285, 0.07069025933742523, 0.12687385082244873, 0.04260633513331413, 0.026731176301836967, 0.6116123199462891, 0.12148609757423401, 0.08664058893918991, 0.21969851851463318, 0.024921396747231483, 0.030818801373243332, 0.44736990332603455, 0.19055086374282837, 0.07855020463466644, 0.24673646688461304, 0.025524359196424484, 0.028935212641954422, 0.3549996316432953, 0.26525411009788513, 0.091071218252182, 0.2667880356311798, 0.019870547577738762, 0.02497013658285141, 0.28039148449897766, 0.3169085383415222, 0.11161529272794724, 0.29778367280960083, 0.026040559634566307, 0.025814035907387733, 0.2972736656665802, 0.24147279560565948, 0.048824869096279144, 0.11404626071453094, 0.12284012138843536, 0.027058174833655357, 0.5538603067398071, 0.13337014615535736, 0.06145738065242767, 0.103345587849617, 0.02515428699553013, 0.01971556432545185, 0.7225767374038696, 0.06775045394897461, 0.044743020087480545, 0.16683024168014526, 0.07194976508617401, 0.0234514307230711, 0.5506477355957031, 0.14237776398658752, 0.06641305238008499, 0.1267944723367691, 0.08475437760353088, 0.034994978457689285, 0.5393586754798889, 0.14768442511558533, 0.058390021324157715, 0.12243425846099854, 0.054182060062885284, 0.03209644928574562, 0.6103255748748779, 0.12257158011198044, 0.02880629524588585, 0.13590818643569946, 0.06044348329305649, 0.02781403250992298, 0.6306597590446472, 0.11636823415756226, 0.03531951829791069, 0.10002296417951584, 0.01593816839158535, 0.01684003695845604, 0.6846207976341248, 0.14725854992866516, 0.31196001172065735, 0.17214345932006836, 0.027353068813681602, 0.049866050481796265, 0.300563246011734, 0.13811413943767548, 0.06820397078990936, 0.14047765731811523, 0.02849612943828106, 0.017359789460897446, 0.6262357831001282, 0.11922671645879745, 0.055535439401865005, 0.15541942417621613, 0.022059569135308266, 0.021004438400268555, 0.550960898399353, 0.19502021372318268, 0.19631721079349518, 0.1389649510383606, 0.022711392492055893, 0.03392432630062103, 0.5207845568656921, 0.08729763329029083, 0.08759980648756027, 0.38308289647102356, 0.057818181812763214, 0.03497077897191048, 0.28639620542526245, 0.15013225376605988, 0.10824393481016159, 0.28611841797828674, 0.043957024812698364, 0.03950750455260277, 0.3803652226924896, 0.1418078988790512, 0.042036473751068115, 0.18261583149433136, 0.06809668242931366, 0.029517123475670815, 0.5478439927101135, 0.12988989055156708, 0.0949634239077568, 0.3567661941051483, 0.057395003736019135, 0.06289700418710709, 0.08018230646848679, 0.3477960526943207, 0.09869988262653351, 0.31800541281700134, 0.046966277062892914, 0.06506511569023132, 0.08151005953550339, 0.38975319266319275, 0.07023017853498459, 0.34425637125968933, 0.0630485787987709, 0.06640392541885376, 0.07905877381563187, 0.37700214982032776, 0.0714716836810112, 0.34304240345954895, 0.02331332117319107, 0.033320676535367966, 0.24770323932170868, 0.28114864230155945, 0.0789090096950531, 0.35353001952171326, 0.07284163683652878, 0.03884388133883476, 0.28239473700523376, 0.17348062992095947, 0.06830289959907532, 0.13043202459812164, 0.134935662150383, 0.03615093231201172, 0.45743528008461, 0.1727432757616043, 0.06219615414738655, 0.0757768452167511, 0.06190483272075653, 0.022488795220851898, 0.6447753310203552, 0.132858008146286, 0.03476584702730179, 0.12097588181495667, 0.04415545612573624, 0.021669279783964157, 0.615375816822052, 0.16305771470069885, 0.05018161982297897, 0.07634017616510391, 0.021647347137331963, 0.019510215148329735, 0.7267637848854065, 0.1055569052696228, 0.032676778733730316, 0.13120250403881073, 0.09531733393669128, 0.03539464622735977, 0.5362544655799866, 0.1691543161869049, 0.04041531682014465, 0.1580827683210373, 0.08679673820734024, 0.038643091917037964, 0.49258434772491455, 0.18347766995429993, 0.13968674838542938, 0.24502681195735931, 0.06775862723588943, 0.05989129841327667, 0.31366100907325745, 0.17397551238536835, 0.03214893862605095, 0.14507140219211578, 0.09504084289073944, 0.01928095333278179, 0.575510561466217, 0.13294731080532074, 0.03927984833717346, 0.1450883001089096, 0.0488579124212265, 0.023114079609513283, 0.5876310467720032, 0.15602879226207733, 0.06398320943117142, 0.11327032744884491, 0.025696808472275734, 0.020165683701634407, 0.672492504119873, 0.10439150780439377, 0.14421366155147552, 0.12349880486726761, 0.031046096235513687, 0.03211667761206627, 0.59276282787323, 0.07636193931102753, 0.12598362565040588, 0.11746014654636383, 0.04728880897164345, 0.03633207082748413, 0.5627124905586243, 0.11022283136844635, 0.18253466486930847, 0.15670394897460938, 0.03134028986096382, 0.034180618822574615, 0.46004441380500793, 0.13519613444805145, 0.06246500089764595, 0.13002339005470276, 0.05094467103481293, 0.03279419615864754, 0.5900651216506958, 0.13370764255523682, 0.06242424622178078, 0.20090153813362122, 0.04880163073539734, 0.03096993826329708, 0.39675816893577576, 0.26014450192451477, 0.22871170938014984, 0.1264277696609497, 0.021192489191889763, 0.038949716836214066, 0.4467829763889313, 0.13793540000915527, 0.05111800879240036, 0.1313340812921524, 0.07592634856700897, 0.02522074244916439, 0.5634661912918091, 0.15293458104133606, 0.058720093220472336, 0.13034799695014954, 0.04761436581611633, 0.019598131999373436, 0.5737229585647583, 0.1699964851140976, 0.04726532846689224, 0.2688944637775421, 0.028095316141843796, 0.02566009759902954, 0.418922483921051, 0.2111622393131256, 0.0602954626083374, 0.1803198903799057, 0.05669267103075981, 0.03398704528808594, 0.4710630476474762, 0.19764184951782227, 0.05421970784664154, 0.1232767179608345, 0.02450498752295971, 0.030254239216446877, 0.6351317763328552, 0.13261257112026215, 0.05577632039785385, 0.15581589937210083, 0.11545541137456894, 0.033219508826732635, 0.504265546798706, 0.13546723127365112, 0.1008884534239769, 0.13735204935073853, 0.38357964158058167, 0.05230676010251045, 0.20893323421478271, 0.11693985760211945, 0.07876262813806534, 0.18994249403476715, 0.08471345156431198, 0.06045439839363098, 0.34048837423324585, 0.2456386685371399, 0.049148716032505035, 0.30096250772476196, 0.06525985151529312, 0.030569128692150116, 0.3040305972099304, 0.25002920627593994, 0.039043672382831573, 0.2616693675518036, 0.044832345098257065, 0.019184110686182976, 0.4126485586166382, 0.22262193262577057, 0.04770263284444809, 0.11674525588750839, 0.18123865127563477, 0.032680194824934006, 0.5128980875015259, 0.10873522609472275, 0.043896742165088654, 0.08609579503536224, 0.05320323258638382, 0.029812270775437355, 0.6711815595626831, 0.11581046134233475, 0.05885947495698929, 0.1227402463555336, 0.08670220524072647, 0.0378483310341835, 0.562186062335968, 0.13166362047195435, 0.05203140899538994, 0.10356734693050385, 0.06839825958013535, 0.017286021262407303, 0.6282477378845215, 0.1304692178964615, 