{"metrics": {"ACC": 50.349650349650354, "F1": 36.84945534042794}, "predictions": [2, 1, 0, 1, 1, 1, 1, 1, 1, 1, 2, 0, 1, 1, 2, 2, 2, 1, 1, 0, 1, 1, 1, 2, 2, 1, 1, 1, 2, 0, 0, 1, 2, 2, 2, 1, 1, 2, 1, 2, 2, 0, 1, 2, 1, 2, 2, 1, 0, 1, 1, 1, 1, 0, 1, 1, 1, 1, 2, 0, 0, 1, 1, 1, 1, 1, 2, 2, 2, 2, 0, 0, 0, 0, 2, 2, 0, 2, 2, 1, 1, 1, 1, 1, 1, 2, 2, 2, 2, 2, 2, 1, 1, 1, 2, 0, 0, 2, 2, 2, 2, 0, 1, 2, 0, 1, 1, 1, 1, 1, 0, 1, 1, 1, 1, 1, 0, 2, 1, 2, 1, 1, 1, 2, 2, 1, 2, 1, 0, 1, 1, 1, 1, 2, 2, 0, 2, 2, 1, 1, 0, 0, 1], "uids": ["0", "1", "2", "3", "4", "5", "6", "7", "8", "9", "10", "11", "12", "13", "14", "15", "16", "17", "18", "19", "20", "21", "22", "23", "24", "25", "26", "27", "28", "29", "30", "31", "32", "33", "34", "35", "36", "37", "38", "39", "40", "41", "42", "43", "44", "45", "46", "47", "48", "49", "50", "51", "52", "53", "54", "55", "56", "57", "58", "59", "60", "61", "62", "63", "64", "65", "66", "67", "68", "69", "70", "71", "72", "73", "74", "75", "76", "77", "78", "79", "80", "81", "82", "83", "84", "85", "86", "87", "88", "89", "90", "91", "92", "93", "94", "95", "96", "97", "98", "99", "100", "101", "102", "103", "104", "105", "106", "107", "108", "109", "110", "111", "112", "113", "114", "115", "116", "117", "118", "119", "120", "121", "122", "123", "124", "125", "126", "127", "128", "129", "130", "131", "132", "133", "134", "135", "136", "137", "138", "139", "140", "141", "142"], "scores": [0.29483720660209656, 0.3323594927787781, 0.34915417432785034, 0.023649094626307487, 0.2646372616291046, 0.4785248637199402, 0.23213227093219757, 0.0247055497020483, 0.37644025683403015, 0.35986319184303284, 0.23485895991325378, 0.028837623074650764, 0.3213008642196655, 0.43983232975006104, 0.21541818976402283, 0.023448606953024864, 0.30774354934692383, 0.359945684671402, 0.3069477379322052, 0.025362996384501457, 0.29428231716156006, 0.35277900099754333, 0.3281926214694977, 0.024746078997850418, 0.2989208698272705, 0.4517468214035034, 0.22323808073997498, 0.026094140484929085, 0.29727473855018616, 0.4595519006252289, 0.2216014713048935, 0.021571850404143333, 0.27241820096969604, 0.45590606331825256, 0.23962000012397766, 0.0320558026432991, 0.3320097029209137, 0.34393739700317383, 0.2897859811782837, 0.034266840666532516, 0.30559054017066956, 0.32205477356910706, 0.3371751606464386, 0.03517948463559151, 0.37847763299942017, 0.32977747917175293, 0.2651359736919403, 0.026608917862176895, 0.3567031919956207, 0.35911184549331665, 0.2566719949245453, 0.027512982487678528, 0.363337904214859, 0.379909873008728, 0.2290191352367401, 0.027733169496059418, 0.29750820994377136, 0.31515613198280334, 0.3473571836948395, 0.03997848555445671, 0.2794486880302429, 0.25538986921310425, 0.4101021885871887, 0.055059272795915604, 0.2826925814151764, 0.2509443759918213, 0.41117382049560547, 0.05518926680088043, 0.3120254874229431, 0.4490657150745392, 0.20737066864967346, 0.031538113951683044, 0.34635284543037415, 0.3773065507411957, 0.2520512342453003, 0.024289416149258614, 0.5980346202850342, 0.1919051557779312, 0.18045592308044434, 0.02960425801575184, 0.2791171669960022, 0.48279234766960144, 0.2149568349123001, 0.02313361130654812, 0.2502674460411072, 0.5929328799247742, 0.1381959170103073, 0.0186037328094244, 0.39182862639427185, 0.39625510573387146, 0.1896435022354126, 0.02227276936173439, 0.27453723549842834, 0.3098503053188324, 0.3901974558830261, 0.02541501820087433, 0.28092706203460693, 0.3019443154335022, 0.3932892382144928, 0.023839347064495087, 0.2671456038951874, 0.40902581810951233, 0.30094122886657715, 0.022887397557497025, 0.260791540145874, 0.4629674553871155, 0.25623974204063416, 0.020001264289021492, 0.2638106346130371, 0.529717743396759, 0.1840258240699768, 0.02244577184319496, 0.3281138837337494, 0.2860131859779358, 0.3580656051635742, 0.027807362377643585, 0.33748188614845276, 0.3064829707145691, 0.33025839924812317, 0.025776751339435577, 0.39732611179351807, 0.2956540882587433, 0.26290130615234375, 0.04411847144365311, 0.3251935839653015, 0.46857157349586487, 0.18581916391849518, 0.020415669307112694, 0.25851303339004517, 0.26270154118537903, 0.43262284994125366, 0.046162575483322144, 0.25680026412010193, 0.2492515742778778, 0.444623202085495, 0.04932500049471855, 0.2460954785346985, 0.25061702728271484, 0.45170748233795166, 0.0515800304710865, 0.3013363182544708, 0.4138089716434479, 0.25881847739219666, 0.026036230847239494, 0.279019296169281, 0.5064284801483154, 0.19382065534591675, 0.020731573924422264, 0.30086860060691833, 0.22596003115177155, 0.4441569149494171, 0.029014434665441513, 0.31362754106521606, 0.3517894148826599, 0.3048429787158966, 0.029740076512098312, 0.31074902415275574, 0.3164755702018738, 0.3415799140930176, 0.031195422634482384, 0.3040001392364502, 0.3250153660774231, 0.34394365549087524, 0.027040796354413033, 0.3674282431602478, 0.32144758105278015, 0.2798323333263397, 0.03129184991121292, 0.3640376329421997, 0.3728361129760742, 0.2369341254234314, 0.026192085817456245, 0.3297830820083618, 0.296047180891037, 0.3467058837413788, 0.027463803067803383, 0.31184518337249756, 0.343845933675766, 0.31940966844558716, 0.024899205192923546, 0.2963870167732239, 0.33684030175209045, 0.34196874499320984, 0.024803927168250084, 0.29739537835121155, 0.33174026012420654, 0.3460336923599243, 0.02483072690665722, 0.37574857473373413, 0.38895460963249207, 0.21349959075450897, 0.02179722674190998, 0.37555262446403503, 0.34015730023384094, 0.2612704634666443, 0.023019613698124886, 0.30534765124320984, 0.39505696296691895, 0.27559801936149597, 0.023997340351343155, 0.3224072754383087, 0.3732541799545288, 0.28007209300994873, 0.024266406893730164, 0.33522847294807434, 0.5009997487068176, 0.14377987384796143, 0.019991887733340263, 0.3078594207763672, 0.49183228611946106, 0.18138740956783295, 0.01892087049782276, 0.37062910199165344, 0.3401399552822113, 0.2626182436943054, 0.02661268599331379, 0.28494375944137573, 0.3689403533935547, 0.31888338923454285, 0.027232469990849495, 0.28513258695602417, 0.4154602587223053, 0.2768726944923401, 0.02253447286784649, 0.32199451327323914, 0.35460272431373596, 0.29310181736946106, 0.03030106984078884, 0.31010931730270386, 0.5113942623138428, 0.15693357586860657, 0.021562853828072548, 0.35217446088790894, 0.20028400421142578, 0.4134807288646698, 0.03406079113483429, 0.4054528474807739, 0.16924946010112762, 0.38937848806381226, 0.03591923043131828, 0.4022694528102875, 0.17711853981018066, 0.38525688648223877, 0.035355083644390106, 0.32146695256233215, 0.41196227073669434, 0.23228472471237183, 0.034286096692085266, 0.3254829943180084, 0.44181108474731445, 0.20467814803123474, 0.028027769178152084, 0.2550255060195923, 0.396328330039978, 0.30831584334373474, 0.040330324321985245, 0.2706715166568756, 0.39218008518218994, 0.3044547438621521, 0.03269369900226593, 0.2355680912733078, 0.3929949998855591, 0.33174943923950195, 0.03968745097517967, 0.31622347235679626, 0.2984452545642853, 0.3597078323364258, 0.025623412802815437, 0.31669318675994873, 0.30176788568496704, 0.3560914099216461, 0.02544744312763214, 0.2987065613269806, 0.30872994661331177, 0.365632563829422, 0.026931017637252808, 0.30616527795791626, 0.2785426676273346, 0.3850995898246765, 0.03019247017800808, 0.358756422996521, 0.27632981538772583, 0.31760072708129883, 0.047312989830970764, 0.36701300740242004, 0.27243155241012573, 0.3144802451133728, 0.04607520252466202, 0.39410415291786194, 0.25887244939804077, 0.3042420446872711, 0.042781323194503784, 0.3895213305950165, 0.27769970893859863, 0.2907855212688446, 0.04199342429637909, 0.3303195536136627, 0.2683141827583313, 0.36599239706993103, 0.03537386283278465, 0.330119788646698, 0.2831031382083893, 0.3521987795829773, 0.034578319638967514, 0.41241762042045593, 0.3598739504814148, 0.20311477780342102, 0.024593651294708252, 0.30203473567962646, 0.296439528465271, 0.3668551743030548, 0.03467052802443504, 0.31309035420417786, 0.28694191575050354, 0.3642053008079529, 0.035762470215559006, 0.3844992220401764, 