{"metrics": {"ACC": 53.84615384615385, "F1": 40.48907494384317}, "predictions": [1, 1, 1, 1, 1, 1, 1, 1, 1, 1, 1, 0, 1, 0, 2, 2, 2, 1, 0, 0, 1, 1, 0, 2, 2, 1, 1, 1, 2, 1, 0, 1, 2, 2, 2, 1, 1, 2, 1, 0, 1, 0, 1, 0, 1, 2, 1, 0, 0, 1, 0, 1, 1, 1, 1, 1, 1, 1, 2, 0, 0, 1, 1, 1, 1, 1, 1, 0, 1, 2, 0, 0, 0, 0, 2, 1, 0, 1, 0, 1, 1, 1, 1, 1, 1, 2, 0, 1, 2, 2, 2, 2, 1, 2, 0, 0, 0, 2, 2, 2, 2, 2, 1, 2, 1, 1, 1, 1, 1, 0, 0, 1, 1, 1, 1, 1, 2, 2, 0, 2, 1, 1, 1, 2, 2, 2, 2, 1, 0, 0, 0, 0, 1, 0, 0, 0, 2, 2, 0, 1, 1, 0, 1], "uids": ["0", "1", "2", "3", "4", "5", "6", "7", "8", "9", "10", "11", "12", "13", "14", "15", "16", "17", "18", "19", "20", "21", "22", "23", "24", "25", "26", "27", "28", "29", "30", "31", "32", "33", "34", "35", "36", "37", "38", "39", "40", "41", "42", "43", "44", "45", "46", "47", "48", "49", "50", "51", "52", "53", "54", "55", "56", "57", "58", "59", "60", "61", "62", "63", "64", "65", "66", "67", "68", "69", "70", "71", "72", "73", "74", "75", "76", "77", "78", "79", "80", "81", "82", "83", "84", "85", "86", "87", "88", "89", "90", "91", "92", "93", "94", "95", "96", "97", "98", "99", "100", "101", "102", "103", "104", "105", "106", "107", "108", "109", "110", "111", "112", "113", "114", "115", "116", "117", "118", "119", "120", "121", "122", "123", "124", "125", "126", "127", "128", "129", "130", "131", "132", "133", "134", "135", "136", "137", "138", "139", "140", "141", "142"], "scores": [0.17924894392490387, 0.6004328727722168, 0.1934857964515686, 0.026832418516278267, 0.12139612436294556, 0.78348308801651, 0.07497832179069519, 0.020142383873462677, 0.3936752676963806, 0.45289015769958496, 0.11152041703462601, 0.041914161294698715, 0.12847021222114563, 0.7652627229690552, 0.0912558063864708, 0.015011226758360863, 0.19501766562461853, 0.4081321656703949, 0.3723527789115906, 0.024497399106621742, 0.13929808139801025, 0.454892098903656, 0.3788270950317383, 0.026982814073562622, 0.1130235567688942, 0.6804705262184143, 0.17005501687526703, 0.03645088151097298, 0.12841999530792236, 0.677829921245575, 0.1730382889509201, 0.020711824297904968, 0.22359798848628998, 0.5722454786300659, 0.16865935921669006, 0.03549717739224434, 0.35336804389953613, 0.4070753753185272, 0.1968356817960739, 0.042720917612314224, 0.33749786019325256, 0.3881046772003174, 0.2308914214372635, 0.04350602254271507, 0.4005577564239502, 0.290616512298584, 0.25941088795661926, 0.0494147390127182, 0.3633829951286316, 0.38121747970581055, 0.220795676112175, 0.03460395708680153, 0.4018864929676056, 0.39275431632995605, 0.17004965245723724, 0.03530947491526604, 0.3272823095321655, 0.2692795395851135, 0.32972264289855957, 0.0737154632806778, 0.19908860325813293, 0.15272800624370575, 0.47869303822517395, 0.16949032247066498, 0.2032286822795868, 0.15426896512508392, 0.4716617465019226, 0.17084065079689026, 0.3145987391471863, 0.4723089337348938, 0.14975130558013916, 0.06334095448255539, 0.45509588718414307, 0.2401328682899475, 0.19892609119415283, 0.1058451235294342, 0.8004554510116577, 0.0749276652932167, 0.0970611721277237, 0.027555769309401512, 0.09406550973653793, 0.8025093674659729, 0.08597797900438309, 0.017447203397750854, 0.09988832473754883, 0.821788489818573, 0.06132519990205765, 0.016997965052723885, 0.5789123177528381, 0.3202522099018097, 0.07127463817596436, 0.02956080622971058, 0.14751088619232178, 0.30686894059181213, 0.5164714455604553, 0.029148709028959274, 0.1674111932516098, 0.24364827573299408, 0.5655418634414673, 0.02339872531592846, 0.11885404586791992, 0.6270262002944946, 0.23593531548976898, 0.01818445697426796, 0.07779650390148163, 0.8045839667320251, 0.10460148751735687, 0.013018016703426838, 0.1324211210012436, 0.7703623175621033, 0.07699067890644073, 0.02022586390376091, 0.2897585332393646, 0.23376309871673584, 0.44506993889808655, 0.03140845149755478, 0.27609944343566895, 0.4227992296218872, 0.2779165804386139, 0.023184701800346375, 0.5181764364242554, 0.148420050740242, 0.276630699634552, 0.05677281692624092, 0.2454201728105545, 0.6156987547874451, 0.10588482022285461, 0.032996270805597305, 0.09585651010274887, 0.13107380270957947, 0.6793267130851746, 0.09374294430017471, 0.09587519615888596, 0.1488320529460907, 0.6731348633766174, 0.0821579173207283, 0.08889104425907135, 0.1800900548696518, 0.6697817444801331, 0.06123717874288559, 0.20749104022979736, 0.5546572804450989, 0.20468240976333618, 0.033169329166412354, 0.10939902067184448, 0.7498109340667725, 0.12330790609121323, 0.017482208088040352, 0.2512272596359253, 0.2210880070924759, 0.5040937662124634, 0.02359091304242611, 0.29298722743988037, 0.3352762460708618, 0.3187107443809509, 0.053025804460048676, 0.33748653531074524, 0.3094065189361572, 0.31194499135017395, 0.041161902248859406, 0.30780085921287537, 0.37440726161003113, 0.2856411933898926, 0.032150764018297195, 0.4558255076408386, 0.3039650619029999, 0.20515809953212738, 0.035051390528678894, 0.3142058551311493, 0.5679550766944885, 0.09464758634567261, 0.023191411048173904, 0.4160260260105133, 0.21625220775604248, 0.300904244184494, 0.0668175220489502, 0.2964264154434204, 0.39860060811042786, 0.2624143362045288, 0.04255861043930054, 0.18793706595897675, 0.36790335178375244, 0.4069358706474304, 0.03722371533513069, 0.19488997757434845, 0.3895726501941681, 0.3872213661670685, 0.028315994888544083, 0.4448879659175873, 0.39312654733657837, 0.12870772182941437, 0.033277757465839386, 0.35981419682502747, 0.34836870431900024, 0.2548162341117859, 0.037000853568315506, 0.2218080312013626, 0.6257597208023071, 0.1330323964357376, 0.01939983479678631, 0.39611998200416565, 0.3930337131023407, 0.18309573829174042, 0.027750618755817413, 0.28749337792396545, 0.5918582081794739, 0.09114540368318558, 0.029502972960472107, 0.18193253874778748, 0.7267689108848572, 0.0766175165772438, 0.014681044034659863, 0.29208964109420776, 0.44303274154663086, 0.22703677415847778, 0.03784089908003807, 0.19704803824424744, 0.4874396324157715, 0.2911917567253113, 0.024320609867572784, 0.12896628677845, 0.736926794052124, 0.118769071996212, 0.015337849035859108, 0.33606189489364624, 0.3856392204761505, 0.23636916279792786, 0.041929781436920166, 0.1598784327507019, 0.73908531665802, 0.0840640738606453, 0.016972176730632782, 0.31490853428840637, 0.08986688405275345, 0.5576280951499939, 0.03759646415710449, 0.46320852637290955, 0.09644732624292374, 0.4096439480781555, 0.030700169503688812, 0.48742517828941345, 0.13029012084007263, 0.35735011100769043, 0.024934588000178337, 0.2674558758735657, 0.5640361905097961, 0.12657688558101654, 0.04193108156323433, 0.22860054671764374, 0.6092182993888855, 0.1127266138792038, 0.04945455119013786, 0.22896158695220947, 0.42706048488616943, 0.2893941402435303, 0.05458378419280052, 0.2376924604177475, 0.42939895391464233, 0.28287747502326965, 0.05003120005130768, 0.1688530445098877, 0.4042573571205139, 0.3774053752422333, 0.04948421195149422, 0.3307257890701294, 0.35656142234802246, 0.27667081356048584, 0.03604206442832947, 0.37714678049087524, 0.29798272252082825, 0.2883584797382355, 0.03651195019483566, 0.2755412757396698, 0.4326971471309662, 0.25734949111938477, 0.03441209718585014, 0.27989861369132996, 0.25672483444213867, 0.42616334557533264, 0.03721313551068306, 0.3444611132144928, 0.28762778639793396, 0.3102264702320099, 0.05768464505672455, 0.4413231611251831, 0.22895878553390503, 0.26475954055786133, 0.06495850533246994, 0.5090857148170471, 0.30213120579719543, 0.15289175510406494, 0.03589126095175743, 0.54897141456604, 0.2877175211906433, 0.12344895303249359, 0.039862100034952164, 0.28277432918548584, 0.2889191210269928, 0.37309426069259644, 0.05521228164434433, 0.35969308018684387, 0.3640202283859253, 0.22978352010250092, 0.046503160148859024, 0.6801459193229675, 0.2132074236869812, 0.07721393555402756, 0.0294327549636364, 0.2749168276786804, 0.47679591178894043, 0.22123782336711884, 0.027049409225583076, 0.32744279503822327, 0.3025166392326355, 0.32209399342536926, 0.047946538776159286, 0.35535451769828796, 0.5435982346534729, 