{"metrics": {"ACC": 50.349650349650354, "F1": 38.07070707070707}, "predictions": [1, 1, 1, 1, 1, 2, 1, 1, 1, 1, 1, 0, 0, 0, 2, 2, 2, 1, 0, 0, 1, 1, 0, 2, 2, 1, 1, 1, 2, 2, 0, 1, 2, 2, 2, 1, 1, 2, 0, 0, 2, 0, 1, 0, 2, 2, 2, 0, 1, 1, 1, 1, 1, 2, 2, 1, 0, 1, 2, 0, 2, 1, 1, 1, 1, 2, 1, 0, 1, 2, 1, 0, 0, 0, 2, 2, 0, 1, 2, 1, 1, 1, 0, 1, 1, 2, 2, 1, 1, 1, 2, 2, 1, 2, 2, 2, 0, 2, 2, 2, 2, 2, 1, 2, 1, 1, 1, 1, 1, 0, 2, 1, 1, 1, 1, 1, 1, 2, 0, 2, 0, 1, 2, 2, 2, 2, 2, 1, 0, 1, 2, 0, 1, 2, 0, 0, 2, 2, 2, 1, 1, 0, 1], "uids": ["0", "1", "2", "3", "4", "5", "6", "7", "8", "9", "10", "11", "12", "13", "14", "15", "16", "17", "18", "19", "20", "21", "22", "23", "24", "25", "26", "27", "28", "29", "30", "31", "32", "33", "34", "35", "36", "37", "38", "39", "40", "41", "42", "43", "44", "45", "46", "47", "48", "49", "50", "51", "52", "53", "54", "55", "56", "57", "58", "59", "60", "61", "62", "63", "64", "65", "66", "67", "68", "69", "70", "71", "72", "73", "74", "75", "76", "77", "78", "79", "80", "81", "82", "83", "84", "85", "86", "87", "88", "89", "90", "91", "92", "93", "94", "95", "96", "97", "98", "99", "100", "101", "102", "103", "104", "105", "106", "107", "108", "109", "110", "111", "112", "113", "114", "115", "116", "117", "118", "119", "120", "121", "122", "123", "124", "125", "126", "127", "128", "129", "130", "131", "132", "133", "134", "135", "136", "137", "138", "139", "140", "141", "142"], "scores": [0.14718449115753174, 0.5452629923820496, 0.28246575593948364, 0.025086766108870506, 0.05519969016313553, 0.8863727450370789, 0.045544497668743134, 0.012883027084171772, 0.3140939772129059, 0.582905113697052, 0.06309974938631058, 0.03990110382437706, 0.052583761513233185, 0.8679240942001343, 0.0705486536026001, 0.008943458087742329, 0.12881650030612946, 0.4338619112968445, 0.4208388328552246, 0.016482803970575333, 0.08643221110105515, 0.38507410883903503, 0.5061803460121155, 0.022313317283988, 0.06258134543895721, 0.7405707836151123, 0.17367073893547058, 0.02317705936729908, 0.07379624247550964, 0.6713965535163879, 0.24130383133888245, 0.013503367081284523, 0.17800728976726532, 0.6110405921936035, 0.17444656789302826, 0.036505501717329025, 0.3139568269252777, 0.4698478579521179, 0.18762999773025513, 0.02856529876589775, 0.2496737688779831, 0.4411160945892334, 0.2818584144115448, 0.02735178731381893, 0.48728328943252563, 0.14156055450439453, 0.331837922334671, 0.03931831568479538, 0.37373408675193787, 0.26963967084884644, 0.3230554759502411, 0.03357076272368431, 0.5089702606201172, 0.26941680908203125, 0.18736886978149414, 0.03424406424164772, 0.28711920976638794, 0.1968262493610382, 0.4361417293548584, 0.07991278171539307, 0.1908772736787796, 0.1315259486436844, 0.5405236482620239, 0.13707305490970612, 0.1939896047115326, 0.13266289234161377, 0.5250095129013062, 0.14833799004554749, 0.30252543091773987, 0.5855068564414978, 0.06221858412027359, 0.04974909499287605, 0.47555097937583923, 0.28281909227371216, 0.12560836970806122, 0.11602158844470978, 0.8476758003234863, 0.04486577585339546, 0.0892450287938118, 0.01821344904601574, 0.042613785713911057, 0.873255729675293, 0.0735926479101181, 0.01053779385983944, 0.03903152421116829, 0.9046602845191956, 0.043882668018341064, 0.012425520457327366, 0.5642377138137817, 0.35762014985084534, 0.06251782178878784, 0.015624339692294598, 0.09399273246526718, 0.1523256152868271, 0.736574649810791, 0.0171070359647274, 0.11769955605268478, 0.14065416157245636, 0.7242895364761353, 0.017356764525175095, 0.059082161635160446, 0.6388478875160217, 0.29013723134994507, 0.011932779103517532, 0.03842759504914284, 0.8168444633483887, 0.13287405669689178, 0.011853914707899094, 0.06424392759799957, 0.8314271569252014, 0.08735644817352295, 0.01697244681417942, 0.23221328854560852, 0.16400109231472015, 0.5691166520118713, 0.03466896340250969, 0.25457510352134705, 0.23760537803173065, 0.4738059341907501, 0.03401358053088188, 0.5379665493965149, 0.12162608653306961, 0.2933609187602997, 0.04704638943076134, 0.18144457042217255, 0.7425107955932617, 0.06035755202174187, 0.015687089413404465, 0.03839368000626564, 0.08192925155162811, 0.8296543955802917, 0.05002275109291077, 0.0367753803730011, 0.09825246036052704, 0.8179883360862732, 0.046983860433101654, 0.034294381737709045, 0.07773081958293915, 0.8463867902755737, 0.041588008403778076, 0.11028407514095306, 0.6712207794189453, 0.19894742965698242, 0.01954769901931286, 0.06502670049667358, 0.7696287631988525, 0.1529800444841385, 0.012364412657916546, 0.21928153932094574, 0.12729987502098083, 0.6271113753318787, 0.02630717121064663, 0.3371601700782776, 0.29249516129493713, 0.3214455544948578, 0.04889907315373421, 0.36327680945396423, 0.2514796257019043, 0.3433273136615753, 0.04191622883081436, 0.2860797941684723, 0.268385648727417, 0.414665162563324, 0.030869433656334877, 0.4652479887008667, 0.20290781557559967, 0.29999038577079773, 0.031853895634412766, 0.44040611386299133, 0.458916038274765, 0.07867436856031418, 0.022003550082445145, 0.4396167993545532, 0.221361443400383, 0.29636064171791077, 0.0426611453294754, 0.28393495082855225, 0.3070392906665802, 0.3752307593822479, 0.033795010298490524, 0.10854218155145645, 0.19826018810272217, 0.650239884853363, 0.04295772686600685, 0.13486897945404053, 0.22324544191360474, 0.6086604595184326, 0.033225204795598984, 0.49780595302581787, 0.37436455488204956, 0.10754531621932983, 0.02028423175215721, 0.28340232372283936, 0.39268019795417786, 0.2978570759296417, 0.026060445234179497, 0.10142876952886581, 0.7480103373527527, 0.13661974668502808, 0.013941130600869656, 0.2576146125793457, 0.5346212983131409, 0.18586185574531555, 0.021902194246649742, 0.20615285634994507, 0.722917914390564, 0.058193791657686234, 0.012735427357256413, 0.07987208664417267, 0.8445123434066772, 0.0660088062286377, 0.009606647305190563, 0.3192444145679474, 0.26140958070755005, 0.3794996440410614, 0.039846379309892654, 0.14163906872272491, 0.29682764410972595, 0.5468389987945557, 0.014694297686219215, 0.0661100223660469, 0.7585673332214355, 0.1631595641374588, 0.01216309517621994, 0.3826316297054291, 0.23216180503368378, 0.3374859392642975, 0.04772055149078369, 0.10181830823421478, 0.779647946357727, 0.10426036268472672, 0.014273364096879959, 0.20481543242931366, 0.04271252453327179, 0.727345883846283, 0.025126155465841293, 0.46531668305397034, 0.06605665385723114, 0.44851285219192505, 0.020113836973905563, 0.43937039375305176, 0.09639922529459, 0.44659093022346497, 0.017639514058828354, 0.20231589674949646, 0.6730030179023743, 0.0943487286567688, 0.030332393944263458, 0.2306564897298813, 0.5598535537719727, 0.12817983329296112, 0.08131008595228195, 0.13329899311065674, 0.4761250913143158, 0.3168199956417084, 0.07375583797693253, 0.15430161356925964, 0.44129517674446106, 0.3366248905658722, 0.06777842342853546, 0.08214405179023743, 0.3609660267829895, 0.5264379978179932, 0.030451958999037743, 0.3346075117588043, 0.3397943079471588, 0.28592076897621155, 0.03967738151550293, 0.43194523453712463, 0.20946380496025085, 0.31457096338272095, 0.044020041823387146, 0.254180371761322, 0.41361522674560547, 0.2964773178100586, 0.0357271246612072, 0.17193616926670074, 0.22358085215091705, 0.5775696635246277, 0.026913272216916084, 0.25850918889045715, 0.4199635982513428, 0.2709123492240906, 0.05061487480998039, 0.48673081398010254, 0.24891377985477448, 0.20617039501667023, 0.05818495526909828, 0.49138227105140686, 0.24341660737991333, 0.2359623908996582, 0.029238712042570114, 0.5981782078742981, 0.21747495234012604, 0.15773969888687134, 0.026607153937220573, 0.18071264028549194, 0.22913260757923126, 0.5504839420318604, 0.03967084363102913, 0.21557414531707764, 0.31131216883659363, 0.4295276403427124, 0.04358600080013275, 0.674737811088562, 0.24460844695568085, 0.0664997398853302, 0.014153956435620785, 0.17359431087970734, 0.5618130564689636, 0.23702989518642426, 0.027562741190195084, 0.2740207016468048, 0.16411809623241425, 0.5147778987884521, 0.04708332568407059, 0.3171808421611786, 