{"metrics": {"ACC": 48.95104895104895, "F1": 37.18221244884246}, "predictions": [1, 1, 1, 1, 1, 1, 1, 1, 1, 0, 1, 0, 2, 0, 0, 2, 2, 0, 1, 0, 1, 1, 0, 2, 2, 1, 1, 1, 2, 2, 0, 1, 2, 2, 2, 1, 1, 0, 0, 0, 0, 0, 0, 0, 1, 2, 2, 0, 2, 1, 0, 1, 1, 2, 2, 1, 0, 1, 2, 0, 0, 1, 3, 1, 1, 2, 0, 0, 0, 2, 1, 0, 0, 0, 2, 2, 0, 1, 0, 1, 1, 0, 2, 1, 1, 1, 1, 1, 1, 1, 2, 2, 2, 1, 2, 2, 0, 0, 2, 2, 0, 2, 1, 1, 1, 1, 0, 1, 1, 0, 2, 1, 1, 0, 1, 1, 2, 1, 1, 1, 1, 0, 2, 2, 2, 2, 2, 1, 0, 1, 1, 3, 0, 0, 0, 0, 2, 0, 0, 1, 1, 0, 1], "uids": ["0", "1", "2", "3", "4", "5", "6", "7", "8", "9", "10", "11", "12", "13", "14", "15", "16", "17", "18", "19", "20", "21", "22", "23", "24", "25", "26", "27", "28", "29", "30", "31", "32", "33", "34", "35", "36", "37", "38", "39", "40", "41", "42", "43", "44", "45", "46", "47", "48", "49", "50", "51", "52", "53", "54", "55", "56", "57", "58", "59", "60", "61", "62", "63", "64", "65", "66", "67", "68", "69", "70", "71", "72", "73", "74", "75", "76", "77", "78", "79", "80", "81", "82", "83", "84", "85", "86", "87", "88", "89", "90", "91", "92", "93", "94", "95", "96", "97", "98", "99", "100", "101", "102", "103", "104", "105", "106", "107", "108", "109", "110", "111", "112", "113", "114", "115", "116", "117", "118", "119", "120", "121", "122", "123", "124", "125", "126", "127", "128", "129", "130", "131", "132", "133", "134", "135", "136", "137", "138", "139", "140", "141", "142"], "scores": [0.10168633610010147, 0.7164775133132935, 0.13699300587177277, 0.04484320059418678, 0.009611180052161217, 0.9781150221824646, 0.006027664057910442, 0.0062461961060762405, 0.12625782191753387, 0.8352203369140625, 0.009657470509409904, 0.0288644190877676, 0.0028485399670898914, 0.9912460446357727, 0.0035173145588487387, 0.002388146473094821, 0.048656631261110306, 0.8229858875274658, 0.12205474823713303, 0.006302771158516407, 0.01870318315923214, 0.8887566924095154, 0.08015014976263046, 0.012390009127557278, 0.006678467616438866, 0.962317705154419, 0.025316743180155754, 0.005687154829502106, 0.023608889430761337, 0.5798885822296143, 0.3859574496746063, 0.010545112192630768, 0.056375570595264435, 0.8752714991569519, 0.04658539965748787, 0.021767528727650642, 0.48516732454299927, 0.4493444561958313, 0.04660988599061966, 0.01887824572622776, 0.07955523580312729, 0.6375174522399902, 0.2426890879869461, 0.040238313376903534, 0.8012291789054871, 0.013037407770752907, 0.14356839656829834, 0.04216507077217102, 0.35178592801094055, 0.06557972729206085, 0.5357947945594788, 0.046839576214551926, 0.7895990610122681, 0.0661228597164154, 0.11645516008138657, 0.027822893112897873, 0.4862113296985626, 0.11656899005174637, 0.3163478970527649, 0.08087178319692612, 0.16437457501888275, 0.03978142514824867, 0.5968517661094666, 0.19899220764636993, 0.11799764633178711, 0.033515699207782745, 0.5678847432136536, 0.28060194849967957, 0.7001659274101257, 0.15338054299354553, 0.022440463304519653, 0.12401304394006729, 0.05774996429681778, 0.7278475761413574, 0.1259465366601944, 0.08845597505569458, 0.9782955050468445, 0.004349659197032452, 0.01190902292728424, 0.005445821210741997, 0.002912340220063925, 0.9867423176765442, 0.007354510482400656, 0.002990802051499486, 0.002940388396382332, 0.9877498745918274, 0.005367345176637173, 0.00394231965765357, 0.9048173427581787, 0.06820353865623474, 0.019446561112999916, 0.00753259751945734, 0.014716963283717632, 0.009800871834158897, 0.9667405486106873, 0.008741630241274834, 0.02944805473089218, 0.007520602084696293, 0.9546144008636475, 0.008416867814958096, 0.008413056842982769, 0.7048232555389404, 0.28002840280532837, 0.006735348142683506, 0.0024459369014948606, 0.976527214050293, 0.017454683780670166, 0.003572230925783515, 0.008349861949682236, 0.918200671672821, 0.05850917473435402, 0.014940256252884865, 0.0683225765824318, 0.022966792806982994, 0.8409380912780762, 0.0677725300192833, 0.3671061396598816, 0.0968874990940094, 0.4539167284965515, 0.08208966255187988, 0.8245325088500977, 0.039728306233882904, 0.10923346132040024, 0.026505721732974052, 0.16261343657970428, 0.821649968624115, 0.010680670849978924, 0.005056007299572229, 0.0035898659843951464, 0.014916734769940376, 0.9535022974014282, 0.02799111418426037, 0.00361943943426013, 0.02139524556696415, 0.9489767551422119, 0.026008520275354385, 0.0036757763009518385, 0.028580669313669205, 0.9478822350502014, 0.019861334934830666, 0.08809283375740051, 0.6033785343170166, 0.29376429319381714, 0.014764373190701008, 0.003622324438765645, 0.9636152386665344, 0.028759552165865898, 0.004002842586487532, 0.5591992139816284, 0.06465279310941696, 0.35913076996803284, 0.017017163336277008, 0.5330983400344849, 0.09330867230892181, 0.33130356669425964, 0.04228947311639786, 0.8402367830276489, 0.03275530785322189, 0.0956878736615181, 0.031320031732320786, 0.6730058193206787, 0.030049024149775505, 0.2724873125553131, 0.024457810446619987, 0.7567107081413269, 0.03406362608075142, 0.19316351413726807, 0.01606212928891182, 0.7376464605331421, 0.24578642845153809, 0.009430363774299622, 0.007136775646358728, 0.7553485631942749, 0.13460969924926758, 0.08602364361286163, 0.02401808276772499, 0.285828560590744, 0.5222992897033691, 0.16224421560764313, 0.029627854004502296, 0.05070968717336655, 0.06741296499967575, 0.7594667673110962, 0.1224106177687645, 0.07646043598651886, 0.12382864207029343, 0.7594417929649353, 0.0402691625058651, 0.6581333875656128, 0.2706708610057831, 0.05733688548207283, 0.013858877122402191, 0.1809414029121399, 0.19755670428276062, 0.5972307324409485, 0.024271175265312195, 0.025111746042966843, 0.9526094198226929, 0.015239409171044827, 0.007039484567940235, 0.45244401693344116, 0.38169223070144653, 0.10696740448474884, 0.058896325528621674, 0.16049139201641083, 0.822700560092926, 0.01202983409166336, 0.004778219852596521, 0.017825087532401085, 0.9316269159317017, 0.045380499213933945, 0.0051674144342541695, 0.17877373099327087, 0.02656225487589836, 0.7400363087654114, 0.05462774261832237, 0.20655617117881775, 0.139628604054451, 0.6436852812767029, 0.010129922069609165, 0.009351123124361038, 0.92738938331604, 0.059091996401548386, 0.004167388193309307, 0.6906893253326416, 0.017553551122546196, 0.22622422873973846, 0.0655328780412674, 0.020276308059692383, 0.921806812286377, 0.05246558412909508, 0.005451273173093796, 0.3562743365764618, 0.01661517098546028, 0.6120221614837646, 0.015088333748281002, 0.8151659369468689, 0.01332735363394022, 0.16381491720676422, 0.007691860664635897, 0.8935607671737671, 0.022959021851420403, 0.0786539688706398, 0.004826272372156382, 0.047366805374622345, 0.9394979476928711, 0.005772384349256754, 0.007362819276750088, 0.0938657894730568, 0.3923168480396271, 0.033570028841495514, 0.48024728894233704, 0.07850155234336853, 0.6123475432395935, 0.20040759444236755, 0.1087433472275734, 0.18471422791481018, 0.4797285497188568, 0.19068671762943268, 0.14487047493457794, 0.007133714389055967, 0.09201094508171082, 0.8869047164916992, 0.013950619846582413, 0.8624712228775024, 0.047972265630960464, 0.05466940999031067, 0.03488712012767792, 0.8593876361846924, 0.010739092715084553, 0.07177196443080902, 0.05810122191905975, 0.6378816962242126, 0.047481294721364975, 0.24801166355609894, 0.06662526726722717, 0.037441451102495193, 0.04083395004272461, 0.9066947102546692, 0.015029877424240112, 0.2498367577791214, 0.547840416431427, 0.15430130064487457, 0.04802149906754494, 0.7914704084396362, 0.04177600517868996, 0.10439427196979523, 0.062359318137168884, 0.7068642973899841, 0.15198874473571777, 0.12368221580982208, 0.017464809119701385, 0.895915687084198, 0.05841819569468498, 0.032509349286556244, 0.01315687969326973, 0.04328348860144615, 0.11143658310174942, 0.7923768758773804, 0.05290301516652107, 0.18292413651943207, 0.2953377366065979, 0.4631877541542053, 0.058550503104925156, 0.8668256402015686, 0.11197906732559204, 0.012948697432875633, 0.008246497251093388, 0.04896640032529831, 0.8812803626060486, 0.05119547247886658, 0.01855771243572235, 0.5832816362380981, 