{"metrics": {"ACC": 51.74825174825175, "F1": 38.95720923899167}, "predictions": [1, 1, 1, 1, 1, 1, 1, 1, 1, 0, 1, 0, 0, 0, 0, 2, 2, 1, 1, 0, 1, 1, 0, 2, 2, 1, 1, 1, 2, 2, 0, 1, 2, 2, 2, 1, 1, 2, 0, 0, 0, 0, 0, 0, 1, 2, 2, 0, 0, 1, 0, 1, 1, 0, 2, 1, 0, 1, 2, 0, 0, 1, 1, 1, 1, 2, 0, 0, 0, 2, 1, 0, 0, 0, 2, 0, 0, 1, 0, 1, 1, 0, 0, 1, 1, 1, 0, 0, 1, 1, 2, 1, 1, 2, 2, 0, 0, 2, 2, 2, 1, 2, 1, 1, 1, 1, 0, 1, 1, 0, 0, 1, 1, 0, 1, 1, 0, 1, 1, 0, 1, 0, 1, 2, 2, 2, 2, 1, 0, 1, 0, 1, 0, 0, 0, 0, 2, 0, 0, 1, 1, 0, 1], "uids": ["0", "1", "2", "3", "4", "5", "6", "7", "8", "9", "10", "11", "12", "13", "14", "15", "16", "17", "18", "19", "20", "21", "22", "23", "24", "25", "26", "27", "28", "29", "30", "31", "32", "33", "34", "35", "36", "37", "38", "39", "40", "41", "42", "43", "44", "45", "46", "47", "48", "49", "50", "51", "52", "53", "54", "55", "56", "57", "58", "59", "60", "61", "62", "63", "64", "65", "66", "67", "68", "69", "70", "71", "72", "73", "74", "75", "76", "77", "78", "79", "80", "81", "82", "83", "84", "85", "86", "87", "88", "89", "90", "91", "92", "93", "94", "95", "96", "97", "98", "99", "100", "101", "102", "103", "104", "105", "106", "107", "108", "109", "110", "111", "112", "113", "114", "115", "116", "117", "118", "119", "120", "121", "122", "123", "124", "125", "126", "127", "128", "129", "130", "131", "132", "133", "134", "135", "136", "137", "138", "139", "140", "141", "142"], "scores": [0.14414091408252716, 0.6707605719566345, 0.15342795848846436, 0.03167061135172844, 0.04528185352683067, 0.9251145720481873, 0.018124500289559364, 0.011479111388325691, 0.35327842831611633, 0.5583894848823547, 0.046110931783914566, 0.042221203446388245, 0.028733573853969574, 0.9481589794158936, 0.017937636002898216, 0.005169815383851528, 0.17224933207035065, 0.5466840863227844, 0.2693835198879242, 0.011683033779263496, 0.09265521913766861, 0.6162725687026978, 0.27414894104003906, 0.016923261806368828, 0.04005475714802742, 0.9053739905357361, 0.04334309324622154, 0.011228209361433983, 0.10616347193717957, 0.7920353412628174, 0.09380137175321579, 0.007999852299690247, 0.1750202775001526, 0.7063713073730469, 0.08858557045459747, 0.030022846534848213, 0.4530211091041565, 0.4004726707935333, 0.12163151800632477, 0.024874700233340263, 0.3688848614692688, 0.4693034291267395, 0.13968482613563538, 0.022126978263258934, 0.6482729315757751, 0.0751669853925705, 0.24001266062259674, 0.03654743731021881, 0.5709174871444702, 0.1389995664358139, 0.25717294216156006, 0.032910000532865524, 0.704041063785553, 0.16332513093948364, 0.10524211078882217, 0.027391774579882622, 0.41399505734443665, 0.1792057603597641, 0.3359466791152954, 0.07085242867469788, 0.2565334737300873, 0.12349128723144531, 0.454700767993927, 0.16527441143989563, 0.26453566551208496, 0.11894712597131729, 0.4110884964466095, 0.20542873442173004, 0.4462122619152069, 0.4503660500049591, 0.03914979100227356, 0.06427199393510818, 0.18341869115829468, 0.5156041383743286, 0.24414001405239105, 0.05683711916208267, 0.9156274795532227, 0.018051359802484512, 0.05172615125775337, 0.014595040120184422, 0.02573496475815773, 0.9492882490158081, 0.02025025337934494, 0.004726509563624859, 0.019478516653180122, 0.9545972347259521, 0.017194749787449837, 0.00872955285012722, 0.6808627247810364, 0.26389116048812866, 0.04231715947389603, 0.012928971089422703, 0.13361255824565887, 0.10354963690042496, 0.7432165741920471, 0.01962127909064293, 0.15486040711402893, 0.06482136249542236, 0.7653051614761353, 0.01501306239515543, 0.03562966361641884, 0.7199922800064087, 0.23668645322322845, 0.0076916152611374855, 0.017501799389719963, 0.9347074031829834, 0.04108205437660217, 0.006708793807774782, 0.04235179349780083, 0.9061332941055298, 0.03712024167180061, 0.01439468003809452, 0.17175424098968506, 0.08110664039850235, 0.7098273634910583, 0.03731171041727066, 0.2915644347667694, 0.20191675424575806, 0.4741974472999573, 0.03232131898403168, 0.6291046738624573, 0.05436486378312111, 0.2787167429924011, 0.03781372681260109, 0.31690505146980286, 0.6369073987007141, 0.031151890754699707, 0.015035673044621944, 0.021282697096467018, 0.04197489470243454, 0.8832204341888428, 0.05352189764380455, 0.021660517901182175, 0.059590887278318405, 0.8603487014770508, 0.05839985981583595, 0.020051926374435425, 0.042583663016557693, 0.9036655426025391, 0.03369886428117752, 0.20874547958374023, 0.5182523131370544, 0.2448110729455948, 0.028191199526190758, 0.036212824285030365, 0.9075983762741089, 0.05096770077943802, 0.005221172235906124, 0.2624419331550598, 0.09234419465065002, 0.6247664093971252, 0.020447498187422752, 0.48870810866355896, 0.17734195291996002, 0.2827915549278259, 0.051158443093299866, 0.5989963412284851, 0.11936827749013901, 0.24359118938446045, 0.03804420679807663, 0.4807104468345642, 0.15577946603298187, 0.33980005979537964, 0.023709962144494057, 0.6570234894752502, 0.07209333032369614, 0.24586625397205353, 0.025016920641064644, 0.6751953363418579, 0.2744557559490204, 0.03621179237961769, 0.014137133955955505, 0.6583560109138489, 0.15916037559509277, 0.15319722890853882, 0.029286403208971024, 0.3206762373447418, 0.41333457827568054, 0.23603007197380066, 0.02995903603732586, 0.13984303176403046, 0.20356020331382751, 0.6129797697067261, 0.04361700639128685, 0.19641713798046112, 0.29692769050598145, 0.4768589437007904, 0.029796168208122253, 0.6858827471733093, 0.19420012831687927, 0.09951550513505936, 0.02040158025920391, 0.4753541946411133, 0.28570792078971863, 0.2160472422838211, 0.02289065718650818, 0.08669988065958023, 0.8681751489639282, 0.03751435875892639, 0.0076105366460978985, 0.4964778423309326, 0.4170447289943695, 0.06896074116230011, 0.017516708001494408, 0.3512144386768341, 0.6078153848648071, 0.02829788625240326, 0.012672231532633305, 0.07249946147203445, 0.8792089223861694, 0.04236233979463577, 0.005929150152951479, 0.4007579982280731, 0.1597144901752472, 0.39004194736480713, 0.049485672265291214, 0.24740882217884064, 0.3367363512516022, 0.4020193815231323, 0.013835485093295574, 0.04875478520989418, 0.8891405463218689, 0.05600817874073982, 0.006096414756029844, 0.6129531264305115, 0.11264418810606003, 0.2283860146999359, 0.046016644686460495, 0.05863730609416962, 0.8873981237411499, 0.04573603719472885, 0.008228418417274952, 0.21576136350631714, 0.01741097867488861, 0.7433468103408813, 0.02348080649971962, 0.602500855922699, 0.034300483763217926, 0.3457050621509552, 0.01749357022345066, 0.6508815884590149, 0.054754212498664856, 0.28071579337120056, 0.01364845596253872, 0.21244139969348907, 0.6899626851081848, 0.04586775228381157, 0.051728181540966034, 0.24016866087913513, 0.48501747846603394, 0.08314364403486252, 0.191670224070549, 0.21522241830825806, 0.43659523129463196, 0.2266703099012375, 0.12151205539703369, 0.2690669894218445, 0.40230241417884827, 0.21230709552764893, 0.11632347851991653, 0.08912407606840134, 0.2737868130207062, 0.6135681867599487, 0.023520946502685547, 0.5152516961097717, 0.2381301373243332, 0.2078123837709427, 0.038805797696113586, 0.6370849013328552, 0.11242649704217911, 0.208628848195076, 0.041859809309244156, 0.4481152892112732, 0.26759713888168335, 0.24398288130760193, 0.04030469059944153, 0.18824507296085358, 0.2075985074043274, 0.5840991735458374, 0.02005724236369133, 0.3497714400291443, 0.3733464181423187, 0.2255171686410904, 0.0513649582862854, 0.6526423096656799, 0.13415290415287018, 0.15792253613471985, 0.055282220244407654, 0.671514630317688, 0.17661690711975098, 0.12727977335453033, 0.024588672444224358, 0.8140910863876343, 0.11667309701442719, 0.05464668944478035, 0.014589071273803711, 0.23852987587451935, 0.19778846204280853, 0.5168962478637695, 0.04678547754883766, 0.3903161585330963, 0.3019857108592987, 0.25676676630973816, 0.050931334495544434, 0.8522086143493652, 0.11809879541397095, 0.02089415118098259, 0.008798410184681416, 0.1820555031299591, 0.6765425205230713, 0.11253007501363754, 0.02887197956442833, 0.4443633258342743, 0.09622610360383987, 0.41176462173461914, 