{"metrics": {"ACC": 49.65034965034965, "F1": 37.241364569083444}, "predictions": [1, 1, 1, 1, 2, 1, 1, 1, 1, 0, 0, 0, 0, 0, 0, 2, 2, 0, 0, 0, 1, 1, 0, 2, 2, 1, 1, 1, 2, 2, 0, 1, 2, 2, 2, 1, 1, 2, 0, 0, 0, 0, 0, 0, 0, 2, 2, 0, 0, 1, 0, 1, 1, 2, 2, 1, 0, 1, 2, 0, 0, 1, 1, 1, 0, 2, 0, 0, 0, 2, 0, 0, 0, 0, 2, 2, 0, 1, 2, 1, 1, 0, 0, 1, 1, 1, 0, 0, 1, 1, 2, 2, 2, 1, 2, 2, 0, 2, 2, 2, 2, 0, 1, 1, 1, 1, 0, 1, 1, 0, 0, 1, 1, 0, 1, 1, 0, 1, 1, 0, 0, 0, 2, 2, 2, 2, 2, 1, 0, 2, 2, 0, 0, 0, 0, 0, 2, 0, 0, 1, 1, 0, 1], "uids": ["0", "1", "2", "3", "4", "5", "6", "7", "8", "9", "10", "11", "12", "13", "14", "15", "16", "17", "18", "19", "20", "21", "22", "23", "24", "25", "26", "27", "28", "29", "30", "31", "32", "33", "34", "35", "36", "37", "38", "39", "40", "41", "42", "43", "44", "45", "46", "47", "48", "49", "50", "51", "52", "53", "54", "55", "56", "57", "58", "59", "60", "61", "62", "63", "64", "65", "66", "67", "68", "69", "70", "71", "72", "73", "74", "75", "76", "77", "78", "79", "80", "81", "82", "83", "84", "85", "86", "87", "88", "89", "90", "91", "92", "93", "94", "95", "96", "97", "98", "99", "100", "101", "102", "103", "104", "105", "106", "107", "108", "109", "110", "111", "112", "113", "114", "115", "116", "117", "118", "119", "120", "121", "122", "123", "124", "125", "126", "127", "128", "129", "130", "131", "132", "133", "134", "135", "136", "137", "138", "139", "140", "141", "142"], "scores": [0.18778663873672485, 0.5522423386573792, 0.21434761583805084, 0.04562338814139366, 0.029402805492281914, 0.9439482688903809, 0.015191897749900818, 0.011456946842372417, 0.23720063269138336, 0.6911383271217346, 0.031115775927901268, 0.040545232594013214, 0.013750762678682804, 0.9659944772720337, 0.015971554443240166, 0.004283261951059103, 0.1732848435640335, 0.33599424362182617, 0.47870832681655884, 0.012012653984129429, 0.09761787205934525, 0.5177689790725708, 0.3695739507675171, 0.015039240010082722, 0.02066325768828392, 0.8899556398391724, 0.07765233516693115, 0.011728730984032154, 0.06048184633255005, 0.6028832793235779, 0.3246530592441559, 0.011981739662587643, 0.1585373729467392, 0.6957195997238159, 0.1078648641705513, 0.0378781259059906, 0.6032118797302246, 0.23909258842468262, 0.1262727677822113, 0.031422797590494156, 0.4726240038871765, 0.2731670141220093, 0.228457510471344, 0.025751499459147453, 0.7113129496574402, 0.0349615141749382, 0.21884146332740784, 0.03488411009311676, 0.5682588219642639, 0.07081933319568634, 0.3170665502548218, 0.043855324387550354, 0.7422624230384827, 0.09018758684396744, 0.1384323388338089, 0.02911774069070816, 0.3927026391029358, 0.13525210320949554, 0.38085833191871643, 0.09118693321943283, 0.26647210121154785, 0.08275846391916275, 0.5018172860145569, 0.14895214140415192, 0.23575003445148468, 0.07891721278429031, 0.5055605173110962, 0.17977216839790344, 0.7432142496109009, 0.13402898609638214, 0.038321830332279205, 0.08443489670753479, 0.32718467712402344, 0.26254430413246155, 0.24864381551742554, 0.1616271734237671, 0.9351912140846252, 0.009614822454750538, 0.04245368018746376, 0.012740347534418106, 0.012219198979437351, 0.9578784704208374, 0.024774031713604927, 0.0051284050568938255, 0.010299921035766602, 0.9659852385520935, 0.015035556629300117, 0.008679307997226715, 0.8745348453521729, 0.0696486309170723, 0.04481760784983635, 0.010998941026628017, 0.043482378125190735, 0.030325863510370255, 0.9150865077972412, 0.011105203069746494, 0.07367730885744095, 0.024080010131001472, 0.8912473320960999, 0.01099541038274765, 0.034131404012441635, 0.5220628380775452, 0.43427392840385437, 0.009531872346997261, 0.011574103496968746, 0.9401212334632874, 0.042561352252960205, 0.005743212997913361, 0.03042912483215332, 0.8805693984031677, 0.06994359195232391, 0.019057901576161385, 0.14841970801353455, 0.04499105364084244, 0.7660250067710876, 0.040564246475696564, 0.2607356309890747, 0.07945208996534348, 0.6232582330703735, 0.0365539975464344, 0.7834495902061462, 0.05929314345121384, 0.13095712661743164, 0.02630002796649933, 0.2715936005115509, 0.6902638673782349, 0.028260698541998863, 0.009881887584924698, 0.012049815617501736, 0.031048733741044998, 0.9265164732933044, 0.030384909361600876, 0.01305349636822939, 0.04121563583612442, 0.9142571091651917, 0.03147377818822861, 0.014828210696578026, 0.05531581491231918, 0.9086304306983948, 0.02122555673122406, 0.21471525728702545, 0.4505995512008667, 0.3125304579734802, 0.02215464599430561, 0.016469880938529968, 0.8976767659187317, 0.07909409701824188, 0.006759254727512598, 0.23582331836223602, 0.06859969347715378, 0.6746454238891602, 0.020931558683514595, 0.47611650824546814, 0.11379169672727585, 0.36175966262817383, 0.04833211377263069, 0.6734244227409363, 0.0560666061937809, 0.2330302596092224, 0.037478744983673096, 0.47994711995124817, 0.06063171476125717, 0.4287318289279938, 0.030689340084791183, 0.7228676080703735, 0.04988912492990494, 0.2064976692199707, 0.02074558101594448, 0.7242171764373779, 0.23632246255874634, 0.027073748409748077, 0.012386691756546497, 0.7069193124771118, 0.11798485368490219, 0.15300442278385162, 0.022091398015618324, 0.36106863617897034, 0.26496484875679016, 0.34932807087898254, 0.02463843673467636, 0.09543389081954956, 0.11914455890655518, 0.7382318377494812, 0.047189757227897644, 0.1713613122701645, 0.21967530250549316, 0.5766518712043762, 0.032311443239450455, 0.7646499276161194, 0.11838836967945099, 0.10190189629793167, 0.01505977101624012, 0.48827382922172546, 0.1738448143005371, 0.32047778367996216, 0.01740361377596855, 0.1458868682384491, 0.784837543964386, 0.0584249347448349, 0.010850668884813786, 0.6056010127067566, 0.27162206172943115, 0.09504162520170212, 0.027735257521271706, 0.2901704013347626, 0.6716924905776978, 0.02851565182209015, 0.009621481411159039, 0.08963041007518768, 0.8421552181243896, 0.060906969010829926, 0.007307378109544516, 0.32764923572540283, 0.06811104714870453, 0.5645217299461365, 0.03971804678440094, 0.2287694662809372, 0.12291629612445831, 0.6332494616508484, 0.015064778737723827, 0.05369402468204498, 0.8202301859855652, 0.11929384618997574, 0.006781981326639652, 0.6102179288864136, 0.059220630675554276, 0.28321170806884766, 0.04734978452324867, 0.07147327810525894, 0.833501398563385, 0.08558366447687149, 0.009441736154258251, 0.41909125447273254, 0.014370715245604515, 0.551184356212616, 0.015353701077401638, 0.616745114326477, 0.021036433055996895, 0.3464869558811188, 0.01573152095079422, 0.6978588700294495, 0.02658851444721222, 0.2641008198261261, 0.011451746337115765, 0.1283419132232666, 0.8154482841491699, 0.029796063899993896, 0.026413772255182266, 0.15601381659507751, 0.5258752703666687, 0.06219930574297905, 0.25591161847114563, 0.18976105749607086, 0.3825877010822296, 0.3052799701690674, 0.12237132340669632, 0.33115217089653015, 0.3073395788669586, 0.23969011008739471, 0.12181815505027771, 0.027977393940091133, 0.16096113622188568, 0.7978994250297546, 0.01316198892891407, 0.6722835302352905, 0.0960795059800148, 0.17985936999320984, 0.05177764222025871, 0.6870916485786438, 0.03368772566318512, 0.22038036584854126, 0.05884021893143654, 0.538564920425415, 0.11105978488922119, 0.2932097315788269, 0.057165589183568954, 0.10257700085639954, 0.053633399307727814, 0.8251291513442993, 0.018660498782992363, 0.4214756488800049, 0.24828462302684784, 0.27295026183128357, 0.05728943273425102, 0.7211008667945862, 0.07999870181083679, 0.14923802018165588, 0.049662455916404724, 0.7073681354522705, 0.11109986156225204, 0.16234946250915527, 0.019182516261935234, 0.8185024261474609, 0.07241668552160263, 0.09573374688625336, 0.013347165659070015, 0.08356419950723648, 0.07422884553670883, 0.8129327893257141, 0.029274167492985725, 0.20258517563343048, 0.13897274434566498, 0.6218564510345459, 0.03658563271164894, 0.9015368223190308, 0.05537480488419533, 0.03222760930657387, 0.010860782116651535, 0.12352257966995239, 0.6893280148506165, 0.15420331060886383, 0.032946083694696426, 0.4094426929950714, 0.05433836951851845, 