{"metrics": {"ACC": 50.349650349650354, "F1": 37.6523439679917}, "predictions": [1, 1, 1, 1, 1, 1, 1, 1, 1, 0, 1, 0, 0, 0, 0, 2, 2, 0, 1, 0, 1, 1, 0, 2, 2, 1, 1, 1, 2, 0, 0, 1, 2, 2, 2, 1, 1, 0, 0, 0, 0, 0, 0, 0, 1, 2, 2, 0, 2, 1, 1, 1, 1, 2, 2, 1, 0, 1, 0, 0, 0, 1, 1, 1, 1, 2, 0, 0, 0, 2, 1, 0, 0, 0, 2, 1, 0, 1, 0, 1, 1, 0, 2, 1, 1, 1, 1, 1, 1, 1, 2, 2, 2, 1, 2, 2, 0, 0, 2, 2, 0, 2, 1, 1, 1, 1, 0, 1, 1, 0, 0, 1, 1, 0, 1, 1, 0, 1, 1, 1, 1, 0, 1, 2, 2, 2, 2, 1, 0, 1, 1, 2, 0, 0, 0, 0, 2, 0, 0, 1, 1, 0, 1], "uids": ["0", "1", "2", "3", "4", "5", "6", "7", "8", "9", "10", "11", "12", "13", "14", "15", "16", "17", "18", "19", "20", "21", "22", "23", "24", "25", "26", "27", "28", "29", "30", "31", "32", "33", "34", "35", "36", "37", "38", "39", "40", "41", "42", "43", "44", "45", "46", "47", "48", "49", "50", "51", "52", "53", "54", "55", "56", "57", "58", "59", "60", "61", "62", "63", "64", "65", "66", "67", "68", "69", "70", "71", "72", "73", "74", "75", "76", "77", "78", "79", "80", "81", "82", "83", "84", "85", "86", "87", "88", "89", "90", "91", "92", "93", "94", "95", "96", "97", "98", "99", "100", "101", "102", "103", "104", "105", "106", "107", "108", "109", "110", "111", "112", "113", "114", "115", "116", "117", "118", "119", "120", "121", "122", "123", "124", "125", "126", "127", "128", "129", "130", "131", "132", "133", "134", "135", "136", "137", "138", "139", "140", "141", "142"], "scores": [0.08705458045005798, 0.7860202789306641, 0.0945112481713295, 0.03241384029388428, 0.007256846874952316, 0.9831060767173767, 0.004380493424832821, 0.00525651965290308, 0.07994958758354187, 0.890777051448822, 0.0066289473325014114, 0.02264437824487686, 0.0023283709306269884, 0.9928534626960754, 0.0027738302014768124, 0.002044443041086197, 0.05843822658061981, 0.8811126947402954, 0.05636714771389961, 0.004081930033862591, 0.01738378033041954, 0.9434728622436523, 0.032502640038728714, 0.006640654988586903, 0.005501712206751108, 0.9746310114860535, 0.01576009765267372, 0.004107106011360884, 0.0359804704785347, 0.736668050289154, 0.2206232100725174, 0.006728234235197306, 0.04865063354372978, 0.8957568407058716, 0.037263184785842896, 0.018329376354813576, 0.5549404621124268, 0.3909265697002411, 0.03720610961318016, 0.016926858574151993, 0.08534669876098633, 0.7588126063346863, 0.12903885543346405, 0.026801830157637596, 0.8307340741157532, 0.012367918156087399, 0.12019037455320358, 0.03670765832066536, 0.46043479442596436, 0.06885512918233871, 0.4248434901237488, 0.04586663842201233, 0.8044141530990601, 0.07722386717796326, 0.09279289096593857, 0.02556905336678028, 0.6001261472702026, 0.10986857861280441, 0.2313050925731659, 0.05870015546679497, 0.26835793256759644, 0.06958325207233429, 0.4968404769897461, 0.1652183085680008, 0.16875240206718445, 0.051170431077480316, 0.5033669471740723, 0.2767102122306824, 0.595759928226471, 0.25863614678382874, 0.016022583469748497, 0.12958142161369324, 0.06512383371591568, 0.770879864692688, 0.11854200810194016, 0.045454248785972595, 0.9806857109069824, 0.00396083015948534, 0.010516415350139141, 0.00483699981123209, 0.0025740358978509903, 0.9906343221664429, 0.004540346097201109, 0.002251360798254609, 0.002301289699971676, 0.9898074269294739, 0.00431013572961092, 0.003581186756491661, 0.9430083632469177, 0.03829853981733322, 0.013129008933901787, 0.005564152263104916, 0.02188918925821781, 0.01120446715503931, 0.9600470662117004, 0.006859278306365013, 0.04884989932179451, 0.010231171734631062, 0.9341766238212585, 0.006742347963154316, 0.009112026542425156, 0.7161281108856201, 0.26903024315834045, 0.005729560274630785, 0.0019923069048672915, 0.9840496778488159, 0.011136242188513279, 0.0028216869104653597, 0.006098518148064613, 0.9380975365638733, 0.04188225045800209, 0.013921697624027729, 0.08183310925960541, 0.024685407057404518, 0.82398521900177, 0.06949624419212341, 0.5059812068939209, 0.12113562971353531, 0.30858784914016724, 0.06429529190063477, 0.8974964618682861, 0.029096830636262894, 0.05499153584241867, 0.01841513067483902, 0.12808984518051147, 0.859426736831665, 0.008655776269733906, 0.0038277071435004473, 0.0032435667235404253, 0.018893947824835777, 0.9536815881729126, 0.024180935695767403, 0.0035973312333226204, 0.036706291139125824, 0.9348978996276855, 0.024798540398478508, 0.00411008158698678, 0.054764293134212494, 0.9251910448074341, 0.015934541821479797, 0.08780759572982788, 0.6264672875404358, 0.2725881040096283, 0.013136984780430794, 0.0032399671617895365, 0.974560022354126, 0.019434139132499695, 0.0027659651823341846, 0.7194700837135315, 0.08333607017993927, 0.18622583150863647, 0.010968012735247612, 0.6262170076370239, 0.09539088606834412, 0.24314001202583313, 0.035252101719379425, 0.8685054779052734, 0.03104173205792904, 0.07572152465581894, 0.024731291458010674, 0.74837726354599, 0.03049752488732338, 0.19957664608955383, 0.021548546850681305, 0.8350263833999634, 0.03165486082434654, 0.1218370869755745, 0.011481666937470436, 0.6244837641716003, 0.36290884017944336, 0.005917011294513941, 0.00669045140966773, 0.7413569688796997, 0.17204810678958893, 0.06789213418960571, 0.018702752888202667, 0.2964809238910675, 0.5594635605812073, 0.12025535106658936, 0.023800186812877655, 0.05386433005332947, 0.07536351680755615, 0.7528759241104126, 0.11789622157812119, 0.09547501057386398, 0.19457334280014038, 0.671465277671814, 0.038486357778310776, 0.7098919749259949, 0.24119612574577332, 0.03970705345273018, 0.009204784408211708, 0.1770654171705246, 0.2785269021987915, 0.5250990390777588, 0.019308630377054214, 0.015320735983550549, 0.9697794914245605, 0.010002143681049347, 0.00489756278693676, 0.4067085385322571, 0.4587068557739258, 0.08643390983343124, 0.048150621354579926, 0.152046337723732, 0.8334306478500366, 0.01057762186974287, 0.003945347387343645, 0.01818872056901455, 0.9472007751464844, 0.030300326645374298, 0.004310252144932747, 0.2512471079826355, 0.024148913100361824, 0.6746898889541626, 0.049914076924324036, 0.27544188499450684, 0.18875747919082642, 0.5259078145027161, 0.009892824105918407, 0.007532577496021986, 0.954617977142334, 0.0346403568983078, 0.003208991838619113, 0.7394993305206299, 0.013731380924582481, 0.19654172658920288, 0.0502275675535202, 0.016092661768198013, 0.9445360898971558, 0.035005342215299606, 0.004365921951830387, 0.5501682758331299, 0.026950353756546974, 0.4123613238334656, 0.010520149022340775, 0.8620340824127197, 0.014668041840195656, 0.11676102131605148, 0.0065369694493710995, 0.9129084348678589, 0.028715908527374268, 0.0541241280734539, 0.004251529928296804, 0.03672727197408676, 0.9535146355628967, 0.0037774036172777414, 0.005980683024972677, 0.07273603975772858, 0.45227164030075073, 0.027730226516723633, 0.44726213812828064, 0.07668277621269226, 0.6622123122215271, 0.16848301887512207, 0.09262192994356155, 0.19797351956367493, 0.44227859377861023, 0.20871493220329285, 0.1510329395532608, 0.010144436731934547, 0.11165269464254379, 0.8669033050537109, 0.011299628764390945, 0.9058886766433716, 0.04077017307281494, 0.029699375852942467, 0.023641807958483696, 0.9091098308563232, 0.0083647221326828, 0.04286268353462219, 0.039662741124629974, 0.7053373456001282, 0.041890863329172134, 0.19077041745185852, 0.062001410871744156, 0.0601724274456501, 0.06364412605762482, 0.8605360388755798, 0.015647444874048233, 0.25642576813697815, 0.6354085206985474, 0.07731784880161285, 0.030847901478409767, 0.8729572892189026, 0.041120968759059906, 0.050898049026727676, 0.03502379357814789, 0.7290170788764954, 0.15676896274089813, 0.09863962978124619, 0.015574373304843903, 0.8888517618179321, 0.07099193334579468, 0.02962840348482132, 0.01052793487906456, 0.05465531721711159, 0.14606328308582306, 0.7491828799247742, 0.05009857937693596, 0.2768486738204956, 0.3448885977268219, 0.33218836784362793, 0.04607437551021576, 0.9215054512023926, 0.058703213930130005, 0.012471333146095276, 0.007320113014429808, 0.03593533858656883, 0.90044105052948, 0.046672504395246506, 0.01695108599960804, 0.6730344295501709, 