{"metrics": {"ACC": 49.65034965034965, "F1": 37.266414141414145}, "predictions": [1, 1, 1, 1, 1, 1, 1, 1, 1, 0, 1, 0, 0, 0, 0, 2, 2, 0, 1, 0, 1, 1, 0, 2, 2, 1, 1, 1, 2, 2, 0, 1, 2, 2, 2, 1, 1, 0, 0, 0, 0, 0, 0, 0, 1, 2, 2, 0, 2, 1, 0, 1, 1, 2, 2, 1, 0, 1, 0, 0, 0, 1, 3, 1, 0, 2, 0, 0, 0, 2, 1, 0, 0, 0, 2, 0, 0, 1, 0, 1, 1, 0, 2, 1, 1, 1, 0, 0, 1, 1, 2, 2, 2, 1, 2, 2, 0, 0, 2, 2, 0, 2, 1, 1, 1, 1, 0, 1, 1, 0, 0, 1, 1, 0, 1, 1, 0, 1, 1, 1, 0, 0, 1, 2, 2, 2, 2, 1, 0, 1, 1, 2, 0, 0, 0, 0, 2, 0, 0, 1, 1, 0, 1], "uids": ["0", "1", "2", "3", "4", "5", "6", "7", "8", "9", "10", "11", "12", "13", "14", "15", "16", "17", "18", "19", "20", "21", "22", "23", "24", "25", "26", "27", "28", "29", "30", "31", "32", "33", "34", "35", "36", "37", "38", "39", "40", "41", "42", "43", "44", "45", "46", "47", "48", "49", "50", "51", "52", "53", "54", "55", "56", "57", "58", "59", "60", "61", "62", "63", "64", "65", "66", "67", "68", "69", "70", "71", "72", "73", "74", "75", "76", "77", "78", "79", "80", "81", "82", "83", "84", "85", "86", "87", "88", "89", "90", "91", "92", "93", "94", "95", "96", "97", "98", "99", "100", "101", "102", "103", "104", "105", "106", "107", "108", "109", "110", "111", "112", "113", "114", "115", "116", "117", "118", "119", "120", "121", "122", "123", "124", "125", "126", "127", "128", "129", "130", "131", "132", "133", "134", "135", "136", "137", "138", "139", "140", "141", "142"], "scores": [0.11908609420061111, 0.6869391798973083, 0.15479525923728943, 0.039179492741823196, 0.010489605367183685, 0.9757872819900513, 0.006719832308590412, 0.007003214210271835, 0.11972974985837936, 0.8434846997261047, 0.01153546292334795, 0.025250082835555077, 0.004115972202271223, 0.9886839985847473, 0.0045315781608223915, 0.002668423345312476, 0.08737864345312119, 0.7750617265701294, 0.1310134381055832, 0.006546160206198692, 0.03391118720173836, 0.8684974312782288, 0.08597432076931, 0.011617112904787064, 0.006889039650559425, 0.9717642068862915, 0.016886882483959198, 0.004459876101464033, 0.04960262030363083, 0.7791167497634888, 0.16553720831871033, 0.005743435584008694, 0.08138763159513474, 0.8314223289489746, 0.06140889227390289, 0.02578115463256836, 0.6234307289123535, 0.2956658601760864, 0.06132001057267189, 0.01958346553146839, 0.20285305380821228, 0.5047028064727783, 0.2591228783130646, 0.033321212977170944, 0.8025107383728027, 0.01544429175555706, 0.14338716864585876, 0.03865782544016838, 0.5174435377120972, 0.06339897215366364, 0.36601966619491577, 0.053137797862291336, 0.7998487949371338, 0.07443219423294067, 0.09589523077011108, 0.029823802411556244, 0.4952514171600342, 0.12253168970346451, 0.31288254261016846, 0.06933433562517166, 0.2654372751712799, 0.05812298133969307, 0.5072692632675171, 0.16917048394680023, 0.20040829479694366, 0.04852539300918579, 0.48473384976387024, 0.2663324177265167, 0.6793990731239319, 0.1687294840812683, 0.023820044472813606, 0.12805147469043732, 0.21281777322292328, 0.58537358045578, 0.10021550208330154, 0.10159314423799515, 0.9737046957015991, 0.00543900765478611, 0.014711652882397175, 0.006144627928733826, 0.003784282598644495, 0.9858848452568054, 0.0073094903491437435, 0.0030214672442525625, 0.003980457317084074, 0.9836950302124023, 0.007293807342648506, 0.005030730739235878, 0.9274218082427979, 0.047898437827825546, 0.01792546547949314, 0.0067544118501245975, 0.027631020173430443, 0.014007695019245148, 0.9496991634368896, 0.008662113919854164, 0.05716006085276604, 0.011804507113993168, 0.9223631620407104, 0.008672297932207584, 0.010182801634073257, 0.7588126063346863, 0.22532688081264496, 0.005677768960595131, 0.0030773913022130728, 0.978498637676239, 0.014775598421692848, 0.0036484505981206894, 0.011118235997855663, 0.9036028385162354, 0.06677786260843277, 0.018501071259379387, 0.09190220385789871, 0.023449404165148735, 0.8210139274597168, 0.063634492456913, 0.4063083231449127, 0.09989844262599945, 0.4339505732059479, 0.05984269827604294, 0.8921023607254028, 0.028357550501823425, 0.06016521528363228, 0.019374903291463852, 0.24092668294906616, 0.7372708320617676, 0.015475627966225147, 0.006326915696263313, 0.005389336962252855, 0.024989336729049683, 0.9357064366340637, 0.03391484543681145, 0.005555540323257446, 0.04025350883603096, 0.9229555130004883, 0.031235387548804283, 0.0060801636427640915, 0.05139978975057602, 0.9206339716911316, 0.021886032074689865, 0.12969879806041718, 0.6047184467315674, 0.2492314875125885, 0.01635129190981388, 0.004419879987835884, 0.9676626920700073, 0.02425249293446541, 0.0036649431567639112, 0.6272645592689514, 0.07011307775974274, 0.28731292486190796, 0.015309462323784828, 0.5644879937171936, 0.09269406646490097, 0.29890015721321106, 0.043917760252952576, 0.8249831795692444, 0.03766725957393646, 0.10623140633106232, 0.031118152663111687, 0.6923155784606934, 0.033504605293273926, 0.24582138657569885, 0.02835836447775364, 0.8575633764266968, 0.03088592179119587, 0.10077634453773499, 0.010774374939501286, 0.7602454423904419, 0.22224712371826172, 0.010461971163749695, 0.007045491132885218, 0.7483686208724976, 0.1663033366203308, 0.06744357943534851, 0.017884522676467896, 0.2747223973274231, 0.5757790803909302, 0.12570498883724213, 0.0237935408949852, 0.06961134076118469, 0.09750882536172867, 0.7514315843582153, 0.08144824951887131, 0.15387965738773346, 0.22330234944820404, 0.5887943506240845, 0.034023627638816833, 0.6883874535560608, 0.2615249454975128, 0.04116005450487137, 0.008927522227168083, 0.38854268193244934, 0.1837996393442154, 0.4061228930950165, 0.021534759551286697, 0.04028240963816643, 0.929524302482605, 0.0225063469260931, 0.00768700148910284, 0.5063557028770447, 0.344882607460022, 0.10439369082450867, 0.04436798393726349, 0.25956660509109497, 0.719129741191864, 0.014764557592570782, 0.006539076566696167, 0.02330600470304489, 0.9377601742744446, 0.03413423150777817, 0.004799550399184227, 0.2511651813983917, 0.03921233490109444, 0.6543350219726562, 0.055287472903728485, 0.22852100431919098, 0.14013871550559998, 0.6194156408309937, 0.011924657970666885, 0.013374660164117813, 0.9222120046615601, 0.060055650770664215, 0.004357772879302502, 0.6977849006652832, 0.02204393595457077, 0.22066952288150787, 0.059501614421606064, 0.028252966701984406, 0.9111068248748779, 0.054654739797115326, 0.005985458381474018, 0.5196869373321533, 0.014174130745232105, 0.452693909406662, 0.013444965705275536, 0.7586474418640137, 0.01253428589552641, 0.21882067620754242, 0.009997627697885036, 0.8425570726394653, 0.02231573686003685, 0.1287391483783722, 0.00638798251748085, 0.10484157502651215, 0.8709104657173157, 0.010077564977109432, 0.014170399866998196, 0.12566286325454712, 0.3985437750816345, 0.04037937894463539, 0.43541401624679565, 0.18521302938461304, 0.32918480038642883, 0.32424068450927734, 0.16136154532432556, 0.335695743560791, 0.20625823736190796, 0.26938220858573914, 0.1886637806892395, 0.017889687791466713, 0.13692469894886017, 0.830514132976532, 0.014671478420495987, 0.8478808999061584, 0.05145799368619919, 0.06937385350465775, 0.0312872938811779, 0.8544343113899231, 0.014183254912495613, 0.08448439836502075, 0.04689807817339897, 0.655359148979187, 0.07118868082761765, 0.21761025488376617, 0.05584196746349335, 0.07465758174657822, 0.03420175611972809, 0.8793890476226807, 0.011751605197787285, 0.2986414432525635, 0.4743214249610901, 0.17864082753658295, 0.0483962707221508, 0.7874165773391724, 0.05215856060385704, 0.10519465059041977, 0.05523023009300232, 0.773014485836029, 0.08708209544420242, 0.1254347264766693, 0.01446860283613205, 0.887256920337677, 0.05510907247662544, 0.048108235001564026, 0.00952579639852047, 0.08611368387937546, 0.11773285269737244, 0.7371257543563843, 0.05902770161628723, 0.3613423705101013, 0.2601449489593506, 0.3185942769050598, 0.059918392449617386, 0.9365980625152588, 0.04310574382543564, 0.012960866093635559, 0.0073353140614926815, 0.059443600475788116, 0.8625869154930115, 0.05677970126271248, 0.02118975669145584, 0.5680986642837524, 0.037622008472681046, 