{"metrics": {"ACC": 48.25174825174825, "F1": 36.338197374589775}, "predictions": [1, 1, 1, 1, 1, 1, 1, 1, 1, 0, 1, 0, 0, 0, 0, 2, 2, 0, 1, 0, 1, 1, 0, 2, 2, 1, 1, 1, 2, 0, 0, 1, 2, 2, 2, 1, 1, 0, 0, 0, 0, 0, 0, 0, 1, 2, 2, 0, 2, 1, 1, 1, 1, 2, 2, 1, 0, 1, 0, 0, 0, 1, 3, 1, 1, 2, 0, 0, 0, 2, 1, 0, 0, 0, 2, 0, 0, 1, 0, 1, 1, 0, 2, 1, 1, 1, 1, 1, 1, 1, 2, 2, 2, 1, 2, 2, 0, 0, 2, 2, 0, 2, 1, 1, 1, 1, 0, 1, 1, 0, 0, 1, 1, 0, 1, 1, 0, 1, 1, 1, 0, 0, 1, 2, 2, 2, 2, 1, 0, 1, 1, 2, 0, 0, 0, 0, 2, 0, 0, 1, 1, 0, 1], "uids": ["0", "1", "2", "3", "4", "5", "6", "7", "8", "9", "10", "11", "12", "13", "14", "15", "16", "17", "18", "19", "20", "21", "22", "23", "24", "25", "26", "27", "28", "29", "30", "31", "32", "33", "34", "35", "36", "37", "38", "39", "40", "41", "42", "43", "44", "45", "46", "47", "48", "49", "50", "51", "52", "53", "54", "55", "56", "57", "58", "59", "60", "61", "62", "63", "64", "65", "66", "67", "68", "69", "70", "71", "72", "73", "74", "75", "76", "77", "78", "79", "80", "81", "82", "83", "84", "85", "86", "87", "88", "89", "90", "91", "92", "93", "94", "95", "96", "97", "98", "99", "100", "101", "102", "103", "104", "105", "106", "107", "108", "109", "110", "111", "112", "113", "114", "115", "116", "117", "118", "119", "120", "121", "122", "123", "124", "125", "126", "127", "128", "129", "130", "131", "132", "133", "134", "135", "136", "137", "138", "139", "140", "141", "142"], "scores": [0.10448653250932693, 0.7349754571914673, 0.1142292469739914, 0.046308811753988266, 0.00768536701798439, 0.9829134345054626, 0.003829598892480135, 0.005571645684540272, 0.08031023293733597, 0.8901141881942749, 0.005982135888189077, 0.023593416437506676, 0.0021392754279077053, 0.9934206604957581, 0.002404536586254835, 0.0020356622990220785, 0.06365549564361572, 0.8794162273406982, 0.05251061171293259, 0.004417703952640295, 0.016431458294391632, 0.9518600106239319, 0.024759141728281975, 0.006949353497475386, 0.0053291465155780315, 0.9748274087905884, 0.015678349882364273, 0.004165165591984987, 0.0361248254776001, 0.6525211334228516, 0.3031950891017914, 0.008159073069691658, 0.04917680099606514, 0.893963634967804, 0.03583719953894615, 0.02102234587073326, 0.6141943335533142, 0.3345920443534851, 0.03314131125807762, 0.018072333186864853, 0.08031807094812393, 0.7695930600166321, 0.11780498921871185, 0.03228386864066124, 0.8276512622833252, 0.01078969705849886, 0.11713973432779312, 0.044419411569833755, 0.48868224024772644, 0.06087838485836983, 0.3926312327384949, 0.05780814588069916, 0.8239367604255676, 0.0620005764067173, 0.0847838893532753, 0.029278773814439774, 0.6329486966133118, 0.09792640805244446, 0.20494885742664337, 0.06417606770992279, 0.30484122037887573, 0.07092076539993286, 0.4359506070613861, 0.1882873773574829, 0.18688075244426727, 0.05240174010396004, 0.42264533042907715, 0.33807215094566345, 0.6818637847900391, 0.18134805560112, 0.011539001017808914, 0.12524916231632233, 0.07295235991477966, 0.7422402501106262, 0.12010163813829422, 0.06470564752817154, 0.9821096658706665, 0.003286169609054923, 0.009706546552479267, 0.004897525068372488, 0.00238085282035172, 0.9911323189735413, 0.004234428517520428, 0.0022523680236190557, 0.002251164522022009, 0.9902668595314026, 0.003796630771830678, 0.00368536077439785, 0.9531258940696716, 0.030879391357302666, 0.010317375883460045, 0.0056772856041789055, 0.018538320437073708, 0.008657164871692657, 0.9656291604042053, 0.007175398990511894, 0.04188534617424011, 0.008011745288968086, 0.9425659775733948, 0.007536961231380701, 0.007331987842917442, 0.7834063768386841, 0.20421917736530304, 0.00504250917583704, 0.0017856208141893148, 0.9865419864654541, 0.008880304172635078, 0.0027920263819396496, 0.005993283819407225, 0.9438673853874207, 0.0359349325299263, 0.014204452745616436, 0.08117891848087311, 0.022702248767018318, 0.8182121515274048, 0.07790662348270416, 0.48593175411224365, 0.10819530487060547, 0.3276353180408478, 0.07823765277862549, 0.930374801158905, 0.019747605547308922, 0.03238169848918915, 0.017495837062597275, 0.20586226880550385, 0.7798428535461426, 0.009264846332371235, 0.005030070897191763, 0.003149914089590311, 0.017823360860347748, 0.9540854096412659, 0.024941321462392807, 0.003392864251509309, 0.03700471669435501, 0.9343721270561218, 0.025230253115296364, 0.003632903564721346, 0.0491156242787838, 0.9306071400642395, 0.01664428412914276, 0.08758357912302017, 0.6342518329620361, 0.2638312578201294, 0.014333229511976242, 0.0029329475946724415, 0.9729262590408325, 0.021172234788537025, 0.0029685236513614655, 0.7473846077919006, 0.07191018760204315, 0.16974468529224396, 0.010960620827972889, 0.645435631275177, 0.0914987176656723, 0.22006651759147644, 0.042999133467674255, 0.8829845786094666, 0.026027068495750427, 0.06343729048967361, 0.027550920844078064, 0.7538747787475586, 0.024455158039927483, 0.1949426233768463, 0.026727447286248207, 0.8774533867835999, 0.024934427812695503, 0.08683423697948456, 0.010777991265058517, 0.6827713251113892, 0.30577102303504944, 0.004824731033295393, 0.006632917560636997, 0.7651866674423218, 0.162173792719841, 0.05454473942518234, 0.018094796687364578, 0.31808575987815857, 0.5528424978256226, 0.10419350117444992, 0.024878233671188354, 0.05534027889370918, 0.0728132501244545, 0.7410385012626648, 0.13080793619155884, 0.09678728133440018, 0.184114009141922, 0.6752139329910278, 0.04388478025794029, 0.7616806626319885, 0.19558970630168915, 0.032404493540525436, 0.01032504066824913, 0.2009955793619156, 0.2376071959733963, 0.5375842452049255, 0.02381295897066593, 0.01570243388414383, 0.9698787927627563, 0.008785025216639042, 0.005633695051074028, 0.40469813346862793, 0.4511944353580475, 0.08519178628921509, 0.05891568958759308, 0.3003695607185364, 0.6826145052909851, 0.011732000857591629, 0.005283938255161047, 0.01757780835032463, 0.9483919143676758, 0.029334034770727158, 0.004696245770901442, 0.2570219337940216, 0.020614149048924446, 0.6595932841300964, 0.06277059763669968, 0.27761465311050415, 0.16078238189220428, 0.5510321855545044, 0.010570796206593513, 0.006891136523336172, 0.9583688378334045, 0.03142505884170532, 0.0033149346709251404, 0.7383625507354736, 0.012039415538311005, 0.19044527411460876, 0.05915277078747749, 0.015516813844442368, 0.9468545913696289, 0.03318392485380173, 0.00444469228386879, 0.6017452478408813, 0.020361680537462234, 0.366319477558136, 0.011573649942874908, 0.8715878129005432, 0.012014617212116718, 0.10948965698480606, 0.006907917093485594, 0.9264997839927673, 0.0207750853151083, 0.04852732643485069, 0.004197817295789719, 0.04706425592303276, 0.9421086311340332, 0.0038230447098612785, 0.007003954611718655, 0.07698484510183334, 0.3992587924003601, 0.02677181363105774, 0.4969845414161682, 0.07994705438613892, 0.6740949749946594, 0.1436215043067932, 0.10233649611473083, 0.199707493185997, 0.46147415041923523, 0.16830304265022278, 0.17051531374454498, 0.010198678821325302, 0.096467524766922, 0.8813847899436951, 0.011949006468057632, 0.9087792634963989, 0.035189904272556305, 0.026989201083779335, 0.029041646048426628, 0.9107210636138916, 0.007371727377176285, 0.037876810878515244, 0.044030413031578064, 0.7138897776603699, 0.03388708084821701, 0.1773560345172882, 0.07486715167760849, 0.05815781280398369, 0.06254424154758453, 0.8616349101066589, 0.017662914469838142, 0.290502667427063, 0.5992512702941895, 0.07353829592466354, 0.03670786693692207, 0.8879854679107666, 0.03231031820178032, 0.043436504900455475, 0.036267634481191635, 0.7405644059181213, 0.15328466892242432, 0.08995316177606583, 0.016197780147194862, 0.9000692963600159, 0.06375657767057419, 0.025361496955156326, 0.01081259548664093, 0.0630565956234932, 0.148984894156456, 0.7287344932556152, 0.05922394618391991, 0.32726553082466125, 0.32345810532569885, 0.293600469827652, 0.05567596107721329, 0.9303752779960632, 0.05259428545832634, 0.009465089067816734, 0.007565188687294722, 0.028961654752492905, 0.9227087497711182, 0.03272220119833946, 0.015607386827468872, 0.6911183595657349, 