{"metrics": {"ACC": 49.65034965034965, "F1": 37.240242921358515}, "predictions": [1, 1, 1, 1, 1, 1, 1, 1, 1, 0, 1, 0, 0, 0, 0, 2, 2, 0, 1, 0, 1, 1, 0, 2, 2, 1, 1, 1, 2, 2, 0, 1, 2, 2, 2, 1, 1, 0, 0, 0, 0, 0, 0, 0, 1, 2, 2, 0, 2, 1, 0, 1, 1, 2, 2, 1, 0, 1, 0, 0, 0, 1, 1, 1, 1, 2, 0, 0, 0, 2, 0, 0, 0, 0, 2, 2, 0, 1, 0, 1, 1, 0, 2, 1, 1, 1, 0, 0, 1, 1, 2, 2, 2, 1, 2, 2, 0, 2, 2, 2, 2, 0, 1, 1, 1, 1, 0, 1, 1, 0, 0, 1, 1, 0, 1, 1, 0, 1, 1, 0, 0, 0, 2, 2, 2, 2, 2, 1, 0, 1, 1, 2, 0, 0, 0, 0, 2, 0, 0, 1, 1, 0, 1], "uids": ["0", "1", "2", "3", "4", "5", "6", "7", "8", "9", "10", "11", "12", "13", "14", "15", "16", "17", "18", "19", "20", "21", "22", "23", "24", "25", "26", "27", "28", "29", "30", "31", "32", "33", "34", "35", "36", "37", "38", "39", "40", "41", "42", "43", "44", "45", "46", "47", "48", "49", "50", "51", "52", "53", "54", "55", "56", "57", "58", "59", "60", "61", "62", "63", "64", "65", "66", "67", "68", "69", "70", "71", "72", "73", "74", "75", "76", "77", "78", "79", "80", "81", "82", "83", "84", "85", "86", "87", "88", "89", "90", "91", "92", "93", "94", "95", "96", "97", "98", "99", "100", "101", "102", "103", "104", "105", "106", "107", "108", "109", "110", "111", "112", "113", "114", "115", "116", "117", "118", "119", "120", "121", "122", "123", "124", "125", "126", "127", "128", "129", "130", "131", "132", "133", "134", "135", "136", "137", "138", "139", "140", "141", "142"], "scores": [0.1263454407453537, 0.7129690051078796, 0.13189443945884705, 0.028791075572371483, 0.01692390814423561, 0.964391827583313, 0.01055346243083477, 0.008130714297294617, 0.151167094707489, 0.8037843108177185, 0.017785953357815742, 0.02726268768310547, 0.007051750551909208, 0.9830031991004944, 0.006720968056470156, 0.0032242126762866974, 0.1036965399980545, 0.7182278037071228, 0.16990239918231964, 0.00817321427166462, 0.04992707446217537, 0.816581666469574, 0.12313752621412277, 0.010353733785450459, 0.015708761289715767, 0.9191563725471497, 0.05565554276108742, 0.009479338303208351, 0.046223245561122894, 0.6508399248123169, 0.2950107455253601, 0.007926031947135925, 0.11757413297891617, 0.7734784483909607, 0.07675129175186157, 0.03219618275761604, 0.5912802815437317, 0.29423636198043823, 0.08893527835607529, 0.02554813027381897, 0.20487625896930695, 0.524104118347168, 0.24034355580806732, 0.030676046386361122, 0.7199481725692749, 0.024484820663928986, 0.21441389620304108, 0.04115312546491623, 0.4816097915172577, 0.07528119534254074, 0.40090590715408325, 0.04220318794250488, 0.729302167892456, 0.10570675879716873, 0.12945976853370667, 0.035531383007764816, 0.39070072770118713, 0.15935766696929932, 0.3634420931339264, 0.08649945259094238, 0.24856938421726227, 0.08018895238637924, 0.4899926781654358, 0.1812490075826645, 0.2249465435743332, 0.08063456416130066, 0.3895290493965149, 0.3048897981643677, 0.6136354207992554, 0.27892395853996277, 0.024273065850138664, 0.08316756784915924, 0.30948540568351746, 0.3683370053768158, 0.17767705023288727, 0.1445005238056183, 0.9536372423171997, 0.008633636869490147, 0.028912588953971863, 0.008816573768854141, 0.005811234936118126, 0.9769458174705505, 0.0132266441360116, 0.004016252234578133, 0.005853796377778053, 0.9765604138374329, 0.011251799762248993, 0.0063340733759105206, 0.8809976577758789, 0.08373275399208069, 0.027010103687644005, 0.008259542286396027, 0.03972825035452843, 0.03061770275235176, 0.9175601005554199, 0.012093862518668175, 0.0698622465133667, 0.02067376673221588, 0.8987696170806885, 0.010694295167922974, 0.01788465678691864, 0.6644165515899658, 0.31040892004966736, 0.007289836183190346, 0.0057893916964530945, 0.9615128040313721, 0.028081504628062248, 0.004616297781467438, 0.019320551306009293, 0.8550847768783569, 0.10626683384180069, 0.01932784728705883, 0.13494503498077393, 0.03817085921764374, 0.7827088236808777, 0.04417535290122032, 0.39341381192207336, 0.09094313532114029, 0.4746303856372833, 0.04101258143782616, 0.8224205374717712, 0.03876833990216255, 0.11991004645824432, 0.018901033326983452, 0.2877548933029175, 0.6763995885848999, 0.02827436290681362, 0.007571191526949406, 0.006984786130487919, 0.026344500482082367, 0.9362097382545471, 0.030460990965366364, 0.007393134757876396, 0.032893821597099304, 0.93111252784729, 0.028600582852959633, 0.008484302088618279, 0.04741351678967476, 0.9238185882568359, 0.02028360776603222, 0.16511201858520508, 0.5156899094581604, 0.29926517605781555, 0.01993292197585106, 0.007148623466491699, 0.9429131746292114, 0.04469684138894081, 0.005241254810243845, 0.5397903919219971, 0.08260202407836914, 0.35676366090774536, 0.02084394171833992, 0.5212629437446594, 0.14110417664051056, 0.29791104793548584, 0.03972182050347328, 0.7490533590316772, 0.05807098001241684, 0.15910539031028748, 0.03377019241452217, 0.642858624458313, 0.05251757428050041, 0.275440514087677, 0.02918333001434803, 0.78538578748703, 0.04940684512257576, 0.15146508812904358, 0.013742353767156601, 0.6814555525779724, 0.2920633852481842, 0.017294880002737045, 0.009186213836073875, 0.7488581538200378, 0.1462908834218979, 0.08031133562326431, 0.024539591744542122, 0.3325403332710266, 0.5323044657707214, 0.1104026585817337, 0.02475261315703392, 0.08367374539375305, 0.10498286038637161, 0.7516889572143555, 0.059654444456100464, 0.1565263718366623, 0.2319975346326828, 0.5785968899726868, 0.03287922218441963, 0.666407585144043, 0.22807759046554565, 0.09095139801502228, 0.0145634850487113, 0.3670170307159424, 0.2183329313993454, 0.3953295350074768, 0.019320590421557426, 0.05909562110900879, 0.8966120481491089, 0.035527605563402176, 0.008764744736254215, 0.47272759675979614, 0.4019044041633606, 0.09129178524017334, 0.03407616540789604, 0.3036978244781494, 0.6683912873268127, 0.020312681794166565, 0.007598231080919504, 0.06076978147029877, 0.8310997486114502, 0.10064349323511124, 0.007487009279429913, 0.3153873085975647, 0.07291468232870102, 0.5730061531066895, 0.03869185969233513, 0.2841517925262451, 0.2239552140235901, 0.48147937655448914, 0.010413600131869316, 0.023258531466126442, 0.9044428467750549, 0.06738892942667007, 0.004909717943519354, 0.6942171454429626, 0.04061724245548248, 0.21511977910995483, 0.05004582926630974, 0.03811443969607353, 0.881196916103363, 0.0734517052769661, 0.007236909586936235, 0.4925207197666168, 0.02505277842283249, 0.46749648451805115, 0.014930026605725288, 0.7304083704948425, 0.022428343072533607, 0.23561261594295502, 0.011550732888281345, 0.7737157344818115, 0.032905180007219315, 0.18435832858085632, 0.009020816534757614, 0.0933210551738739, 0.8719263672828674, 0.01620122417807579, 0.018551373854279518, 0.12058604508638382, 0.4369144141674042, 0.053649649024009705, 0.3888498842716217, 0.13672277331352234, 0.5487847924232483, 0.21205200254917145, 0.10244043171405792, 0.29009801149368286, 0.38581910729408264, 0.1951480209827423, 0.1289348155260086, 0.024602556601166725, 0.17253273725509644, 0.7874048948287964, 0.015459843911230564, 0.7873395085334778, 0.08451351523399353, 0.09304961562156677, 0.03509743511676788, 0.8387079834938049, 0.02269059792160988, 0.09507287293672562, 0.043528519570827484, 0.6842083930969238, 0.10173645615577698, 0.17496870458126068, 0.039086371660232544, 0.1300942748785019, 0.06376709043979645, 0.7865647673606873, 0.019573841243982315, 0.34885650873184204, 0.3471234440803528, 0.25408804416656494, 0.04993203654885292, 0.7770575284957886, 0.05249759554862976, 0.11544626951217651, 0.05499853938817978, 0.6961191296577454, 0.13928519189357758, 0.14545390009880066, 0.019141769036650658, 0.867404043674469, 0.07128456234931946, 0.04766803979873657, 0.013643388636410236, 0.09340349584817886, 0.15474341809749603, 0.7052735090255737, 0.046579569578170776, 0.26156288385391235, 0.299917072057724, 0.37319305539131165, 0.06532704830169678, 0.860438346862793, 0.09082217514514923, 0.03880913555622101, 0.009930376894772053, 0.0670677050948143, 0.8070968389511108, 0.10044042021036148, 0.025395072996616364, 0.5462408661842346, 0.05529232695698738, 0.3582801818847656, 