{"metrics": {"ACC": 44.75524475524475, "F1": 32.67921146953405}, "predictions": [0, 0, 3, 0, 3, 3, 1, 1, 0, 1, 1, 0, 4, 0, 3, 3, 3, 0, 1, 0, 1, 0, 0, 1, 1, 0, 0, 0, 0, 0, 0, 0, 0, 0, 0, 0, 1, 3, 3, 0, 0, 3, 3, 1, 3, 1, 0, 3, 0, 0, 0, 0, 0, 1, 3, 0, 3, 0, 3, 0, 0, 3, 3, 4, 1, 1, 3, 3, 3, 0, 0, 0, 3, 3, 3, 3, 0, 3, 3, 3, 3, 0, 0, 0, 0, 0, 0, 0, 4, 4, 4, 1, 0, 0, 1, 3, 0, 3, 3, 1, 3, 0, 0, 0, 3, 3, 3, 3, 0, 0, 0, 0, 0, 1, 0, 0, 0, 0, 1, 3, 0, 0, 1, 0, 0, 1, 0, 0, 1, 3, 1, 1, 0, 3, 3, 1, 0, 0, 1, 0, 0, 1, 0], "uids": ["0", "1", "2", "3", "4", "5", "6", "7", "8", "9", "10", "11", "12", "13", "14", "15", "16", "17", "18", "19", "20", "21", "22", "23", "24", "25", "26", "27", "28", "29", "30", "31", "32", "33", "34", "35", "36", "37", "38", "39", "40", "41", "42", "43", "44", "45", "46", "47", "48", "49", "50", "51", "52", "53", "54", "55", "56", "57", "58", "59", "60", "61", "62", "63", "64", "65", "66", "67", "68", "69", "70", "71", "72", "73", "74", "75", "76", "77", "78", "79", "80", "81", "82", "83", "84", "85", "86", "87", "88", "89", "90", "91", "92", "93", "94", "95", "96", "97", "98", "99", "100", "101", "102", "103", "104", "105", "106", "107", "108", "109", "110", "111", "112", "113", "114", "115", "116", "117", "118", "119", "120", "121", "122", "123", "124", "125", "126", "127", "128", "129", "130", "131", "132", "133", "134", "135", "136", "137", "138", "139", "140", "141", "142"], "scores": [0.35605451464653015, 0.2656955122947693, 0.050249580293893814, 0.15546686947345734, 0.17253351211547852, 0.5269923210144043, 0.10606488585472107, 0.05968961492180824, 0.10242994129657745, 0.20482324063777924, 0.19979998469352722, 0.042491715401411057, 0.08085859566926956, 0.5451321601867676, 0.13171754777431488, 0.34653955698013306, 0.0973544716835022, 0.060865916311740875, 0.29892897605895996, 0.1963111311197281, 0.16299991309642792, 0.10570613294839859, 0.1807379275560379, 0.3782503306865692, 0.17230573296546936, 0.2526409327983856, 0.15081481635570526, 0.10511951148509979, 0.3227653503417969, 0.16865940392017365, 0.11147167533636093, 0.8116689920425415, 0.015476137399673462, 0.018707478418946266, 0.04267570748925209, 0.07205918431282043, 0.8713365793228149, 0.017419971525669098, 0.01544609572738409, 0.023738251999020576, 0.4392384886741638, 0.08177348971366882, 0.055590853095054626, 0.26882657408714294, 0.15457065403461456, 0.16258370876312256, 0.28986281156539917, 0.1269499808549881, 0.27503180503845215, 0.14557167887687683, 0.208974689245224, 0.24534429609775543, 0.07412520051002502, 0.23765549063682556, 0.2339002788066864, 0.3790135979652405, 0.24025197327136993, 0.04936682805418968, 0.08402708917856216, 0.24734045565128326, 0.22368000447750092, 0.1372356116771698, 0.06892301887273788, 0.09739627689123154, 0.47276511788368225, 0.36307060718536377, 0.22861622273921967, 0.05515904724597931, 0.10460279136896133, 0.24855132400989532, 0.2677794098854065, 0.1489572674036026, 0.06532584875822067, 0.2680691182613373, 0.24986836314201355, 0.1380372792482376, 0.05457086116075516, 0.07369181513786316, 0.3769546151161194, 0.3567453920841217, 0.1336563378572464, 0.05431953817605972, 0.07101459801197052, 0.3948257565498352, 0.34618380665779114, 0.6152340173721313, 0.09771448373794556, 0.04448016360402107, 0.1544824242591858, 0.08808889240026474, 0.0907396674156189, 0.839434027671814, 0.013099350035190582, 0.03713665157556534, 0.019590318202972412, 0.8596475124359131, 0.030800413340330124, 0.026732616126537323, 0.06053802743554115, 0.022281520068645477, 0.11359886825084686, 0.7897664904594421, 0.0202526543289423, 0.032464589923620224, 0.04391743987798691, 0.5705685019493103, 0.12887480854988098, 0.05222661420702934, 0.09954916685819626, 0.14878083765506744, 0.41052326560020447, 0.1684003621339798, 0.07308647036552429, 0.26072046160697937, 0.08726946264505386, 0.04996483772993088, 0.7770102620124817, 0.052337341010570526, 0.08259592205286026, 0.03809167444705963, 0.17818279564380646, 0.2943289577960968, 0.14872300624847412, 0.28147369623184204, 0.09729155153036118, 0.6289750337600708, 0.19586902856826782, 0.06818759441375732, 0.06029019504785538, 0.04667821153998375, 0.5689442753791809, 0.27542051672935486, 0.048158951103687286, 0.051741182804107666, 0.055734992027282715, 0.7979867458343506, 0.04156802222132683, 0.032621193677186966, 0.04554055631160736, 0.08228351175785065, 0.4219531714916229, 0.035551294684410095, 0.14440859854221344, 0.22144435346126556, 0.17664261162281036, 0.4077165424823761, 0.05541817471385002, 0.16966158151626587, 0.2588205337524414, 0.10838311910629272, 0.8854838013648987, 0.027220023795962334, 0.016376053914427757, 0.027874965220689774, 0.043045125901699066, 0.7480136156082153, 0.09761346131563187, 0.03174211084842682, 0.0636298656463623, 0.05900092422962189, 0.6293869018554688, 0.09774883091449738, 0.07270000129938126, 0.0279373936355114, 0.17222678661346436, 0.571544349193573, 0.16008244454860687, 0.07543834298849106, 0.03253127261996269, 0.16040371358394623, 0.7753251791000366, 0.053996674716472626, 0.05521881580352783, 0.02351173385977745, 0.09194765985012054, 0.839460015296936, 0.07723613828420639, 0.018812105059623718, 0.021480618044734, 0.0430111289024353, 0.107081837952137, 0.8109400272369385, 0.020148882642388344, 0.020767411217093468, 0.04106185957789421, 0.10311926901340485, 0.05800681561231613, 0.15418583154678345, 0.5812320113182068, 0.10345606505870819, 0.30291038751602173, 0.16998133063316345, 0.06922957301139832, 0.37385833263397217, 0.08402044326066971, 0.5890073776245117, 0.16588586568832397, 0.06074776500463486, 0.10520537942647934, 0.0791536271572113, 0.7174146771430969, 0.08959560841321945, 0.046905480325222015, 0.09812059998512268, 0.04796357452869415, 0.10371430218219757, 0.10548621416091919, 0.12519221007823944, 0.5846695899963379, 0.0809377059340477, 0.1018672063946724, 0.12780162692070007, 0.10788141191005707, 0.5537142157554626, 0.10873553156852722, 0.06450654566287994, 0.4272148609161377, 0.12088581174612045, 0.33915460109710693, 0.04823816195130348, 0.09376190602779388, 0.1793656349182129, 0.18867051601409912, 0.4416150152683258, 0.09658684581518173, 0.27342021465301514, 0.29589733481407166, 0.11188846081495285, 0.18482236564159393, 0.13397161662578583, 0.3931145668029785, 0.15213018655776978, 0.12909287214279175, 0.21658335626125336, 0.10907905548810959, 0.11364787071943283, 0.2723208963871002, 0.0650193840265274, 0.3476389944553375, 0.2013729214668274, 0.8366800546646118, 0.05984465777873993, 0.021809320896863937, 0.02224438264966011, 0.05942157283425331, 0.35936689376831055, 0.18798360228538513, 0.06616785377264023, 0.27260640263557434, 0.11387527734041214, 0.3402561545372009, 0.1946512758731842, 0.06861061602830887, 0.2899155616760254, 0.10656639188528061, 0.8304062485694885, 0.038767676800489426, 0.033719632774591446, 0.05342209339141846, 0.04368429630994797, 0.4264792501926422, 0.20615774393081665, 0.08196716010570526, 0.2077663242816925, 0.0776294469833374, 0.13961750268936157, 0.4001901149749756, 0.08626798540353775, 0.25182440876960754, 0.12209996581077576, 0.17748475074768066, 0.2046329230070114, 0.13456451892852783, 0.38723957538604736, 0.0960782915353775, 0.39575961232185364, 0.19625791907310486, 0.10316767543554306, 0.1686379611492157, 0.13617677986621857, 0.16791270673274994, 0.2921226918697357, 0.05375746265053749, 0.30961936712265015, 0.17658774554729462, 0.7011541724205017, 0.10108660161495209, 0.06625515967607498, 0.06514305621385574, 0.06636099517345428, 0.30411210656166077, 0.04731091856956482, 0.07728441059589386, 0.4827795922756195, 0.08851293474435806, 0.49114343523979187, 0.02743237279355526, 0.06553970277309418, 0.3499947488307953, 0.06588973850011826, 0.48190614581108093, 0.029291534796357155, 0.05926642194390297, 0.3786296248435974, 0.050906237214803696, 0.13693971931934357, 0.04370315000414848, 0.07314422726631165, 0.47799497842788696, 0.26821792125701904, 0.1259128898382187, 0.06688890606164932, 0.08211372047662735, 0.553582489490509, 0.1715020090341568, 0.21295735239982605, 