{"metrics": {"ACC": 42.65734265734265, "F1": 23.780846178840893}, "predictions": [0, 0, 0, 0, 0, 0, 1, 1, 0, 0, 0, 0, 0, 0, 0, 0, 0, 0, 1, 0, 1, 0, 0, 1, 0, 0, 0, 0, 0, 0, 0, 0, 0, 0, 0, 0, 1, 0, 0, 0, 0, 0, 0, 1, 0, 0, 0, 1, 0, 0, 0, 0, 0, 0, 0, 0, 0, 0, 0, 0, 0, 0, 3, 0, 0, 1, 0, 0, 0, 0, 0, 0, 3, 3, 3, 3, 0, 0, 0, 0, 3, 0, 0, 0, 0, 0, 0, 0, 0, 0, 0, 0, 0, 0, 1, 1, 0, 0, 0, 0, 0, 0, 0, 0, 0, 0, 0, 0, 0, 0, 0, 0, 0, 0, 0, 0, 0, 0, 1, 0, 0, 0, 0, 0, 0, 1, 0, 0, 1, 1, 1, 1, 0, 0, 3, 1, 0, 0, 1, 1, 1, 1, 0], "uids": ["0", "1", "2", "3", "4", "5", "6", "7", "8", "9", "10", "11", "12", "13", "14", "15", "16", "17", "18", "19", "20", "21", "22", "23", "24", "25", "26", "27", "28", "29", "30", "31", "32", "33", "34", "35", "36", "37", "38", "39", "40", "41", "42", "43", "44", "45", "46", "47", "48", "49", "50", "51", "52", "53", "54", "55", "56", "57", "58", "59", "60", "61", "62", "63", "64", "65", "66", "67", "68", "69", "70", "71", "72", "73", "74", "75", "76", "77", "78", "79", "80", "81", "82", "83", "84", "85", "86", "87", "88", "89", "90", "91", "92", "93", "94", "95", "96", "97", "98", "99", "100", "101", "102", "103", "104", "105", "106", "107", "108", "109", "110", "111", "112", "113", "114", "115", "116", "117", "118", "119", "120", "121", "122", "123", "124", "125", "126", "127", "128", "129", "130", "131", "132", "133", "134", "135", "136", "137", "138", "139", "140", "141", "142"], "scores": [0.45214080810546875, 0.23963245749473572, 0.059408675879240036, 0.14179372787475586, 0.10702431946992874, 0.48662295937538147, 0.15757551789283752, 0.0821615532040596, 0.16068358719348907, 0.11295638233423233, 0.38145017623901367, 0.14364081621170044, 0.0768231526017189, 0.2680175304412842, 0.1300683617591858, 0.3007155656814575, 0.21766328811645508, 0.08551590889692307, 0.2712973356246948, 0.1248079240322113, 0.36047717928886414, 0.212568461894989, 0.10554317384958267, 0.2045782506465912, 0.1168329119682312, 0.34302616119384766, 0.2546858489513397, 0.10007298737764359, 0.19668816030025482, 0.105526864528656, 0.3312631845474243, 0.47326037287712097, 0.05277964472770691, 0.08219721913337708, 0.06049960106611252, 0.2652716338634491, 0.5175943374633789, 0.06214667111635208, 0.10015253722667694, 0.054834820330142975, 0.44638052582740784, 0.17843130230903625, 0.07209949940443039, 0.1906285434961319, 0.11246009171009064, 0.27204692363739014, 0.2685326039791107, 0.10573006421327591, 0.2467377483844757, 0.10695265233516693, 0.35556718707084656, 0.2420199066400528, 0.07434671372175217, 0.20846527814865112, 0.11960095912218094, 0.4461119472980499, 0.2761774957180023, 0.06543637812137604, 0.12100603431463242, 0.09126809239387512, 0.4395001232624054, 0.23093125224113464, 0.061056848615407944, 0.1387421190738678, 0.12976963818073273, 0.43379464745521545, 0.23997023701667786, 0.05926556512713432, 0.15748123824596405, 0.10948827117681503, 0.39145922660827637, 0.18217331171035767, 0.06899014860391617, 0.21204590797424316, 0.14533136785030365, 0.31718796491622925, 0.14941632747650146, 0.09113457798957825, 0.25483694672584534, 0.18742427229881287, 0.3175988495349884, 0.15252788364887238, 0.0905003696680069, 0.2513732612133026, 0.1879996657371521, 0.5681756734848022, 0.17885608971118927, 0.058562278747558594, 0.12533900141716003, 0.06906691938638687, 0.13921016454696655, 0.6932333707809448, 0.050572436302900314, 0.07425100356340408, 0.042733073234558105, 0.6741976141929626, 0.08894048631191254, 0.05178036168217659, 0.13993236422538757, 0.04514912888407707, 0.28273579478263855, 0.4769580364227295, 0.06113288179039955, 0.11440939456224442, 0.06476395577192307, 0.6381410956382751, 0.16378772258758545, 0.044022247195243835, 0.0892108902335167, 0.06483807414770126, 0.518487274646759, 0.23554925620555878, 0.06155438721179962, 0.12031450122594833, 0.06409456580877304, 0.23762662708759308, 0.3636692464351654, 0.11999654769897461, 0.1983368992805481, 0.08037073165178299, 0.36716389656066895, 0.2350299060344696, 0.11298955976963043, 0.19653992354869843, 0.08827676624059677, 0.5571954846382141, 0.2026005983352661, 0.05840299651026726, 0.11259111762046814, 0.06920985877513885, 0.4777517020702362, 0.25732919573783875, 0.06964111328125, 0.1254754364490509, 0.06980253010988235, 0.6322606205940247, 0.143483966588974, 0.04972497746348381, 0.09795717895030975, 0.07657326012849808, 0.5005886554718018, 0.08683376759290695, 0.10242970287799835, 0.1881193369626999, 0.12202855944633484, 0.4924946427345276, 0.12316890805959702, 0.10973687469959259, 0.18246273696422577, 0.09213679283857346, 0.7329521179199219, 0.09420257061719894, 0.03987095504999161, 0.07482107728719711, 0.058153290301561356, 0.6927105188369751, 0.13191716372966766, 0.03960175812244415, 0.08036156743764877, 0.055408913642168045, 0.5771825313568115, 0.09276089072227478, 0.08469822257757187, 0.08563106507062912, 0.15972726047039032, 0.5752038359642029, 0.09937967360019684, 0.0842965766787529, 0.08788216859102249, 0.1532377451658249, 0.629252016544342, 0.09395235776901245, 0.074534110724926, 0.07587255537509918, 0.12638892233371735, 0.6148982644081116, 0.20883892476558685, 0.042189955711364746, 0.07964233309030533, 0.05443056300282478, 0.3266882598400116, 0.48606792092323303, 0.05085984617471695, 0.08728792518377304, 0.04909604787826538, 0.41281622648239136, 0.13661211729049683, 0.10565386712551117, 0.23368772864341736, 0.11123013496398926, 0.47676822543144226, 0.17475850880146027, 0.062466565519571304, 0.18049630522727966, 0.105510413646698, 0.529775857925415, 0.1912960410118103, 0.05973917618393898, 0.13726043701171875, 0.08192851394414902, 0.5707216262817383, 0.16908222436904907, 0.055903494358062744, 0.12313547730445862, 0.08115721493959427, 0.3891807198524475, 0.1255430430173874, 0.07134079933166504, 0.30134040117263794, 0.11259502172470093, 0.3789471983909607, 0.16075262427330017, 0.08106940984725952, 0.2661629319190979, 0.11306776851415634, 0.1492026299238205, 0.4342135488986969, 0.13204942643642426, 0.18972407281398773, 0.09481034427881241, 0.24715279042720795, 0.2273661196231842, 0.16127172112464905, 0.21989861130714417, 0.14431069791316986, 0.431301087141037, 0.18933436274528503, 0.10970385372638702, 0.17177815735340118, 0.09788254648447037, 0.43406790494918823, 0.16777874529361725, 0.12275076657533646, 0.17503121495246887, 0.10037139058113098, 0.30950993299484253, 0.3384726047515869, 0.06735092401504517, 0.1837873011827469, 0.1008792370557785, 0.5763488411903381, 0.18018336594104767, 0.06281492859125137, 0.09263022989034653, 0.08802265673875809, 0.3877756893634796, 0.24589857459068298, 0.0714040994644165, 0.20721624791622162, 0.08770535886287689, 0.3742968738079071, 0.2568897604942322, 0.07446730136871338, 0.206563338637352, 0.08778277039527893, 0.7330309748649597, 0.1167731061577797, 0.035814788192510605, 0.06804729253053665, 0.046333786100149155, 0.5135874152183533, 0.2090909332036972, 0.0746268481016159, 0.1266884207725525, 0.07600639760494232, 0.4261315166950226, 0.29659605026245117, 0.06529300659894943, 0.13786935806274414, 0.07411012798547745, 0.46878692507743835, 0.19276946783065796, 0.07822272181510925, 0.18061035871505737, 0.07961051166057587, 0.44986623525619507, 0.22812344133853912, 0.07605913281440735, 0.16308097541332245, 0.08287019282579422, 0.4160541594028473, 0.20568324625492096, 0.06766396760940552, 0.1767703890800476, 0.13382822275161743, 0.6118104457855225, 0.15972217917442322, 0.059331875294446945, 0.09384078532457352, 0.07529470324516296, 0.38672903180122375, 0.13654810190200806, 0.08716679364442825, 0.30025261640548706, 0.08930350095033646, 0.4479019045829773, 0.09796600788831711, 0.085228830575943, 0.28753966093063354, 0.08136354386806488, 0.463151752948761, 0.09917652606964111, 0.08248210698366165, 0.27822479605674744, 0.07696478068828583, 0.3455326557159424, 0.10851717740297318, 0.0881623700261116, 0.29307034611701965, 0.1647174060344696, 0.30868735909461975, 0.1293361932039261, 0.09202083945274353, 0.3270535469055176, 0.14290206134319305, 0.3985229432582855, 0.21728713810443878, 