{"metrics": {"ACC": 46.15384615384615, "F1": 34.54492753623188}, "predictions": [0, 0, 3, 3, 3, 3, 1, 1, 0, 1, 1, 0, 4, 4, 4, 3, 3, 0, 1, 0, 1, 0, 0, 1, 1, 0, 1, 0, 0, 3, 0, 0, 0, 0, 0, 0, 1, 3, 3, 0, 0, 3, 3, 3, 3, 1, 0, 1, 0, 0, 0, 0, 0, 1, 3, 0, 1, 0, 3, 3, 3, 3, 3, 4, 1, 1, 3, 3, 3, 0, 4, 0, 3, 3, 3, 3, 0, 3, 3, 3, 3, 0, 0, 0, 0, 0, 0, 0, 4, 4, 4, 1, 0, 0, 0, 0, 0, 3, 3, 1, 3, 0, 0, 1, 3, 3, 3, 3, 0, 4, 0, 0, 0, 1, 0, 0, 0, 0, 1, 3, 0, 0, 1, 3, 0, 1, 0, 0, 1, 3, 1, 1, 0, 3, 3, 1, 0, 0, 1, 0, 3, 1, 0], "uids": ["0", "1", "2", "3", "4", "5", "6", "7", "8", "9", "10", "11", "12", "13", "14", "15", "16", "17", "18", "19", "20", "21", "22", "23", "24", "25", "26", "27", "28", "29", "30", "31", "32", "33", "34", "35", "36", "37", "38", "39", "40", "41", "42", "43", "44", "45", "46", "47", "48", "49", "50", "51", "52", "53", "54", "55", "56", "57", "58", "59", "60", "61", "62", "63", "64", "65", "66", "67", "68", "69", "70", "71", "72", "73", "74", "75", "76", "77", "78", "79", "80", "81", "82", "83", "84", "85", "86", "87", "88", "89", "90", "91", "92", "93", "94", "95", "96", "97", "98", "99", "100", "101", "102", "103", "104", "105", "106", "107", "108", "109", "110", "111", "112", "113", "114", "115", "116", "117", "118", "119", "120", "121", "122", "123", "124", "125", "126", "127", "128", "129", "130", "131", "132", "133", "134", "135", "136", "137", "138", "139", "140", "141", "142"], "scores": [0.32044774293899536, 0.29212358593940735, 0.05878588557243347, 0.13069063425064087, 0.19795218110084534, 0.5609769225120544, 0.08713049441576004, 0.05041259527206421, 0.07121476531028748, 0.23026521503925323, 0.17832110822200775, 0.030067862942814827, 0.07921553403139114, 0.5942096710205078, 0.11818578094244003, 0.2174743264913559, 0.0680169016122818, 0.05108654126524925, 0.5008919835090637, 0.16253025829792023, 0.1100008487701416, 0.08543524146080017, 0.20549209415912628, 0.39017778635025024, 0.20889399945735931, 0.20459787547588348, 0.14616118371486664, 0.10179833322763443, 0.345413476228714, 0.20202919840812683, 0.14282171428203583, 0.7938106060028076, 0.011532990261912346, 0.01417581271380186, 0.03765888884663582, 0.07932275533676147, 0.87385094165802, 0.014302377589046955, 0.01069426629692316, 0.02182961069047451, 0.395290732383728, 0.07172554731369019, 0.05407766252756119, 0.30634328722953796, 0.17256276309490204, 0.14173951745033264, 0.35196635127067566, 0.10885827243328094, 0.24576716125011444, 0.15166868269443512, 0.14806489646434784, 0.317080557346344, 0.0779554545879364, 0.20422524213790894, 0.25267383456230164, 0.30814307928085327, 0.2930087149143219, 0.050180479884147644, 0.06771884858608246, 0.2809489071369171, 0.1415071338415146, 0.13078300654888153, 0.06942979991436005, 0.06581775844097137, 0.5924622416496277, 0.28833287954330444, 0.2543565332889557, 0.05947307497262955, 0.09559156745672226, 0.30224594473838806, 0.2579472064971924, 0.10885471850633621, 0.05293223634362221, 0.21833105385303497, 0.3619347810745239, 0.103947214782238, 0.0381694920361042, 0.0735628679394722, 0.4062366485595703, 0.378083735704422, 0.09217239916324615, 0.038805581629276276, 0.07077130675315857, 0.44419121742248535, 0.3540595471858978, 0.569677472114563, 0.0700019896030426, 0.05044933035969734, 0.228478342294693, 0.08139288425445557, 0.04520755261182785, 0.9063342213630676, 0.009014135226607323, 0.02837618999183178, 0.0110678281635046, 0.8649211525917053, 0.022782228887081146, 0.025996631011366844, 0.06684187799692154, 0.019458159804344177, 0.1452028900384903, 0.7531783580780029, 0.020189667120575905, 0.02953440509736538, 0.051894668489694595, 0.4296860694885254, 0.19387155771255493, 0.054799146950244904, 0.11595050990581512, 0.20569276809692383, 0.46174463629722595, 0.17635735869407654, 0.07555703818798065, 0.20483916997909546, 0.08150181174278259, 0.04535318538546562, 0.7882788181304932, 0.05507555231451988, 0.07862316817045212, 0.032669320702552795, 0.15090125799179077, 0.3489903509616852, 0.1457301825284958, 0.26199406385421753, 0.09238412231206894, 0.5634816884994507, 0.21778619289398193, 0.09161816537380219, 0.06375318020582199, 0.06336074322462082, 0.3990136682987213, 0.40614503622055054, 0.058171339333057404, 0.059308625757694244, 0.07736124843358994, 0.8347327709197998, 0.03195766732096672, 0.024246206507086754, 0.03214733302593231, 0.07691605389118195, 0.38537758588790894, 0.030566593632102013, 0.14749550819396973, 0.25075554847717285, 0.18580478429794312, 0.3023100197315216, 0.06252086907625198, 0.20699450373649597, 0.33285287022590637, 0.09532167762517929, 0.8963565230369568, 0.01669304631650448, 0.015901658684015274, 0.02984652668237686, 0.04120219126343727, 0.6916994452476501, 0.10660094767808914, 0.03247509151697159, 0.09270255267620087, 0.07652202248573303, 0.5897113680839539, 0.08697257190942764, 0.0917569100856781, 0.026653006672859192, 0.204906165599823, 0.5650851726531982, 0.11492260545492172, 0.09925892949104309, 0.030695777386426926, 0.1900375783443451, 0.8003715872764587, 0.04177788645029068, 0.05746489763259888, 0.020502537488937378, 0.07988306134939194, 0.8618351817131042, 0.06405009329319, 0.015673210844397545, 0.01766103133559227, 0.040780503302812576, 0.12517738342285156, 0.7831096053123474, 0.02125544659793377, 0.019728578627109528, 0.05072898417711258, 0.08264583349227905, 0.04428953304886818, 0.16411033272743225, 0.5893256664276123, 0.11962862312793732, 0.31417644023895264, 0.15001875162124634, 0.04923107102513313, 0.41102370619773865, 0.07555010169744492, 0.6184593439102173, 0.13198988139629364, 0.0652126893401146, 0.09074155241250992, 0.0935964435338974, 0.750495433807373, 0.06958070397377014, 0.0463634617626667, 0.08014626055955887, 0.053414180874824524, 0.08215203881263733, 0.09349161386489868, 0.11545038968324661, 0.6273886561393738, 0.081517294049263, 0.07065709680318832, 0.10003739595413208, 0.09156636148691177, 0.6310102939605713, 0.10672888159751892, 0.05509110167622566, 0.39448973536491394, 0.10855011641979218, 0.40148836374282837, 0.040380630642175674, 0.08839640021324158, 0.14150631427764893, 0.16094200313091278, 0.5318777561187744, 0.07727754861116409, 0.24741336703300476, 0.29827702045440674, 0.12103767693042755, 0.16678442060947418, 0.1664874404668808, 0.40137994289398193, 0.16115394234657288, 0.12423093616962433, 0.1944088339805603, 0.11882638186216354, 0.07170125097036362, 0.351591020822525, 0.05660906061530113, 0.2671666145324707, 0.25293201208114624, 0.8836080431938171, 0.03572985902428627, 0.016478940844535828, 0.011333881877362728, 0.05284935235977173, 0.4082110524177551, 0.17351992428302765, 0.05903581157326698, 0.24715308845043182, 0.1120801642537117, 0.3970237076282501, 0.16977041959762573, 0.06265667080879211, 0.2733806073665619, 0.09716863185167313, 0.828443706035614, 0.034942347556352615, 0.03504510223865509, 0.06101091206073761, 0.04055789113044739, 0.3423835337162018, 0.21450260281562805, 0.08483940362930298, 0.26110363006591797, 0.0971708744764328, 0.10677776485681534, 0.43508559465408325, 0.08243293315172195, 0.24960947036743164, 0.126094251871109, 0.11942052096128464, 0.1738685816526413, 0.15800568461418152, 0.43266212940216064, 0.11604312062263489, 0.2984318435192108, 0.22105073928833008, 0.11225399374961853, 0.14734378457069397, 0.2209196835756302, 0.14387831091880798, 0.32522210478782654, 0.04004406929016113, 0.2892148196697235, 0.20164069533348083, 0.6828676462173462, 0.11672542989253998, 0.06913574039936066, 0.05391855537891388, 0.07735256850719452, 0.14734989404678345, 0.04136887937784195, 0.06940957903862, 0.6715623736381531, 0.07030929625034332, 0.33602020144462585, 0.024539561942219734, 0.06525252759456635, 0.5229896903038025, 0.05119803175330162, 0.29689714312553406, 0.029289137572050095, 0.06785766780376434, 0.5632531642913818, 0.04270293191075325, 0.09955267608165741, 0.02917366847395897, 0.056987568736076355, 0.5937712788581848, 0.22051477432250977, 0.07903502881526947, 0.05679894983768463, 0.06483976542949677, 0.6653755903244019, 0.13395068049430847, 0.1829870641231537, 