{"metrics": {"ACC": 37.06293706293706, "F1": 10.92783505154639}, "predictions": [0, 0, 0, 0, 0, 0, 0, 0, 0, 0, 0, 0, 0, 0, 0, 0, 0, 0, 0, 0, 0, 0, 0, 0, 0, 0, 0, 0, 0, 0, 0, 0, 0, 0, 0, 0, 0, 0, 0, 0, 0, 0, 0, 0, 0, 0, 0, 0, 0, 0, 0, 0, 0, 0, 0, 0, 0, 0, 0, 0, 0, 0, 0, 0, 0, 0, 0, 0, 0, 0, 0, 0, 0, 0, 3, 3, 0, 0, 0, 0, 0, 0, 0, 0, 0, 0, 0, 0, 0, 0, 0, 0, 0, 0, 0, 0, 0, 0, 0, 0, 0, 0, 0, 0, 0, 0, 0, 0, 0, 0, 0, 0, 0, 0, 0, 0, 0, 0, 0, 0, 0, 0, 0, 0, 0, 0, 0, 0, 0, 0, 0, 0, 0, 0, 0, 0, 0, 0, 0, 0, 0, 0, 0], "uids": ["0", "1", "2", "3", "4", "5", "6", "7", "8", "9", "10", "11", "12", "13", "14", "15", "16", "17", "18", "19", "20", "21", "22", "23", "24", "25", "26", "27", "28", "29", "30", "31", "32", "33", "34", "35", "36", "37", "38", "39", "40", "41", "42", "43", "44", "45", "46", "47", "48", "49", "50", "51", "52", "53", "54", "55", "56", "57", "58", "59", "60", "61", "62", "63", "64", "65", "66", "67", "68", "69", "70", "71", "72", "73", "74", "75", "76", "77", "78", "79", "80", "81", "82", "83", "84", "85", "86", "87", "88", "89", "90", "91", "92", "93", "94", "95", "96", "97", "98", "99", "100", "101", "102", "103", "104", "105", "106", "107", "108", "109", "110", "111", "112", "113", "114", "115", "116", "117", "118", "119", "120", "121", "122", "123", "124", "125", "126", "127", "128", "129", "130", "131", "132", "133", "134", "135", "136", "137", "138", "139", "140", "141", "142"], "scores": [0.43656226992607117, 0.12648263573646545, 0.048086319118738174, 0.26129209995269775, 0.12757661938667297, 0.5271077752113342, 0.10404092073440552, 0.05030210688710213, 0.2151305079460144, 0.10341864079236984, 0.4498195946216583, 0.12683966755867004, 0.049920953810214996, 0.26525864005088806, 0.10816125571727753, 0.36170727014541626, 0.14910903573036194, 0.057433150708675385, 0.307811439037323, 0.12393903732299805, 0.4580047130584717, 0.11281950771808624, 0.05685662850737572, 0.26748090982437134, 0.1048382967710495, 0.47314178943634033, 0.1164630874991417, 0.05476892367005348, 0.25555795431137085, 0.10006827861070633, 0.5755216479301453, 0.11889584362506866, 0.06289288401603699, 0.16445015370845795, 0.07823945581912994, 0.45975786447525024, 0.14840063452720642, 0.06347297132015228, 0.24549809098243713, 0.08287040144205093, 0.4906456470489502, 0.12425285577774048, 0.05204714834690094, 0.23281309008598328, 0.10024125874042511, 0.3765459358692169, 0.1701745092868805, 0.07420644164085388, 0.2855071425437927, 0.09356597065925598, 0.39035892486572266, 0.16893845796585083, 0.06835813820362091, 0.27945834398269653, 0.09288616478443146, 0.5326263904571533, 0.13746650516986847, 0.05098177120089531, 0.1908615380525589, 0.08806377649307251, 0.4918585419654846, 0.16081233322620392, 0.05238386243581772, 0.19578810036182404, 0.09915705025196075, 0.49088627099990845, 0.1549556851387024, 0.05335405096411705, 0.20197995007038116, 0.09882405400276184, 0.45085009932518005, 0.1373230516910553, 0.0585642009973526, 0.22821293771266937, 0.12504975497722626, 0.44707414507865906, 0.113399937748909, 0.06737130880355835, 0.2353866696357727, 0.13676796853542328, 0.4443802535533905, 0.11507099866867065, 0.06721658259630203, 0.23695069551467896, 0.13638146221637726, 0.5892791748046875, 0.09466875344514847, 0.04897381737828255, 0.1824241578578949, 0.08465402573347092, 0.47210535407066345, 0.20811255276203156, 0.0478455014526844, 0.19584323465824127, 0.07609337568283081, 0.5132911801338196, 0.11083764582872391, 0.05792586877942085, 0.241006538271904, 0.07693879306316376, 0.5046550631523132, 0.13944175839424133, 0.05044541507959366, 0.22077327966690063, 0.08468443900346756, 0.5378448367118835, 0.1362980306148529, 0.04811433330178261, 0.19829179346561432, 0.07945100963115692, 0.46307075023651123, 0.14154435694217682, 0.0619843564927578, 0.24040931463241577, 0.09299120306968689, 0.44991520047187805, 0.122292660176754, 0.062381353229284286, 0.257365882396698, 0.10804492235183716, 0.46057823300361633, 0.11495564877986908, 0.06064329296350479, 0.25606444478034973, 0.10775841027498245, 0.4928089678287506, 0.13121794164180756, 0.05071873962879181, 0.23215651512145996, 0.0930977314710617, 0.518907904624939, 0.1236664429306984, 0.04560251533985138, 0.21797017753124237, 0.09385290741920471, 0.5666007399559021, 0.10194988548755646, 0.038237038999795914, 0.20361317694187164, 0.08959919959306717, 0.4576546251773834, 0.10046245902776718, 0.0646190196275711, 0.26096317172050476, 0.11630076169967651, 0.46461021900177, 0.09721539169549942, 0.0630071684718132, 0.26261085271835327, 0.1125563457608223, 0.5525436997413635, 0.11220146715641022, 0.060099564492702484, 0.18877772986888885, 0.08637748658657074, 0.5655235052108765, 0.12047713994979858, 0.04472067952156067, 0.18624939024448395, 0.08302927762269974, 0.5254809260368347, 0.10825742781162262, 0.06228785589337349, 0.17416125535964966, 0.1298125982284546, 0.5189676284790039, 0.1126864030957222, 0.06342248618602753, 0.17344889044761658, 0.131474569439888, 0.5526134967803955, 0.10431509464979172, 0.05965437367558479, 0.15893206000328064, 0.12448494881391525, 0.523809552192688, 0.1427381932735443, 0.050015367567539215, 0.19504474103450775, 0.08839216083288193, 0.5152838230133057, 0.14463993906974792, 0.057974331080913544, 0.2069028615951538, 0.07519914209842682, 0.4122265875339508, 0.11772975325584412, 0.07881207764148712, 0.27074679732322693, 0.12048490345478058, 0.4592341482639313, 0.12973438203334808, 0.055133696645498276, 0.24852900207042694, 0.10736875236034393, 0.5074219107627869, 0.12302561849355698, 0.04702528193593025, 0.22605641186237335, 0.09647071361541748, 0.5146008133888245, 0.12220331281423569, 0.04765024036169052, 0.22458277642726898, 0.09096285700798035, 0.43366068601608276, 0.11644846200942993, 0.050750523805618286, 0.29328256845474243, 0.1058577448129654, 0.445930540561676, 0.11679976433515549, 0.051845744252204895, 0.2862060070037842, 0.09921794384717941, 0.389418363571167, 0.15107716619968414, 0.06865706294775009, 0.2756747007369995, 0.11517266929149628, 0.40000617504119873, 0.147273451089859, 0.06779506802558899, 0.2606794238090515, 0.12424580752849579, 0.4640466868877411, 0.12245466560125351, 0.06184924393892288, 0.24663402140140533, 0.10501547157764435, 0.46609291434288025, 0.12096062302589417, 0.06342396885156631, 0.2436724752187729, 0.1058499738574028, 0.429267942905426, 0.1494036614894867, 0.05987844616174698, 0.2697676718235016, 0.09168233722448349, 0.4879526197910309, 0.11381766200065613, 0.05098754167556763, 0.22698092460632324, 0.12026124447584152, 0.44890615344047546, 0.12937746942043304, 0.06175467371940613, 0.24864545464515686, 0.11131613701581955, 0.4353169798851013, 0.13751597702503204, 0.06634685397148132, 0.2547248601913452, 0.10609539598226547, 0.658431351184845, 0.08950545638799667, 0.04380339756608009, 0.14743396639823914, 0.06082582846283913, 0.5080734491348267, 0.13519933819770813, 0.05047592148184776, 0.22627103328704834, 0.07998023927211761, 0.47589415311813354, 0.15084099769592285, 0.055756136775016785, 0.2271445095539093, 0.0903642326593399, 0.46721407771110535, 0.11770527809858322, 0.049957338720560074, 0.26985856890678406, 0.09526481479406357, 0.49153321981430054, 0.11850113421678543, 0.050448521971702576, 0.2542060911655426, 0.08531104773283005, 0.45798879861831665, 0.1410738080739975, 0.052705325186252594, 0.2370201200246811, 0.1112118735909462, 0.5269666314125061, 0.12917064130306244, 0.05460583046078682, 0.2122555822134018, 0.07700128853321075, 0.4037298262119293, 0.12680503726005554, 0.0633588656783104, 0.3053819239139557, 0.10072437673807144, 0.4288334250450134, 0.11234389245510101, 0.06367562711238861, 0.3003249764442444, 0.09482220560312271, 0.4245545566082001, 0.11189460009336472, 0.06304194033145905, 0.3070323169231415, 0.0934765562415123, 0.42097631096839905, 0.1254582554101944, 0.054920993745326996, 0.27852877974510193, 0.120115727186203, 0.38748830556869507, 0.13305561244487762, 0.05652184411883354, 0.30806872248649597, 0.11486554890871048, 0.45871272683143616, 0.11720824241638184, 