{"metrics": {"ACC": 48.95104895104895, "F1": 30.61931243680485}, "predictions": [0, 0, 3, 0, 0, 0, 1, 1, 0, 0, 0, 0, 0, 0, 0, 0, 0, 0, 1, 0, 1, 0, 0, 1, 0, 0, 0, 0, 0, 0, 0, 0, 0, 0, 0, 0, 1, 0, 0, 0, 0, 3, 3, 1, 3, 0, 0, 1, 0, 0, 0, 0, 0, 1, 0, 0, 0, 0, 0, 0, 0, 3, 3, 0, 0, 1, 0, 0, 0, 0, 0, 0, 3, 3, 3, 3, 0, 0, 0, 3, 3, 0, 0, 0, 0, 0, 0, 0, 0, 0, 0, 1, 0, 0, 0, 0, 0, 0, 0, 0, 0, 0, 0, 0, 0, 0, 1, 0, 0, 0, 0, 0, 0, 1, 0, 0, 0, 0, 1, 0, 0, 0, 1, 0, 0, 1, 0, 0, 1, 3, 1, 1, 0, 0, 3, 1, 0, 0, 1, 0, 0, 1, 0], "uids": ["0", "1", "2", "3", "4", "5", "6", "7", "8", "9", "10", "11", "12", "13", "14", "15", "16", "17", "18", "19", "20", "21", "22", "23", "24", "25", "26", "27", "28", "29", "30", "31", "32", "33", "34", "35", "36", "37", "38", "39", "40", "41", "42", "43", "44", "45", "46", "47", "48", "49", "50", "51", "52", "53", "54", "55", "56", "57", "58", "59", "60", "61", "62", "63", "64", "65", "66", "67", "68", "69", "70", "71", "72", "73", "74", "75", "76", "77", "78", "79", "80", "81", "82", "83", "84", "85", "86", "87", "88", "89", "90", "91", "92", "93", "94", "95", "96", "97", "98", "99", "100", "101", "102", "103", "104", "105", "106", "107", "108", "109", "110", "111", "112", "113", "114", "115", "116", "117", "118", "119", "120", "121", "122", "123", "124", "125", "126", "127", "128", "129", "130", "131", "132", "133", "134", "135", "136", "137", "138", "139", "140", "141", "142"], "scores": [0.47761064767837524, 0.19687294960021973, 0.05407274141907692, 0.12839461863040924, 0.14304907619953156, 0.49822208285331726, 0.1304374784231186, 0.0721065104007721, 0.12499542534351349, 0.17423856258392334, 0.33299899101257324, 0.09529083967208862, 0.06879789382219315, 0.35491251945495605, 0.14799968898296356, 0.3100165128707886, 0.15004242956638336, 0.06727295368909836, 0.30538564920425415, 0.16728240251541138, 0.3336506187915802, 0.16499178111553192, 0.11111665517091751, 0.21057100594043732, 0.17966994643211365, 0.30176225304603577, 0.24825268983840942, 0.09547410160303116, 0.1941601037979126, 0.16035087406635284, 0.19291061162948608, 0.6971301436424255, 0.0213168915361166, 0.043432772159576416, 0.0452096089720726, 0.10579264909029007, 0.7795188426971436, 0.027853697538375854, 0.04955641180276871, 0.03727833554148674, 0.42202529311180115, 0.1453411728143692, 0.06446009874343872, 0.21846872568130493, 0.14970465004444122, 0.2781476378440857, 0.2722693383693695, 0.09726409614086151, 0.21950727701187134, 0.13281166553497314, 0.3262273073196411, 0.21648092567920685, 0.06269031763076782, 0.210536926984787, 0.18406449258327484, 0.4220690429210663, 0.30394619703292847, 0.0673748254776001, 0.08433768153190613, 0.12227228283882141, 0.3715297281742096, 0.2695675790309906, 0.06767740845680237, 0.11191367357969284, 0.1793116182088852, 0.3476790189743042, 0.3110084533691406, 0.06704022735357285, 0.12815450131893158, 0.14611780643463135, 0.40511825680732727, 0.13317187130451202, 0.06341712921857834, 0.17976132035255432, 0.21853142976760864, 0.3370456397533417, 0.08708546310663223, 0.08648264408111572, 0.21407657861709595, 0.2753097116947174, 0.33805230259895325, 0.0893937349319458, 0.08533412963151932, 0.21342866122722626, 0.27379119396209717, 0.5657652616500854, 0.14719904959201813, 0.047800227999687195, 0.14368145167827606, 0.09555405378341675, 0.14545170962810516, 0.7425236105918884, 0.027343688532710075, 0.054132137447595596, 0.030548928305506706, 0.8254145383834839, 0.04726537689566612, 0.02871108241379261, 0.0642433762550354, 0.034365683794021606, 0.11097132414579391, 0.755905270576477, 0.02630842663347721, 0.06181315332651138, 0.045001816004514694, 0.5840915441513062, 0.1701294481754303, 0.042939551174640656, 0.09743621200323105, 0.10540327429771423, 0.4974713623523712, 0.2444961667060852, 0.044499900192022324, 0.14606955647468567, 0.06746302545070648, 0.13453570008277893, 0.5989652276039124, 0.07446420937776566, 0.1317053586244583, 0.06032941862940788, 0.3482895791530609, 0.2316354662179947, 0.11798442155122757, 0.1921841949224472, 0.10990637540817261, 0.6560218930244446, 0.13531023263931274, 0.0486757718026638, 0.07773970812559128, 0.0822523981332779, 0.5469833016395569, 0.23080597817897797, 0.05024731531739235, 0.08854122459888458, 0.08342217653989792, 0.7070202827453613, 0.08842737227678299, 0.03877127543091774, 0.07508530467748642, 0.0906958281993866, 0.5249014496803284, 0.0475553534924984, 0.0953645408153534, 0.1840839982032776, 0.14809472858905792, 0.5062462091445923, 0.05633441358804703, 0.09877554327249527, 0.1952141672372818, 0.14342963695526123, 0.828098475933075, 0.050331227481365204, 0.025737112388014793, 0.04571611061692238, 0.05011691525578499, 0.7232181429862976, 0.09539960324764252, 0.039533618837594986, 0.07218852639198303, 0.06966015696525574, 0.6174604892730713, 0.08389153331518173, 0.0774373710155487, 0.05969468131661415, 0.16151587665081024, 0.5995772480964661, 0.10085054486989975, 0.07739710062742233, 0.06499499082565308, 0.1571800410747528, 0.688701868057251, 0.06763662397861481, 0.06627839058637619, 0.05317498743534088, 0.12420811504125595, 0.6935291886329651, 0.1510816067457199, 0.032202232629060745, 0.056136660277843475, 0.06705036759376526, 0.13453631103038788, 0.7498472332954407, 0.02725883014500141, 0.04947137460112572, 0.038886189460754395, 0.357141375541687, 0.08088373392820358, 0.10714230686426163, 0.3070172965526581, 0.14781537652015686, 0.4380173683166504, 0.18242423236370087, 0.05826036259531975, 0.18551956117153168, 0.1357785016298294, 0.6034908294677734, 0.12141069024801254, 0.05675164982676506, 0.1135890930891037, 0.10475772619247437, 0.595723032951355, 0.11620590835809708, 0.05407222732901573, 0.12445847690105438, 0.1095404177904129, 0.2513904869556427, 0.13646456599235535, 0.08246294409036636, 0.4141276478767395, 0.1155543252825737, 0.20789439976215363, 0.1803557574748993, 0.08969049155712128, 0.3826553523540497, 0.13940396904945374, 0.19294488430023193, 0.3257848620414734, 0.12179630249738693, 0.26450419425964355, 0.09496977925300598, 0.25761762261390686, 0.1857798546552658, 0.13194474577903748, 0.2927878201007843, 0.13186994194984436, 0.4390428960323334, 0.1915135681629181, 0.08838266134262085, 0.16862183809280396, 0.11243905127048492, 0.5165504217147827, 0.13007992506027222, 0.09108542650938034, 0.14625132083892822, 0.1160329282283783, 0.26259082555770874, 0.35692262649536133, 0.060860227793455124, 0.20245888829231262, 0.11716749519109726, 0.680679202079773, 0.12408004701137543, 0.0463268868625164, 0.0539906807243824, 0.09492313861846924, 0.481313019990921, 0.1812906414270401, 0.04743039608001709, 0.1792234629392624, 0.11074253171682358, 0.4449736177921295, 0.19855299592018127, 0.054110925644636154, 0.19024625420570374, 0.11211621761322021, 0.8002492785453796, 0.06627988070249557, 0.03293292969465256, 0.048543330281972885, 0.0519946925342083, 0.49732041358947754, 0.22508162260055542, 0.05981578305363655, 0.13737702369689941, 0.08040516078472137, 0.28468888998031616, 0.38687360286712646, 0.061875663697719574, 0.166860893368721, 0.09970100224018097, 0.47111934423446655, 0.17082037031650543, 0.06792856752872467, 0.18009033799171448, 0.11004140973091125, 0.4974127411842346, 0.18349158763885498, 0.06007092073559761, 0.138925239443779, 0.1200995221734047, 0.4081093966960907, 0.19660578668117523, 0.05593311786651611, 0.17689070105552673, 0.16246099770069122, 0.6760279536247253, 0.12501029670238495, 0.04904690012335777, 0.07832945883274078, 0.07158531993627548, 0.5003403425216675, 0.06403689831495285, 0.06416136026382446, 0.2695067822933197, 0.1019546315073967, 0.5764262676239014, 0.04911641404032707, 0.06083812192082405, 0.22560709714889526, 0.08801206201314926, 0.5839403867721558, 0.0504438579082489, 0.05517907813191414, 0.22913657128810883, 0.08130013197660446, 0.2732210159301758, 0.07841173559427261, 0.08114510029554367, 0.348190575838089, 0.21903158724308014, 0.2100202888250351, 0.08841197192668915, 0.09459167718887329, 0.43418294191360474, 0.17279310524463654, 0.37064677476882935, 0.21013396978378296, 