{"metrics": {"ACC": 46.85314685314685, "F1": 33.86090753157649}, "predictions": [1, 0, 3, 3, 3, 3, 1, 1, 0, 1, 4, 1, 4, 1, 0, 4, 3, 0, 1, 0, 1, 0, 3, 1, 3, 0, 1, 0, 0, 0, 0, 0, 0, 0, 0, 0, 1, 3, 0, 0, 0, 3, 3, 3, 3, 1, 0, 1, 0, 0, 0, 0, 1, 1, 3, 1, 1, 0, 3, 0, 0, 3, 3, 4, 1, 1, 3, 3, 0, 0, 0, 0, 3, 3, 3, 3, 0, 0, 0, 3, 3, 0, 0, 0, 0, 0, 0, 0, 4, 4, 4, 1, 0, 0, 0, 0, 0, 3, 3, 1, 0, 0, 0, 0, 3, 4, 3, 3, 0, 4, 0, 0, 0, 1, 0, 0, 0, 0, 1, 3, 0, 1, 1, 0, 0, 1, 0, 0, 1, 3, 1, 1, 0, 3, 3, 1, 0, 0, 1, 0, 3, 1, 0], "uids": ["0", "1", "2", "3", "4", "5", "6", "7", "8", "9", "10", "11", "12", "13", "14", "15", "16", "17", "18", "19", "20", "21", "22", "23", "24", "25", "26", "27", "28", "29", "30", "31", "32", "33", "34", "35", "36", "37", "38", "39", "40", "41", "42", "43", "44", "45", "46", "47", "48", "49", "50", "51", "52", "53", "54", "55", "56", "57", "58", "59", "60", "61", "62", "63", "64", "65", "66", "67", "68", "69", "70", "71", "72", "73", "74", "75", "76", "77", "78", "79", "80", "81", "82", "83", "84", "85", "86", "87", "88", "89", "90", "91", "92", "93", "94", "95", "96", "97", "98", "99", "100", "101", "102", "103", "104", "105", "106", "107", "108", "109", "110", "111", "112", "113", "114", "115", "116", "117", "118", "119", "120", "121", "122", "123", "124", "125", "126", "127", "128", "129", "130", "131", "132", "133", "134", "135", "136", "137", "138", "139", "140", "141", "142"], "scores": [0.28259703516960144, 0.41708672046661377, 0.048593685030937195, 0.06546749174594879, 0.18625514209270477, 0.6018693447113037, 0.1017412319779396, 0.046944040805101395, 0.06591357290744781, 0.1835317611694336, 0.13599635660648346, 0.03277486190199852, 0.06680163741111755, 0.6362571716308594, 0.12817001342773438, 0.2701537311077118, 0.09572938084602356, 0.052679531276226044, 0.3847622871398926, 0.19667504727840424, 0.09879335761070251, 0.0886065810918808, 0.18722310662269592, 0.4279889762401581, 0.1973879188299179, 0.20991382002830505, 0.1635207235813141, 0.09011458605527878, 0.353174090385437, 0.18327687680721283, 0.10582868754863739, 0.8377819061279297, 0.010737949050962925, 0.010256487876176834, 0.035394903272390366, 0.0671314150094986, 0.9024738073348999, 0.009635594673454762, 0.006301195826381445, 0.014458004385232925, 0.4160495698451996, 0.07031314820051193, 0.047551315277814865, 0.32118281722068787, 0.14490316808223724, 0.1328539103269577, 0.34347909688949585, 0.10812649130821228, 0.2552434206008911, 0.16029705107212067, 0.20570704340934753, 0.28125515580177307, 0.05668855085968971, 0.16357111930847168, 0.2927781045436859, 0.2851710319519043, 0.3095070421695709, 0.04968099668622017, 0.05302545055747032, 0.3026154339313507, 0.13796845078468323, 0.12866780161857605, 0.06703048199415207, 0.04690171033143997, 0.6194315552711487, 0.2324252426624298, 0.34834572672843933, 0.05773334577679634, 0.08833660185337067, 0.27315911650657654, 0.32655254006385803, 0.11000396311283112, 0.04589991644024849, 0.1968737542629242, 0.32066982984542847, 0.11857075244188309, 0.035987742245197296, 0.06654270738363266, 0.3724619150161743, 0.40643686056137085, 0.10525138676166534, 0.03594590350985527, 0.06229409947991371, 0.41547417640686035, 0.3810344636440277, 0.6256948113441467, 0.09752359241247177, 0.04849784076213837, 0.15726035833358765, 0.07102341204881668, 0.08942963927984238, 0.8746801018714905, 0.006665077991783619, 0.017080089077353477, 0.012145142070949078, 0.882461667060852, 0.02123412676155567, 0.022157177329063416, 0.05772162973880768, 0.01642545685172081, 0.14082925021648407, 0.7760311365127563, 0.01807304099202156, 0.02008732035756111, 0.044979244470596313, 0.3447442948818207, 0.2418508231639862, 0.057751983404159546, 0.1175784021615982, 0.23807446658611298, 0.27732351422309875, 0.24037529528141022, 0.0702916756272316, 0.29289311170578003, 0.11911638081073761, 0.04093644767999649, 0.8212987184524536, 0.04510929062962532, 0.06849987059831619, 0.02415570802986622, 0.145589217543602, 0.307405948638916, 0.12133550643920898, 0.3290928602218628, 0.09657640010118484, 0.5458127856254578, 0.28568264842033386, 0.07321975380182266, 0.050110023468732834, 0.04517477750778198, 0.31178203225135803, 0.47298821806907654, 0.058493178337812424, 0.0616007000207901, 0.09513580799102783, 0.8465903997421265, 0.031919028609991074, 0.022664545103907585, 0.02519984357059002, 0.0736260861158371, 0.43595197796821594, 0.024250689893960953, 0.13257671892642975, 0.20632964372634888, 0.20089101791381836, 0.3259778916835785, 0.050153519958257675, 0.19133049249649048, 0.3159882724285126, 0.11654984205961227, 0.8974472284317017, 0.016075732186436653, 0.013679997995495796, 0.023367756977677345, 0.04942924156785011, 0.6342528462409973, 0.17515750229358673, 0.031199539080262184, 0.08727719634771347, 0.07211291044950485, 0.5742031335830688, 0.0840926393866539, 0.1034831553697586, 0.021531496196985245, 0.21668963134288788, 0.5598338842391968, 0.10140246152877808, 0.10775985568761826, 0.024245472624897957, 0.20675823092460632, 0.8148645162582397, 0.03570203483104706, 0.05800426006317139, 0.015733053907752037, 0.07569607347249985, 0.8744775652885437, 0.06020589545369148, 0.014047125354409218, 0.013482107780873775, 0.03778722882270813, 0.11531199514865875, 0.8000374436378479, 0.019852442666888237, 0.015694430097937584, 0.04910370334982872, 0.3042624592781067, 0.03508051112294197, 0.17528824508190155, 0.36976227164268494, 0.11560653150081635, 0.31601613759994507, 0.2566538453102112, 0.04253259673714638, 0.314110666513443, 0.07068672776222229, 0.6590992212295532, 0.14608585834503174, 0.044910259544849396, 0.06705113500356674, 0.0828535407781601, 0.7740809321403503, 0.07202800363302231, 0.03287488967180252, 0.07625532895326614, 0.044760700315237045, 0.07575928419828415, 0.08639801293611526, 0.11709444224834442, 0.6572583913803101, 0.06348985433578491, 0.06277449429035187, 0.11364593356847763, 0.093267522752285, 0.6297322511672974, 0.10057976841926575, 0.06520916521549225, 0.24334463477134705, 0.14371943473815918, 0.5108156204223633, 0.03691112622618675, 0.06754054874181747, 0.16138596832752228, 0.14630018174648285, 0.5684987306594849, 0.05627461150288582, 0.20467151701450348, 0.452791303396225, 0.09154287725687027, 0.08752020448446274, 0.16347412765026093, 0.5327858924865723, 0.16150981187820435, 0.08867912739515305, 0.11390866339206696, 0.10311650484800339, 0.05877973139286041, 0.4624486565589905, 0.043653231114149094, 0.1859811246395111, 0.24913716316223145, 0.8957816362380981, 0.031741704791784286, 0.013910504058003426, 0.008530164137482643, 0.050036005675792694, 0.4155753254890442, 0.20896761119365692, 0.06665629148483276, 0.20849356055259705, 0.1003071665763855, 0.44051456451416016, 0.17689064145088196, 0.06650365144014359, 0.23192889988422394, 0.08416218310594559, 0.8185163140296936, 0.04394212365150452, 0.03674224391579628, 0.06103081628680229, 0.039768464863300323, 0.24732385575771332, 0.28998449444770813, 0.10170824825763702, 0.23592707514762878, 0.12505632638931274, 0.08685631304979324, 0.5396764278411865, 0.07029014825820923, 0.14841397106647491, 0.15476320683956146, 0.14996054768562317, 0.24037054181098938, 0.17062264680862427, 0.33520880341529846, 0.10383745282888412, 0.23317837715148926, 0.3035737872123718, 0.1609903872013092, 0.10251374542713165, 0.1997438222169876, 0.14445288479328156, 0.41684526205062866, 0.0336875282227993, 0.2128821760416031, 0.1921321451663971, 0.6622238755226135, 0.13907268643379211, 0.0748705118894577, 0.04323762655258179, 0.08059529215097427, 0.2288488894701004, 0.038358334451913834, 0.06548916548490524, 0.5914018750190735, 0.07590173929929733, 0.46371325850486755, 0.022124776616692543, 0.054191041737794876, 0.4103415608406067, 0.04962938651442528, 0.447388231754303, 0.02291003242135048, 0.05045819655060768, 0.4406388998031616, 0.038604605942964554, 0.2391631156206131, 0.027659108862280846, 0.05482397973537445, 0.4211622178554535, 0.2571915090084076, 0.09230992197990417, 0.050602950155735016, 0.06418514251708984, 0.6537855267524719, 0.1391165554523468, 