{"metrics": {"ACC": 45.45454545454545, "F1": 34.59976298211592}, "predictions": [0, 0, 3, 3, 3, 3, 1, 1, 3, 1, 1, 4, 4, 4, 4, 3, 3, 0, 1, 0, 1, 0, 0, 1, 3, 0, 0, 0, 0, 3, 0, 0, 0, 0, 0, 0, 1, 3, 3, 0, 0, 3, 3, 3, 3, 1, 0, 4, 0, 0, 0, 0, 0, 1, 3, 0, 1, 0, 3, 3, 3, 3, 3, 1, 1, 1, 3, 3, 0, 0, 4, 0, 3, 3, 3, 3, 0, 3, 3, 3, 3, 0, 0, 0, 0, 0, 0, 0, 4, 4, 4, 1, 0, 0, 0, 0, 0, 0, 0, 1, 0, 0, 0, 0, 4, 4, 3, 3, 0, 4, 0, 0, 0, 1, 0, 0, 0, 0, 1, 3, 0, 1, 1, 0, 0, 1, 0, 0, 1, 3, 1, 1, 0, 3, 3, 1, 0, 0, 1, 0, 3, 1, 0], "uids": ["0", "1", "2", "3", "4", "5", "6", "7", "8", "9", "10", "11", "12", "13", "14", "15", "16", "17", "18", "19", "20", "21", "22", "23", "24", "25", "26", "27", "28", "29", "30", "31", "32", "33", "34", "35", "36", "37", "38", "39", "40", "41", "42", "43", "44", "45", "46", "47", "48", "49", "50", "51", "52", "53", "54", "55", "56", "57", "58", "59", "60", "61", "62", "63", "64", "65", "66", "67", "68", "69", "70", "71", "72", "73", "74", "75", "76", "77", "78", "79", "80", "81", "82", "83", "84", "85", "86", "87", "88", "89", "90", "91", "92", "93", "94", "95", "96", "97", "98", "99", "100", "101", "102", "103", "104", "105", "106", "107", "108", "109", "110", "111", "112", "113", "114", "115", "116", "117", "118", "119", "120", "121", "122", "123", "124", "125", "126", "127", "128", "129", "130", "131", "132", "133", "134", "135", "136", "137", "138", "139", "140", "141", "142"], "scores": [0.3298676908016205, 0.31223246455192566, 0.04721523076295853, 0.05913592502474785, 0.2515486478805542, 0.7821577787399292, 0.04972495883703232, 0.026686951518058777, 0.030474582687020302, 0.11095567792654037, 0.10568953305482864, 0.018003666773438454, 0.06658656150102615, 0.6890465617179871, 0.12067370861768723, 0.31403544545173645, 0.09347734600305557, 0.055241506546735764, 0.34374937415122986, 0.19349636137485504, 0.06393610686063766, 0.05839984491467476, 0.19658263027668, 0.4928218126296997, 0.18825961649417877, 0.3214874565601349, 0.08659300208091736, 0.07791715115308762, 0.32437393069267273, 0.1896284818649292, 0.13104669749736786, 0.8101131916046143, 0.010355518199503422, 0.008740432560443878, 0.03974410891532898, 0.07704761624336243, 0.8942079544067383, 0.009327858686447144, 0.004643577616661787, 0.014772974886000156, 0.39114344120025635, 0.04378173500299454, 0.04107149690389633, 0.3912353515625, 0.13276799023151398, 0.10702639818191528, 0.42020276188850403, 0.11684294044971466, 0.23624646663665771, 0.11968139559030533, 0.14121322333812714, 0.37998196482658386, 0.08576757460832596, 0.16433103382587433, 0.2287062257528305, 0.325801283121109, 0.22933442890644073, 0.04160275682806969, 0.04745427146553993, 0.35580727458000183, 0.0826156958937645, 0.08623363077640533, 0.06129534915089607, 0.031719617545604706, 0.7381357550621033, 0.23390230536460876, 0.2601703107357025, 0.05182548239827156, 0.07706969231367111, 0.37703219056129456, 0.30597758293151855, 0.0964953824877739, 0.040549829602241516, 0.22334809601306915, 0.3336290717124939, 0.055034369230270386, 0.02261211723089218, 0.05556616559624672, 0.44710275530815125, 0.41968461871147156, 0.0470549613237381, 0.02231753058731556, 0.050765324383974075, 0.49097129702568054, 0.3888908624649048, 0.7275410294532776, 0.05737386643886566, 0.039797261357307434, 0.12331931293010712, 0.05196848884224892, 0.08973932266235352, 0.8707304000854492, 0.006313742138445377, 0.02261516824364662, 0.010601299814879894, 0.8781608939170837, 0.019285574555397034, 0.02423788420855999, 0.062020253390073776, 0.016295311972498894, 0.16574697196483612, 0.752424418926239, 0.017189903184771538, 0.018079310655593872, 0.046559467911720276, 0.5088006258010864, 0.15125291049480438, 0.04539600759744644, 0.08834932744503021, 0.20620115101337433, 0.47979113459587097, 0.14220871031284332, 0.05906100571155548, 0.20564834773540497, 0.11329078674316406, 0.029069406911730766, 0.8205500841140747, 0.05251548811793327, 0.07297888398170471, 0.024886179715394974, 0.09364795684814453, 0.23552142083644867, 0.13817012310028076, 0.42501914501190186, 0.10764136910438538, 0.6030383110046387, 0.2453521341085434, 0.07800528407096863, 0.03403693065047264, 0.039567362517118454, 0.4721468687057495, 0.37950533628463745, 0.04661233350634575, 0.036686673760414124, 0.06504873931407928, 0.9061149954795837, 0.01721092313528061, 0.013695843517780304, 0.014411001466214657, 0.04856714606285095, 0.36486491560935974, 0.023425640538334846, 0.16659945249557495, 0.20549212396144867, 0.23961789906024933, 0.27641552686691284, 0.05103052780032158, 0.2653313875198364, 0.29432642459869385, 0.11289612948894501, 0.9173967242240906, 0.00893982220441103, 0.011257106438279152, 0.017623672261834145, 0.0447826012969017, 0.7029529809951782, 0.13895435631275177, 0.02178959548473358, 0.08343400061130524, 0.0528690367937088, 0.5728112459182739, 0.08575530350208282, 0.10831752419471741, 0.016558008268475533, 0.21655789017677307, 0.5092337131500244, 0.1159183531999588, 0.1298239529132843, 0.020239995792508125, 0.22478404641151428, 0.8281815648078918, 0.03142425790429115, 0.06046435981988907, 0.01179022341966629, 0.06813959032297134, 0.9174794554710388, 0.036412760615348816, 0.010450400412082672, 0.007330307736992836, 0.02832699567079544, 0.12929652631282806, 0.7821659445762634, 0.020145917311310768, 0.01335785910487175, 0.05503373220562935, 0.17262481153011322, 0.02670050598680973, 0.21209187805652618, 0.46074625849723816, 0.12783659994602203, 0.3079720437526703, 0.2092820554971695, 0.04243640974164009, 0.38675954937934875, 0.05354999750852585, 0.683118999004364, 0.12028146535158157, 0.051794495433568954, 0.07752557843923569, 0.06727947294712067, 0.8301712274551392, 0.04498903825879097, 0.035811156034469604, 0.0556860975921154, 0.03334246575832367, 0.03943796455860138, 0.07793551683425903, 0.1336250901222229, 0.6885657906532288, 0.06043568253517151, 0.027640871703624725, 0.0768221989274025, 0.0863458514213562, 0.7343647480010986, 0.07482633739709854, 0.04169730469584465, 0.19400955736637115, 0.140068918466568, 0.5921375155448914, 0.032086677849292755, 0.04878093674778938, 0.11137375980615616, 0.17379827797412872, 0.6113595366477966, 0.0546875, 0.18939532339572906, 0.37323933839797974, 0.09504922479391098, 0.08246643841266632, 0.2598496675491333, 0.551539957523346, 0.13606852293014526, 0.07774443924427032, 0.12145251035690308, 0.11319464445114136, 0.08125896006822586, 0.27506107091903687, 0.04605730250477791, 0.21888673305511475, 0.3787359893321991, 0.9286195039749146, 0.016940860077738762, 0.010529623366892338, 0.0051574790850281715, 0.038752540946006775, 0.39385583996772766, 0.19718025624752045, 0.05994197726249695, 0.2547213137149811, 0.09430065006017685, 0.3900616765022278, 0.16879740357398987, 0.07502659410238266, 0.28585490584373474, 0.08025939017534256, 0.8939163088798523, 0.018484745174646378, 0.02282118611037731, 0.04083861783146858, 0.023939132690429688, 0.308282732963562, 0.2890038788318634, 0.09316506236791611, 0.22616125643253326, 0.083387091755867, 0.08182130753993988, 0.4414277970790863, 0.08416087925434113, 0.1710236668586731, 0.2215663343667984, 0.10473547130823135, 0.18905481696128845, 0.24924834072589874, 0.36861851811408997, 0.08834286779165268, 0.26172935962677, 0.22800923883914948, 0.19605238735675812, 0.07322107255458832, 0.24098798632621765, 0.15520547330379486, 0.35125914216041565, 0.028589332476258278, 0.2534181475639343, 0.21152791380882263, 0.650719165802002, 0.15488627552986145, 0.08783271908760071, 0.0336618535220623, 0.07289992272853851, 0.09215521067380905, 0.03844577446579933, 0.08368179202079773, 0.7064235210418701, 0.07929369807243347, 0.3663666546344757, 0.020517433062195778, 0.0562899224460125, 0.5106496810913086, 0.04617626965045929, 0.33048781752586365, 0.022473031654953957, 0.05144472047686577, 0.5644221305847168, 0.031172288581728935, 0.11972291022539139, 0.015113726258277893, 0.04141126945614815, 0.624079167842865, 0.19967292249202728, 0.049024853855371475, 0.03623409941792488, 0.047410111874341965, 0.7527670860290527, 0.11456388980150223, 