{"metrics": {"ACC": 49.65034965034965, "F1": 37.973829787234045}, "predictions": [0, 0, 3, 0, 3, 0, 1, 1, 0, 1, 1, 0, 4, 4, 4, 3, 3, 0, 1, 0, 1, 0, 0, 1, 3, 0, 0, 0, 0, 0, 0, 0, 0, 0, 0, 0, 1, 3, 3, 0, 0, 3, 3, 3, 3, 1, 0, 4, 0, 0, 0, 0, 0, 1, 3, 0, 1, 0, 3, 3, 3, 3, 3, 4, 1, 1, 3, 3, 0, 0, 0, 0, 3, 3, 3, 3, 0, 0, 3, 3, 3, 0, 0, 0, 0, 0, 0, 0, 4, 4, 4, 1, 0, 0, 0, 0, 0, 0, 3, 1, 0, 0, 0, 0, 4, 4, 3, 4, 0, 4, 0, 0, 0, 1, 0, 0, 0, 0, 1, 3, 0, 1, 1, 4, 0, 1, 0, 0, 1, 3, 1, 1, 0, 3, 3, 1, 0, 0, 1, 0, 0, 1, 0], "uids": ["0", "1", "2", "3", "4", "5", "6", "7", "8", "9", "10", "11", "12", "13", "14", "15", "16", "17", "18", "19", "20", "21", "22", "23", "24", "25", "26", "27", "28", "29", "30", "31", "32", "33", "34", "35", "36", "37", "38", "39", "40", "41", "42", "43", "44", "45", "46", "47", "48", "49", "50", "51", "52", "53", "54", "55", "56", "57", "58", "59", "60", "61", "62", "63", "64", "65", "66", "67", "68", "69", "70", "71", "72", "73", "74", "75", "76", "77", "78", "79", "80", "81", "82", "83", "84", "85", "86", "87", "88", "89", "90", "91", "92", "93", "94", "95", "96", "97", "98", "99", "100", "101", "102", "103", "104", "105", "106", "107", "108", "109", "110", "111", "112", "113", "114", "115", "116", "117", "118", "119", "120", "121", "122", "123", "124", "125", "126", "127", "128", "129", "130", "131", "132", "133", "134", "135", "136", "137", "138", "139", "140", "141", "142"], "scores": [0.3413248062133789, 0.32967162132263184, 0.045764416456222534, 0.05466533824801445, 0.22857390344142914, 0.6964330673217773, 0.07471129298210144, 0.03901585564017296, 0.05408603698015213, 0.13575375080108643, 0.13767503201961517, 0.02152043767273426, 0.06630172580480576, 0.6605760455131531, 0.11392681300640106, 0.33609142899513245, 0.08663120120763779, 0.05419418588280678, 0.3313577473163605, 0.19172543287277222, 0.0933990553021431, 0.07478924840688705, 0.19331054389476776, 0.39718690514564514, 0.24131432175636292, 0.30041056871414185, 0.0969771146774292, 0.08193284273147583, 0.2793233096599579, 0.24135613441467285, 0.1401335895061493, 0.7704874873161316, 0.01463756151497364, 0.011745354160666466, 0.06299597769975662, 0.07034921646118164, 0.8962173461914062, 0.011169160716235638, 0.005562044680118561, 0.016702143475413322, 0.4377797245979309, 0.04552551358938217, 0.04160800948739052, 0.32669302821159363, 0.1483936607837677, 0.140792578458786, 0.3727198839187622, 0.11564597487449646, 0.2170795351266861, 0.15376202762126923, 0.18157841265201569, 0.30393293499946594, 0.07729300111532211, 0.16791561245918274, 0.26927998661994934, 0.3961360454559326, 0.22727233171463013, 0.040876153856515884, 0.042463518679142, 0.2932519316673279, 0.12997303903102875, 0.09423505514860153, 0.06327158212661743, 0.03492363914847374, 0.6775966286659241, 0.28497523069381714, 0.2525125741958618, 0.05278543010354042, 0.06964244693517685, 0.3400843143463135, 0.3101873993873596, 0.09961039572954178, 0.04394175112247467, 0.21871882677078247, 0.32754164934158325, 0.07135926932096481, 0.027927052229642868, 0.06034804508090019, 0.43303054571151733, 0.4073350727558136, 0.06059051305055618, 0.027916692197322845, 0.056098196655511856, 0.483279287815094, 0.37211528420448303, 0.7472955584526062, 0.06649993360042572, 0.04174985736608505, 0.10017768293619156, 0.044276997447013855, 0.12747101485729218, 0.8295115232467651, 0.007769680116325617, 0.022357959300279617, 0.012889702804386616, 0.8461477160453796, 0.025898415595293045, 0.030266117304563522, 0.07785456627607346, 0.019833067432045937, 0.1844453662633896, 0.7134016156196594, 0.020470695570111275, 0.022335810586810112, 0.05934646725654602, 0.5475656390190125, 0.1413169652223587, 0.04393140226602554, 0.0820903405547142, 0.1850956678390503, 0.5273488163948059, 0.12753720581531525, 0.06584471464157104, 0.17622309923171997, 0.10304618626832962, 0.0350458100438118, 0.8271198272705078, 0.04377229884266853, 0.06612285226583481, 0.027939211577177048, 0.1246209442615509, 0.28611719608306885, 0.12174954265356064, 0.3498455584049225, 0.11766674369573593, 0.6129321455955505, 0.24601179361343384, 0.06797681748867035, 0.03302651643753052, 0.04005274549126625, 0.4975319802761078, 0.338530570268631, 0.04839835688471794, 0.036975160241127014, 0.0785638689994812, 0.8833208084106445, 0.02195439115166664, 0.01732480712234974, 0.01819387450814247, 0.05920613557100296, 0.3938085734844208, 0.025316886603832245, 0.16171015799045563, 0.19141003489494324, 0.22775430977344513, 0.34045717120170593, 0.05559806525707245, 0.2441830188035965, 0.2348044067621231, 0.12495730072259903, 0.9191642999649048, 0.010437131859362125, 0.012111731804907322, 0.017210982739925385, 0.04107578098773956, 0.7565270066261292, 0.10334006696939468, 0.023703444749116898, 0.06564273685216904, 0.05078679323196411, 0.5494221448898315, 0.09259133040904999, 0.10763408243656158, 0.017476657405495644, 0.2328757345676422, 0.4963354468345642, 0.12514635920524597, 0.12391544878482819, 0.020658625289797783, 0.2339441180229187, 0.7881329655647278, 0.0413564071059227, 0.06938156485557556, 0.013707325793802738, 0.0874217301607132, 0.8989595770835876, 0.0449845977127552, 0.012630376033484936, 0.009396733716130257, 0.03402874246239662, 0.13938361406326294, 0.7536212801933289, 0.023798538371920586, 0.01624240353703499, 0.06695424020290375, 0.18321502208709717, 0.032614272087812424, 0.1977451592683792, 0.46653053164482117, 0.11989502608776093, 0.3508210778236389, 0.18607863783836365, 0.039204392582178116, 0.365683913230896, 0.05821195989847183, 0.6510579586029053, 0.12971456348896027, 0.05447342246770859, 0.07475564628839493, 0.08999833464622498, 0.7910589575767517, 0.058343544602394104, 0.03746601566672325, 0.06780922412872314, 0.04532228410243988, 0.054843924939632416, 0.09400631487369537, 0.13907822966575623, 0.6394891142845154, 0.07258239388465881, 0.05496970936655998, 0.10571197420358658, 0.09342753887176514, 0.6325028538703918, 0.11338796466588974, 0.042337071150541306, 0.1997668594121933, 0.14728961884975433, 0.5757217407226562, 0.034884702414274216, 0.05065926909446716, 0.13364039361476898, 0.16655898094177246, 0.594513475894928, 0.05462783947587013, 0.2424710988998413, 0.3526059687137604, 0.09227532893419266, 0.08275505900382996, 0.22989250719547272, 0.5351632833480835, 0.1454165130853653, 0.08455254137516022, 0.12517842650413513, 0.10968921333551407, 0.14206555485725403, 0.2609449625015259, 0.045154325664043427, 0.1923685073852539, 0.35946667194366455, 0.9095097780227661, 0.02154226414859295, 0.012817107141017914, 0.006519929505884647, 0.04961087554693222, 0.42645782232284546, 0.18971773982048035, 0.05704663693904877, 0.21864239871501923, 0.1081354096531868, 0.432493656873703, 0.1603139340877533, 0.07128042727708817, 0.24721217155456543, 0.0886998325586319, 0.8648728132247925, 0.024864325299859047, 0.030139755457639694, 0.049387868493795395, 0.030735203996300697, 0.36854350566864014, 0.24999286234378815, 0.08990756422281265, 0.1926301270723343, 0.09892596304416656, 0.12604105472564697, 0.40186187624931335, 0.08796262741088867, 0.16152147948741913, 0.22261297702789307, 0.13242654502391815, 0.2032884657382965, 0.23642878234386444, 0.3283903896808624, 0.09946583956480026, 0.3077434003353119, 0.2162625789642334, 0.15573401749134064, 0.07227076590061188, 0.2479892075061798, 0.19983042776584625, 0.31226250529289246, 0.03190198540687561, 0.24239075183868408, 0.2136142998933792, 0.7001935243606567, 0.11777181923389435, 0.07417625188827515, 0.03371835872530937, 0.07414013147354126, 0.098844975233078, 0.042862799018621445, 0.0794818252325058, 0.7091306447982788, 0.06967972964048386, 0.3099508583545685, 0.024828992784023285, 0.061719585210084915, 0.5578873157501221, 0.04561319947242737, 0.27496302127838135, 0.02868988923728466, 0.0594666488468647, 0.603209376335144, 0.03367104008793831, 0.11137495189905167, 0.01820499636232853, 0.04524743929505348, 0.612122118473053, 0.2130504697561264, 0.05333039164543152, 0.04338838532567024, 0.054009582847356796, 0.7189040184020996, 0.13036754727363586, 0.21335971355438232, 