{"metrics": {"ACC": 45.45454545454545, "F1": 34.71544715447154}, "predictions": [0, 0, 3, 3, 3, 3, 1, 1, 0, 3, 4, 0, 4, 0, 0, 4, 4, 0, 1, 0, 1, 0, 0, 1, 3, 0, 0, 0, 0, 0, 0, 0, 0, 0, 0, 0, 1, 3, 3, 0, 0, 3, 3, 1, 3, 0, 0, 3, 0, 0, 0, 0, 0, 1, 3, 0, 3, 0, 3, 3, 3, 3, 3, 4, 4, 1, 3, 3, 3, 0, 0, 0, 3, 3, 3, 3, 0, 3, 3, 3, 3, 0, 0, 0, 0, 0, 0, 0, 4, 4, 4, 3, 0, 0, 0, 0, 0, 3, 3, 3, 3, 0, 0, 0, 3, 3, 3, 3, 0, 0, 0, 0, 0, 1, 0, 0, 0, 0, 1, 3, 0, 0, 0, 0, 0, 1, 0, 0, 1, 3, 1, 1, 3, 3, 3, 1, 0, 0, 1, 3, 3, 1, 0], "uids": ["0", "1", "2", "3", "4", "5", "6", "7", "8", "9", "10", "11", "12", "13", "14", "15", "16", "17", "18", "19", "20", "21", "22", "23", "24", "25", "26", "27", "28", "29", "30", "31", "32", "33", "34", "35", "36", "37", "38", "39", "40", "41", "42", "43", "44", "45", "46", "47", "48", "49", "50", "51", "52", "53", "54", "55", "56", "57", "58", "59", "60", "61", "62", "63", "64", "65", "66", "67", "68", "69", "70", "71", "72", "73", "74", "75", "76", "77", "78", "79", "80", "81", "82", "83", "84", "85", "86", "87", "88", "89", "90", "91", "92", "93", "94", "95", "96", "97", "98", "99", "100", "101", "102", "103", "104", "105", "106", "107", "108", "109", "110", "111", "112", "113", "114", "115", "116", "117", "118", "119", "120", "121", "122", "123", "124", "125", "126", "127", "128", "129", "130", "131", "132", "133", "134", "135", "136", "137", "138", "139", "140", "141", "142"], "scores": [0.381206214427948, 0.18834026157855988, 0.06322324275970459, 0.13575893640518188, 0.23147134482860565, 0.37917670607566833, 0.13952118158340454, 0.07899942249059677, 0.13546647131443024, 0.2668362855911255, 0.2297031134366989, 0.04780343919992447, 0.08676663041114807, 0.48441505432128906, 0.15131168067455292, 0.24462547898292542, 0.10996423661708832, 0.06768451631069183, 0.33322662115097046, 0.24449914693832397, 0.16074581444263458, 0.10856583714485168, 0.1543388068675995, 0.3358503580093384, 0.24049919843673706, 0.14964400231838226, 0.18450292944908142, 0.10651610791683197, 0.32762107253074646, 0.23171581327915192, 0.2227490097284317, 0.6793991327285767, 0.01783040724694729, 0.024157192558050156, 0.05586431547999382, 0.10289707779884338, 0.817075788974762, 0.021576734259724617, 0.0264071524143219, 0.03204338625073433, 0.3610677719116211, 0.10445239394903183, 0.06654109805822372, 0.2614820599555969, 0.20645667612552643, 0.19282697141170502, 0.22571758925914764, 0.10206127911806107, 0.27315783500671387, 0.2062363624572754, 0.26976513862609863, 0.16324636340141296, 0.05758028104901314, 0.21943268179893494, 0.28997552394866943, 0.3458767235279083, 0.2888433039188385, 0.053394757211208344, 0.08425784856081009, 0.22762739658355713, 0.25038501620292664, 0.16524001955986023, 0.06993239372968674, 0.09411787241697311, 0.4203247129917145, 0.3164287209510803, 0.2256026566028595, 0.057266928255558014, 0.1318936049938202, 0.26880812644958496, 0.35624340176582336, 0.10026133805513382, 0.06224042922258377, 0.18752673268318176, 0.2937280833721161, 0.17418621480464935, 0.058236610144376755, 0.0728210061788559, 0.32312774658203125, 0.37162840366363525, 0.16743646562099457, 0.059269342571496964, 0.0712273046374321, 0.33439961075782776, 0.3676672875881195, 0.5067061185836792, 0.12310706824064255, 0.05430946126580238, 0.18614855408668518, 0.1297287791967392, 0.1316421777009964, 0.7661555409431458, 0.018709080293774605, 0.05023447051644325, 0.033258724957704544, 0.8192862272262573, 0.03792673349380493, 0.03189631551504135, 0.07686053216457367, 0.034030113369226456, 0.1483859419822693, 0.7209950685501099, 0.023560823872685432, 0.046270400285720825, 0.060787755995988846, 0.5484508872032166, 0.1396404206752777, 0.05010801553726196, 0.09876403212547302, 0.16303664445877075, 0.42974814772605896, 0.16568498313426971, 0.06405050307512283, 0.23808352649211884, 0.10243289172649384, 0.07482351362705231, 0.6313917636871338, 0.08257642388343811, 0.1504809558391571, 0.06072729825973511, 0.18478922545909882, 0.18952099978923798, 0.1551295816898346, 0.3412197530269623, 0.12934041023254395, 0.5676138401031494, 0.1723770648241043, 0.07625209540128708, 0.09109751880168915, 0.09265942126512527, 0.5159857869148254, 0.243754044175148, 0.0577782541513443, 0.07843489944934845, 0.10404693335294724, 0.7234885692596436, 0.06076515465974808, 0.042113758623600006, 0.06109513342380524, 0.11253736168146133, 0.35530218482017517, 0.04025844484567642, 0.14025738835334778, 0.25434592366218567, 0.20983603596687317, 0.32958367466926575, 0.053453411906957626, 0.13637860119342804, 0.3170476257801056, 0.1635366827249527, 0.8264635801315308, 0.037006329745054245, 0.026982009410858154, 0.04213636368513107, 0.06741180270910263, 0.7050355076789856, 0.09279698878526688, 0.03803134709596634, 0.0729496031999588, 0.09118654578924179, 0.5084937214851379, 0.09664583206176758, 0.0932912603020668, 0.0426253005862236, 0.2589438855648041, 0.49620068073272705, 0.1167614683508873, 0.09352481365203857, 0.047156479209661484, 0.24635657668113708, 0.6588053107261658, 0.06509154289960861, 0.07466533780097961, 0.03789800778031349, 0.1635398119688034, 0.7514085173606873, 0.09448480606079102, 0.030343972146511078, 0.04181444272398949, 0.08194832503795624, 0.1709628850221634, 0.7218984365463257, 0.024982033297419548, 0.030040141195058823, 0.05211644992232323, 0.23170717060565948, 0.061542414128780365, 0.11319276690483093, 0.42449676990509033, 0.1690608710050583, 0.22595694661140442, 0.18218204379081726, 0.06535913795232773, 0.3820769190788269, 0.1444249004125595, 0.5050626397132874, 0.15064021944999695, 0.06944590061903, 0.11310270428657532, 0.16174852848052979, 0.5686798095703125, 0.11654091626405716, 0.05677720904350281, 0.13020777702331543, 0.12779417634010315, 0.13648194074630737, 0.09442161023616791, 0.10402115434408188, 0.5598434805870056, 0.10523177683353424, 0.12408390641212463, 0.11103563010692596, 0.09877293556928635, 0.5194227695465088, 0.14668481051921844, 0.07481253892183304, 0.5332716107368469, 0.09250292927026749, 0.24249136447906494, 0.05692156031727791, 0.12052401155233383, 0.1450245976448059, 0.16835126280784607, 0.44136327505111694, 0.12473684549331665, 0.27708420157432556, 0.20517461001873016, 0.11904340982437134, 0.2195250540971756, 0.17917273938655853, 0.2936899960041046, 0.1307149976491928, 0.13792870938777924, 0.28909820318222046, 0.1485680788755417, 0.12677517533302307, 0.287837415933609, 0.0642484650015831, 0.32897740602493286, 0.19216161966323853, 0.6573882699012756, 0.11111349612474442, 0.04004684463143349, 0.04473288729786873, 0.14671851694583893, 0.4075864255428314, 0.15770363807678223, 0.05165091156959534, 0.2409047782421112, 0.1421542763710022, 0.4068051874637604, 0.17740307748317719, 0.0529298409819603, 0.2339518517255783, 0.12891007959842682, 0.832578718662262, 0.042340073734521866, 0.029237307608127594, 0.04216862842440605, 0.053675342351198196, 0.4850749671459198, 0.16270776093006134, 0.07280700653791428, 0.1756356656551361, 0.10377458482980728, 0.17897553741931915, 0.3669091761112213, 0.07884497195482254, 0.2313241958618164, 0.14394605159759521, 0.23371610045433044, 0.1782395988702774, 0.10092664510011673, 0.31827783584594727, 0.16883982717990875, 0.38649430871009827, 0.16575953364372253, 0.07853005081415176, 0.17856819927692413, 0.19064785540103912, 0.2116493284702301, 0.23051923513412476, 0.05994870513677597, 0.27670860290527344, 0.22117413580417633, 0.6359327435493469, 0.11645778268575668, 0.07071217894554138, 0.08469153195619583, 0.09220580011606216, 0.1684666872024536, 0.0654299184679985, 0.09166426956653595, 0.55584317445755, 0.11859595030546188, 0.31570273637771606, 0.03922593966126442, 0.0763557180762291, 0.47247982025146484, 0.09623577445745468, 0.28762558102607727, 0.044285356998443604, 0.07259004563093185, 0.515035092830658, 0.08046390861272812, 0.19780170917510986, 0.049927718937397, 0.07778631895780563, 0.4017237722873688, 0.27276039123535156, 0.13821952044963837, 0.06061244755983353, 0.08769248425960541, 0.5341872572898865, 0.17928826808929443, 0.22499965131282806, 0.21231479942798615, 