{"metrics": {"ACC": 44.75524475524475, "F1": 33.671659919028336}, "predictions": [0, 0, 3, 3, 3, 3, 1, 1, 3, 1, 1, 4, 4, 4, 4, 3, 3, 0, 1, 0, 1, 0, 0, 1, 3, 0, 0, 0, 0, 3, 0, 0, 0, 0, 0, 0, 1, 3, 3, 0, 0, 3, 3, 3, 3, 1, 0, 4, 0, 0, 3, 0, 0, 1, 3, 4, 1, 0, 3, 3, 3, 3, 3, 1, 1, 1, 3, 3, 0, 0, 4, 0, 3, 3, 3, 3, 0, 3, 3, 3, 3, 0, 0, 0, 0, 0, 0, 0, 4, 4, 4, 1, 0, 0, 0, 0, 0, 3, 3, 1, 0, 0, 0, 0, 3, 4, 3, 3, 0, 4, 0, 0, 0, 1, 0, 0, 0, 0, 1, 3, 0, 1, 1, 3, 0, 1, 0, 0, 1, 3, 1, 1, 0, 3, 3, 1, 0, 0, 1, 0, 3, 1, 0], "uids": ["0", "1", "2", "3", "4", "5", "6", "7", "8", "9", "10", "11", "12", "13", "14", "15", "16", "17", "18", "19", "20", "21", "22", "23", "24", "25", "26", "27", "28", "29", "30", "31", "32", "33", "34", "35", "36", "37", "38", "39", "40", "41", "42", "43", "44", "45", "46", "47", "48", "49", "50", "51", "52", "53", "54", "55", "56", "57", "58", "59", "60", "61", "62", "63", "64", "65", "66", "67", "68", "69", "70", "71", "72", "73", "74", "75", "76", "77", "78", "79", "80", "81", "82", "83", "84", "85", "86", "87", "88", "89", "90", "91", "92", "93", "94", "95", "96", "97", "98", "99", "100", "101", "102", "103", "104", "105", "106", "107", "108", "109", "110", "111", "112", "113", "114", "115", "116", "117", "118", "119", "120", "121", "122", "123", "124", "125", "126", "127", "128", "129", "130", "131", "132", "133", "134", "135", "136", "137", "138", "139", "140", "141", "142"], "scores": [0.31285977363586426, 0.30111581087112427, 0.0467454195022583, 0.07977977395057678, 0.2594992220401764, 0.7255470752716064, 0.06467688083648682, 0.03148927167057991, 0.04184367135167122, 0.13644306361675262, 0.10519451647996902, 0.01920531876385212, 0.06754785776138306, 0.6898305416107178, 0.11822179704904556, 0.24943625926971436, 0.09090204536914825, 0.05270836129784584, 0.4221927225589752, 0.18476058542728424, 0.055897243320941925, 0.05916071683168411, 0.18274830281734467, 0.5353779792785645, 0.16681578755378723, 0.2939227819442749, 0.09007035940885544, 0.07742533087730408, 0.35535165667533875, 0.18322989344596863, 0.12183110415935516, 0.824763834476471, 0.00950678065419197, 0.008739975281059742, 0.03515831008553505, 0.06939830631017685, 0.9012455344200134, 0.009458325803279877, 0.005043057259172201, 0.014854805544018745, 0.34670770168304443, 0.04624390974640846, 0.042703378945589066, 0.4266413748264313, 0.13770374655723572, 0.0925501137971878, 0.4107975661754608, 0.11134042590856552, 0.2696976661682129, 0.11561419069766998, 0.10998336225748062, 0.394401490688324, 0.08320386707782745, 0.19694997370243073, 0.21546129882335663, 0.29603561758995056, 0.24070152640342712, 0.040901340544223785, 0.0506860688328743, 0.3716754615306854, 0.07861707359552383, 0.08168889582157135, 0.06033926084637642, 0.03275818005204201, 0.74659663438797, 0.22617432475090027, 0.240376278758049, 0.05053142458200455, 0.08191559463739395, 0.4010024070739746, 0.28115421533584595, 0.09626869112253189, 0.04142508655786514, 0.2468259632587433, 0.3343260884284973, 0.054428067058324814, 0.02269160747528076, 0.051592253148555756, 0.46918487548828125, 0.4021031856536865, 0.04626189544796944, 0.022030379623174667, 0.04679054394364357, 0.5148648619651794, 0.3700523376464844, 0.6703464388847351, 0.06862271577119827, 0.04497508704662323, 0.15399926900863647, 0.06205650418996811, 0.10654695332050323, 0.8522667288780212, 0.006357587408274412, 0.02284255251288414, 0.011986239813268185, 0.8385732769966125, 0.025344014167785645, 0.030207082629203796, 0.08609325438737869, 0.01978239230811596, 0.17458735406398773, 0.741101861000061, 0.0166634488850832, 0.02020254358649254, 0.047444865107536316, 0.4527520537376404, 0.16918624937534332, 0.04802730679512024, 0.10914641618728638, 0.22088800370693207, 0.4080374240875244, 0.1466105580329895, 0.06530167907476425, 0.2570374310016632, 0.12301292270421982, 0.02911277860403061, 0.8063595294952393, 0.05272960662841797, 0.08325491845607758, 0.028543222695589066, 0.0830167829990387, 0.23124921321868896, 0.13078521192073822, 0.44321495294570923, 0.1117338240146637, 0.5949229598045349, 0.25392407178878784, 0.07300741970539093, 0.040217701345682144, 0.037927910685539246, 0.4579165577888489, 0.3840312361717224, 0.0460924431681633, 0.04284956678748131, 0.06911017000675201, 0.8968109488487244, 0.019290147349238396, 0.014397324994206429, 0.015850195661187172, 0.053651291877031326, 0.32637855410575867, 0.024907145649194717, 0.1672218292951584, 0.23920290172100067, 0.24228955805301666, 0.22135935723781586, 0.05401566997170448, 0.27029603719711304, 0.3458346128463745, 0.108494333922863, 0.9011424779891968, 0.010368061251938343, 0.013348194770514965, 0.023040935397148132, 0.05210033431649208, 0.66135573387146, 0.15371228754520416, 0.02375863306224346, 0.09993463009595871, 0.06123865395784378, 0.559370219707489, 0.08760256320238113, 0.11410170793533325, 0.01775936968624592, 0.22116610407829285, 0.4992308020591736, 0.11516516655683517, 0.13594339787960052, 0.02154187671840191, 0.22811871767044067, 0.8376687169075012, 0.02937222830951214, 0.05626814812421799, 0.012125205248594284, 0.0645657628774643, 0.9027715921401978, 0.044184233993291855, 0.011842875741422176, 0.008599502965807915, 0.03260166943073273, 0.12834909558296204, 0.7821688055992126, 0.01949172466993332, 0.014231113716959953, 0.05575927719473839, 0.134486123919487, 0.026529692113399506, 0.2010629028081894, 0.5212001204490662, 0.11672117561101913, 0.25385820865631104, 0.20822584629058838, 0.04372650757431984, 0.4387530982494354, 0.05543630197644234, 0.6304234266281128, 0.12902787327766418, 0.06339634954929352, 0.10483824461698532, 0.07231410592794418, 0.7797086238861084, 0.0546623095870018, 0.0474030077457428, 0.07833696901798248, 0.03988908603787422, 0.0396711565554142, 0.08330237865447998, 0.1327759474515915, 0.6771228313446045, 0.06712763756513596, 0.02579004131257534, 0.07432080060243607, 0.08197897672653198, 0.7417689561843872, 0.07614117860794067, 0.041223689913749695, 0.19537761807441711, 0.13161511719226837, 0.5972833037376404, 0.03450032323598862, 0.04614296928048134, 0.11474104225635529, 0.15982577204704285, 0.6223514080047607, 0.056938815861940384, 0.1795865148305893, 0.3530200719833374, 0.09944513440132141, 0.11339805275201797, 0.25455015897750854, 0.45057815313339233, 0.16336485743522644, 0.0889040157198906, 0.18298353254795074, 0.11416944116353989, 0.07565120607614517, 0.28063133358955383, 0.04613308608531952, 0.24487099051475525, 0.352713406085968, 0.9277727007865906, 0.018173323944211006, 0.010113103315234184, 0.005344100296497345, 0.038596782833337784, 0.3370175063610077, 0.19954818487167358, 0.061869654804468155, 0.30348271131515503, 0.09808193147182465, 0.33301207423210144, 0.17215244472026825, 0.07435335218906403, 0.3362869620323181, 0.0841951072216034, 0.8665132522583008, 0.023953115567564964, 0.02674301527440548, 0.05463043972849846, 0.028160152956843376, 0.2851724326610565, 0.263100802898407, 0.09134764969348907, 0.27382153272628784, 0.08655765652656555, 0.07695106416940689, 0.41777950525283813, 0.08532223105430603, 0.20058952271938324, 0.21935772895812988, 0.08385016024112701, 0.17855364084243774, 0.2278904765844345, 0.426228404045105, 0.08347728103399277, 0.23921796679496765, 0.22750376164913177, 0.18495380878448486, 0.09272795915603638, 0.2555965185165405, 0.13178835809230804, 0.35989928245544434, 0.028372012078762054, 0.2688007652759552, 0.21113957464694977, 0.6521061062812805, 0.14546993374824524, 0.08661354333162308, 0.04000052437186241, 0.07580996304750443, 0.07990595698356628, 0.0396219827234745, 0.0829719752073288, 0.7208543419837952, 0.07664567977190018, 0.2788267731666565, 0.02265598624944687, 0.05999826267361641, 0.5924394726753235, 0.04607948660850525, 0.24499548971652985, 0.026042645797133446, 0.05763201788067818, 0.639542818069458, 0.031787022948265076, 0.0859728455543518, 0.013994148001074791, 0.03916995972394943, 0.6686416864395142, 0.19222137331962585, 0.044141244143247604, 0.03727984055876732, 0.047324441373348236, 0.7552188038825989, 0.11603562533855438, 0.15941116213798523,