{"metrics": {"ACC": 39.63963963963964, "F1": 28.070367713481055}, "predictions": [1, 4, 4, 4, 4, 4, 4, 4, 4, 0, 0, 4, 4, 1, 1, 4, 4, 1, 4, 5, 0, 0, 5, 1, 4, 5, 4, 4, 4, 4, 4, 4, 4, 5, 5, 4, 4, 5, 4, 4, 4, 1, 5, 4, 4, 4, 4, 2, 0, 4, 4, 4, 4, 4, 0, 0, 5, 4, 4, 4, 4, 5, 4, 4, 4, 4, 4, 1, 1, 1, 1, 1, 4, 4, 4, 1, 5, 5, 5, 5, 5, 4, 4, 4, 4, 4, 4, 5, 1, 4, 1, 1, 2, 5, 5, 4, 5, 4, 1, 5, 4, 4, 2, 5, 4, 2, 4, 4, 2, 4, 2], "uids": ["0", "1", "2", "3", "4", "5", "6", "7", "8", "9", "10", "11", "12", "13", "14", "15", "16", "17", "18", "19", "20", "21", "22", "23", "24", "25", "26", "27", "28", "29", "30", "31", "32", "33", "34", "35", "36", "37", "38", "39", "40", "41", "42", "43", "44", "45", "46", "47", "48", "49", "50", "51", "52", "53", "54", "55", "56", "57", "58", "59", "60", "61", "62", "63", "64", "65", "66", "67", "68", "69", "70", "71", "72", "73", "74", "75", "76", "77", "78", "79", "80", "81", "82", "83", "84", "85", "86", "87", "88", "89", "90", "91", "92", "93", "94", "95", "96", "97", "98", "99", "100", "101", "102", "103", "104", "105", "106", "107", "108", "109", "110"], "scores": [0.05865069106221199, 0.4842213988304138, 0.04781840369105339, 0.0212609451264143, 0.16990314424037933, 0.21814537048339844, 0.015952937304973602, 0.05104105547070503, 0.029009869322180748, 0.013517561368644238, 0.8246772289276123, 0.06580125540494919, 0.047112174332141876, 0.17575287818908691, 0.030854905024170876, 0.02710459567606449, 0.6549902558326721, 0.06418518722057343, 0.16622178256511688, 0.09660987555980682, 0.04716528579592705, 0.035006336867809296, 0.6116061806678772, 0.04339054971933365, 0.1371777504682541, 0.1514325737953186, 0.027031341567635536, 0.04917680844664574, 0.40182816982269287, 0.2333533614873886, 0.03450112044811249, 0.09766055643558502, 0.0702480748295784, 0.018877927213907242, 0.5951156616210938, 0.1835966855287552, 0.055397551506757736, 0.06307787448167801, 0.05816188454627991, 0.03532760962843895, 0.6183245182037354, 0.16971053183078766, 0.2605009078979492, 0.14894624054431915, 0.04220402613282204, 0.040015414357185364, 0.4027270972728729, 0.10560633987188339, 0.0994580090045929, 0.25891536474227905, 0.0991743803024292, 0.030096618458628654, 0.4188060760498047, 0.09354954957962036, 0.5227862000465393, 0.12314793467521667, 0.05761600658297539, 0.07996304333209991, 0.06905985623598099, 0.14742699265480042, 0.41586634516716003, 0.0966196283698082, 0.07581084221601486, 0.08205167204141617, 0.14324526488780975, 0.186406210064888, 0.02111273631453514, 0.09133192151784897, 0.0073243118822574615, 0.021897120401263237, 0.760641872882843, 0.0976920947432518, 0.04042593017220497, 0.07615949958562851, 0.008390246890485287, 0.025318076834082603, 0.7246612310409546, 0.1250450313091278, 0.22204656898975372, 0.27070191502571106, 0.05360321328043938, 0.052020881325006485, 0.21841228008270264, 0.1832151561975479, 0.09978636354207993, 0.39654725790023804, 0.10405004024505615, 0.0310866367071867, 0.15455719828605652, 0.21397244930267334, 0.04809128865599632, 0.01713602803647518, 0.023419668897986412, 0.021980220451951027, 0.8591181039810181, 0.03025469370186329, 0.18376930058002472, 0.1141534373164177, 0.012657440267503262, 0.03921324014663696, 0.48858320713043213, 0.16162338852882385, 0.15949946641921997, 0.3918918967247009, 0.0423184409737587, 0.05134444683790207, 0.10638082027435303, 0.2485649585723877, 0.19813522696495056, 0.10610684007406235, 0.024518078193068504, 0.05104578658938408, 0.5372534990310669, 0.08294060826301575, 0.05908675119280815, 0.29031944274902344, 0.026907335966825485, 0.02318805456161499, 0.08102685213088989, 0.5194715261459351, 0.3424871861934662, 0.17154134809970856, 0.021954145282506943, 0.07715030759572983, 0.09670022130012512, 0.29016682505607605, 0.5084484219551086, 0.08898136764764786, 0.024904625490307808, 0.12682275474071503, 0.11971055716276169, 0.13113225996494293, 0.1827223002910614, 0.3146761655807495, 0.022131310775876045, 0.07585658133029938, 0.07131528854370117, 0.33329835534095764, 0.03222700580954552, 0.43498972058296204, 0.02588766999542713, 0.017947930842638016, 0.15941479802131653, 0.3295329213142395, 0.03803499788045883, 0.19095824658870697, 0.041681189090013504, 0.02684313990175724, 0.37424612045288086, 0.32823631167411804, 0.03663163259625435, 0.10020487755537033, 0.0528675876557827, 0.044235218316316605, 0.3786543905735016, 0.38740625977516174, 0.13807423412799835, 0.0345555804669857, 0.02296632155776024, 0.0739910826086998, 0.5688015222549438, 0.16161127388477325, 0.02035253308713436, 0.03858809173107147, 0.009991711005568504, 0.019957585260272026, 0.7869120240211487, 0.1241980642080307, 0.03830769285559654, 0.009955034591257572, 0.014337579719722271, 0.018265875056385994, 0.8975421190261841, 0.021591683849692345, 0.015465186908841133, 0.03295065462589264, 0.10194877535104752, 0.024992169812321663, 0.783672571182251, 0.040970657020807266, 0.014406922273337841, 0.014231969602406025, 0.05078234523534775, 0.015726080164313316, 0.8806964159011841, 0.024156326428055763, 0.21443550288677216, 0.11198735237121582, 0.04177476093173027, 0.05101203918457031, 0.5250508785247803, 0.05573951080441475, 0.07179194688796997, 0.11892068386077881, 0.07379359751939774, 0.028880301862955093, 0.619978129863739, 0.08663532882928848, 0.05430617183446884, 0.2742377519607544, 0.027641763910651207, 0.024328742176294327, 0.2995130717754364, 0.3199724555015564, 0.05012788251042366, 0.18870322406291962, 0.017733223736286163, 0.028327852487564087, 0.32660800218582153, 0.38849976658821106, 0.045078810304403305, 0.04543522372841835, 0.010897264815866947, 0.019169917330145836, 0.8229045867919922, 0.056514158844947815, 0.16783881187438965, 0.0844430923461914, 0.03687693923711777, 0.03394101932644844, 0.5088464617729187, 0.1680537313222885, 0.14707452058792114, 0.25843971967697144, 0.019977083429694176, 0.02749956212937832, 0.0955599769949913, 0.4514491558074951, 0.13154031336307526, 0.25203725695610046, 0.0638393685221672, 0.035853784531354904, 0.4126800000667572, 0.10404932498931885, 0.10895776748657227, 0.26912835240364075, 0.04843951016664505, 0.03899480402469635, 0.3527268171310425, 0.1817527413368225, 0.11686338484287262, 0.025998380035161972, 0.010515552945435047, 0.029625095427036285, 0.7646424770355225, 0.052355196326971054, 0.10279786586761475, 0.3293827176094055, 0.17665693163871765, 0.05124505236744881, 0.08164982497692108, 0.2582676112651825, 0.06595783680677414, 0.2859440743923187, 0.15409454703330994, 0.028278592973947525, 0.1117301881313324, 0.3539946973323822, 0.026478243991732597, 0.06216247379779816, 0.013445322401821613, 0.018465479835867882, 0.811220645904541, 0.06822783499956131, 0.02945450320839882, 0.013856682926416397, 0.012958964332938194, 0.019654124975204468, 0.8975831270217896, 0.026492614299058914, 0.03491286560893059, 0.027248283848166466, 0.014501242898404598, 0.03038845956325531, 0.7591071724891663, 0.13384196162223816, 0.018248025327920914, 0.06825928390026093, 0.06862912327051163, 0.020758122205734253, 0.6742545366287231, 0.1498509645462036, 0.04074770584702492, 0.05433127284049988, 0.5580112934112549, 0.05049033463001251, 0.2503882050514221, 0.04603123292326927, 0.30583351850509644, 0.1565801501274109, 0.16345147788524628, 0.07473234087228775, 0.08583308756351471, 0.21356941759586334, 0.08146306872367859, 0.1909361332654953, 0.1945173144340515, 0.0288300309330225, 0.30319440364837646, 0.20105904340744019, 0.028528837487101555, 0.1948273926973343, 0.04843233898282051, 0.030607227236032486, 0.5622791051864624, 0.135325089097023, 0.07031247019767761, 0.1571892648935318, 0.043171025812625885, 0.04326978698372841, 0.6143527030944824, 0.07170480489730835, 0.015350298024713993, 0.027910076081752777, 0.00852183811366558, 0.008145429193973541, 0.9161642789840698, 0.02390814758837223, 0.05593949183821678, 0.23050202429294586, 0.02840430475771427, 0.03294777125120163, 0.42365217208862305, 0.2285541594028473, 0.3715342879295349, 0.19539545476436615, 0.06661436706781387, 0.06658701598644257, 0.033054839819669724, 