{"metrics": {"ACC": 39.63963963963964, "F1": 26.40166358899179}, "predictions": [1, 4, 4, 4, 4, 4, 4, 4, 4, 0, 0, 4, 4, 1, 1, 4, 4, 1, 4, 5, 0, 0, 1, 1, 5, 5, 4, 4, 4, 4, 4, 4, 4, 4, 4, 4, 4, 5, 4, 4, 4, 1, 5, 4, 4, 4, 4, 2, 0, 4, 4, 4, 4, 4, 0, 0, 4, 4, 4, 4, 4, 5, 4, 4, 4, 4, 4, 1, 1, 1, 5, 5, 4, 4, 4, 4, 5, 5, 5, 5, 5, 4, 4, 4, 4, 4, 4, 5, 1, 4, 1, 1, 2, 5, 5, 4, 5, 4, 1, 4, 4, 4, 2, 5, 4, 2, 4, 4, 4, 4, 2], "uids": ["0", "1", "2", "3", "4", "5", "6", "7", "8", "9", "10", "11", "12", "13", "14", "15", "16", "17", "18", "19", "20", "21", "22", "23", "24", "25", "26", "27", "28", "29", "30", "31", "32", "33", "34", "35", "36", "37", "38", "39", "40", "41", "42", "43", "44", "45", "46", "47", "48", "49", "50", "51", "52", "53", "54", "55", "56", "57", "58", "59", "60", "61", "62", "63", "64", "65", "66", "67", "68", "69", "70", "71", "72", "73", "74", "75", "76", "77", "78", "79", "80", "81", "82", "83", "84", "85", "86", "87", "88", "89", "90", "91", "92", "93", "94", "95", "96", "97", "98", "99", "100", "101", "102", "103", "104", "105", "106", "107", "108", "109", "110"], "scores": [0.0645708367228508, 0.4437885284423828, 0.06826194375753403, 0.019098978489637375, 0.17819669842720032, 0.2260829657316208, 0.017916573211550713, 0.05261525139212608, 0.03352567180991173, 0.013273865915834904, 0.8105311989784241, 0.07213741540908813, 0.044481776654720306, 0.1549588143825531, 0.0364384800195694, 0.02462231181561947, 0.6762595176696777, 0.06323903799057007, 0.1327693611383438, 0.0930718183517456, 0.05688152462244034, 0.032896388322114944, 0.6423548460006714, 0.042026035487651825, 0.1369253396987915, 0.1531827449798584, 0.03408259153366089, 0.05232515558600426, 0.37933871150016785, 0.24414540827274323, 0.036180589348077774, 0.11680886149406433, 0.07321911305189133, 0.01928926818072796, 0.5688462853431702, 0.1856558918952942, 0.06600327789783478, 0.0737597718834877, 0.0682823657989502, 0.03424898162484169, 0.5762569904327393, 0.1814485788345337, 0.27732664346694946, 0.14864863455295563, 0.059385914355516434, 0.04517865553498268, 0.36423105001449585, 0.10522908717393875, 0.10420553386211395, 0.23529602587223053, 0.10868725180625916, 0.031154761090874672, 0.4255985915660858, 0.0950578898191452, 0.5218227505683899, 0.11347819119691849, 0.06485383957624435, 0.07672964781522751, 0.08484237641096115, 0.13827314972877502, 0.4086739122867584, 0.08022390305995941, 0.08868947625160217, 0.07833611965179443, 0.18111836910247803, 0.1629582941532135, 0.023554539307951927, 0.1214303970336914, 0.010699214413762093, 0.02802460268139839, 0.689711332321167, 0.1265798807144165, 0.037709034979343414, 0.08958924561738968, 0.009578993543982506, 0.027741538360714912, 0.6906528472900391, 0.14472827315330505, 0.2303733080625534, 0.24864214658737183, 0.0842800885438919, 0.05294821038842201, 0.20030774176120758, 0.18344846367835999, 0.0975901409983635, 0.32498928904533386, 0.16282187402248383, 0.03634289652109146, 0.1824662983417511, 0.19578953087329865, 0.05037067458033562, 0.022305497899651527, 0.02783782221376896, 0.023756057024002075, 0.8365033864974976, 0.03922656178474426, 0.1804743856191635, 0.12275929003953934, 0.021214546635746956, 0.03593484312295914, 0.5060087442398071, 0.1336081475019455, 0.12776438891887665, 0.3883882462978363, 0.041670456528663635, 0.04592744633555412, 0.15852980315685272, 0.2377195656299591, 0.16899126768112183, 0.10784131288528442, 0.025737609714269638, 0.05116787552833557, 0.5687355995178223, 0.07752633094787598, 0.06679175794124603, 0.28538599610328674, 0.042540911585092545, 0.025997867807745934, 0.11176519095897675, 0.46751824021339417, 0.3172852098941803, 0.1826564371585846, 0.02736128307878971, 0.07641097158193588, 0.12364335358142853, 0.27264270186424255, 0.430242657661438, 0.10493748635053635, 0.02672058902680874, 0.11388707906007767, 0.17307467758655548, 0.15113745629787445, 0.14998246729373932, 0.3294863998889923, 0.0241861455142498, 0.06939901411533356, 0.11430035531520844, 0.3126456141471863, 0.038224369287490845, 0.35466206073760986, 0.036598898470401764, 0.020671792328357697, 0.19542796909809113, 0.3544149398803711, 0.05394856259226799, 0.18498118221759796, 0.05413670092821121, 0.03154980018734932, 0.33590370416641235, 0.3394800126552582, 0.04716064780950546, 0.11434619873762131, 0.06586317718029022, 0.04749990627169609, 0.3530516028404236, 0.37207847833633423, 0.14158283174037933, 0.04791497439146042, 0.028496764600276947, 0.07708980143070221, 0.5020064115524292, 0.2029091864824295, 0.02219507470726967, 0.04849253594875336, 0.011741209775209427, 0.020828083157539368, 0.7701885104179382, 0.12655457854270935, 0.035880960524082184, 0.013078484684228897, 0.015627115964889526, 0.01750469207763672, 0.8916754722595215, 0.026233334094285965, 0.016987809911370277, 0.04118223860859871, 0.1134873777627945, 0.026909487321972847, 0.7487032413482666, 0.052729859948158264, 0.017982427030801773, 0.020018501207232475, 0.06318680197000504, 0.019681677222251892, 0.8424005508422852, 0.036730047315359116, 0.21277181804180145, 0.11298438906669617, 0.04772418737411499, 0.050994936376810074, 0.5100607872009277, 0.06546385586261749, 0.08872288465499878, 0.12390673160552979, 0.09009727835655212, 0.033068329095840454, 0.5692575573921204, 0.09494718909263611, 0.0609603188931942, 0.23143841326236725, 0.034615982323884964, 0.020777761936187744, 0.40259239077568054, 0.2496151477098465, 0.05479899421334267, 0.16828720271587372, 0.020744847133755684, 0.027648335322737694, 0.38812169432640076, 0.3403988480567932, 0.052531443536281586, 0.06350086629390717, 0.01684204488992691, 0.0228374432772398, 0.7780556678771973, 0.06623249500989914, 0.19572970271110535, 0.09747837483882904, 0.05558064207434654, 0.03959638252854347, 0.449131041765213, 0.1624838411808014, 0.1772240251302719, 0.2763125002384186, 0.03509606048464775, 0.031143121421337128, 0.1140911877155304, 0.3661331236362457, 0.1251368671655655, 0.2551857531070709, 0.10386491566896439, 0.04072596877813339, 0.36302852630615234, 0.11205801367759705, 0.09537897258996964, 0.22820283472537994, 0.07086248695850372, 0.03667560592293739, 0.377378910779953, 0.19150115549564362, 0.1351456344127655, 0.043874841183423996, 0.027083395048975945, 0.03551650419831276, 0.6876497864723206, 0.0707298219203949, 0.11358820647001266, 0.26394355297088623, 0.19803237915039062, 0.04735082760453224, 0.11573375761508942, 0.2613512873649597, 0.07051226496696472, 0.23205196857452393, 0.16533538699150085, 0.02684689313173294, 0.17397315800189972, 0.33128032088279724, 0.02523867040872574, 0.07207263261079788, 0.014934306032955647, 0.01947108842432499, 0.7803349494934082, 0.087948277592659, 0.03154323995113373, 0.020209556445479393, 0.013374799862504005, 0.022047989070415497, 0.8663656711578369, 0.04645877331495285, 0.042687512934207916, 0.04306473582983017, 0.019042130559682846, 0.04125212877988815, 0.6572965979576111, 0.1966569423675537, 0.023203697055578232, 0.07598355412483215, 0.07568483799695969, 0.024212338030338287, 0.607472836971283, 0.19344279170036316, 0.05303267762064934, 0.06927324831485748, 0.4997880756855011, 0.05018465965986252, 0.2645409107208252, 0.06318039447069168, 0.3273676931858063, 0.11901319026947021, 0.21165049076080322, 0.07084766775369644, 0.12149994820356369, 0.14962103962898254, 0.09933072328567505, 0.15819485485553741, 0.20577284693717957, 0.033681683242321014, 0.34698429703712463, 0.15603552758693695, 0.029993420466780663, 0.1542511135339737, 0.062477774918079376, 0.026716435328125954, 0.5747185349464417, 0.15184274315834045, 0.07345128059387207, 0.1442813277244568, 0.04841209948062897, 0.04145127162337303, 0.6148673295974731, 0.07753674685955048, 0.029453441500663757, 0.05278531461954117, 0.016933763399720192, 0.013890925794839859, 0.8451951146125793, 0.04174147918820381, 0.07925388962030411, 0.21070952713489532, 0.04097817838191986, 0.0399303063750267, 0.41846325993537903, 0.210664764046669, 0.3347550332546234, 0.19347892701625824, 0.07825193554162979, 0.06130795553326607, 0.0575798898935318, 0.27462613582611084, 