{"metrics": {"ACC": 41.44144144144144, "F1": 25.335162327464}, "predictions": [4, 4, 4, 4, 4, 4, 4, 4, 4, 0, 4, 4, 4, 4, 4, 4, 4, 4, 4, 5, 0, 0, 1, 4, 4, 4, 4, 4, 4, 4, 4, 4, 4, 4, 4, 4, 4, 5, 4, 4, 4, 4, 4, 4, 4, 4, 4, 4, 4, 4, 4, 4, 4, 4, 5, 4, 4, 4, 4, 4, 4, 4, 4, 4, 4, 4, 4, 1, 1, 5, 5, 4, 4, 4, 4, 4, 4, 4, 5, 5, 4, 4, 4, 4, 4, 4, 4, 5, 4, 4, 4, 2, 2, 5, 5, 4, 5, 4, 1, 5, 4, 4, 4, 4, 4, 2, 4, 4, 2, 4, 2], "uids": ["0", "1", "2", "3", "4", "5", "6", "7", "8", "9", "10", "11", "12", "13", "14", "15", "16", "17", "18", "19", "20", "21", "22", "23", "24", "25", "26", "27", "28", "29", "30", "31", "32", "33", "34", "35", "36", "37", "38", "39", "40", "41", "42", "43", "44", "45", "46", "47", "48", "49", "50", "51", "52", "53", "54", "55", "56", "57", "58", "59", "60", "61", "62", "63", "64", "65", "66", "67", "68", "69", "70", "71", "72", "73", "74", "75", "76", "77", "78", "79", "80", "81", "82", "83", "84", "85", "86", "87", "88", "89", "90", "91", "92", "93", "94", "95", "96", "97", "98", "99", "100", "101", "102", "103", "104", "105", "106", "107", "108", "109", "110"], "scores": [0.08981063961982727, 0.2715267539024353, 0.0749216079711914, 0.02505805715918541, 0.36778146028518677, 0.17090143263339996, 0.0361131951212883, 0.08932261914014816, 0.03912261500954628, 0.019205380231142044, 0.7058745622634888, 0.11036152392625809, 0.06540221720933914, 0.1578095555305481, 0.048512667417526245, 0.025491436943411827, 0.604171872138977, 0.09861224889755249, 0.10461924970149994, 0.14342711865901947, 0.06280073523521423, 0.02851693332195282, 0.5652894377708435, 0.09534656256437302, 0.09265308827161789, 0.14601826667785645, 0.0486161969602108, 0.03698645159602165, 0.4517420530319214, 0.22398392856121063, 0.055309172719717026, 0.15892483294010162, 0.0907021015882492, 0.023704126477241516, 0.44818979501724243, 0.2231699675321579, 0.1059749647974968, 0.1436188668012619, 0.06691821664571762, 0.04266922548413277, 0.43390387296676636, 0.20691481232643127, 0.18708184361457825, 0.15780103206634521, 0.07080850005149841, 0.03873191401362419, 0.40814411640167236, 0.13743264973163605, 0.11260387301445007, 0.2170020192861557, 0.07668006420135498, 0.028272520750761032, 0.4289442002773285, 0.136497363448143, 0.3498067259788513, 0.12398295104503632, 0.06937425583600998, 0.0598699115216732, 0.2296326756477356, 0.16733355820178986, 0.2190481722354889, 0.11728860437870026, 0.08036366105079651, 0.04975428804755211, 0.33484214544296265, 0.19870305061340332, 0.028578925877809525, 0.136252298951149, 0.033445507287979126, 0.024896696209907532, 0.6325491666793823, 0.144277423620224, 0.039470694959163666, 0.10732459276914597, 0.015606526285409927, 0.02286282740533352, 0.6706733107566833, 0.1440621018409729, 0.14430196583271027, 0.20012401044368744, 0.07584717869758606, 0.034981030970811844, 0.35248735547065735, 0.19225837290287018, 0.09003228694200516, 0.22181876003742218, 0.07647983729839325, 0.028520718216896057, 0.39032867550849915, 0.192819744348526, 0.06595760583877563, 0.08375019580125809, 0.05844215303659439, 0.028393978253006935, 0.674560546875, 0.0888955220580101, 0.13509321212768555, 0.1321452260017395, 0.02401518076658249, 0.03130660578608513, 0.5324333906173706, 0.14500641822814941, 0.0951155349612236, 0.21882431209087372, 0.036537159234285355, 0.0423838347196579, 0.40314599871635437, 0.20399312674999237, 0.08689854294061661, 0.1199968084692955, 0.028441578149795532, 0.04576384276151657, 0.5993911623954773, 0.11950801312923431, 0.09906859695911407, 0.2216292917728424, 0.03694840520620346, 0.03218597173690796, 0.26339131593704224, 0.34677642583847046, 0.27672117948532104, 0.19851772487163544, 0.06015456095337868, 0.07160962373018265, 0.15764956176280975, 0.23534727096557617, 0.3102526366710663, 0.17870788276195526, 0.05115554854273796, 0.09336498379707336, 0.17574593424797058, 0.19077298045158386, 0.16347944736480713, 0.3051914572715759, 0.04889921844005585, 0.06438025087118149, 0.16843809187412262, 0.24961155652999878, 0.05012639984488487, 0.2767059803009033, 0.052171699702739716, 0.023559872061014175, 0.334663987159729, 0.2627720832824707, 0.07404685020446777, 0.1932406723499298, 0.058063019067049026, 0.035513147711753845, 0.39792194962501526, 0.2412143349647522, 0.0640479028224945, 0.14176912605762482, 0.06442805379629135, 0.04502296820282936, 0.4511914849281311, 0.23354047536849976, 0.17038758099079132, 0.08536667376756668, 0.04066623002290726, 0.06799574196338654, 0.46129879355430603, 0.17428497970104218, 0.03670322149991989, 0.08801665902137756, 0.025754129514098167, 0.02706502005457878, 0.6138224005699158, 0.20863859355449677, 0.05292302370071411, 0.04791602864861488, 0.024436108767986298, 0.022871550172567368, 0.7802925705909729, 0.07156073302030563, 0.033617522567510605, 0.1254190057516098, 0.26646238565444946, 0.03384005278348923, 0.4035526216030121, 0.1371084600687027, 0.040760111063718796, 0.08994106203317642, 0.21118807792663574, 0.030614657327532768, 0.5066498517990112, 0.12084627151489258, 0.09936461597681046, 0.10951622575521469, 0.0408397912979126, 0.03305099904537201, 0.632485568523407, 0.08474288880825043, 0.07412592321634293, 0.1453327089548111, 0.06999878585338593, 0.025454649701714516, 0.5465556383132935, 0.13853232562541962, 0.08707653731107712, 0.20263057947158813, 0.04769212007522583, 0.024144114926457405, 0.4333404004573822, 0.20511621236801147, 0.06052534282207489, 0.16514232754707336, 0.03837098926305771, 0.03118049167096615, 0.41690918803215027, 0.28787168860435486, 0.03407938405871391, 0.06504064053297043, 0.024081256240606308, 0.01877916045486927, 0.752432644367218, 0.10558692365884781, 0.1549958884716034, 0.12582701444625854, 0.05575781315565109, 0.03800247609615326, 0.44349709153175354, 0.18191967904567719, 0.1627441942691803, 0.22945921123027802, 0.030650487169623375, 0.039442986249923706, 0.2643272578716278, 0.27337586879730225, 0.08817658573389053, 0.15294106304645538, 0.05085030570626259, 0.022537579759955406, 0.5519528388977051, 0.13354159891605377, 0.10211396962404251, 0.1861242800951004, 0.07467611134052277, 0.03500601276755333, 0.40116581320762634, 0.20091378688812256, 0.12241414189338684, 0.08479902148246765, 0.03236011788249016, 0.030722420662641525, 0.6330022215843201, 0.09670203179121017, 0.10945896059274673, 0.1938418447971344, 0.11265365034341812, 0.035541314631700516, 0.30227622389793396, 0.2462279349565506, 0.08870641887187958, 0.17950312793254852, 0.09311599284410477, 0.0300192479044199, 0.3423210084438324, 0.2663341462612152, 0.03759438917040825, 0.12593862414360046, 0.02744913659989834, 0.025851134210824966, 0.6367931365966797, 0.14637356996536255, 0.049414876848459244, 0.059008099138736725, 0.034947559237480164, 0.026387562975287437, 0.7425705194473267, 0.08767139911651611, 0.050684791058301926, 0.07817016541957855, 0.02930147759616375, 0.03372405841946602, 0.6320614814758301, 0.17605802416801453, 0.033229533582925797, 0.10410258919000626, 0.08544110506772995, 0.02818223275244236, 0.5860674381256104, 0.16297709941864014, 0.07306093722581863, 0.11830412596464157, 0.1823970377445221, 0.05047285184264183, 0.453661173582077, 0.12210388481616974, 0.25930559635162354, 0.1126590371131897, 0.11812684684991837, 0.05362632870674133, 0.30504679679870605, 0.15123535692691803, 0.10596223175525665, 0.14831958711147308, 0.11788174510002136, 0.03079172782599926, 0.43800583481788635, 0.15903885662555695, 0.0378742478787899, 0.1522255390882492, 0.06711547821760178, 0.03130277246236801, 0.5524387359619141, 0.15904323756694794, 0.06831680983304977, 0.189616858959198, 0.06919718533754349, 0.03793743625283241, 0.5224468111991882, 0.112484872341156, 0.05065305158495903, 0.14360827207565308, 0.04305736720561981, 0.021232513710856438, 0.6238164305686951, 0.11763231456279755, 0.07689817994832993, 0.21883735060691833, 0.05416708067059517, 0.04279017820954323, 0.40959495306015015, 0.19771231710910797, 0.2414001077413559, 0.16406705975532532, 0.09828577190637589, 0.06147245317697525, 0.17561474442481995, 0.2591598331928253, 0.1934511661529541, 