{"metrics": {"ACC": 36.03603603603604, "F1": 8.830022075055188}, "predictions": [4, 4, 4, 4, 4, 4, 4, 4, 4, 4, 4, 4, 4, 4, 4, 4, 4, 4, 4, 4, 4, 4, 4, 4, 4, 4, 4, 4, 4, 4, 4, 4, 4, 4, 4, 4, 4, 4, 4, 4, 4, 4, 4, 4, 4, 4, 4, 4, 4, 4, 4, 4, 4, 4, 4, 4, 4, 4, 4, 4, 4, 4, 4, 4, 4, 4, 4, 4, 4, 4, 4, 4, 4, 4, 4, 4, 4, 4, 4, 4, 4, 4, 4, 4, 4, 4, 4, 4, 4, 4, 4, 4, 4, 4, 4, 4, 4, 4, 4, 4, 4, 4, 4, 4, 4, 4, 4, 4, 4, 4, 4], "uids": ["0", "1", "2", "3", "4", "5", "6", "7", "8", "9", "10", "11", "12", "13", "14", "15", "16", "17", "18", "19", "20", "21", "22", "23", "24", "25", "26", "27", "28", "29", "30", "31", "32", "33", "34", "35", "36", "37", "38", "39", "40", "41", "42", "43", "44", "45", "46", "47", "48", "49", "50", "51", "52", "53", "54", "55", "56", "57", "58", "59", "60", "61", "62", "63", "64", "65", "66", "67", "68", "69", "70", "71", "72", "73", "74", "75", "76", "77", "78", "79", "80", "81", "82", "83", "84", "85", "86", "87", "88", "89", "90", "91", "92", "93", "94", "95", "96", "97", "98", "99", "100", "101", "102", "103", "104", "105", "106", "107", "108", "109", "110"], "scores": [0.053103119134902954, 0.14208237826824188, 0.047559935599565506, 0.03879409283399582, 0.5330950021743774, 0.18536542356014252, 0.050123173743486404, 0.10057998448610306, 0.03745516762137413, 0.03544420003890991, 0.6001123189926147, 0.17628517746925354, 0.055402930825948715, 0.11973337084054947, 0.05103769898414612, 0.037366852164268494, 0.5330700874328613, 0.20338907837867737, 0.06459053605794907, 0.11326626688241959, 0.04584008827805519, 0.036673106253147125, 0.5397258996963501, 0.1999041587114334, 0.0648878887295723, 0.09717929363250732, 0.04090062156319618, 0.03842255100607872, 0.5604268908500671, 0.19818277657032013, 0.05853612348437309, 0.15278147161006927, 0.030500922352075577, 0.04634516313672066, 0.5321926474571228, 0.17964370548725128, 0.06171063706278801, 0.18414127826690674, 0.03970940411090851, 0.04828554764389992, 0.46474283933639526, 0.20141024887561798, 0.058716513216495514, 0.11130087822675705, 0.05301502346992493, 0.03398577496409416, 0.5443179607391357, 0.19866380095481873, 0.05517178773880005, 0.11274953186511993, 0.04871732369065285, 0.031360503286123276, 0.554456889629364, 0.1975439190864563, 0.07222212851047516, 0.10546151548624039, 0.03953741118311882, 0.03529424965381622, 0.5402230024337769, 0.20726171135902405, 0.07035383582115173, 0.10291697084903717, 0.04001323878765106, 0.03385088965296745, 0.5604963898658752, 0.19236870110034943, 0.05685585364699364, 0.11382493376731873, 0.04972114786505699, 0.04382892698049545, 0.546985387802124, 0.18878374993801117, 0.06173877418041229, 0.11949215084314346, 0.04550694301724434, 0.0443054623901844, 0.5273165702819824, 0.2016400843858719, 0.07172491401433945, 0.11363141238689423, 0.0413658507168293, 0.03794975206255913, 0.5510276556015015, 0.18430037796497345, 0.07118955254554749, 0.11686225980520248, 0.045472413301467896, 0.03764992952346802, 0.5290595293045044, 0.19976632297039032, 0.05905511975288391, 0.10318313539028168, 0.040237464010715485, 0.036230843514204025, 0.5660048127174377, 0.19528864324092865, 0.06551171094179153, 0.11438310891389847, 0.04306529462337494, 0.03232599422335625, 0.564949631690979, 0.1797642856836319, 0.066871777176857, 0.11953236162662506, 0.04369598254561424, 0.0406031496822834, 0.5365635752677917, 0.19273315370082855, 0.06549917161464691, 0.1152787134051323, 0.042059995234012604, 0.03890259563922882, 0.5324669480323792, 0.2057925909757614, 0.06773538142442703, 0.12353859096765518, 0.03779175877571106, 0.033729661256074905, 0.5027350783348083, 0.23446957767009735, 0.07454081624746323, 0.14934027194976807, 0.038990844041109085, 0.045875389128923416, 0.4845182001590729, 0.20673447847366333, 0.06513094902038574, 0.1315588653087616, 0.03727227449417114, 0.04015672206878662, 0.5213817358016968, 0.2044994831085205, 0.05853080749511719, 0.15097248554229736, 0.03930399566888809, 0.038153812289237976, 0.5116321444511414, 0.20140674710273743, 0.060256604105234146, 0.13081403076648712, 0.046281054615974426, 0.03723454847931862, 0.5058440566062927, 0.21956975758075714, 0.057924576103687286, 0.16311907768249512, 0.05494645610451698, 0.0397522933781147, 0.4583796560764313, 0.22587788105010986, 0.054835185408592224, 0.14755584299564362, 0.04670112207531929, 0.03873667120933533, 0.522216796875, 0.18995434045791626, 0.05910256877541542, 0.10163497179746628, 0.03552374988794327, 0.031018393114209175, 0.5588651895523071, 0.21385517716407776, 0.047338102012872696, 0.10723311454057693, 0.03460879996418953, 0.03339451178908348, 0.5745826363563538, 0.2028428018093109, 0.05499562621116638, 0.1007281243801117, 0.033300068229436874, 0.0318908654153347, 0.6119986772537231, 0.167086660861969, 0.05028917267918587, 0.11163347959518433, 0.04707667604088783, 0.03520142287015915, 0.5630885362625122, 0.1927107274532318, 0.05464692413806915, 0.11149689555168152, 0.0568026565015316, 0.03487621620297432, 0.5497403144836426, 0.1924370378255844, 0.06018949672579765, 0.12027811259031296, 0.048795185983181, 0.04008423164486885, 0.5278303623199463, 0.20282264053821564, 0.05561574548482895, 0.10571154206991196, 0.03999539464712143, 0.035038042813539505, 0.5637087821960449, 0.19993051886558533, 0.050993699580430984, 0.1145847961306572, 0.04227534309029579, 0.03454829752445221, 0.5548831224441528, 0.2027147114276886, 0.049970511347055435, 0.13032960891723633, 0.05764888599514961, 0.050493963062763214, 0.47798532247543335, 0.23357166349887848, 0.052313100546598434, 0.0943133533000946, 0.05003790557384491, 0.04654644429683685, 0.5750741362571716, 0.18171510100364685, 0.06404624879360199, 0.09774874150753021, 0.03528771921992302, 0.03073558770120144, 0.5711694955825806, 0.20101220905780792, 0.06808054447174072, 0.11129225790500641, 0.03497250750660896, 0.03123895451426506, 0.5521130561828613, 0.20230264961719513, 0.0653846263885498, 0.10826180875301361, 0.0397772341966629, 0.03533974662423134, 0.5627034306526184, 0.18853312730789185, 0.057662978768348694, 0.10710664838552475, 0.03960840776562691, 0.037111785262823105, 0.5568755269050598, 0.20163469016551971, 0.06577558070421219, 0.1025315448641777, 0.0433289036154747, 0.03942834213376045, 0.5467801690101624, 0.20215550065040588, 0.060102399438619614, 0.12673278152942657, 0.04779914394021034, 0.033717505633831024, 0.5275290608406067, 0.20411910116672516, 0.05735759437084198, 0.14169229567050934, 0.04418875277042389, 0.03714801371097565, 0.49788904190063477, 0.22172428667545319, 0.05497650429606438, 0.1054859608411789, 0.04054933786392212, 0.037771474570035934, 0.5408966541290283, 0.22032003104686737, 0.062209948897361755, 0.10016010701656342, 0.05017295852303505, 0.04124216362833977, 0.5575982928276062, 0.18861646950244904, 0.06362301111221313, 0.1039820984005928, 0.050405487418174744, 0.038679227232933044, 0.5171316266059875, 0.22617854177951813, 0.04615802690386772, 0.10118546336889267, 0.04954596981406212, 0.032772570848464966, 0.5547078847885132, 0.21563000977039337, 0.05991257727146149, 0.09631866961717606, 0.05462779477238655, 0.038386713713407516, 0.5601475834846497, 0.19060665369033813, 0.06530164927244186, 0.1330566108226776, 0.07528670132160187, 0.039218202233314514, 0.4623928964138031, 0.22474387288093567, 0.05750885605812073, 0.10163985192775726, 0.052431654185056686, 0.0336015485227108, 0.5525481700897217, 0.20226995646953583, 0.05528846010565758, 0.1284751147031784, 0.049871161580085754, 0.044790249317884445, 0.5270205736160278, 0.19455446302890778, 0.06085328385233879, 0.11767623573541641, 0.05088047683238983, 0.042151469737291336, 0.5353258848190308, 0.19311268627643585, 0.056527551263570786, 0.1070142313838005, 0.04354673624038696, 0.03869355469942093, 0.5591557025909424, 0.19506220519542694, 0.05272404104471207, 0.1308705359697342, 0.04883282631635666, 0.04399427771568298, 0.5023565292358398, 0.22122180461883545, 0.06695377826690674, 0.1525864452123642, 0.0522470697760582, 0.05265236645936966, 0.43479371070861816, 0.24076658487319946, 0.07285536080598831, 