{"metrics": {"ACC": 39.63963963963964, "F1": 26.2540322114955}, "predictions": [1, 4, 4, 4, 4, 4, 4, 4, 4, 0, 0, 4, 4, 1, 1, 4, 4, 1, 4, 5, 5, 0, 5, 5, 4, 4, 4, 4, 4, 4, 4, 4, 4, 4, 5, 4, 4, 5, 4, 4, 4, 1, 5, 4, 4, 4, 4, 2, 0, 4, 4, 4, 4, 4, 0, 0, 5, 4, 4, 4, 4, 5, 4, 4, 4, 4, 4, 1, 1, 1, 5, 5, 4, 4, 4, 1, 5, 5, 5, 5, 4, 4, 4, 4, 4, 4, 4, 5, 1, 4, 5, 1, 2, 5, 5, 4, 5, 4, 1, 5, 4, 4, 2, 5, 4, 2, 4, 4, 4, 4, 2], "uids": ["0", "1", "2", "3", "4", "5", "6", "7", "8", "9", "10", "11", "12", "13", "14", "15", "16", "17", "18", "19", "20", "21", "22", "23", "24", "25", "26", "27", "28", "29", "30", "31", "32", "33", "34", "35", "36", "37", "38", "39", "40", "41", "42", "43", "44", "45", "46", "47", "48", "49", "50", "51", "52", "53", "54", "55", "56", "57", "58", "59", "60", "61", "62", "63", "64", "65", "66", "67", "68", "69", "70", "71", "72", "73", "74", "75", "76", "77", "78", "79", "80", "81", "82", "83", "84", "85", "86", "87", "88", "89", "90", "91", "92", "93", "94", "95", "96", "97", "98", "99", "100", "101", "102", "103", "104", "105", "106", "107", "108", "109", "110"], "scores": [0.051050856709480286, 0.48754480481147766, 0.05004897713661194, 0.020348578691482544, 0.176498144865036, 0.21450862288475037, 0.01272857841104269, 0.03765123710036278, 0.028261974453926086, 0.012203271500766277, 0.8536180853843689, 0.05553687736392021, 0.03253461420536041, 0.1396832913160324, 0.02636614628136158, 0.023212682455778122, 0.7251095175743103, 0.053093746304512024, 0.11415763944387436, 0.055038340389728546, 0.0405205599963665, 0.032456498593091965, 0.7249282002449036, 0.032898809760808945, 0.13276848196983337, 0.14075656235218048, 0.02495773881673813, 0.05290431156754494, 0.38970181345939636, 0.2589111030101776, 0.024894697591662407, 0.060341257601976395, 0.059263795614242554, 0.016414321959018707, 0.7054396271705627, 0.13364626467227936, 0.04543260484933853, 0.041622791439294815, 0.060917068272829056, 0.0320642851293087, 0.6851721405982971, 0.1347910314798355, 0.23122401535511017, 0.11362029612064362, 0.03740828111767769, 0.038809314370155334, 0.4946718215942383, 0.08426627516746521, 0.08734263479709625, 0.2213459461927414, 0.11175573617219925, 0.030282391235232353, 0.46914923191070557, 0.08012408763170242, 0.5448659062385559, 0.10907673835754395, 0.05871579796075821, 0.08865638077259064, 0.06292104721069336, 0.13576416671276093, 0.4081893563270569, 0.07774973660707474, 0.08230995386838913, 0.09203442186117172, 0.15783777832984924, 0.18187876045703888, 0.020091591402888298, 0.10743492096662521, 0.007787321228533983, 0.023685673251748085, 0.719130277633667, 0.12187016755342484, 0.03543565422296524, 0.07185854017734528, 0.007467594463378191, 0.02484908699989319, 0.7205550670623779, 0.1398339867591858, 0.22214506566524506, 0.28411346673965454, 0.0621923953294754, 0.05382217839360237, 0.19263598322868347, 0.18509098887443542, 0.08671573549509048, 0.41587793827056885, 0.12475234270095825, 0.029351135715842247, 0.12806348502635956, 0.21523943543434143, 0.03387750685214996, 0.009473990648984909, 0.018948420882225037, 0.020359719172120094, 0.8951971530914307, 0.022143248468637466, 0.16397503018379211, 0.10226950794458389, 0.01118565071374178, 0.04068614915013313, 0.5020800232887268, 0.17980362474918365, 0.139177143573761, 0.4144832491874695, 0.04397787153720856, 0.048537664115428925, 0.08516650646924973, 0.2686575949192047, 0.18634341657161713, 0.0906258374452591, 0.02464020624756813, 0.051836609840393066, 0.5745373964309692, 0.07201651483774185, 0.04276377707719803, 0.24928878247737885, 0.03005046211183071, 0.021851275116205215, 0.05971338972449303, 0.596332311630249, 0.2991383671760559, 0.16537414491176605, 0.021212317049503326, 0.08210662752389908, 0.10360264033079147, 0.32856592535972595, 0.45464250445365906, 0.07760263234376907, 0.022732416167855263, 0.13748492300510406, 0.17071302235126495, 0.13682442903518677, 0.14813634753227234, 0.3171554505825043, 0.01920257695019245, 0.07646924257278442, 0.07808344811201096, 0.3609529733657837, 0.02366631291806698, 0.39321619272232056, 0.02621246501803398, 0.01644338294863701, 0.13919532299041748, 0.40126627683639526, 0.036737214773893356, 0.1585986167192459, 0.051032375544309616, 0.03138759359717369, 0.3649517297744751, 0.357292503118515, 0.03036884218454361, 0.07531879842281342, 0.04658905416727066, 0.04168849438428879, 0.43352803587913513, 0.3725068271160126, 0.10136114805936813, 0.026206184178590775, 0.018233202397823334, 0.06616412103176117, 0.6204783320426941, 0.1675570011138916, 0.015108746476471424, 0.0278107188642025, 0.008519542403519154, 0.017372263595461845, 0.8263339996337891, 0.10485479235649109, 0.027387404814362526, 0.0064628818072378635, 0.01328294537961483, 0.016491645947098732, 0.9204136729240417, 0.015961499884724617, 0.012914073653519154, 0.025557762011885643, 0.10133232176303864, 0.022644994780421257, 0.8036100268363953, 0.03394075483083725, 0.010910945013165474, 0.01022433489561081, 0.038173381239175797, 0.012789209373295307, 0.9072151780128479, 0.020686957985162735, 0.21504317224025726, 0.10117803514003754, 0.04301288723945618, 0.05420950800180435, 0.5357376337051392, 0.05081877484917641, 0.05807766690850258, 0.08323494344949722, 0.08249778300523758, 0.030298948287963867, 0.6739919185638428, 0.07189873605966568, 0.048096902668476105, 0.21222510933876038, 0.030177831649780273, 0.024883009493350983, 0.35861241817474365, 0.3260047137737274, 0.03900311514735222, 0.15804371237754822, 0.015336251817643642, 0.02692379057407379, 0.34212586283683777, 0.4185672700405121, 0.03344958275556564, 0.0302931796759367, 0.008818448521196842, 0.016756664961576462, 0.8651773929595947, 0.04550470411777496, 0.13234511017799377, 0.05805674567818642, 0.030529620125889778, 0.03006824292242527, 0.6112982630729675, 0.13770201802253723, 0.1259293556213379, 0.22049830853939056, 0.020984798669815063, 0.027772968634963036, 0.09823755919933319, 0.5065770149230957, 0.1276506632566452, 0.23208698630332947, 0.06466846913099289, 0.03736574947834015, 0.44269928336143494, 0.09552887827157974, 0.086223304271698, 0.20503072440624237, 0.047330208122730255, 0.040366366505622864, 0.4617936313152313, 0.1592557579278946, 0.10417619347572327, 0.018808139488101006, 0.010743421502411366, 0.0293892752379179, 0.793341338634491, 0.04354157671332359, 0.10515843331813812, 0.3000775873661041, 0.2272556722164154, 0.05906154587864876, 0.06820574402809143, 0.24024097621440887, 0.060296449810266495, 0.2559322416782379, 0.2043420374393463, 0.027869805693626404, 0.1024760901927948, 0.34908339381217957, 0.024383576586842537, 0.058103907853364944, 0.013329682871699333, 0.019545001909136772, 0.8139931559562683, 0.07064473628997803, 0.02526339329779148, 0.010038810782134533, 0.010249116457998753, 0.01749955117702484, 0.9147644639015198, 0.02218455821275711, 0.028112195432186127, 0.021603170782327652, 0.012183967977762222, 0.029342057183384895, 0.755293607711792, 0.15346506237983704, 0.015469357371330261, 0.07054011523723602, 0.054952140897512436, 0.019240133464336395, 0.6261572241783142, 0.2136409878730774, 0.03514193370938301, 0.04440779611468315, 0.6284639239311218, 0.04717118293046951, 0.20420771837234497, 0.04060743376612663, 0.2893533706665039, 0.13519226014614105, 0.19798150658607483, 0.08311375230550766, 0.08933311700820923, 0.20502601563930511, 0.06582721322774887, 0.16325943171977997, 0.2003452181816101, 0.027796879410743713, 0.35177457332611084, 0.19099663197994232, 0.0255342535674572, 0.1780858188867569, 0.05507248267531395, 0.03332257643342018, 0.5611274838447571, 0.1468573808670044, 0.057114992290735245, 0.12494687736034393, 0.041021473705768585, 0.042718663811683655, 0.6678804755210876, 0.06631755083799362, 0.010422569699585438, 0.017285170033574104, 0.006033650599420071, 0.0069734686985611916, 0.9402695298194885, 0.019015638157725334, 0.04662837088108063, 0.18303155899047852, 0.021521929651498795, 0.030611351132392883, 0.466749370098114, 0.2514573335647583, 0.3700292706489563, 0.18853282928466797, 0.0781802386045456, 0.06878229230642319, 