{"metrics": {"ACC": 36.03603603603604, "F1": 8.830022075055188}, "predictions": [4, 4, 4, 4, 4, 4, 4, 4, 4, 4, 4, 4, 4, 4, 4, 4, 4, 4, 4, 4, 4, 4, 4, 4, 4, 4, 4, 4, 4, 4, 4, 4, 4, 4, 4, 4, 4, 4, 4, 4, 4, 4, 4, 4, 4, 4, 4, 4, 4, 4, 4, 4, 4, 4, 4, 4, 4, 4, 4, 4, 4, 4, 4, 4, 4, 4, 4, 4, 4, 4, 4, 4, 4, 4, 4, 4, 4, 4, 4, 4, 4, 4, 4, 4, 4, 4, 4, 4, 4, 4, 4, 4, 4, 4, 4, 4, 4, 4, 4, 4, 4, 4, 4, 4, 4, 4, 4, 4, 4, 4, 4], "uids": ["0", "1", "2", "3", "4", "5", "6", "7", "8", "9", "10", "11", "12", "13", "14", "15", "16", "17", "18", "19", "20", "21", "22", "23", "24", "25", "26", "27", "28", "29", "30", "31", "32", "33", "34", "35", "36", "37", "38", "39", "40", "41", "42", "43", "44", "45", "46", "47", "48", "49", "50", "51", "52", "53", "54", "55", "56", "57", "58", "59", "60", "61", "62", "63", "64", "65", "66", "67", "68", "69", "70", "71", "72", "73", "74", "75", "76", "77", "78", "79", "80", "81", "82", "83", "84", "85", "86", "87", "88", "89", "90", "91", "92", "93", "94", "95", "96", "97", "98", "99", "100", "101", "102", "103", "104", "105", "106", "107", "108", "109", "110"], "scores": [0.06247442215681076, 0.19213442504405975, 0.0667671412229538, 0.02793361432850361, 0.4241158962249756, 0.22657445073127747, 0.04848103225231171, 0.12750406563282013, 0.05387742444872856, 0.02427496761083603, 0.5962227582931519, 0.14963974058628082, 0.058372434228658676, 0.15199261903762817, 0.08188778162002563, 0.024003148078918457, 0.532187283039093, 0.15155674517154694, 0.06888067722320557, 0.15180811285972595, 0.0690440982580185, 0.02627377398312092, 0.529961347579956, 0.1540319174528122, 0.06929463893175125, 0.16418081521987915, 0.0754796490073204, 0.03648567572236061, 0.4490664601325989, 0.2054927796125412, 0.06696566194295883, 0.19445036351680756, 0.0768873393535614, 0.0317116416990757, 0.4135628938674927, 0.21642211079597473, 0.07618861645460129, 0.19908297061920166, 0.06846803426742554, 0.0401800200343132, 0.393921822309494, 0.2221585363149643, 0.07616876065731049, 0.17999716103076935, 0.08933965116739273, 0.033496398478746414, 0.4366922378540039, 0.1843058317899704, 0.06800246238708496, 0.19476273655891418, 0.09724535048007965, 0.027430230751633644, 0.42987415194511414, 0.1826849728822708, 0.10687608271837234, 0.17459310591220856, 0.07620971649885178, 0.04245768114924431, 0.35238102078437805, 0.2474823296070099, 0.09543910622596741, 0.15278813242912292, 0.07412321865558624, 0.04447939619421959, 0.41246044635772705, 0.22070974111557007, 0.0714295282959938, 0.16700239479541779, 0.13623563945293427, 0.0471404492855072, 0.40594854950904846, 0.1722434014081955, 0.05120140314102173, 0.14343895018100739, 0.03460397198796272, 0.031646668910980225, 0.5839710235595703, 0.15513798594474792, 0.09732391685247421, 0.18918582797050476, 0.070945143699646, 0.037340935319662094, 0.40904203057289124, 0.1961621344089508, 0.08821024745702744, 0.20061877369880676, 0.07595042139291763, 0.03537430986762047, 0.3767086863517761, 0.22313758730888367, 0.054859407246112823, 0.14695683121681213, 0.07815714180469513, 0.025573955848813057, 0.5173084735870361, 0.17714416980743408, 0.08732383698225021, 0.14603184163570404, 0.053162336349487305, 0.034080494195222855, 0.48071911931037903, 0.19868241250514984, 0.07495944201946259, 0.1944536417722702, 0.05297007039189339, 0.036267317831516266, 0.4371277391910553, 0.20422178506851196, 0.07442529499530792, 0.14521904289722443, 0.03748495876789093, 0.02757841907441616, 0.5143997669219971, 0.20089244842529297, 0.09485828131437302, 0.20093272626399994, 0.05074344202876091, 0.05029454082250595, 0.3116111755371094, 0.2915598452091217, 0.1378517597913742, 0.19460511207580566, 0.07604159414768219, 0.06464166939258575, 0.2879200875759125, 0.23893973231315613, 0.14221177995204926, 0.2141810953617096, 0.061096858233213425, 0.06543687731027603, 0.2867721915245056, 0.23030118644237518, 0.11063430458307266, 0.2560150921344757, 0.06381906569004059, 0.06034519523382187, 0.28761887550354004, 0.22156749665737152, 0.05712274834513664, 0.19827012717723846, 0.07199513912200928, 0.026957379654049873, 0.4210498332977295, 0.2246048003435135, 0.0597403347492218, 0.1872413158416748, 0.0720001608133316, 0.03511401638388634, 0.4154682457447052, 0.23043589293956757, 0.0634111762046814, 0.19570986926555634, 0.07408133149147034, 0.04492507874965668, 0.4164033830165863, 0.20546913146972656, 0.08341938257217407, 0.1337786614894867, 0.05849076807498932, 0.044840823858976364, 0.4622063636779785, 0.21726396679878235, 0.051647964864969254, 0.15276740491390228, 0.04981401935219765, 0.03492313623428345, 0.4988264739513397, 0.21202099323272705, 0.060849666595458984, 0.10155501216650009, 0.03492400795221329, 0.02919745072722435, 0.617923378944397, 0.15555045008659363, 0.06549667567014694, 0.14405038952827454, 0.1965753734111786, 0.04815477877855301, 0.397711843252182, 0.14801090955734253, 0.07606281340122223, 0.14061465859413147, 0.2107229083776474, 0.048966795206069946, 0.37479913234710693, 0.1488337367773056, 0.07885684818029404, 0.1497056782245636, 0.06326398253440857, 0.03743322193622589, 0.4931144118309021, 0.1776258945465088, 0.06352321058511734, 0.17952553927898407, 0.08403667062520981, 0.02950899489223957, 0.4448191225528717, 0.19858646392822266, 0.05212746933102608, 0.16466473042964935, 0.0788489505648613, 0.028482021763920784, 0.46213266253471375, 0.2137441188097, 0.043468475341796875, 0.16759322583675385, 0.0685364156961441, 0.036987196654081345, 0.4652535021305084, 0.21816124022006989, 0.047564469277858734, 0.1341230720281601, 0.08840551227331161, 0.035439640283584595, 0.5298282504081726, 0.16463899612426758, 0.0815444067120552, 0.1606970727443695, 0.07958217710256577, 0.0402333065867424, 0.4280700981616974, 0.20987297594547272, 0.08920516073703766, 0.22869719564914703, 0.049190785735845566, 0.04445033147931099, 0.3448359966278076, 0.24362054467201233, 0.07924968004226685, 0.17791981995105743, 0.06981310248374939, 0.034199390560388565, 0.43304046988487244, 0.20577748119831085, 0.07249671965837479, 0.1850288212299347, 0.08121947944164276, 0.04541721194982529, 0.41886618733406067, 0.1969716101884842, 0.0781330019235611, 0.12996821105480194, 0.06682706624269485, 0.04397595673799515, 0.5150907039642334, 0.1660050004720688, 0.06581491976976395, 0.176996648311615, 0.09101011604070663, 0.036348000168800354, 0.41630271077156067, 0.21352766454219818, 0.0713096410036087, 0.1784438192844391, 0.0807352215051651, 0.03566046431660652, 0.41011375188827515, 0.22373707592487335, 0.04821831360459328, 0.12377923727035522, 0.04999271035194397, 0.028222888708114624, 0.5549525022506714, 0.19483432173728943, 0.056516215205192566, 0.10949455946683884, 0.06528018414974213, 0.028601963073015213, 0.5988671779632568, 0.14123991131782532, 0.06575494259595871, 0.10467332601547241, 0.052478574216365814, 0.033729635179042816, 0.5304358005523682, 0.2129277139902115, 0.04185453802347183, 0.11915510892868042, 0.07697952538728714, 0.03208212926983833, 0.5289792418479919, 0.20094949007034302, 0.06841954588890076, 0.12866729497909546, 0.0939057394862175, 0.041175954043865204, 0.4785063564777374, 0.18932513892650604, 0.09094410389661789, 0.14868740737438202, 0.12778814136981964, 0.03322893753647804, 0.4111008048057556, 0.1882506012916565, 0.06178361177444458, 0.16797126829624176, 0.11973512917757034, 0.028179766610264778, 0.41946476697921753, 0.20286554098129272, 0.045430298894643784, 0.1660633385181427, 0.095433309674263, 0.029595764353871346, 0.46596306562423706, 0.19751420617103577, 0.05959513038396835, 0.1812622994184494, 0.08037257194519043, 0.033620916306972504, 0.4945998191833496, 0.15054917335510254, 0.05279931053519249, 0.17476974427700043, 0.06986185908317566, 0.02930697426199913, 0.48789742588996887, 0.18536464869976044, 0.055147770792245865, 0.20024190843105316, 0.07601089775562286, 0.0343264676630497, 0.45125746726989746, 0.18301557004451752, 0.08147113025188446, 0.17448313534259796, 0.08504608273506165, 0.04381203278899193, 0.34978628158569336, 0.26540127396583557, 0.07083897292613983, 