{"metrics": {"ACC": 41.44144144144144, "F1": 23.022592769404472}, "predictions": [4, 4, 4, 4, 4, 4, 4, 4, 4, 0, 4, 4, 4, 4, 4, 4, 4, 4, 4, 5, 5, 0, 1, 4, 4, 4, 4, 4, 4, 4, 4, 4, 4, 4, 4, 4, 4, 5, 4, 4, 4, 4, 4, 4, 4, 4, 4, 4, 4, 4, 4, 4, 4, 4, 5, 4, 4, 4, 4, 4, 4, 4, 4, 4, 4, 4, 4, 1, 1, 5, 5, 1, 4, 4, 4, 4, 4, 4, 5, 5, 4, 4, 4, 4, 4, 4, 4, 4, 4, 4, 4, 1, 2, 5, 5, 4, 5, 4, 1, 4, 4, 4, 4, 4, 4, 2, 4, 4, 4, 4, 2], "uids": ["0", "1", "2", "3", "4", "5", "6", "7", "8", "9", "10", "11", "12", "13", "14", "15", "16", "17", "18", "19", "20", "21", "22", "23", "24", "25", "26", "27", "28", "29", "30", "31", "32", "33", "34", "35", "36", "37", "38", "39", "40", "41", "42", "43", "44", "45", "46", "47", "48", "49", "50", "51", "52", "53", "54", "55", "56", "57", "58", "59", "60", "61", "62", "63", "64", "65", "66", "67", "68", "69", "70", "71", "72", "73", "74", "75", "76", "77", "78", "79", "80", "81", "82", "83", "84", "85", "86", "87", "88", "89", "90", "91", "92", "93", "94", "95", "96", "97", "98", "99", "100", "101", "102", "103", "104", "105", "106", "107", "108", "109", "110"], "scores": [0.055302370339632034, 0.29207706451416016, 0.07162051647901535, 0.017048673704266548, 0.39095842838287354, 0.17299292981624603, 0.020681107416749, 0.05370210111141205, 0.029481444507837296, 0.014065503142774105, 0.8134622573852539, 0.0686076208949089, 0.038645923137664795, 0.12404042482376099, 0.0353761650621891, 0.019803743809461594, 0.7017489671707153, 0.08038482815027237, 0.06967777013778687, 0.09135954827070236, 0.03809332102537155, 0.01956089586019516, 0.7170161008834839, 0.06429243087768555, 0.10030728578567505, 0.15399309992790222, 0.05164998397231102, 0.0412379652261734, 0.46382540464401245, 0.18898628652095795, 0.04747474193572998, 0.14841921627521515, 0.08884420990943909, 0.021952614188194275, 0.5043423175811768, 0.18896691501140594, 0.05912095680832863, 0.07637423276901245, 0.06166789308190346, 0.025189919397234917, 0.6417524218559265, 0.13589458167552948, 0.15767167508602142, 0.13103383779525757, 0.06834756582975388, 0.033329904079437256, 0.5101675987243652, 0.09944937378168106, 0.06921353191137314, 0.14782163500785828, 0.09258932620286942, 0.023818347603082657, 0.5761265158653259, 0.09043065458536148, 0.3715340197086334, 0.128166064620018, 0.0624576099216938, 0.06126993149518967, 0.21245111525058746, 0.16412131488323212, 0.22203144431114197, 0.1034630760550499, 0.06584807485342026, 0.04169788211584091, 0.37558430433273315, 0.19137516617774963, 0.02688579633831978, 0.10653240233659744, 0.015787173062562943, 0.024956271052360535, 0.7228606939315796, 0.1029777079820633, 0.0415852814912796, 0.09026572108268738, 0.011583137325942516, 0.025554291903972626, 0.7136704921722412, 0.11734101921319962, 0.15334948897361755, 0.21831467747688293, 0.08634117245674133, 0.03707389533519745, 0.337686687707901, 0.16723410785198212, 0.09256626665592194, 0.22272460162639618, 0.09031478315591812, 0.03212523087859154, 0.3783668875694275, 0.18390223383903503, 0.0585302971303463, 0.05804247409105301, 0.04845648631453514, 0.026087896898388863, 0.7428126335144043, 0.06607027351856232, 0.1075558066368103, 0.097317636013031, 0.015697140246629715, 0.024987414479255676, 0.6500863432884216, 0.10435568541288376, 0.08981888741254807, 0.26395300030708313, 0.03683019056916237, 0.0358758345246315, 0.3507925570011139, 0.22272942960262299, 0.09747451543807983, 0.09580275416374207, 0.02721232734620571, 0.040104154497385025, 0.6461753249168396, 0.0932309553027153, 0.08774066716432571, 0.21034951508045197, 0.029029125347733498, 0.027761343866586685, 0.29110750555992126, 0.3540118336677551, 0.192658931016922, 0.2364293783903122, 0.04158914089202881, 0.05290362611413002, 0.1667993664741516, 0.30961960554122925, 0.3309033215045929, 0.1676849126815796, 0.03310804069042206, 0.07875281572341919, 0.18288496136665344, 0.20666587352752686, 0.15176379680633545, 0.3171955347061157, 0.03290259838104248, 0.06373555958271027, 0.16126522421836853, 0.2731372117996216, 0.03980684280395508, 0.26342591643333435, 0.07543594390153885, 0.023035379126667976, 0.36571162939071655, 0.23258426785469055, 0.048938166350126266, 0.1295555830001831, 0.06765014678239822, 0.024373795837163925, 0.5551278591156006, 0.17435438930988312, 0.03967800363898277, 0.09284777194261551, 0.04954347014427185, 0.03457435965538025, 0.5783616304397583, 0.204994797706604, 0.10889261215925217, 0.05382436141371727, 0.0225691981613636, 0.04937426745891571, 0.6333115100860596, 0.13202810287475586, 0.02451295405626297, 0.05323135852813721, 0.015961309894919395, 0.019998878240585327, 0.778343915939331, 0.1079515665769577, 0.04074389487504959, 0.027970755472779274, 0.022540181875228882, 0.01997964270412922, 0.8461707234382629, 0.042594894766807556, 0.0294693261384964, 0.07749006897211075, 0.2022392898797989, 0.03620161488652229, 0.5723203420639038, 0.08227935433387756, 0.036031559109687805, 0.04398708418011665, 0.12434761971235275, 0.029736878350377083, 0.7129884362220764, 0.05290832743048668, 0.10455232113599777, 0.08473373204469681, 0.03632288798689842, 0.03171492740511894, 0.6792121529579163, 0.0634639784693718, 0.061282314360141754, 0.10383448749780655, 0.06947764754295349, 0.022757429629564285, 0.6579849720001221, 0.08466312289237976, 0.04302280396223068, 0.11564797163009644, 0.032718632370233536, 0.015367248095571995, 0.6780884861946106, 0.11515489965677261, 0.03781908005475998, 0.12517377734184265, 0.023359697312116623, 0.022804101929068565, 0.602031946182251, 0.18881142139434814, 0.031267885118722916, 0.04964538663625717, 0.022343607619404793, 0.018608270213007927, 0.8215817213058472, 0.056553084403276443, 0.11686010658740997, 0.0890362337231636, 0.03890085592865944, 0.026542946696281433, 0.5769232511520386, 0.15173661708831787, 0.12495753169059753, 0.21224693953990936, 0.025868428871035576, 0.02909143827855587, 0.2948544919490814, 0.31298115849494934, 0.07626890391111374, 0.13378404080867767, 0.0561312735080719, 0.020406503230333328, 0.6118543148040771, 0.1015549972653389, 0.06756603717803955, 0.14867186546325684, 0.06791818141937256, 0.02598256804049015, 0.5381275415420532, 0.151733860373497, 0.06457768380641937, 0.04489787667989731, 0.01893673650920391, 0.019690804183483124, 0.8003050088882446, 0.051591914147138596, 0.0734739676117897, 0.18158668279647827, 0.14216658473014832, 0.029592983424663544, 0.34219473600387573, 0.23098509013652802, 0.06558684259653091, 0.15403296053409576, 0.11067841947078705, 0.022451898083090782, 0.3988530933856964, 0.24839681386947632, 0.02702966518700123, 0.08717979490756989, 0.010856184177100658, 0.018722109496593475, 0.7223865389823914, 0.13382570445537567, 0.03387073054909706, 0.03234807774424553, 0.02045270800590515, 0.021512307226657867, 0.8367867469787598, 0.05502939224243164, 0.046159856021404266, 0.05853346735239029, 0.02026645466685295, 0.03657717630267143, 0.6591767072677612, 0.17928630113601685, 0.020908832550048828, 0.08131749927997589, 0.08866244554519653, 0.024191176518797874, 0.6128112077713013, 0.17210879921913147, 0.0592743344604969, 0.09675026684999466, 0.32691317796707153, 0.05042798072099686, 0.37744754552841187, 0.08918668329715729, 0.19262976944446564, 0.11433974653482437, 0.174888476729393, 0.05637357383966446, 0.32125547528266907, 0.14051295816898346, 0.05516105517745018, 0.10836867243051529, 0.174582839012146, 0.026972422376275063, 0.5068824291229248, 0.12803252041339874, 0.03092818520963192, 0.11992844194173813, 0.06587420403957367, 0.021184010431170464, 0.6619400978088379, 0.10014501214027405, 0.04780161380767822, 0.13998182117938995, 0.05955313518643379, 0.02933058701455593, 0.6483849883079529, 0.07494781911373138, 0.02818281389772892, 0.06504127383232117, 0.0318753719329834, 0.012929133139550686, 0.810623049736023, 0.05134835094213486, 0.04796677455306053, 0.1716650277376175, 0.04682368412613869, 0.028200719505548477, 0.5725517272949219, 0.13279204070568085, 0.2046538144350052, 0.180525541305542, 0.08023332804441452, 0.05023950710892677, 0.17502880096435547, 0.30931901931762695, 