{"metrics": {"ACC": 37.83783783783784, "F1": 22.540624496745696}, "predictions": [4, 4, 4, 4, 4, 4, 4, 4, 4, 0, 0, 4, 4, 4, 4, 4, 4, 4, 4, 5, 5, 0, 5, 4, 4, 4, 4, 4, 4, 4, 4, 4, 4, 4, 4, 4, 4, 5, 4, 4, 4, 5, 5, 4, 4, 4, 4, 2, 0, 4, 4, 4, 4, 4, 0, 0, 4, 4, 4, 4, 4, 5, 4, 4, 4, 4, 4, 1, 1, 5, 5, 5, 4, 4, 4, 4, 5, 5, 5, 5, 4, 4, 4, 4, 4, 4, 4, 4, 4, 4, 1, 1, 2, 5, 5, 4, 5, 4, 0, 4, 4, 4, 4, 4, 4, 2, 4, 4, 2, 4, 2], "uids": ["0", "1", "2", "3", "4", "5", "6", "7", "8", "9", "10", "11", "12", "13", "14", "15", "16", "17", "18", "19", "20", "21", "22", "23", "24", "25", "26", "27", "28", "29", "30", "31", "32", "33", "34", "35", "36", "37", "38", "39", "40", "41", "42", "43", "44", "45", "46", "47", "48", "49", "50", "51", "52", "53", "54", "55", "56", "57", "58", "59", "60", "61", "62", "63", "64", "65", "66", "67", "68", "69", "70", "71", "72", "73", "74", "75", "76", "77", "78", "79", "80", "81", "82", "83", "84", "85", "86", "87", "88", "89", "90", "91", "92", "93", "94", "95", "96", "97", "98", "99", "100", "101", "102", "103", "104", "105", "106", "107", "108", "109", "110"], "scores": [0.0626157745718956, 0.31403303146362305, 0.07165723294019699, 0.019229751080274582, 0.3501984775066376, 0.18226565420627594, 0.017462508752942085, 0.04426205903291702, 0.02745247259736061, 0.012813410721719265, 0.8361045122146606, 0.061905067414045334, 0.046389635652303696, 0.09278035163879395, 0.02980469912290573, 0.023947440087795258, 0.7563890814781189, 0.05068880319595337, 0.10948822647333145, 0.06725418567657471, 0.042333222925662994, 0.026553131639957428, 0.7064418196678162, 0.04792948439717293, 0.11958996951580048, 0.13749483227729797, 0.03616463392972946, 0.048828039318323135, 0.44836974143981934, 0.20955273509025574, 0.04991278424859047, 0.11837740242481232, 0.07963259518146515, 0.024754652753472328, 0.5319126844406128, 0.19540990889072418, 0.085593581199646, 0.05795019865036011, 0.08111217617988586, 0.040421850979328156, 0.5777236819267273, 0.15719842910766602, 0.24025662243366241, 0.11005355417728424, 0.04779447987675667, 0.04401373490691185, 0.4647323191165924, 0.09314929693937302, 0.09492766857147217, 0.144411101937294, 0.09920366108417511, 0.029757119715213776, 0.5449187159538269, 0.08678175508975983, 0.47943007946014404, 0.0988740622997284, 0.0730237364768982, 0.07435490936040878, 0.13378256559371948, 0.14053469896316528, 0.36423757672309875, 0.06579134613275528, 0.08678383380174637, 0.06915313005447388, 0.27070480585098267, 0.14332929253578186, 0.02388661913573742, 0.11532928049564362, 0.01528984121978283, 0.02373676747083664, 0.701759934425354, 0.11999759078025818, 0.038132842630147934, 0.08419667184352875, 0.01108525414019823, 0.027793342247605324, 0.7030596137046814, 0.13573230803012848, 0.19467420876026154, 0.21032778918743134, 0.08041921257972717, 0.04673772677779198, 0.3026864230632782, 0.16515468060970306, 0.10512788593769073, 0.25347474217414856, 0.13898040354251862, 0.03559603542089462, 0.27292826771736145, 0.19389262795448303, 0.06605974584817886, 0.027567077428102493, 0.03865453228354454, 0.03214135393500328, 0.784704327583313, 0.05087287351489067, 0.14144736528396606, 0.08412803709506989, 0.016153136268258095, 0.031004779040813446, 0.6210567355155945, 0.10620997846126556, 0.13791170716285706, 0.24947497248649597, 0.04397808387875557, 0.04853089898824692, 0.30307602882385254, 0.21702827513217926, 0.1425180435180664, 0.07506486028432846, 0.028472768142819405, 0.04905614256858826, 0.6249613761901855, 0.07992686331272125, 0.08571571856737137, 0.2443067878484726, 0.03227326646447182, 0.02896251529455185, 0.23344120383262634, 0.3753005266189575, 0.2800968289375305, 0.1668650358915329, 0.03647751361131668, 0.07973561435937881, 0.1522425413131714, 0.2845824658870697, 0.3600742518901825, 0.11024279147386551, 0.03080083057284355, 0.10730963945388794, 0.21501755714416504, 0.17655496299266815, 0.16777566075325012, 0.27150195837020874, 0.029961079359054565, 0.07777051627635956, 0.14199866354465485, 0.31099212169647217, 0.041166406124830246, 0.2926018238067627, 0.06136295571923256, 0.024671237915754318, 0.31116247177124023, 0.2690351605415344, 0.05329745262861252, 0.11596767604351044, 0.06382724642753601, 0.02696760930120945, 0.5192296504974365, 0.22071033716201782, 0.04550992324948311, 0.08703615516424179, 0.06267977505922318, 0.04364915192127228, 0.4845387935638428, 0.27658623456954956, 0.13793346285820007, 0.03908409923315048, 0.029168246313929558, 0.070034459233284, 0.5707683563232422, 0.15301135182380676, 0.024319158867001534, 0.04344109818339348, 0.014934523962438107, 0.023799797520041466, 0.7604674696922302, 0.1330380141735077, 0.04114338010549545, 0.01732107251882553, 0.020755857229232788, 0.02174929529428482, 0.8622812032699585, 0.03674916923046112, 0.02810821868479252, 0.05507204681634903, 0.21259593963623047, 0.039604686200618744, 0.5895732045173645, 0.07504591345787048, 0.02765665203332901, 0.024547964334487915, 0.09605148434638977, 0.022786524146795273, 0.7840697765350342, 0.04488763585686684, 0.15472982823848724, 0.07482022047042847, 0.046202316880226135, 0.04447181150317192, 0.6326847672462463, 0.047091059386730194, 0.0822400152683258, 0.08505070209503174, 0.10942663252353668, 0.029477937147021294, 0.6037395000457764, 0.09006528556346893, 0.07599260658025742, 0.1468561738729477, 0.043856844305992126, 0.023150324821472168, 0.5592890381813049, 0.15085503458976746, 0.053467363119125366, 0.11046392470598221, 0.020168127492070198, 0.028936101123690605, 0.5302141308784485, 0.2567503750324249, 0.03588387370109558, 0.03900356963276863, 0.016310127452015877, 0.018666675314307213, 0.8366532921791077, 0.053482525050640106, 0.15620897710323334, 0.08702465146780014, 0.054645176976919174, 0.03279328718781471, 0.5177223086357117, 0.15160559117794037, 0.1782558411359787, 0.21374543011188507, 0.027746686711907387, 0.03412846848368645, 0.1816803216934204, 0.36444324254989624, 0.11468050628900528, 0.1504172831773758, 0.06562533974647522, 0.031316615641117096, 0.5467426776885986, 0.09121755510568619, 0.10250001400709152, 0.16130639612674713, 0.06614372879266739, 0.03750506788492203, 0.4889773428440094, 0.14356741309165955, 0.1019204780459404, 0.0349319726228714, 0.02436760626733303, 0.026266736909747124, 0.7556878924369812, 0.05682538077235222, 0.10578420758247375, 0.19823826849460602, 0.18992629647254944, 0.04092337191104889, 0.21838141977787018, 0.24674643576145172, 0.0772937536239624, 0.16102001070976257, 0.1616220772266388, 0.0280271265655756, 0.26252782344818115, 0.30950918793678284, 0.028802335262298584, 0.07992807775735855, 0.021044157445430756, 0.025147797539830208, 0.7467849850654602, 0.09829265624284744, 0.0390867181122303, 0.03206884488463402, 0.024249590933322906, 0.03031468391418457, 0.8042957782745361, 0.06998441368341446, 0.048693764954805374, 0.0410265251994133, 0.02683533914387226, 0.044195402413606644, 0.7085610628128052, 0.1306878924369812, 0.022243952378630638, 0.05039051175117493, 0.105310820043087, 0.02521027810871601, 0.7004448175430298, 0.09639964997768402, 0.061091113835573196, 0.06626197695732117, 0.40527746081352234, 0.04989245906472206, 0.35116812586784363, 0.0663088783621788, 0.2637808322906494, 0.1138191819190979, 0.1964307725429535, 0.07186897844076157, 0.20430529117584229, 0.14979499578475952, 0.08355788141489029, 0.11022281646728516, 0.20488332211971283, 0.036751627922058105, 0.397645503282547, 0.16693879663944244, 0.05050842836499214, 0.13762691617012024, 0.07202614098787308, 0.03857041895389557, 0.576171338558197, 0.12509679794311523, 0.06688762456178665, 0.11798886954784393, 0.057436779141426086, 0.04170278087258339, 0.6396362781524658, 0.07634762674570084, 0.026696795597672462, 0.04491866007447243, 0.019483089447021484, 0.012712914496660233, 0.8502814173698425, 0.0459071509540081, 0.06371007114648819, 0.13060323894023895, 0.043593794107437134, 0.03746039792895317, 0.5857208371162415, 0.13891170918941498, 0.31881335377693176, 0.14809171855449677, 0.09313187003135681, 0.06623566150665283, 0.10812347382307053, 