{"metrics": {"ACC": 39.63963963963964, "F1": 25.448821730527072}, "predictions": [1, 4, 4, 4, 4, 4, 4, 4, 4, 0, 0, 4, 4, 4, 1, 4, 4, 1, 4, 5, 5, 0, 5, 5, 4, 4, 4, 4, 4, 4, 4, 4, 4, 4, 4, 4, 4, 5, 4, 4, 4, 1, 5, 4, 4, 4, 4, 2, 0, 4, 4, 4, 4, 4, 0, 0, 5, 4, 4, 4, 4, 5, 4, 4, 4, 4, 4, 1, 1, 5, 5, 5, 4, 4, 4, 2, 5, 5, 5, 5, 4, 4, 4, 4, 4, 4, 4, 5, 1, 4, 5, 1, 2, 5, 5, 4, 5, 4, 1, 4, 4, 4, 2, 5, 4, 2, 4, 4, 4, 4, 2], "uids": ["0", "1", "2", "3", "4", "5", "6", "7", "8", "9", "10", "11", "12", "13", "14", "15", "16", "17", "18", "19", "20", "21", "22", "23", "24", "25", "26", "27", "28", "29", "30", "31", "32", "33", "34", "35", "36", "37", "38", "39", "40", "41", "42", "43", "44", "45", "46", "47", "48", "49", "50", "51", "52", "53", "54", "55", "56", "57", "58", "59", "60", "61", "62", "63", "64", "65", "66", "67", "68", "69", "70", "71", "72", "73", "74", "75", "76", "77", "78", "79", "80", "81", "82", "83", "84", "85", "86", "87", "88", "89", "90", "91", "92", "93", "94", "95", "96", "97", "98", "99", "100", "101", "102", "103", "104", "105", "106", "107", "108", "109", "110"], "scores": [0.04959602653980255, 0.43052634596824646, 0.05472499132156372, 0.020209360867738724, 0.24308481812477112, 0.20185841619968414, 0.011648638173937798, 0.03113946132361889, 0.026933016255497932, 0.011609123088419437, 0.8718534708023071, 0.046816349029541016, 0.024239279329776764, 0.08598259836435318, 0.023541942238807678, 0.01873967796564102, 0.8110801577568054, 0.03641625866293907, 0.09373241662979126, 0.04183940589427948, 0.0354410856962204, 0.027955589815974236, 0.773402750492096, 0.027628788724541664, 0.12093513458967209, 0.12409242987632751, 0.022732339799404144, 0.04837915301322937, 0.44498565793037415, 0.23887521028518677, 0.021673375740647316, 0.047253191471099854, 0.05335625261068344, 0.015182693488895893, 0.750027596950531, 0.11250690370798111, 0.03903218358755112, 0.033421482890844345, 0.05387261137366295, 0.028551790863275528, 0.7309178113937378, 0.1142040491104126, 0.19375638663768768, 0.08689652383327484, 0.039454083889722824, 0.03548399731516838, 0.5755953192710876, 0.06881363689899445, 0.0743178203701973, 0.16086743772029877, 0.11248769611120224, 0.027798237279057503, 0.5557482242584229, 0.06878060847520828, 0.5359722971916199, 0.09917712956666946, 0.06343996524810791, 0.09372850507497787, 0.07312320172786713, 0.13455893099308014, 0.38229885697364807, 0.07131721079349518, 0.08654488623142242, 0.0916820541024208, 0.18822738528251648, 0.17992962896823883, 0.01710515096783638, 0.08061859756708145, 0.00751787144690752, 0.020697595551609993, 0.7799251079559326, 0.09413564950227737, 0.031409308314323425, 0.05673152953386307, 0.007571094669401646, 0.022672099992632866, 0.7737426161766052, 0.1078733280301094, 0.21267962455749512, 0.24468378722667694, 0.05725761875510216, 0.05242912098765373, 0.2661208510398865, 0.16682898998260498, 0.08635998517274857, 0.37383827567100525, 0.13928142189979553, 0.031205974519252777, 0.16185395419597626, 0.20746034383773804, 0.0322125181555748, 0.0087834931910038, 0.01911647990345955, 0.020139342173933983, 0.8990476131439209, 0.02070045843720436, 0.12960387766361237, 0.07461733371019363, 0.009900652803480625, 0.032554373145103455, 0.6118842959403992, 0.1414394974708557, 0.13130567967891693, 0.3907737135887146, 0.044199731200933456, 0.048030417412519455, 0.12449643760919571, 0.26119402050971985, 0.15473997592926025, 0.07105407863855362, 0.023853754624724388, 0.045331601053476334, 0.6458045244216919, 0.059216056019067764, 0.04779971018433571, 0.2339017242193222, 0.033869419246912, 0.02342325821518898, 0.08488251268863678, 0.5761233568191528, 0.2919892370700836, 0.1488170474767685, 0.020299812778830528, 0.08027049899101257, 0.14262962341308594, 0.3159938156604767, 0.43871739506721497, 0.06990773975849152, 0.021893607452511787, 0.12949982285499573, 0.2132873684167862, 0.12669405341148376, 0.14606033265590668, 0.29768872261047363, 0.018991457298398018, 0.07689286023378372, 0.10209309309720993, 0.35827359557151794, 0.022023091092705727, 0.3482789397239685, 0.027567870914936066, 0.01647843047976494, 0.19422350823879242, 0.391428142786026, 0.0338604561984539, 0.12107598036527634, 0.051003552973270416, 0.02989111840724945, 0.46367090940475464, 0.30049800872802734, 0.02904193475842476, 0.057463206350803375, 0.044213056564331055, 0.04059724509716034, 0.5130098462104797, 0.31567472219467163, 0.08700965344905853, 0.02010384015738964, 0.017924493178725243, 0.06136026978492737, 0.6846048831939697, 0.12899687886238098, 0.014057469554245472, 0.02291668951511383, 0.00869025383144617, 0.01672101952135563, 0.8506128787994385, 0.08700167387723923, 0.025860611349344254, 0.006211867090314627, 0.01372913084924221, 0.016363078728318214, 0.9219136238098145, 0.01592175103724003, 0.012444634921848774, 0.023330798372626305, 0.10199309885501862, 0.022563407197594643, 0.8054777979850769, 0.03419029712677002, 0.010531283915042877, 0.009373371489346027, 0.036866165697574615, 0.012707970105111599, 0.9110091924667358, 0.01951206475496292, 0.1590958833694458, 0.07265686243772507, 0.03946038708090782, 0.0452231802046299, 0.6451979279518127, 0.038365721702575684, 0.045327022671699524, 0.06070087477564812, 0.07378296554088593, 0.025708433240652084, 0.7363897562026978, 0.058090925216674805, 0.04128209501504898, 0.14262248575687408, 0.029551224783062935, 0.0229909960180521, 0.5127484202384949, 0.25080472230911255, 0.036457359790802, 0.12287914752960205, 0.014535187743604183, 0.025309767574071884, 0.43397441506385803, 0.366844117641449, 0.02879985235631466, 0.024416476488113403, 0.009532940573990345, 0.0155691709369421, 0.8844243288040161, 0.0372573547065258, 0.11423546075820923, 0.049712326377630234, 0.027955152094364166, 0.027501525357365608, 0.655983567237854, 0.12461187690496445, 0.12786966562271118, 0.19591613113880157, 0.021439600735902786, 0.028040073812007904, 0.14577868580818176, 0.4809558093547821, 0.10912695527076721, 0.1696375459432602, 0.06713998317718506, 0.03482891991734505, 0.539366602897644, 0.07989998906850815, 0.07160645723342896, 0.14166365563869476, 0.04467012360692024, 0.03427916020154953, 0.5823764801025391, 0.12540416419506073, 0.08212395012378693, 0.013738654553890228, 0.010581613518297672, 0.02476896531879902, 0.8369640111923218, 0.0318228155374527, 0.10204184800386429, 0.2542266249656677, 0.251848042011261, 0.061780765652656555, 0.10091327875852585, 0.22918938100337982, 0.05902130901813507, 0.21524488925933838, 0.21018819510936737, 0.029821738600730896, 0.1433826982975006, 0.3423411548137665, 0.022534944117069244, 0.04519899934530258, 0.014430515468120575, 0.018816033378243446, 0.8451004028320312, 0.05391906946897507, 0.023725416511297226, 0.009035945869982243, 0.012711410410702229, 0.017460647970438004, 0.9178547859191895, 0.01921188272535801, 0.026566162705421448, 0.016520528122782707, 0.01397850550711155, 0.027017828077077866, 0.8086907267570496, 0.10722628980875015, 0.0140216751024127, 0.05218423530459404, 0.058012962341308594, 0.018380818888545036, 0.7058743238449097, 0.1515260487794876, 0.03457782790064812, 0.04088539257645607, 0.6278148889541626, 0.04904596507549286, 0.20769855380058289, 0.03997739031910896, 0.27580156922340393, 0.11679587513208389, 0.20227979123592377, 0.0842888206243515, 0.12732243537902832, 0.1935114562511444, 0.056709032505750656, 0.12381860613822937, 0.18938015401363373, 0.027170293033123016, 0.43812862038612366, 0.16479329764842987, 0.02375825308263302, 0.1345192790031433, 0.05392126366496086, 0.0328981876373291, 0.6282024383544922, 0.12670060992240906, 0.048136014491319656, 0.0850735455751419, 0.04239622876048088, 0.03829047828912735, 0.7337619662284851, 0.052341822534799576, 0.00993295107036829, 0.013184678740799427, 0.006575047969818115, 0.006782251410186291, 0.9469090104103088, 0.01661614701151848, 0.04169410839676857, 0.13017147779464722, 0.023327311500906944, 0.029099073261022568, 0.5830164551734924, 0.19269157946109772, 0.35464122891426086, 0.1746588945388794, 0.08222028613090515, 0.06828963756561279, 