{"metrics": {"ACC": 36.93693693693694, "F1": 13.47753916381367}, "predictions": [4, 4, 4, 4, 4, 4, 4, 4, 4, 4, 4, 4, 4, 4, 4, 4, 4, 4, 4, 5, 5, 1, 1, 4, 4, 4, 4, 4, 4, 4, 4, 4, 4, 4, 4, 4, 4, 4, 4, 4, 4, 4, 4, 4, 4, 4, 4, 4, 4, 4, 4, 4, 4, 4, 4, 4, 4, 4, 4, 4, 4, 4, 4, 4, 4, 4, 4, 1, 1, 4, 4, 4, 4, 4, 4, 4, 4, 4, 5, 5, 4, 4, 4, 4, 4, 4, 4, 5, 4, 4, 4, 1, 1, 5, 4, 4, 1, 4, 5, 1, 4, 4, 4, 4, 4, 4, 4, 4, 4, 4, 1], "uids": ["0", "1", "2", "3", "4", "5", "6", "7", "8", "9", "10", "11", "12", "13", "14", "15", "16", "17", "18", "19", "20", "21", "22", "23", "24", "25", "26", "27", "28", "29", "30", "31", "32", "33", "34", "35", "36", "37", "38", "39", "40", "41", "42", "43", "44", "45", "46", "47", "48", "49", "50", "51", "52", "53", "54", "55", "56", "57", "58", "59", "60", "61", "62", "63", "64", "65", "66", "67", "68", "69", "70", "71", "72", "73", "74", "75", "76", "77", "78", "79", "80", "81", "82", "83", "84", "85", "86", "87", "88", "89", "90", "91", "92", "93", "94", "95", "96", "97", "98", "99", "100", "101", "102", "103", "104", "105", "106", "107", "108", "109", "110"], "scores": [0.0764588788151741, 0.2962474226951599, 0.06007036194205284, 0.023388011381030083, 0.3536965548992157, 0.1901387721300125, 0.04260845482349396, 0.12090755254030228, 0.03674514591693878, 0.01643523760139942, 0.6718998551368713, 0.11140380799770355, 0.06766371428966522, 0.18195633590221405, 0.049385592341423035, 0.02224038355052471, 0.5429538488388062, 0.1358000487089157, 0.0848594605922699, 0.16393621265888214, 0.051774509251117706, 0.022074788808822632, 0.5586274862289429, 0.11872757226228714, 0.09270494431257248, 0.17185638844966888, 0.0699601098895073, 0.0350017324090004, 0.43849098682403564, 0.19198590517044067, 0.07456514239311218, 0.22940829396247864, 0.0898187905550003, 0.027100535109639168, 0.36454108357429504, 0.2145661860704422, 0.10070609301328659, 0.20870652794837952, 0.061974722892045975, 0.038019564002752304, 0.3945115804672241, 0.1960814744234085, 0.12637916207313538, 0.18902388215065002, 0.06884326040744781, 0.03317888453602791, 0.43583324551582336, 0.1467416137456894, 0.0804319977760315, 0.19332604110240936, 0.08520909398794174, 0.023115096613764763, 0.4826720654964447, 0.13524571061134338, 0.1983630657196045, 0.17339950799942017, 0.07183249294757843, 0.04143664240837097, 0.32394132018089294, 0.1910269856452942, 0.17058296501636505, 0.1351737231016159, 0.07446891069412231, 0.041777633130550385, 0.4024735987186432, 0.17552325129508972, 0.05527934059500694, 0.17528538405895233, 0.04925904795527458, 0.03723761439323425, 0.5315597057342529, 0.15137892961502075, 0.061665453016757965, 0.16252872347831726, 0.025120697915554047, 0.03148876875638962, 0.5663378238677979, 0.15285852551460266, 0.1142231896519661, 0.22797775268554688, 0.10124633461236954, 0.036942142993211746, 0.33922430872917175, 0.1803862303495407, 0.10171394795179367, 0.238709956407547, 0.06971487402915955, 0.029400181025266647, 0.3615821897983551, 0.19887879490852356, 0.07884739339351654, 0.13710039854049683, 0.08594463765621185, 0.029786111786961555, 0.5419026613235474, 0.1264188587665558, 0.1433955729007721, 0.17175956070423126, 0.04233495891094208, 0.03526672348380089, 0.460025429725647, 0.1472177803516388, 0.08855807781219482, 0.26547032594680786, 0.040816742926836014, 0.047960031777620316, 0.38644030690193176, 0.17075447738170624, 0.09352759271860123, 0.1580006629228592, 0.031714655458927155, 0.046980153769254684, 0.511177659034729, 0.15859933197498322, 0.10995759814977646, 0.22785469889640808, 0.03643110767006874, 0.046455588191747665, 0.25381600856781006, 0.3254849910736084, 0.1964666098356247, 0.21154798567295074, 0.07540745288133621, 0.07195574045181274, 0.19574382901191711, 0.24887831509113312, 0.21521416306495667, 0.22809535264968872, 0.0628872662782669, 0.07909362018108368, 0.194493368268013, 0.22021618485450745, 0.15494823455810547, 0.2894212007522583, 0.06037629395723343, 0.06818926334381104, 0.1925772726535797, 0.23448772728443146, 0.061149582266807556, 0.2732557952404022, 0.06183481216430664, 0.02754295989871025, 0.34571513533592224, 0.23050172626972198, 0.08193963766098022, 0.2285495102405548, 0.06405740976333618, 0.03749103471636772, 0.3789972960948944, 0.20896510779857635, 0.08292648196220398, 0.21247264742851257, 0.07584480196237564, 0.055229198187589645, 0.353628545999527, 0.21989838778972626, 0.12374325841665268, 0.14363227784633636, 0.040944792330265045, 0.05080597475171089, 0.4371413588523865, 0.20373232662677765, 0.04528488591313362, 0.13250865042209625, 0.029519038274884224, 0.02271956205368042, 0.5793343186378479, 0.19063350558280945, 0.0537731871008873, 0.0703326165676117, 0.029007192701101303, 0.021966800093650818, 0.7179344296455383, 0.10698577761650085, 0.04543416202068329, 0.16018426418304443, 0.154352605342865, 0.03541255742311478, 0.46757030487060547, 0.13704605400562286, 0.05244790017604828, 0.12367671728134155, 0.15223388373851776, 0.03017432428896427, 0.5144974589347839, 0.12696968019008636, 0.10135819017887115, 0.16112643480300903, 0.042193636298179626, 0.0352645181119442, 0.5338561534881592, 0.1262010782957077, 0.0853714570403099, 0.21117649972438812, 0.054840270429849625, 0.02761891856789589, 0.4700022041797638, 0.15099065005779266, 0.08367060124874115, 0.2680373787879944, 0.047052402049303055, 0.024786897003650665, 0.3638177514076233, 0.21263492107391357, 0.06508668512105942, 0.24167537689208984, 0.0488240011036396, 0.0368020124733448, 0.37317943572998047, 0.23443251848220825, 0.05291697010397911, 0.11242558807134628, 0.044150516390800476, 0.029051676392555237, 0.6214549541473389, 0.14000025391578674, 0.136174738407135, 0.17576472461223602, 0.06670448929071426, 0.04167119041085243, 0.38589346408843994, 0.19379138946533203, 0.12421772629022598, 0.27225834131240845, 0.04023806378245354, 0.040334634482860565, 0.2755134403705597, 0.24743779003620148, 0.09027951955795288, 0.21112048625946045, 0.05161784589290619, 0.023456690832972527, 0.46805426478385925, 0.15547117590904236, 0.09238477796316147, 0.2233070582151413, 0.07098039984703064, 0.03387840464711189, 0.3828032910823822, 0.196646049618721, 0.1191224455833435, 0.1441631317138672, 0.03983297944068909, 0.035423945635557175, 0.5115854740142822, 0.1498720496892929, 0.0900055468082428, 0.2162058800458908, 0.08602634817361832, 0.03015114739537239, 0.3665964901447296, 0.21101464331150055, 0.07998840510845184, 0.19668027758598328, 0.06943093985319138, 0.02691679075360298, 0.3799741864204407, 0.24700939655303955, 0.050927650183439255, 0.18472352623939514, 0.03117852471768856, 0.03080209158360958, 0.4615918695926666, 0.24077637493610382, 0.08315111696720123, 0.1167917251586914, 0.0440329946577549, 0.04297094792127609, 0.5350552797317505, 0.1779979169368744, 0.08574435114860535, 0.12962350249290466, 0.04196731373667717, 0.046164803206920624, 0.453263521194458, 0.2432364672422409, 0.043537039309740067, 0.1398201584815979, 0.0713404193520546, 0.034284353256225586, 0.4747762978076935, 0.23624174296855927, 0.07481424510478973, 0.1414112150669098, 0.10689327865839005, 0.03769071772694588, 0.5039549469947815, 0.13523562252521515, 0.2196391373872757, 0.13638879358768463, 0.10587131232023239, 0.04720630496740341, 0.3453414738178253, 0.14555297791957855, 0.10419953614473343, 0.1866631954908371, 0.10601426661014557, 0.02583717368543148, 0.40236714482307434, 0.17491868138313293, 0.045284170657396317, 0.2172049582004547, 0.05825530365109444, 0.025445498526096344, 0.494467169046402, 0.1593429297208786, 0.07908142358064651, 0.20698542892932892, 0.06736308336257935, 0.04176359996199608, 0.4865208566188812, 0.11828557401895523, 0.06297417730093002, 0.202528178691864, 0.04683879762887955, 0.026664167642593384, 0.5545914769172668, 0.10640314221382141, 0.07048949599266052, 0.249681293964386, 0.06019153445959091, 0.03872007504105568, 0.4345807433128357, 0.14633677899837494, 0.15235182642936707, 0.2114422619342804, 0.09002575278282166, 0.05969398468732834, 0.2589090168476105, 0.22757716476917267, 0.11374355107545853, 