{"metrics": {"ACC": 46.85314685314685, "F1": 35.10351673284175}, "predictions": [2, 1, 1, 1, 0, 0, 1, 1, 1, 1, 1, 1, 1, 1, 1, 2, 2, 1, 0, 0, 1, 1, 0, 0, 0, 2, 1, 1, 2, 1, 0, 1, 2, 2, 2, 1, 1, 2, 0, 2, 2, 0, 0, 0, 0, 1, 1, 1, 2, 1, 1, 1, 1, 1, 1, 1, 1, 1, 0, 0, 0, 1, 1, 1, 1, 0, 2, 0, 1, 2, 2, 2, 0, 0, 1, 0, 0, 1, 0, 1, 1, 0, 0, 1, 1, 1, 1, 1, 2, 2, 2, 0, 2, 2, 2, 2, 2, 2, 2, 2, 2, 0, 1, 2, 1, 1, 1, 1, 1, 0, 1, 1, 1, 1, 1, 1, 2, 1, 0, 1, 0, 2, 2, 2, 2, 1, 2, 1, 0, 1, 0, 0, 2, 1, 1, 0, 2, 2, 0, 1, 1, 0, 1], "uids": ["0", "1", "2", "3", "4", "5", "6", "7", "8", "9", "10", "11", "12", "13", "14", "15", "16", "17", "18", "19", "20", "21", "22", "23", "24", "25", "26", "27", "28", "29", "30", "31", "32", "33", "34", "35", "36", "37", "38", "39", "40", "41", "42", "43", "44", "45", "46", "47", "48", "49", "50", "51", "52", "53", "54", "55", "56", "57", "58", "59", "60", "61", "62", "63", "64", "65", "66", "67", "68", "69", "70", "71", "72", "73", "74", "75", "76", "77", "78", "79", "80", "81", "82", "83", "84", "85", "86", "87", "88", "89", "90", "91", "92", "93", "94", "95", "96", "97", "98", "99", "100", "101", "102", "103", "104", "105", "106", "107", "108", "109", "110", "111", "112", "113", "114", "115", "116", "117", "118", "119", "120", "121", "122", "123", "124", "125", "126", "127", "128", "129", "130", "131", "132", "133", "134", "135", "136", "137", "138", "139", "140", "141", "142"], "scores": [0.27572986483573914, 0.2056468427181244, 0.5010746121406555, 0.017548706382513046, 0.031370267271995544, 0.9139047265052795, 0.045854758471250534, 0.008870226331055164, 0.43694591522216797, 0.4844443202018738, 0.03470050171017647, 0.04390924051403999, 0.09505226463079453, 0.8700781464576721, 0.018348321318626404, 0.01652122661471367, 0.45361584424972534, 0.2299540936946869, 0.2848660945892334, 0.03156392648816109, 0.41507259011268616, 0.33210277557373047, 0.20584042370319366, 0.04698425531387329, 0.09277039021253586, 0.6835124492645264, 0.20281259715557098, 0.020904511213302612, 0.05354628339409828, 0.5676250457763672, 0.3627816140651703, 0.016047053039073944, 0.052553992718458176, 0.8828627467155457, 0.04040802642703056, 0.024175206199288368, 0.0805882140994072, 0.8454533219337463, 0.05775482580065727, 0.016203615814447403, 0.05347917973995209, 0.88811194896698, 0.04860936850309372, 0.009799589402973652, 0.0635954812169075, 0.8296540379524231, 0.07917801290750504, 0.027572443708777428, 0.03418601676821709, 0.8236196637153625, 0.08705849945545197, 0.05513588711619377, 0.05217253044247627, 0.7799152731895447, 0.13144855201244354, 0.03646371141076088, 0.10536833852529526, 0.7423180341720581, 0.09289290010929108, 0.05942066013813019, 0.21819564700126648, 0.19000083208084106, 0.517020046710968, 0.07478347420692444, 0.24530082941055298, 0.21829372644424438, 0.4543874263763428, 0.08201798051595688, 0.24559950828552246, 0.535656213760376, 0.13136087357997894, 0.08738338202238083, 0.4174826443195343, 0.3092783987522125, 0.1823613941669464, 0.09087760746479034, 0.9348288178443909, 0.013733088970184326, 0.039860136806964874, 0.011577816680073738, 0.015251532196998596, 0.8549184799194336, 0.11927615106105804, 0.010553808882832527, 0.024148063734173775, 0.9573362469673157, 0.009464094415307045, 0.009051601402461529, 0.6644673943519592, 0.26869016885757446, 0.0430554561316967, 0.023787006735801697, 0.4827954173088074, 0.12731139361858368, 0.3631463646888733, 0.026746828109025955, 0.523952066898346, 0.1399909257888794, 0.32097193598747253, 0.015085049904882908, 0.028451530262827873, 0.3012658655643463, 0.6584258675575256, 0.011856695637106895, 0.009449784643948078, 0.9605085253715515, 0.025800196453928947, 0.004241445101797581, 0.04388095438480377, 0.6696832180023193, 0.2643565833568573, 0.02207930013537407, 0.25201359391212463, 0.3225916028022766, 0.34326204657554626, 0.08213268220424652, 0.3127232789993286, 0.4439968466758728, 0.21278223395347595, 0.03049764782190323, 0.592605471611023, 0.2722667455673218, 0.1112862080335617, 0.023841628804802895, 0.055356465280056, 0.8877517580986023, 0.03828849270939827, 0.018603336066007614, 0.006711105350404978, 0.034370407462120056, 0.9461369514465332, 0.012781469151377678, 0.0062600988894701, 0.03356971964240074, 0.9489282965660095, 0.011241881176829338, 0.013153495267033577, 0.0344875231385231, 0.9427794218063354, 0.009579547680914402, 0.030560726299881935, 0.6205596923828125, 0.3385979235172272, 0.010281667113304138, 0.02058974839746952, 0.6907615661621094, 0.2708432972431183, 0.017805317416787148, 0.3363630473613739, 0.19965606927871704, 0.4336467683315277, 0.030334176495671272, 0.4965977668762207, 0.1388344019651413, 0.34052565693855286, 0.02404216304421425, 0.0573543943464756, 0.0728764459490776, 0.8438370823860168, 0.02593211643397808, 0.09479629993438721, 0.07447868585586548, 0.815650463104248, 0.015074490569531918, 0.7976948618888855, 0.10097216814756393, 0.07950787991285324, 0.021825000643730164, 0.5434231162071228, 0.406546026468277, 0.030473362654447556, 0.019557569175958633, 0.8385523557662964, 0.02156611531972885, 0.10742596536874771, 0.032455530017614365, 0.8107702732086182, 0.050961025059223175, 0.1220688447356224, 0.016199855133891106, 0.25614655017852783, 0.4987231492996216, 0.20577985048294067, 0.03935045003890991, 0.27639326453208923, 0.46013879776000977, 0.23946957290172577, 0.023998290300369263, 0.15837359428405762, 0.811852753162384, 0.01818445511162281, 0.011589295230805874, 0.08001900464296341, 0.38578227162361145, 0.5157958269119263, 0.018402859568595886, 0.22460055351257324, 0.6844007968902588, 0.07839158922433853, 0.012607053853571415, 0.3533141016960144, 0.5244140028953552, 0.10931963473558426, 0.012952241115272045, 0.1494843065738678, 0.7832440733909607, 0.04428507760167122, 0.02298652194440365, 0.039248984307050705, 0.9388411641120911, 0.01444396935403347, 0.007465845439583063, 0.2477957010269165, 0.704124927520752, 0.032890960574150085, 0.015188349410891533, 0.16104626655578613, 0.47169050574302673, 0.3376157879829407, 0.029647385701537132, 0.025962086394429207, 0.8961709141731262, 0.06640753149986267, 0.011459390632808208, 0.23065365850925446, 0.6527087092399597, 0.07095631211996078, 0.045681342482566833, 0.0713309720158577, 0.7362055778503418, 0.16561824083328247, 0.02684527449309826, 0.7581968903541565, 0.019999604672193527, 0.19893372058868408, 0.02286984585225582, 0.7254202961921692, 0.0243825763463974, 0.22889532148838043, 0.021301861852407455, 0.804291844367981, 0.02334563434123993, 0.15331728756427765, 0.019045230001211166, 0.14324644207954407, 0.7363144159317017, 0.02885119616985321, 0.0915878638625145, 0.18917913734912872, 0.620242714881897, 0.03651744872331619, 0.15406069159507751, 0.11013055592775345, 0.48783960938453674, 0.33062413334846497, 0.07140572369098663, 0.24303318560123444, 0.5343019962310791, 0.18124790489673615, 0.04141687601804733, 0.4018619656562805, 0.35173356533050537, 0.21962590515613556, 0.02677864208817482, 0.34866875410079956, 0.22785355150699615, 0.36182665824890137, 0.061650995165109634, 0.4448643624782562, 0.2469400018453598, 0.2702395021915436, 0.037956152111291885, 0.32573920488357544, 0.39117157459259033, 0.23553457856178284, 0.047554660588502884, 0.07684915512800217, 0.16010341048240662, 0.7512656450271606, 0.01178176049143076, 0.05303548648953438, 0.17780126631259918, 0.7252175807952881, 0.04394561052322388, 0.11059493571519852, 0.10783017426729202, 0.7445042133331299, 0.03707069531083107, 0.6811726689338684, 0.2555021047592163, 0.04483378678560257, 0.018491389229893684, 0.7028589844703674, 0.21392561495304108, 0.06276804953813553, 0.020447369664907455, 0.36213868856430054, 0.3827802538871765, 0.23375660181045532, 0.021324397996068, 0.5983293652534485, 0.24543806910514832, 0.135071262717247, 0.021161343902349472, 0.7830460071563721, 0.16210198402404785, 0.045045044273138046, 0.009806976653635502, 0.12122280895709991, 0.6878367066383362, 0.15482273697853088, 0.036117780953645706, 0.45326104760169983, 0.1286637783050537, 0.3965763747692108, 