{"metrics": {"ACC": 43.35664335664335, "F1": 31.91697191697192}, "predictions": [2, 1, 1, 1, 0, 1, 1, 1, 1, 1, 1, 1, 1, 1, 1, 2, 2, 1, 1, 0, 1, 1, 0, 0, 0, 2, 1, 1, 2, 1, 0, 1, 2, 2, 2, 1, 1, 2, 2, 2, 2, 0, 1, 0, 0, 1, 1, 1, 1, 1, 1, 1, 1, 1, 1, 1, 1, 1, 0, 0, 0, 1, 1, 1, 1, 0, 2, 0, 1, 2, 2, 2, 0, 0, 1, 0, 1, 1, 2, 1, 1, 0, 0, 1, 1, 1, 1, 1, 2, 2, 2, 0, 2, 2, 1, 1, 0, 2, 1, 2, 1, 0, 1, 2, 1, 1, 1, 1, 1, 0, 1, 1, 1, 1, 1, 1, 0, 1, 0, 1, 1, 1, 2, 2, 2, 1, 2, 1, 0, 1, 0, 0, 2, 1, 1, 0, 2, 2, 0, 1, 0, 0, 1], "uids": ["0", "1", "2", "3", "4", "5", "6", "7", "8", "9", "10", "11", "12", "13", "14", "15", "16", "17", "18", "19", "20", "21", "22", "23", "24", "25", "26", "27", "28", "29", "30", "31", "32", "33", "34", "35", "36", "37", "38", "39", "40", "41", "42", "43", "44", "45", "46", "47", "48", "49", "50", "51", "52", "53", "54", "55", "56", "57", "58", "59", "60", "61", "62", "63", "64", "65", "66", "67", "68", "69", "70", "71", "72", "73", "74", "75", "76", "77", "78", "79", "80", "81", "82", "83", "84", "85", "86", "87", "88", "89", "90", "91", "92", "93", "94", "95", "96", "97", "98", "99", "100", "101", "102", "103", "104", "105", "106", "107", "108", "109", "110", "111", "112", "113", "114", "115", "116", "117", "118", "119", "120", "121", "122", "123", "124", "125", "126", "127", "128", "129", "130", "131", "132", "133", "134", "135", "136", "137", "138", "139", "140", "141", "142"], "scores": [0.21121150255203247, 0.20767593383789062, 0.5542664527893066, 0.02684612013399601, 0.024641400203108788, 0.9403327703475952, 0.02703789249062538, 0.007988015189766884, 0.3866148293018341, 0.5388854146003723, 0.026070553809404373, 0.04842919111251831, 0.026460755616426468, 0.9547909498214722, 0.009806529618799686, 0.00894185621291399, 0.5493167042732239, 0.21196287870407104, 0.20887161791324615, 0.029848745092749596, 0.3804337978363037, 0.43074244260787964, 0.13781480491161346, 0.051009003072977066, 0.03865022957324982, 0.8207512497901917, 0.12523527443408966, 0.015363361686468124, 0.049320004880428314, 0.627922773361206, 0.3086501657962799, 0.014107047580182552, 0.03778814896941185, 0.9217810034751892, 0.02303359843790531, 0.017397210001945496, 0.05001755431294441, 0.9091117978096008, 0.030183356255292892, 0.010687300935387611, 0.020977385342121124, 0.9492133855819702, 0.024624640122056007, 0.005184486508369446, 0.039797645062208176, 0.8374929428100586, 0.0898265466094017, 0.0328829362988472, 0.018274949863553047, 0.8457221388816833, 0.08680247515439987, 0.04920041188597679, 0.0362442210316658, 0.8225728869438171, 0.10298886150121689, 0.03819400817155838, 0.06685228645801544, 0.792887270450592, 0.08980614691972733, 0.050454359501600266, 0.1596400886774063, 0.2680812180042267, 0.46857380867004395, 0.10370491445064545, 0.17349083721637726, 0.3336968421936035, 0.3755400776863098, 0.11727223545312881, 0.22454924881458282, 0.5796638131141663, 0.11877628415822983, 0.07701057940721512, 0.25718966126441956, 0.4580077528953552, 0.22622150182724, 0.058581139892339706, 0.9508357048034668, 0.010864052921533585, 0.028408285230398178, 0.009891926310956478, 0.010070460848510265, 0.8785807490348816, 0.10217557847499847, 0.009173211641609669, 0.014469240792095661, 0.9718679189682007, 0.005831184796988964, 0.007831678725779057, 0.49601221084594727, 0.45603638887405396, 0.022608621045947075, 0.025342769920825958, 0.5556786060333252, 0.1327999234199524, 0.2907671332359314, 0.02075435034930706, 0.6386924386024475, 0.14825740456581116, 0.19947302341461182, 0.01357712596654892, 0.024052461609244347, 0.4764043688774109, 0.4896106421947479, 0.009932518936693668, 0.004665232263505459, 0.979830801486969, 0.011085056699812412, 0.004418984055519104, 0.03378380462527275, 0.7049494385719299, 0.2395864725112915, 0.021680325269699097, 0.2208174169063568, 0.31458741426467896, 0.3736436665058136, 0.09095147252082825, 0.21824169158935547, 0.5599135756492615, 0.19097267091274261, 0.030872130766510963, 0.4811919033527374, 0.33161818981170654, 0.15153023600578308, 0.035659678280353546, 0.03896484524011612, 0.9179590344429016, 0.025618383660912514, 0.017457805573940277, 0.004565072245895863, 0.02682323567569256, 0.9559813141822815, 0.012630349025130272, 0.004506242927163839, 0.028969066217541695, 0.9544777274131775, 0.01204693503677845, 0.010865921154618263, 0.030113669112324715, 0.9498047232627869, 0.009215678088366985, 0.02295215055346489, 0.673084020614624, 0.29499584436416626, 0.008968065492808819, 0.014362268149852753, 0.7313111424446106, 0.23721566796302795, 0.01711096800863743, 0.14288483560085297, 0.2408776581287384, 0.5929273366928101, 0.023310167714953423, 0.3659602105617523, 0.21861371397972107, 0.3842220902442932, 0.031203968450427055, 0.0432087779045105, 0.11395964026451111, 0.8099634051322937, 0.0328681506216526, 0.09049809724092484, 0.12793409824371338, 0.7631411552429199, 0.01842668652534485, 0.8357552886009216, 0.07960862666368484, 0.06786617636680603, 0.016769902780652046, 0.37024468183517456, 0.5890125036239624, 0.02381516993045807, 0.016927698627114296, 0.8949400782585144, 0.010560578666627407, 0.07682167738676071, 0.017677759751677513, 0.8649271130561829, 0.03781002387404442, 0.08401521295309067, 0.013247796334326267, 0.1523321568965912, 0.6203806400299072, 0.1810465306043625, 0.046240657567977905, 0.19017145037651062, 0.5605568885803223, 0.2267070859670639, 0.022564571350812912, 0.1022266298532486, 0.8728723526000977, 0.013171208091080189, 0.011729716323316097, 0.05807849392294884, 0.4786411225795746, 0.4451900124549866, 0.018090439960360527, 0.09737635403871536, 0.8408847451210022, 0.05294422432780266, 0.008794676512479782, 0.26487743854522705, 0.6429142951965332, 0.082746222615242, 0.009462040849030018, 0.14106988906860352, 0.8017150163650513, 0.031140504404902458, 0.026074571534991264, 0.01969710737466812, 0.9623516798019409, 0.010870441794395447, 0.00708084087818861, 0.16495870053768158, 0.7821151614189148, 0.03292376920580864, 0.02000240981578827, 0.09475671499967575, 0.532200813293457, 0.34932902455329895, 0.023713426664471626, 0.013919396325945854, 0.8779131174087524, 0.09452975541353226, 0.013637784868478775, 0.16923145949840546, 0.7233513593673706, 0.06125060096383095, 0.04616663604974747, 0.05132428929209709, 0.7669241428375244, 0.1549168825149536, 0.02683473378419876, 0.6647180318832397, 0.01977793499827385, 0.2910264730453491, 0.024477515369653702, 0.6260231137275696, 0.02519221045076847, 0.3253919184207916, 0.02339276671409607, 0.7272509336471558, 0.030853530392050743, 0.22129303216934204, 0.020602453500032425, 0.04767725244164467, 0.8957787752151489, 0.0162234827876091, 0.04032061621546745, 0.13847306370735168, 0.6619842648506165, 0.03470362350344658, 0.16483908891677856, 0.05766907334327698, 0.6456044912338257, 0.21405604481697083, 0.08267037570476532, 0.16453766822814941, 0.6827579140663147, 0.10208101570606232, 0.050623346120119095, 0.4648793935775757, 0.33472397923469543, 0.18335790932178497, 0.01703864336013794, 0.3014008402824402, 0.2675584852695465, 0.3755596876144409, 0.05548102408647537, 0.3377852141857147, 0.31866133213043213, 0.30771932005882263, 0.035834118723869324, 0.22020572423934937, 0.5002176761627197, 0.22620025277137756, 0.05337633192539215, 0.07216963171958923, 0.29634132981300354, 0.6144272685050964, 0.017061809077858925, 0.0346379280090332, 0.27329790592193604, 0.6563336849212646, 0.03573053702712059, 0.06904404610395432, 0.1682826280593872, 0.7384679317474365, 0.02420542947947979, 0.5956360697746277, 0.31818366050720215, 0.06891307234764099, 0.01726723648607731, 0.5376608371734619, 0.36575672030448914, 0.07610240578651428, 0.020480062812566757, 0.2706226408481598, 0.4337159991264343, 0.27474740147590637, 0.02091391384601593, 0.5705330967903137, 0.26402777433395386, 0.1448058933019638, 0.020633280277252197, 0.45325008034706116, 0.4935481548309326, 0.04230378940701485, 0.010897962376475334, 0.06270768493413925, 0.784134566783905, 0.11038342118263245, 0.04277427867054939, 0.4040857255458832, 0.11998236179351807, 0.4536985754966736, 