{"metrics": {"ACC": 41.25874125874126, "F1": 27.420370078958822}, "predictions": [1, 1, 1, 1, 1, 1, 0, 1, 1, 1, 1, 1, 1, 1, 1, 2, 2, 1, 0, 0, 1, 1, 1, 0, 1, 1, 1, 1, 1, 1, 0, 1, 2, 2, 2, 1, 1, 1, 1, 1, 1, 1, 1, 0, 0, 1, 1, 1, 1, 1, 1, 1, 1, 1, 1, 1, 1, 1, 0, 0, 0, 1, 1, 1, 1, 1, 1, 0, 1, 1, 1, 1, 0, 0, 1, 1, 1, 1, 1, 1, 1, 1, 1, 1, 1, 1, 1, 1, 1, 1, 1, 1, 1, 1, 1, 0, 1, 2, 2, 2, 1, 1, 1, 2, 1, 1, 1, 1, 1, 1, 1, 1, 1, 1, 1, 1, 1, 1, 0, 1, 1, 1, 1, 2, 2, 0, 2, 1, 0, 0, 0, 0, 1, 1, 1, 0, 2, 1, 0, 1, 1, 0, 1], "uids": ["0", "1", "2", "3", "4", "5", "6", "7", "8", "9", "10", "11", "12", "13", "14", "15", "16", "17", "18", "19", "20", "21", "22", "23", "24", "25", "26", "27", "28", "29", "30", "31", "32", "33", "34", "35", "36", "37", "38", "39", "40", "41", "42", "43", "44", "45", "46", "47", "48", "49", "50", "51", "52", "53", "54", "55", "56", "57", "58", "59", "60", "61", "62", "63", "64", "65", "66", "67", "68", "69", "70", "71", "72", "73", "74", "75", "76", "77", "78", "79", "80", "81", "82", "83", "84", "85", "86", "87", "88", "89", "90", "91", "92", "93", "94", "95", "96", "97", "98", "99", "100", "101", "102", "103", "104", "105", "106", "107", "108", "109", "110", "111", "112", "113", "114", "115", "116", "117", "118", "119", "120", "121", "122", "123", "124", "125", "126", "127", "128", "129", "130", "131", "132", "133", "134", "135", "136", "137", "138", "139", "140", "141", "142"], "scores": [0.2003210186958313, 0.4789544343948364, 0.29804369807243347, 0.022680839523673058, 0.14387330412864685, 0.6951010823249817, 0.1376444697380066, 0.023381071165204048, 0.29870447516441345, 0.523874044418335, 0.12859362363815308, 0.04882783070206642, 0.27874407172203064, 0.5983988046646118, 0.09438011050224304, 0.02847706526517868, 0.25990554690361023, 0.5039872527122498, 0.21532082557678223, 0.020786376670002937, 0.27785050868988037, 0.5144522786140442, 0.18354575335979462, 0.024151435121893883, 0.4620145559310913, 0.3483355939388275, 0.16420947015285492, 0.025440309196710587, 0.29625046253204346, 0.5024659633636475, 0.17836931347846985, 0.022914284840226173, 0.15635454654693604, 0.5936135649681091, 0.1986575424671173, 0.05137433111667633, 0.2595804035663605, 0.5809915661811829, 0.13432005047798157, 0.02510807476937771, 0.2170073240995407, 0.61737459897995, 0.14003826677799225, 0.02557971701025963, 0.21848146617412567, 0.5784787535667419, 0.16757291555404663, 0.03546683117747307, 0.15336190164089203, 0.6195263266563416, 0.1852317899465561, 0.041880007833242416, 0.19642439484596252, 0.5635530948638916, 0.19283927977085114, 0.047183241695165634, 0.2325889617204666, 0.4597356617450714, 0.2610948383808136, 0.04658053070306778, 0.22811993956565857, 0.36178168654441833, 0.36214372515678406, 0.04795468971133232, 0.23077066242694855, 0.3602108359336853, 0.36247751116752625, 0.04654105752706528, 0.15748296678066254, 0.7123729586601257, 0.10809158533811569, 0.022052526473999023, 0.4484468400478363, 0.23766782879829407, 0.20953607559204102, 0.10434927046298981, 0.786618709564209, 0.09713145345449448, 0.09712663292884827, 0.019123176112771034, 0.1853269636631012, 0.6414365768432617, 0.14895813167095184, 0.024278411641716957, 0.14799392223358154, 0.7110282778739929, 0.12337349355220795, 0.017604218795895576, 0.2698635756969452, 0.5906069278717041, 0.12228092551231384, 0.017248567193746567, 0.37054914236068726, 0.32241830229759216, 0.2836705148220062, 0.023362023755908012, 0.2513371407985687, 0.4292912781238556, 0.3022144138813019, 0.017157195135951042, 0.14981777966022491, 0.5734699368476868, 0.25878724455833435, 0.017925070598721504, 0.12299122661352158, 0.7216894626617432, 0.1378592550754547, 0.01746002584695816, 0.152344211935997, 0.5935425162315369, 0.2253424972295761, 0.028770707547664642, 0.2991239130496979, 0.36665934324264526, 0.307193785905838, 0.027022941038012505, 0.2529812455177307, 0.5138502717018127, 0.2113662213087082, 0.021802300587296486, 0.4468076825141907, 0.328395813703537, 0.20514848828315735, 0.019648009911179543, 0.1767641305923462, 0.6203855872154236, 0.17650151252746582, 0.026348819956183434, 0.13378840684890747, 0.2653054893016815, 0.5576220750808716, 0.04328404739499092, 0.1249716505408287, 0.2790517210960388, 0.5549814701080322, 0.04099513962864876, 0.15759170055389404, 0.2843236029148102, 0.5110729336738586, 0.047011714428663254, 0.16436918079853058, 0.6071286797523499, 0.2081473171710968, 0.020354850217700005, 0.21173343062400818, 0.5682206749916077, 0.19849936664104462, 0.021546561270952225, 0.25828155875205994, 0.38049083948135376, 0.33705711364746094, 0.024170445278286934, 0.21504098176956177, 0.4541630744934082, 0.2791428565979004, 0.05165308341383934, 0.2137872725725174, 0.42582085728645325, 0.32512518763542175, 0.035266611725091934, 0.21224118769168854, 0.46331116557121277, 0.29409271478652954, 0.030355006456375122, 0.3882427513599396, 0.4302971363067627, 0.15417294204235077, 0.027287060394883156, 0.344261109828949, 0.5207591652870178, 0.10933446884155273, 0.025645289570093155, 0.5198055505752563, 0.19682912528514862, 0.24062366783618927, 0.042741645127534866, 0.39880552887916565, 0.31870943307876587, 0.2592119574546814, 0.023273102939128876, 0.24754644930362701, 0.47415414452552795, 0.25254935026168823, 0.025749962776899338, 0.24570412933826447, 0.4747398793697357, 0.2561032772064209, 0.02345275692641735, 0.26515308022499084, 0.6033778190612793, 0.10628659278154373, 0.02518250048160553, 0.26878276467323303, 0.5235738158226013, 0.17604726552963257, 0.03159616142511368, 0.3205696940422058, 0.46407461166381836, 0.18520379066467285, 0.0301519688218832, 0.33697405457496643, 0.46066638827323914, 0.17626364529132843, 0.026095913723111153, 0.21150615811347961, 0.586531400680542, 0.17337541282176971, 0.02858702652156353, 0.14166885614395142, 0.7341333031654358, 0.10352644324302673, 0.020671376958489418, 0.2622416317462921, 0.5754983425140381, 0.14060433208942413, 0.021655624732375145, 0.19559139013290405, 0.5188140869140625, 0.26220017671585083, 0.023394344374537468, 0.18085381388664246, 0.6296554207801819, 0.1665848344564438, 0.022905917838215828, 0.2519841492176056, 0.48890063166618347, 0.2062588781118393, 0.052856311202049255, 0.17621560394763947, 0.6507862210273743, 0.14388297498226166, 0.029115229845046997, 0.5526275038719177, 0.2031203657388687, 0.2267957627773285, 0.01745639741420746, 0.5349298119544983, 0.18866142630577087, 0.2580171227455139, 0.01839161291718483, 0.531211256980896, 0.21294145286083221, 0.23710572719573975, 0.01874157041311264, 0.21372802555561066, 0.5890460014343262, 0.14412474632263184, 0.05310121923685074, 0.23082971572875977, 0.5726814270019531, 0.13378958404064178, 0.0626993179321289, 0.22952400147914886, 0.5081515908241272, 0.23531197011470795, 0.027012458071112633, 0.24423353374004364, 0.5011903643608093, 0.23173175752162933, 0.022844353690743446, 0.33335617184638977, 0.46754106879234314, 0.17004930973052979, 0.029053466394543648, 0.3166625201702118, 0.33119824528694153, 0.32009410858154297, 0.032045189291238785, 0.35046422481536865, 0.3392781615257263, 0.2770345211029053, 0.033223122358322144, 0.36235642433166504, 0.3684471845626831, 0.23495003581047058, 0.03424634039402008, 0.26081961393356323, 0.39136213064193726, 0.331025093793869, 0.01679324172437191, 0.2721402049064636, 0.49628159403800964, 0.20398904383182526, 0.027589254081249237, 0.29886236786842346, 0.45713698863983154, 0.220383882522583, 0.023616848513484, 0.554526150226593, 0.29055580496788025, 0.1157800704240799, 0.03913797810673714, 0.5195723176002502, 0.3166200518608093, 0.12052765488624573, 0.04327994957566261, 0.3324121832847595, 0.42209118604660034, 0.21008482575416565, 0.035411808639764786, 0.37184324860572815, 0.411604106426239, 0.18013730645179749, 0.03641529753804207, 0.40866708755493164, 0.4389036297798157, 0.1376057118177414, 0.014823609963059425, 0.18778583407402039, 0.49402764439582825, 0.24936160445213318, 0.0688248798251152, 0.3033713102340698, 0.4168578088283539, 0.2548055350780487, 0.024965282529592514, 0.29962092638015747, 