{"metrics": {"ACC": 42.65734265734265, "F1": 31.405648267008985}, "predictions": [2, 1, 1, 1, 0, 1, 1, 1, 1, 1, 1, 1, 1, 1, 1, 1, 1, 1, 1, 0, 1, 1, 0, 0, 0, 2, 1, 1, 1, 1, 0, 1, 2, 2, 2, 1, 1, 2, 0, 2, 2, 0, 0, 0, 0, 1, 1, 1, 2, 1, 1, 1, 1, 1, 2, 1, 1, 1, 0, 0, 0, 1, 1, 1, 1, 0, 0, 0, 1, 2, 2, 2, 0, 0, 1, 0, 0, 1, 0, 1, 1, 0, 0, 1, 1, 1, 1, 1, 2, 2, 0, 0, 2, 2, 0, 1, 0, 2, 1, 2, 1, 0, 1, 2, 1, 1, 1, 1, 1, 0, 1, 1, 1, 1, 0, 1, 0, 1, 1, 1, 0, 2, 2, 2, 2, 1, 2, 1, 0, 1, 0, 0, 2, 1, 1, 0, 2, 2, 0, 1, 1, 0, 1], "uids": ["0", "1", "2", "3", "4", "5", "6", "7", "8", "9", "10", "11", "12", "13", "14", "15", "16", "17", "18", "19", "20", "21", "22", "23", "24", "25", "26", "27", "28", "29", "30", "31", "32", "33", "34", "35", "36", "37", "38", "39", "40", "41", "42", "43", "44", "45", "46", "47", "48", "49", "50", "51", "52", "53", "54", "55", "56", "57", "58", "59", "60", "61", "62", "63", "64", "65", "66", "67", "68", "69", "70", "71", "72", "73", "74", "75", "76", "77", "78", "79", "80", "81", "82", "83", "84", "85", "86", "87", "88", "89", "90", "91", "92", "93", "94", "95", "96", "97", "98", "99", "100", "101", "102", "103", "104", "105", "106", "107", "108", "109", "110", "111", "112", "113", "114", "115", "116", "117", "118", "119", "120", "121", "122", "123", "124", "125", "126", "127", "128", "129", "130", "131", "132", "133", "134", "135", "136", "137", "138", "139", "140", "141", "142"], "scores": [0.2439139038324356, 0.1392354667186737, 0.5964818000793457, 0.02036883868277073, 0.014942965470254421, 0.9549604058265686, 0.024974994361400604, 0.005121554248034954, 0.41243597865104675, 0.5106236338615417, 0.02711704932153225, 0.04982336238026619, 0.008100845851004124, 0.9824259281158447, 0.005265029612928629, 0.004208307713270187, 0.6980476975440979, 0.12200216203927994, 0.15201358497142792, 0.027936501428484917, 0.35559436678886414, 0.4267228841781616, 0.16083943843841553, 0.05684337019920349, 0.023995084688067436, 0.8388448357582092, 0.1262912005186081, 0.010868879035115242, 0.035406701266765594, 0.5158867239952087, 0.4363304376602173, 0.01237616315484047, 0.0365472249686718, 0.9310570359230042, 0.016711369156837463, 0.01568428799510002, 0.05755985528230667, 0.9060145020484924, 0.0265488438308239, 0.009876866824924946, 0.02486259862780571, 0.9486252665519714, 0.021879062056541443, 0.004633001983165741, 0.02798784151673317, 0.875353217124939, 0.06950114667415619, 0.02715776115655899, 0.015674347057938576, 0.8289990425109863, 0.08972045034170151, 0.06560614705085754, 0.024924276396632195, 0.8342158794403076, 0.10264059156179428, 0.03821922093629837, 0.04935786873102188, 0.8482491374015808, 0.05700575187802315, 0.04538721218705177, 0.1532701849937439, 0.3477790355682373, 0.3447040915489197, 0.15424667298793793, 0.16049614548683167, 0.4152825176715851, 0.25489744544029236, 0.1693238615989685, 0.2969362437725067, 0.49641650915145874, 0.1226477101445198, 0.08399955183267593, 0.2053474336862564, 0.627465009689331, 0.12936323881149292, 0.03782432898879051, 0.966296374797821, 0.005459792912006378, 0.021141614764928818, 0.0071022543124854565, 0.005209864117205143, 0.9104871153831482, 0.07816506922245026, 0.0061379969120025635, 0.006854814477264881, 0.9845685958862305, 0.004014947917312384, 0.00456154253333807, 0.7374846339225769, 0.21711140871047974, 0.024584505707025528, 0.020819544792175293, 0.6500928401947021, 0.0683988556265831, 0.26170265674591064, 0.01980561949312687, 0.8105992674827576, 0.05495667830109596, 0.12296786159276962, 0.011476327665150166, 0.015985630452632904, 0.32483193278312683, 0.6511625051498413, 0.008019929751753807, 0.002316173864528537, 0.9857591390609741, 0.009221713058650494, 0.0027030359487980604, 0.031439363956451416, 0.6990790963172913, 0.24991555511951447, 0.01956597901880741, 0.21659745275974274, 0.3577446937561035, 0.32166457176208496, 0.1039932519197464, 0.2086198329925537, 0.640333890914917, 0.1215330958366394, 0.02951311133801937, 0.5418488383293152, 0.27698424458503723, 0.14137083292007446, 0.03979610279202461, 0.03155624866485596, 0.9372605085372925, 0.017422862350940704, 0.013760297559201717, 0.0025099527556449175, 0.014078492298722267, 0.9745230674743652, 0.00888841599225998, 0.00215158611536026, 0.012566744349896908, 0.9770805835723877, 0.008201152086257935, 0.006122502963989973, 0.015199641697108746, 0.9723175168037415, 0.006360352039337158, 0.01810714602470398, 0.5491013526916504, 0.424395889043808, 0.008395623415708542, 0.008128360845148563, 0.735824465751648, 0.24263609945774078, 0.013411033898591995, 0.15920694172382355, 0.1721590757369995, 0.6415250897407532, 0.02710891142487526, 0.5352226495742798, 0.07689276337623596, 0.36408811807632446, 0.023796509951353073, 0.053817614912986755, 0.04286792874336243, 0.8788191080093384, 0.024495374411344528, 0.08562760800123215, 0.03231275454163551, 0.870172381401062, 0.01188722439110279, 0.9022272229194641, 0.03505271300673485, 0.047166213393211365, 0.015553943812847137, 0.5193725824356079, 0.4391941428184509, 0.021067462861537933, 0.0203657615929842, 0.9398236274719238, 0.0062460824847221375, 0.04043815657496452, 0.013492098078131676, 0.9146869778633118, 0.01931939832866192, 0.054552871733903885, 0.01144083496183157, 0.1048319861292839, 0.7322160005569458, 0.12293220311403275, 0.04001975804567337, 0.278144508600235, 0.5217221975326538, 0.18000748753547668, 0.02012581005692482, 0.09314662963151932, 0.8896341919898987, 0.009466069750487804, 0.007753150071948767, 0.0476766899228096, 0.3932873010635376, 0.5389325618743896, 0.020103449001908302, 0.1338329017162323, 0.8069652318954468, 0.05111414194107056, 0.00808775331825018, 0.4507099688053131, 0.45963364839553833, 0.08049662411212921, 0.009159768000245094, 0.13159947097301483, 0.8199963569641113, 0.0274669099599123, 0.02093726210296154, 0.010050729848444462, 0.979574978351593, 0.006798089947551489, 0.003576132468879223, 0.17022834718227386, 0.7784416675567627, 0.030393032357096672, 0.02093692682683468, 0.12720747292041779, 0.27658647298812866, 0.5698704123497009, 0.026335611939430237, 0.010237710550427437, 0.8606431484222412, 0.11589924991130829, 0.013219861313700676, 0.16137734055519104, 0.7314770221710205, 0.06194585561752319, 0.045199744403362274, 0.04624943062663078, 0.7418230772018433, 0.18427975475788116, 0.027647774666547775, 0.7813684344291687, 0.011708236299455166, 0.18496021628379822, 0.02196318469941616, 0.7367706298828125, 0.014800081960856915, 0.22985324263572693, 0.01857612654566765, 0.8627697825431824, 0.018287213519215584, 0.10515797883272171, 0.01378515362739563, 0.0766783282160759, 0.8610581755638123, 0.013180502690374851, 0.049083057790994644, 0.16127783060073853, 0.6064556837081909, 0.02564261481165886, 0.2066238522529602, 0.04172272980213165, 0.5054022073745728, 0.3795527517795563, 0.07332237809896469, 0.1796664446592331, 0.6053887605667114, 0.16345606744289398, 0.05148864537477493, 0.5834771990776062, 0.22142770886421204, 0.18057803809642792, 0.014516998082399368, 0.3941352963447571, 0.16235215961933136, 0.38601404428482056, 0.05749847739934921, 0.48507097363471985, 0.23587235808372498, 0.24707724153995514, 0.03197939693927765, 0.25933167338371277, 0.4601338803768158, 0.2228388637304306, 0.057695552706718445, 0.05806325003504753, 0.22417065501213074, 0.7037654519081116, 0.014000591821968555, 0.020507361739873886, 0.19620583951473236, 0.7423723340034485, 0.04091445729136467, 0.047855451703071594, 0.0718831792473793, 0.855678915977478, 0.0245825108140707, 0.5001094937324524, 0.4465951919555664, 0.0387381836771965, 0.014557083137333393, 0.5843912959098816, 0.3552113473415375, 0.04510291665792465, 0.015294406563043594, 0.29384878277778625, 0.4163146913051605, 0.26869139075279236, 0.021145133301615715, 0.6172375082969666, 0.22365792095661163, 0.14507831633090973, 0.01402629166841507, 0.6380366683006287, 0.30597031116485596, 0.04743235930800438, 0.008560653775930405, 0.06182979792356491, 0.8351037502288818, 0.07502459734678268, 0.028041863813996315, 0.44818979501724243, 0.08478139340877533, 