{"metrics": {"ACC": 32.16783216783217, "F1": 12.16931216931217}, "predictions": [0, 0, 0, 0, 0, 0, 0, 0, 0, 0, 0, 0, 0, 0, 0, 0, 0, 0, 0, 0, 0, 0, 0, 0, 0, 0, 0, 0, 0, 0, 0, 0, 0, 0, 0, 0, 0, 0, 0, 0, 0, 0, 0, 0, 0, 0, 0, 0, 0, 0, 0, 0, 0, 0, 0, 0, 0, 0, 0, 0, 0, 0, 0, 0, 0, 0, 0, 0, 0, 0, 0, 0, 0, 0, 0, 0, 0, 0, 0, 0, 0, 0, 0, 0, 0, 0, 0, 0, 0, 0, 0, 0, 0, 0, 0, 0, 0, 0, 0, 0, 0, 0, 0, 0, 0, 0, 0, 0, 0, 0, 0, 0, 0, 0, 0, 0, 0, 0, 0, 0, 0, 0, 0, 0, 0, 0, 0, 0, 0, 0, 0, 0, 0, 0, 0, 0, 0, 0, 0, 0, 0, 0, 0], "uids": ["0", "1", "2", "3", "4", "5", "6", "7", "8", "9", "10", "11", "12", "13", "14", "15", "16", "17", "18", "19", "20", "21", "22", "23", "24", "25", "26", "27", "28", "29", "30", "31", "32", "33", "34", "35", "36", "37", "38", "39", "40", "41", "42", "43", "44", "45", "46", "47", "48", "49", "50", "51", "52", "53", "54", "55", "56", "57", "58", "59", "60", "61", "62", "63", "64", "65", "66", "67", "68", "69", "70", "71", "72", "73", "74", "75", "76", "77", "78", "79", "80", "81", "82", "83", "84", "85", "86", "87", "88", "89", "90", "91", "92", "93", "94", "95", "96", "97", "98", "99", "100", "101", "102", "103", "104", "105", "106", "107", "108", "109", "110", "111", "112", "113", "114", "115", "116", "117", "118", "119", "120", "121", "122", "123", "124", "125", "126", "127", "128", "129", "130", "131", "132", "133", "134", "135", "136", "137", "138", "139", "140", "141", "142"], "scores": [0.44374534487724304, 0.28878024220466614, 0.23827719688415527, 0.029197247698903084, 0.46083611249923706, 0.3410049080848694, 0.1731400042772293, 0.025019017979502678, 0.5203022956848145, 0.3018331825733185, 0.1457281857728958, 0.03213629499077797, 0.5007473230361938, 0.3103058636188507, 0.15239106118679047, 0.036555804312229156, 0.47998327016830444, 0.2683735489845276, 0.22575579583644867, 0.02588743157684803, 0.48799121379852295, 0.27297577261924744, 0.21386805176734924, 0.025164896622300148, 0.5730715394020081, 0.22495591640472412, 0.1801479458808899, 0.021824508905410767, 0.5562650561332703, 0.2698620855808258, 0.15279920399188995, 0.02107364870607853, 0.3605235815048218, 0.3585357069969177, 0.22944992780685425, 0.05149077996611595, 0.4518721401691437, 0.3151334524154663, 0.2025059163570404, 0.03048853762447834, 0.4609796106815338, 0.3107525408267975, 0.19956128299236298, 0.028706543147563934, 0.44943538308143616, 0.3531133532524109, 0.17207519710063934, 0.02537599392235279, 0.4239538609981537, 0.3571793735027313, 0.1895858645439148, 0.02928096242249012, 0.4287860095500946, 0.34947046637535095, 0.19217580556869507, 0.029567783698439598, 0.39852073788642883, 0.3213243782520294, 0.24417120218276978, 0.03598373010754585, 0.40316009521484375, 0.306312620639801, 0.2514156699180603, 0.03911156579852104, 0.40631386637687683, 0.3072475790977478, 0.24887506663799286, 0.0375635027885437, 0.3998633027076721, 0.3203287124633789, 0.22395724058151245, 0.0558507926762104, 0.48139113187789917, 0.32674098014831543, 0.16596068441867828, 0.025907296687364578, 0.6791815161705017, 0.16260486841201782, 0.13180981576442719, 0.02640380524098873, 0.5228652954101562, 0.3034321963787079, 0.15340964496135712, 0.02029283717274666, 0.4961191713809967, 0.345154732465744, 0.13690760731697083, 0.02181854471564293, 0.5462694764137268, 0.2763148248195648, 0.15396107733249664, 0.02345462702214718, 0.4638079106807709, 0.246698260307312, 0.26233959197998047, 0.02715429477393627, 0.4623550772666931, 0.2513718605041504, 0.2598232626914978, 0.026449738070368767, 0.4879548251628876, 0.2939856946468353, 0.19503824412822723, 0.023021239787340164, 0.46468809247016907, 0.31457313895225525, 0.1977960169315338, 0.022942744195461273, 0.4648737609386444, 0.36569705605506897, 0.1404954344034195, 0.028933782130479813, 0.5188589096069336, 0.25489526987075806, 0.19977635145187378, 0.0264693982899189, 0.5038077235221863, 0.27115094661712646, 0.19911259412765503, 0.025928713381290436, 0.5954599976539612, 0.2399372160434723, 0.14602604508399963, 0.018576761707663536, 0.4741196930408478, 0.34713444113731384, 0.15887512266635895, 0.019870774820446968, 0.38364046812057495, 0.3196576237678528, 0.25801366567611694, 0.038688257336616516, 0.39339783787727356, 0.3207690715789795, 0.24843786656856537, 0.03739526867866516, 0.3928326666355133, 0.2979370355606079, 0.26516059041023254, 0.04406965523958206, 0.508892297744751, 0.30838048458099365, 0.1574477106332779, 0.02527959831058979, 0.5456005334854126, 0.28432705998420715, 0.1505133956670761, 0.01955900527536869, 0.44885125756263733, 0.283052533864975, 0.24258871376514435, 0.025507532060146332, 0.41414588689804077, 0.3058367073535919, 0.23992708325386047, 0.040090229362249374, 0.4776643216609955, 0.2840688228607178, 0.2122814953327179, 0.025985343381762505, 0.49433010816574097, 0.29116153717041016, 0.19224143028259277, 0.022266972810029984, 0.528867244720459, 0.268315851688385, 0.17149855196475983, 0.03131831809878349, 0.516165554523468, 0.2852352559566498, 0.16960610449314117, 0.02899305708706379, 0.4816247224807739, 0.2730996012687683, 0.21843235194683075, 0.026843301951885223, 0.49408820271492004, 0.27217140793800354, 0.2055487483739853, 0.028191616758704185, 0.4712229371070862, 0.29162031412124634, 0.21136917173862457, 0.025787681341171265, 0.4530712962150574, 0.29970428347587585, 0.21975962817668915, 0.02746478281915188, 0.5125399231910706, 0.29753413796424866, 0.16565006971359253, 0.024275893345475197, 0.5165498852729797, 0.2878645062446594, 0.16574124991893768, 0.029844343662261963, 0.5081803798675537, 0.25625109672546387, 0.20661479234695435, 0.02895376645028591, 0.5448260307312012, 0.24171490967273712, 0.1878264844417572, 0.025632552802562714, 0.5305730104446411, 0.31013086438179016, 0.13870203495025635, 0.020594071596860886, 0.5090184807777405, 0.32197076082229614, 0.1472165286540985, 0.021794183179736137, 0.5045177936553955, 0.3043523132801056, 0.16625918447971344, 0.02487076446413994, 0.4578382074832916, 0.30822354555130005, 0.20798370242118835, 0.02595466747879982, 0.47692590951919556, 0.31667524576187134, 0.18477699160575867, 0.021621761843562126, 0.4065271019935608, 0.3560502231121063, 0.20003096759319305, 0.03739166632294655, 0.5066205859184265, 0.3202647566795349, 0.14608082175254822, 0.027033809572458267, 0.5285782217979431, 0.24643845856189728, 0.20325712859630585, 0.021726159378886223, 0.5542704463005066, 0.2198147177696228, 0.2050449401140213, 0.02086995355784893, 0.5583056211471558, 0.22247479856014252, 0.19766554236412048, 0.021554119884967804, 0.4562549591064453, 0.35353440046310425, 0.16075243055820465, 0.029458187520503998, 0.4538302421569824, 0.34686148166656494, 0.16636984050273895, 0.03293853998184204, 0.4244021773338318, 0.31450462341308594, 0.23488569259643555, 0.026207447052001953, 0.4227641820907593, 0.31592312455177307, 0.23561374843120575, 0.0256989523768425, 0.5231285095214844, 0.2585575580596924, 0.18720939755439758, 0.03110453300178051, 0.4668467044830322, 0.25937071442604065, 0.2422395646572113, 0.03154308721423149, 0.4997265636920929, 0.2489882856607437, 0.2218324840068817, 0.02945263870060444, 0.5111027956008911, 0.2505609095096588, 0.21223478019237518, 0.026101551949977875, 0.44010162353515625, 0.27552345395088196, 0.25419384241104126, 0.03018113411962986, 0.3927145302295685, 0.32765811681747437, 0.2359602302312851, 0.043667085468769073, 0.418865442276001, 0.30386269092559814, 0.23588863015174866, 0.04138316214084625, 0.5757800340652466, 0.254994660615921, 0.13428784906864166, 0.03493736311793327, 0.5741836428642273, 0.2524915039539337, 0.13606560230255127, 0.03725924342870712, 0.48398590087890625, 0.2733532190322876, 0.20357026159763336, 0.03909061476588249, 0.4989584982395172, 0.2665099799633026, 0.19778847694396973, 0.036743126809597015, 0.5734180808067322, 0.2473624348640442, 0.15743057429790497, 0.021788904443383217, 0.3752092719078064, 0.3437184691429138, 0.23787255585193634, 0.043199606239795685, 0.47843801975250244, 0.2799120545387268, 0.21378666162490845, 0.027863314375281334, 0.5325456261634827, 0.301544725894928,