{"metrics": {"ACC": 39.16083916083916, "F1": 27.257203179334326}, "predictions": [0, 1, 1, 1, 0, 0, 1, 1, 1, 1, 1, 1, 1, 1, 1, 1, 1, 1, 0, 0, 1, 1, 0, 0, 0, 2, 1, 1, 2, 1, 0, 1, 2, 2, 2, 1, 1, 0, 0, 2, 2, 0, 0, 0, 0, 1, 1, 1, 1, 1, 0, 1, 1, 1, 1, 1, 1, 1, 0, 0, 0, 1, 1, 1, 1, 0, 0, 0, 1, 2, 1, 2, 0, 0, 0, 0, 0, 1, 0, 1, 1, 0, 0, 1, 1, 1, 1, 1, 2, 0, 0, 0, 2, 2, 0, 0, 0, 1, 1, 0, 1, 0, 1, 2, 1, 1, 0, 1, 1, 0, 1, 1, 1, 1, 1, 1, 1, 1, 0, 1, 0, 1, 1, 2, 2, 1, 2, 1, 0, 0, 0, 0, 2, 1, 1, 0, 2, 0, 0, 1, 1, 0, 1], "uids": ["0", "1", "2", "3", "4", "5", "6", "7", "8", "9", "10", "11", "12", "13", "14", "15", "16", "17", "18", "19", "20", "21", "22", "23", "24", "25", "26", "27", "28", "29", "30", "31", "32", "33", "34", "35", "36", "37", "38", "39", "40", "41", "42", "43", "44", "45", "46", "47", "48", "49", "50", "51", "52", "53", "54", "55", "56", "57", "58", "59", "60", "61", "62", "63", "64", "65", "66", "67", "68", "69", "70", "71", "72", "73", "74", "75", "76", "77", "78", "79", "80", "81", "82", "83", "84", "85", "86", "87", "88", "89", "90", "91", "92", "93", "94", "95", "96", "97", "98", "99", "100", "101", "102", "103", "104", "105", "106", "107", "108", "109", "110", "111", "112", "113", "114", "115", "116", "117", "118", "119", "120", "121", "122", "123", "124", "125", "126", "127", "128", "129", "130", "131", "132", "133", "134", "135", "136", "137", "138", "139", "140", "141", "142"], "scores": [0.3588982820510864, 0.35295096039772034, 0.27280867099761963, 0.015342055819928646, 0.04349510371685028, 0.9202690720558167, 0.028139235451817513, 0.008096483536064625, 0.39369550347328186, 0.5280436873435974, 0.03737853839993477, 0.04088226705789566, 0.07325195521116257, 0.8849532604217529, 0.02883119322359562, 0.012963620945811272, 0.5414952635765076, 0.21951332688331604, 0.21708162128925323, 0.021909810602664948, 0.4739032983779907, 0.33981192111968994, 0.15177305042743683, 0.03451162204146385, 0.1541358232498169, 0.6552992463111877, 0.16305525600910187, 0.027509639039635658, 0.10632753372192383, 0.6469986438751221, 0.22796398401260376, 0.018709879368543625, 0.06808428466320038, 0.8631249666213989, 0.04528136923909187, 0.023509392514824867, 0.1509111374616623, 0.7667105793952942, 0.06493920832872391, 0.017439162358641624, 0.0893392339348793, 0.8538049459457397, 0.04785141348838806, 0.009004381485283375, 0.0863669142127037, 0.8021204471588135, 0.08633347600698471, 0.02517911233007908, 0.04489481821656227, 0.8343589901924133, 0.07871963828802109, 0.04202652722597122, 0.07399951666593552, 0.7864055037498474, 0.11000332981348038, 0.029591653496026993, 0.18077149987220764, 0.6749410033226013, 0.09621357917785645, 0.04807399585843086, 0.2253904789686203, 0.36334383487701416, 0.32065391540527344, 0.09061179310083389, 0.22845815122127533, 0.4101696014404297, 0.26796767115592957, 0.09340454638004303, 0.22674357891082764, 0.6643482446670532, 0.0672563686966896, 0.0416518971323967, 0.43622857332229614, 0.28216779232025146, 0.19796159863471985, 0.08364210277795792, 0.917648434638977, 0.02447463572025299, 0.0450463742017746, 0.012830514460802078, 0.03434138745069504, 0.8766844868659973, 0.07779191434383392, 0.011182187125086784, 0.03852303698658943, 0.938446581363678, 0.014377488754689693, 0.008652826771140099, 0.7003139853477478, 0.25333353877067566, 0.028812220320105553, 0.01754031330347061, 0.5328734517097473, 0.19710536301136017, 0.24365615844726562, 0.026365051046013832, 0.5885344743728638, 0.16067005693912506, 0.23625633120536804, 0.01453914400190115, 0.05571794509887695, 0.4630041718482971, 0.4704242944717407, 0.010853515937924385, 0.020982934162020683, 0.9363582730293274, 0.038522686809301376, 0.004136205650866032, 0.06531549245119095, 0.7078421115875244, 0.20417393743991852, 0.02266848273575306, 0.26515406370162964, 0.3344029188156128, 0.33660945296287537, 0.0638335570693016, 0.2790985703468323, 0.47968608140945435, 0.21667777001857758, 0.024537542834877968, 0.654613733291626, 0.1910378485918045, 0.13319845497608185, 0.021149953827261925, 0.08174305409193039, 0.850789487361908, 0.052830521017313004, 0.014636953361332417, 0.01344626396894455, 0.07067164033651352, 0.8991230726242065, 0.016759011894464493, 0.013958165422081947, 0.07799111306667328, 0.8931611776351929, 0.014889505691826344, 0.02309642918407917, 0.08756785839796066, 0.877066433429718, 0.012269287370145321, 0.05555812269449234, 0.643265426158905, 0.2894039750099182, 0.0117725171148777, 0.039674174040555954, 0.7637547850608826, 0.17892152070999146, 0.017649546265602112, 0.47176843881607056, 0.30109208822250366, 0.20463892817497253, 0.02250046469271183, 0.48806822299957275, 0.1578664928674698, 0.3319215774536133, 0.02214375138282776, 0.12193041294813156, 0.18319721519947052, 0.6658453941345215, 0.029026957228779793, 0.19620762765407562, 0.18604008853435516, 0.6015201210975647, 0.016232158988714218, 0.7856759428977966, 0.11605285108089447, 0.07724207639694214, 0.021029172465205193, 0.5573769807815552, 0.390153169631958, 0.033241648226976395, 0.019228219985961914, 0.8275926113128662, 0.027982035651803017, 0.10915344953536987, 0.035271916538476944, 0.7779072523117065, 0.07553891092538834, 0.12749576568603516, 0.019058046862483025, 0.32717251777648926, 0.4893133044242859, 0.1551678627729416, 0.028346361592411995, 0.31278732419013977, 0.49372634291648865, 0.1739043891429901, 0.019581936299800873, 0.3265226483345032, 0.6343017220497131, 0.02753772959113121, 0.011637862771749496, 0.17621275782585144, 0.5083404779434204, 0.29884111881256104, 0.016605591401457787, 0.33649930357933044, 0.5575310587882996, 0.09101597219705582, 0.014953660778701305, 0.48086318373680115, 0.4102290868759155, 0.09422369301319122, 0.014684089459478855, 0.17322182655334473, 0.7450136542320251, 0.058443520218133926, 0.023320887237787247, 0.10595180839300156, 0.864076554775238, 0.022642076015472412, 0.007329575251787901, 0.3494194746017456, 0.6003661155700684, 0.03795652091503143, 0.012257885187864304, 0.22854362428188324, 0.5560271143913269, 0.1965906023979187, 0.018838681280612946, 0.07514166086912155, 0.8389385938644409, 0.07703989744186401, 0.008879778906702995, 0.3081572949886322, 0.6021929383277893, 0.058508679270744324, 0.03114108368754387, 0.14444579184055328, 0.7286773920059204, 0.10256820172071457, 0.024308620020747185, 0.6296387910842896, 0.03678879514336586, 0.31528347730636597, 0.018288971856236458, 0.5882851481437683, 0.045960959047079086, 0.344901978969574, 0.02085188776254654, 0.702735185623169, 0.05368049442768097, 0.22609461843967438, 0.017489764839410782, 0.12259212136268616, 0.7556378245353699, 0.03615516051650047, 0.08561501652002335, 0.15237818658351898, 0.6842199563980103, 0.042541734874248505, 0.12086013704538345, 0.14622662961483002, 0.5814515352249146, 0.22101561725139618, 0.05130617320537567, 0.2879278361797333, 0.5569112300872803, 0.1283223032951355, 0.026838595047593117, 0.5628166794776917, 0.29694709181785583, 0.11953163892030716, 0.020704632624983788, 0.5009031891822815, 0.2693353295326233, 0.19335003197193146, 0.036411430686712265, 0.4894740879535675, 0.28495389223098755, 0.19325460493564606, 0.032317448407411575, 0.36945611238479614, 0.4681900143623352, 0.12506908178329468, 0.037284862250089645, 0.21938997507095337, 0.2619728744029999, 0.5043275952339172, 0.014309505932033062, 0.11356155574321747, 0.5223744511604309, 0.34711045026779175, 0.016953540965914726, 0.26965752243995667, 0.28300365805625916, 0.4333384335041046, 0.014000370167195797, 0.4978702664375305, 0.4291912913322449, 0.0521102137863636, 0.020828217267990112, 0.5475671291351318, 0.3694595396518707, 0.062438007444143295, 0.020535293966531754, 0.4936138391494751, 0.32847678661346436, 0.15593527257442474, 0.0219741128385067, 0.5824086666107178, 0.2865039110183716, 0.11182384938001633, 0.019263554364442825, 0.7488999366760254, 0.2096334844827652, 0.03192483261227608, 0.00954169500619173, 0.1466953009366989, 0.6363598108291626, 0.15313498675823212, 0.06380987167358398, 0.6490634679794312, 0.16657234728336334, 0.1654006689786911, 