{"metrics": {"ACC": 42.65734265734265, "F1": 30.762585224619404}, "predictions": [2, 1, 1, 1, 0, 1, 1, 1, 1, 1, 1, 1, 1, 1, 1, 2, 1, 1, 1, 0, 1, 1, 0, 0, 0, 1, 1, 1, 1, 1, 0, 1, 2, 2, 2, 1, 1, 2, 0, 2, 2, 0, 1, 0, 0, 1, 1, 1, 1, 1, 1, 1, 1, 1, 2, 1, 1, 1, 0, 0, 0, 1, 1, 1, 1, 0, 0, 0, 1, 2, 2, 2, 0, 0, 1, 0, 0, 1, 2, 1, 1, 0, 0, 1, 1, 1, 1, 1, 2, 2, 0, 0, 2, 2, 0, 1, 0, 2, 1, 1, 1, 0, 1, 1, 1, 1, 1, 1, 1, 0, 1, 1, 1, 1, 1, 1, 0, 1, 1, 1, 0, 1, 2, 2, 2, 1, 2, 1, 0, 1, 0, 0, 2, 1, 1, 0, 2, 0, 0, 1, 1, 0, 1], "uids": ["0", "1", "2", "3", "4", "5", "6", "7", "8", "9", "10", "11", "12", "13", "14", "15", "16", "17", "18", "19", "20", "21", "22", "23", "24", "25", "26", "27", "28", "29", "30", "31", "32", "33", "34", "35", "36", "37", "38", "39", "40", "41", "42", "43", "44", "45", "46", "47", "48", "49", "50", "51", "52", "53", "54", "55", "56", "57", "58", "59", "60", "61", "62", "63", "64", "65", "66", "67", "68", "69", "70", "71", "72", "73", "74", "75", "76", "77", "78", "79", "80", "81", "82", "83", "84", "85", "86", "87", "88", "89", "90", "91", "92", "93", "94", "95", "96", "97", "98", "99", "100", "101", "102", "103", "104", "105", "106", "107", "108", "109", "110", "111", "112", "113", "114", "115", "116", "117", "118", "119", "120", "121", "122", "123", "124", "125", "126", "127", "128", "129", "130", "131", "132", "133", "134", "135", "136", "137", "138", "139", "140", "141", "142"], "scores": [0.21837402880191803, 0.20789656043052673, 0.5524640679359436, 0.02126537822186947, 0.01769583858549595, 0.9634742736816406, 0.01416567899286747, 0.004664285108447075, 0.4360378086566925, 0.49591919779777527, 0.026155592873692513, 0.04188738018274307, 0.012621165253221989, 0.97525554895401, 0.006863385904580355, 0.005259874742478132, 0.526176393032074, 0.25902310013771057, 0.1816774308681488, 0.03312314301729202, 0.24498334527015686, 0.5845105648040771, 0.12408506125211716, 0.04642103984951973, 0.020258983597159386, 0.8728812336921692, 0.09526176005601883, 0.011598056182265282, 0.034552156925201416, 0.6777840852737427, 0.2762446701526642, 0.011419126763939857, 0.036678433418273926, 0.9234021306037903, 0.0209699347615242, 0.018949465826153755, 0.04287862777709961, 0.9290413856506348, 0.020227104425430298, 0.007852849550545216, 0.020366720855236053, 0.9566637873649597, 0.018915416672825813, 0.004054005723446608, 0.033783234655857086, 0.8718974590301514, 0.07015419751405716, 0.02416515350341797, 0.015719687566161156, 0.8442733287811279, 0.08492255955934525, 0.0550844669342041, 0.022605163976550102, 0.8610791563987732, 0.08721644431352615, 0.029099199920892715, 0.057486481964588165, 0.8359967470169067, 0.060998979955911636, 0.045517731457948685, 0.15815775096416473, 0.3390437066555023, 0.3751280605792999, 0.12767045199871063, 0.17166881263256073, 0.3983561396598816, 0.2889612913131714, 0.14101380109786987, 0.2798958122730255, 0.5599997639656067, 0.1078062355518341, 0.0522981695830822, 0.19333285093307495, 0.6667793393135071, 0.11249443888664246, 0.027393342927098274, 0.9685479998588562, 0.006635322235524654, 0.01760270819067955, 0.007213978562504053, 0.005746729206293821, 0.9303795099258423, 0.058350298553705215, 0.005523424595594406, 0.009607324376702309, 0.9804466962814331, 0.005112508777529001, 0.004833478946238756, 0.6721746325492859, 0.2832503318786621, 0.024992840364575386, 0.019582193344831467, 0.5962109565734863, 0.1278078556060791, 0.25490492582321167, 0.021076258271932602, 0.7210438251495361, 0.1192534938454628, 0.14642097055912018, 0.013281750492751598, 0.01960664987564087, 0.5162287354469299, 0.45625919103622437, 0.007905367761850357, 0.0029778715688735247, 0.9834983944892883, 0.010640361346304417, 0.0028834305703639984, 0.03258730098605156, 0.7296178936958313, 0.21898020803928375, 0.01881459355354309, 0.21348494291305542, 0.38334810733795166, 0.3121608793735504, 0.09100603312253952, 0.16524353623390198, 0.6698054075241089, 0.13853254914283752, 0.026418553665280342, 0.5642751455307007, 0.2882155776023865, 0.1168813407421112, 0.030627992004156113, 0.03805801644921303, 0.9303207993507385, 0.018987987190485, 0.012633221223950386, 0.0032315049320459366, 0.023834578692913055, 0.9623994827270508, 0.010534442029893398, 0.0027661907952278852, 0.022293154150247574, 0.9651926159858704, 0.009748002514243126, 0.0065821255557239056, 0.024692485108971596, 0.9617170691490173, 0.007008333690464497, 0.019390685483813286, 0.6616621613502502, 0.3108768165111542, 0.008070339448750019, 0.008162532933056355, 0.8133355379104614, 0.16723085939884186, 0.011271102353930473, 0.1977253556251526, 0.2333747297525406, 0.5423206686973572, 0.026579251512885094, 0.5092808604240417, 0.11806412786245346, 0.3489552438259125, 0.02369971200823784, 0.04837259277701378, 0.06977101415395737, 0.8525769710540771, 0.029279479756951332, 0.09509558975696564, 0.0743052214384079, 0.8146389722824097, 0.015960270538926125, 0.8591212630271912, 0.06255650520324707, 0.06002872809767723, 0.018293512985110283, 0.3481525480747223, 0.6133344173431396, 0.020822221413254738, 0.01769080013036728, 0.9305959939956665, 0.008701590821146965, 0.045591775327920914, 0.015110667794942856, 0.8984654545783997, 0.029232187196612358, 0.059668488800525665, 0.012633802369236946, 0.10800639539957047, 0.7481834292411804, 0.1118411123752594, 0.031969040632247925, 0.2579670250415802, 0.5561854243278503, 0.16714367270469666, 0.018703827634453773, 0.06672293692827225, 0.9182217121124268, 0.00895058736205101, 0.006104879081249237, 0.048011813312768936, 0.5202189683914185, 0.41357478499412537, 0.01819443702697754, 0.10423808544874191, 0.8461202383041382, 0.04198380932211876, 0.007657820358872414, 0.29369884729385376, 0.6282978653907776, 0.06915898621082306, 0.008844269439578056, 0.15773344039916992, 0.797038197517395, 0.02521991729736328, 0.02000841684639454, 0.0124765420332551, 0.976488471031189, 0.00726036261767149, 0.0037745554000139236, 0.1261613965034485, 0.8356603980064392, 0.024984445422887802, 0.01319381408393383, 0.10502772033214569, 0.4331749975681305, 0.4402201473712921, 0.021577144041657448, 0.00890800729393959, 0.9110844731330872, 0.07017761468887329, 0.009829915128648281, 0.13289989531040192, 0.7712914943695068, 0.05715087428689003, 0.03865772858262062, 0.05204571411013603, 0.7798741459846497, 0.14470580220222473, 0.02337438054382801, 0.8299795985221863, 0.012773755937814713, 0.1372189074754715, 0.020027779042720795, 0.8102479577064514, 0.015342626720666885, 0.15719908475875854, 0.017210355028510094, 0.892370343208313, 0.01725565828382969, 0.07747746258974075, 0.012896489351987839, 0.08921877294778824, 0.8376849293708801, 0.015491446480154991, 0.05760486051440239, 0.1598726511001587, 0.6323704719543457, 0.025686942040920258, 0.18206989765167236, 0.038190316408872604, 0.5539718866348267, 0.34203046560287476, 0.06580730527639389, 0.11058984696865082, 0.7466239333152771, 0.10476421564817429, 0.03802204132080078, 0.46235859394073486, 0.33015555143356323, 0.1891947239637375, 0.0182911716401577, 0.35895177721977234, 0.23491638898849487, 0.35411322116851807, 0.052018649876117706, 0.4329366683959961, 0.2859751880168915, 0.2470429241657257, 0.03404519706964493, 0.28778430819511414, 0.49268704652786255, 0.16710276901721954, 0.052425894886255264, 0.05791185423731804, 0.2570904493331909, 0.6680773496627808, 0.01692037843167782, 0.02555357664823532, 0.3031786382198334, 0.6437856554985046, 0.0274821650236845, 0.06437984853982925, 0.16239897906780243, 0.7561147809028625, 0.017106391489505768, 0.4896029829978943, 0.46128061413764954, 0.034473225474357605, 0.014643092639744282, 0.5263793468475342, 0.40485161542892456, 0.05165674164891243, 0.01711227558553219, 0.20614534616470337, 0.44613534212112427, 0.32688045501708984, 0.02083885297179222, 0.48941195011138916, 0.33078983426094055, 0.16449831426143646, 0.015299983322620392, 0.5960220098495483, 0.34954679012298584, 0.04459782689809799, 0.009833402000367641, 0.04607602208852768, 0.8335273861885071, 0.09508132934570312, 0.0253153033554554, 0.38467898964881897, 0.12939798831939697, 