{"metrics": {"ACC": 50.349650349650354, "F1": 37.509269806805754}, "predictions": [2, 1, 1, 1, 2, 1, 1, 1, 1, 1, 1, 1, 1, 1, 1, 2, 2, 1, 0, 0, 1, 1, 0, 2, 2, 2, 1, 1, 2, 1, 0, 1, 2, 2, 2, 1, 1, 2, 1, 2, 2, 0, 1, 0, 0, 1, 2, 1, 1, 1, 1, 1, 1, 1, 1, 1, 1, 1, 2, 2, 2, 1, 1, 1, 1, 0, 2, 2, 1, 2, 2, 2, 0, 0, 1, 0, 0, 1, 1, 1, 1, 0, 0, 1, 1, 1, 1, 1, 2, 2, 2, 1, 2, 2, 2, 2, 2, 2, 2, 2, 2, 2, 1, 2, 1, 1, 1, 1, 1, 1, 1, 1, 1, 1, 1, 1, 1, 1, 0, 1, 0, 2, 1, 2, 2, 2, 2, 1, 0, 0, 0, 0, 2, 2, 1, 0, 2, 2, 0, 1, 1, 0, 1], "uids": ["0", "1", "2", "3", "4", "5", "6", "7", "8", "9", "10", "11", "12", "13", "14", "15", "16", "17", "18", "19", "20", "21", "22", "23", "24", "25", "26", "27", "28", "29", "30", "31", "32", "33", "34", "35", "36", "37", "38", "39", "40", "41", "42", "43", "44", "45", "46", "47", "48", "49", "50", "51", "52", "53", "54", "55", "56", "57", "58", "59", "60", "61", "62", "63", "64", "65", "66", "67", "68", "69", "70", "71", "72", "73", "74", "75", "76", "77", "78", "79", "80", "81", "82", "83", "84", "85", "86", "87", "88", "89", "90", "91", "92", "93", "94", "95", "96", "97", "98", "99", "100", "101", "102", "103", "104", "105", "106", "107", "108", "109", "110", "111", "112", "113", "114", "115", "116", "117", "118", "119", "120", "121", "122", "123", "124", "125", "126", "127", "128", "129", "130", "131", "132", "133", "134", "135", "136", "137", "138", "139", "140", "141", "142"], "scores": [0.16080039739608765, 0.2860015034675598, 0.5272591710090637, 0.02593892067670822, 0.09927570074796677, 0.6898205280303955, 0.18412944674491882, 0.02677430957555771, 0.3668675124645233, 0.5044400095939636, 0.08935762196779251, 0.03933488577604294, 0.23572608828544617, 0.661608874797821, 0.08127186447381973, 0.021393120288848877, 0.2447945773601532, 0.32551461458206177, 0.40938687324523926, 0.020304005593061447, 0.27218955755233765, 0.4084204137325287, 0.29438862204551697, 0.025001417845487595, 0.2582741975784302, 0.48584407567977905, 0.21550464630126953, 0.04037712141871452, 0.22140838205814362, 0.5279585719108582, 0.21878686547279358, 0.03184615820646286, 0.12310177832841873, 0.631913423538208, 0.18902616202831268, 0.0559585876762867, 0.18867476284503937, 0.6631483435630798, 0.1290239542722702, 0.019152965396642685, 0.15654394030570984, 0.6792865991592407, 0.1443568915128708, 0.019812578335404396, 0.1936057209968567, 0.6216848492622375, 0.15424084663391113, 0.03046860173344612, 0.11569702625274658, 0.6896266937255859, 0.15811999142169952, 0.03655628114938736, 0.17262044548988342, 0.6160658001899719, 0.17199791967868805, 0.0393158495426178, 0.18187770247459412, 0.46671196818351746, 0.29311603307724, 0.05829424783587456, 0.14587445557117462, 0.176370307803154, 0.620011031627655, 0.05774422362446785, 0.1440771371126175, 0.17286230623722076, 0.62688809633255, 0.05617247894406319, 0.17460083961486816, 0.6336572170257568, 0.14862026274204254, 0.04312169924378395, 0.35292714834213257, 0.24489665031433105, 0.3069460690021515, 0.09523019194602966, 0.7368595600128174, 0.07244092971086502, 0.1656549870967865, 0.0250445157289505, 0.1257469803094864, 0.6571481227874756, 0.18170994520187378, 0.03539501130580902, 0.09822521358728409, 0.8153688311576843, 0.07027807086706161, 0.016127973794937134, 0.48217877745628357, 0.36720341444015503, 0.13235530257225037, 0.018262483179569244, 0.32478857040405273, 0.24732626974582672, 0.39569225907325745, 0.03219293802976608, 0.2201215922832489, 0.2607180178165436, 0.5000550746917725, 0.01910533756017685, 0.07848949730396271, 0.4005575478076935, 0.5042137503623962, 0.016739165410399437, 0.06511600315570831, 0.7187894582748413, 0.20082230865955353, 0.015272264368832111, 0.10395608842372894, 0.5725045204162598, 0.2960969805717468, 0.02744234725832939, 0.26096290349960327, 0.3018952012062073, 0.3964678943157196, 0.040673933923244476, 0.25267907977104187, 0.3596479296684265, 0.3513043224811554, 0.036368634551763535, 0.38686081767082214, 0.24505393207073212, 0.3408602178096771, 0.027224935591220856, 0.15822331607341766, 0.6398285031318665, 0.17279593646526337, 0.029152298346161842, 0.053608253598213196, 0.1226884201169014, 0.7912969589233398, 0.03240640088915825, 0.050713278353214264, 0.12532110512256622, 0.7925670146942139, 0.031398579478263855, 0.0660691112279892, 0.1253150850534439, 0.7779055833816528, 0.030710212886333466, 0.10012778639793396, 0.5716059803962708, 0.30796265602111816, 0.020303547382354736, 0.13051138818264008, 0.6099238991737366, 0.23019111156463623, 0.02937355451285839, 0.24826228618621826, 0.24477235972881317, 0.48763877153396606, 0.019326625391840935, 0.183686301112175, 0.41221076250076294, 0.34904932975769043, 0.05505353957414627, 0.12974485754966736, 0.23399768769741058, 0.6016248464584351, 0.03463255986571312, 0.13186384737491608, 0.29042428731918335, 0.5460818409919739, 0.03163003548979759, 0.5298104286193848, 0.3177625834941864, 0.12992623448371887, 0.02250080183148384, 0.4264476001262665, 0.4810148775577545, 0.06959190964698792, 0.02294563129544258, 0.48536673188209534, 0.10532575100660324, 0.3845655024051666, 0.02474209852516651, 0.39902257919311523, 0.20875555276870728, 0.3759790062904358, 0.016242874786257744, 0.2100491225719452, 0.4081915318965912, 0.3546457290649414, 0.027113603428006172, 0.15667399764060974, 0.4060830771923065, 0.4126981496810913, 0.024544795975089073, 0.2861061990261078, 0.6093952059745789, 0.08961626887321472, 0.014882288873195648, 0.1932593137025833, 0.4971071183681488, 0.28243234753608704, 0.02720124088227749, 0.21649998426437378, 0.5314990878105164, 0.22791893780231476, 0.024081988260149956, 0.26959967613220215, 0.48346957564353943, 0.2238231748342514, 0.023107556626200676, 0.21288664638996124, 0.5677724480628967, 0.18936261534690857, 0.029978269711136818, 0.1303313970565796, 0.7914813160896301, 0.06648216396570206, 0.011705083772540092, 0.28816941380500793, 0.5833405256271362, 0.10958054661750793, 0.018909571692347527, 0.1137961819767952, 0.4500206410884857, 0.41403305530548096, 0.022150160744786263, 0.09842447191476822, 0.6471787095069885, 0.23366065323352814, 0.020736247301101685, 0.2258846014738083, 0.5097039341926575, 0.21200834214687347, 0.052403125911951065, 0.16415418684482574, 0.643494188785553, 0.16483329236507416, 0.027518384158611298, 0.3335219919681549, 0.08395791798830032, 0.5627171397209167, 0.01980295218527317, 0.35562390089035034, 0.09331971406936646, 0.5292373299598694, 0.02181907743215561, 0.3842155933380127, 0.10838290303945541, 0.4863331615924835, 0.02106836438179016, 0.17694249749183655, 0.6864004135131836, 0.08523692935705185, 0.051420167088508606, 0.2143104374408722, 0.6334437131881714, 0.08389220386743546, 0.06835367530584335, 0.15320894122123718, 0.5111548900604248, 0.2762673497200012, 0.05936875939369202, 0.1719421148300171, 0.5272496938705444, 0.258724182844162, 0.04208400100469589, 0.3685644567012787, 0.35274216532707214, 0.2503935694694519, 0.02829977124929428, 0.2634209394454956, 0.26574835181236267, 0.4341151714324951, 0.036715611815452576, 0.25051313638687134, 0.25960811972618103, 0.4521256387233734, 0.037753064185380936, 0.2609286904335022, 0.35611701011657715, 0.3396286368370056, 0.04332573339343071, 0.1752127707004547, 0.2292434573173523, 0.5679062008857727, 0.027637576684355736, 0.16302181780338287, 0.29089927673339844, 0.5081083178520203, 0.03797059878706932, 0.16652129590511322, 0.25966617465019226, 0.5386822819709778, 0.03513028100132942, 0.5327605605125427, 0.3219698965549469, 0.11569833010435104, 0.029571235179901123, 0.4776989221572876, 0.36530643701553345, 0.1236238107085228, 0.03337083384394646, 0.3118179142475128, 0.3448523283004761, 0.3197941184043884, 0.023535676300525665, 0.4393981993198395, 0.32099735736846924, 0.21066686511039734, 0.028937596827745438, 0.48624187707901, 0.34179335832595825, 0.15399086475372314, 0.017973830923438072, 0.13585913181304932, 0.5046541690826416, 0.30024394392967224, 0.05924275889992714, 0.33454418182373047, 0.3453385829925537, 0.298110693693161, 0.022006548941135406, 0.2680179178714752, 