{"metrics": {"ACC": 36.36363636363637, "F1": 25.417545379227235}, "predictions": [2, 1, 1, 1, 0, 0, 1, 1, 1, 1, 1, 1, 1, 1, 1, 2, 1, 1, 2, 0, 1, 1, 0, 0, 0, 2, 1, 1, 2, 1, 0, 1, 2, 2, 2, 1, 1, 1, 0, 2, 2, 0, 0, 0, 0, 1, 1, 1, 1, 1, 1, 1, 1, 1, 1, 1, 1, 1, 0, 0, 0, 1, 1, 1, 1, 0, 1, 1, 1, 2, 1, 2, 1, 1, 1, 1, 0, 1, 0, 1, 1, 0, 0, 1, 1, 1, 1, 1, 1, 0, 1, 0, 2, 2, 1, 1, 1, 1, 1, 1, 1, 0, 1, 2, 1, 1, 1, 1, 1, 1, 1, 1, 1, 1, 1, 1, 1, 1, 2, 1, 0, 2, 2, 2, 2, 1, 2, 1, 0, 0, 0, 0, 1, 1, 1, 0, 2, 2, 0, 1, 1, 0, 1], "uids": ["0", "1", "2", "3", "4", "5", "6", "7", "8", "9", "10", "11", "12", "13", "14", "15", "16", "17", "18", "19", "20", "21", "22", "23", "24", "25", "26", "27", "28", "29", "30", "31", "32", "33", "34", "35", "36", "37", "38", "39", "40", "41", "42", "43", "44", "45", "46", "47", "48", "49", "50", "51", "52", "53", "54", "55", "56", "57", "58", "59", "60", "61", "62", "63", "64", "65", "66", "67", "68", "69", "70", "71", "72", "73", "74", "75", "76", "77", "78", "79", "80", "81", "82", "83", "84", "85", "86", "87", "88", "89", "90", "91", "92", "93", "94", "95", "96", "97", "98", "99", "100", "101", "102", "103", "104", "105", "106", "107", "108", "109", "110", "111", "112", "113", "114", "115", "116", "117", "118", "119", "120", "121", "122", "123", "124", "125", "126", "127", "128", "129", "130", "131", "132", "133", "134", "135", "136", "137", "138", "139", "140", "141", "142"], "scores": [0.20148195326328278, 0.2853814661502838, 0.48800137639045715, 0.025135183706879616, 0.05256209895014763, 0.889502227306366, 0.041178908199071884, 0.01675681211054325, 0.3973609507083893, 0.49101710319519043, 0.0606398768723011, 0.05098208412528038, 0.09597812592983246, 0.8567661046981812, 0.03123730607330799, 0.016018446534872055, 0.3718589246273041, 0.29615476727485657, 0.29788652062416077, 0.034099750220775604, 0.41525259613990784, 0.3742508888244629, 0.16017384827136993, 0.050322748720645905, 0.15074743330478668, 0.5633537173271179, 0.2562158405780792, 0.02968304231762886, 0.12411429733037949, 0.5919619202613831, 0.26446884870529175, 0.01945490576326847, 0.0813375785946846, 0.7975910305976868, 0.07829216867685318, 0.04277927055954933, 0.11468323320150375, 0.8016859889030457, 0.06600463390350342, 0.017626136541366577, 0.07101581990718842, 0.8489600419998169, 0.0667656883597374, 0.01325853168964386, 0.13424380123615265, 0.6934341192245483, 0.13045655190944672, 0.041865527629852295, 0.07196762412786484, 0.7365077137947083, 0.1293683499097824, 0.06215626746416092, 0.096398264169693, 0.7238942384719849, 0.1313709318637848, 0.04833660274744034, 0.13439489901065826, 0.6379988789558411, 0.1670026034116745, 0.060603607445955276, 0.1944343000650406, 0.35310012102127075, 0.37800493836402893, 0.07446059584617615, 0.19771279394626617, 0.37164703011512756, 0.3553057312965393, 0.07533440738916397, 0.15999668836593628, 0.7040351033210754, 0.090905100107193, 0.04506314545869827, 0.3102365732192993, 0.26784658432006836, 0.3131476640701294, 0.10876921564340591, 0.8897068500518799, 0.029325729236006737, 0.06580977886915207, 0.015157604590058327, 0.04466425999999046, 0.7946550846099854, 0.1449754238128662, 0.015705207362771034, 0.04790489003062248, 0.9074986577033997, 0.03247971087694168, 0.012116840109229088, 0.5535807013511658, 0.3601532578468323, 0.06422081589698792, 0.022045275196433067, 0.4191955626010895, 0.21590915322303772, 0.3371495008468628, 0.02774570696055889, 0.4116603434085846, 0.20517989993095398, 0.3638049066066742, 0.019354838877916336, 0.05674344301223755, 0.40193870663642883, 0.5271161794662476, 0.01420163456350565, 0.026558514684438705, 0.8878397941589355, 0.07688586413860321, 0.008715824224054813, 0.06657581776380539, 0.6638520956039429, 0.2442701756954193, 0.02530193142592907, 0.2822748124599457, 0.28347280621528625, 0.3590424656867981, 0.07520993053913116, 0.32320091128349304, 0.38797131180763245, 0.24913059175014496, 0.03969721496105194, 0.49382540583610535, 0.23702429234981537, 0.23907022178173065, 0.030080078169703484, 0.09730713069438934, 0.7765132188796997, 0.10111602395772934, 0.025063619017601013, 0.022590430453419685, 0.10684198141098022, 0.838811457157135, 0.03175610303878784, 0.023118048906326294, 0.11890104413032532, 0.8289486169815063, 0.029032260179519653, 0.034409865736961365, 0.11178787797689438, 0.8293102383613586, 0.024492084980010986, 0.06124167516827583, 0.6134601831436157, 0.3095038831233978, 0.0157941784709692, 0.043990928679704666, 0.6719812750816345, 0.2649587392807007, 0.019069107249379158, 0.21909210085868835, 0.46096232533454895, 0.28982165455818176, 0.030123930424451828, 0.3825048506259918, 0.37297067046165466, 0.20473706722259521, 0.03978746756911278, 0.07765187323093414, 0.2662302255630493, 0.6073160767555237, 0.04880184307694435, 0.09914033859968185, 0.29224473237991333, 0.5773362517356873, 0.03127867728471756, 0.6656104326248169, 0.20744769275188446, 0.10406669974327087, 0.022875167429447174, 0.5034722089767456, 0.4246397912502289, 0.04777715355157852, 0.024110838770866394, 0.6435027718544006, 0.054556913673877716, 0.2426822930574417, 0.05925799906253815, 0.638737142086029, 0.11794551461935043, 0.22298485040664673, 0.020332397893071175, 0.2977102994918823, 0.4624973237514496, 0.2019321471452713, 0.037860311567783356, 0.30554482340812683, 0.4500051438808441, 0.21207879483699799, 0.032371342182159424, 0.27236929535865784, 0.6674839854240417, 0.043854475021362305, 0.016292354092001915, 0.15138553082942963, 0.5871367454528809, 0.2342318743467331, 0.027245813980698586, 0.15059566497802734, 0.7518550157546997, 0.08100820332765579, 0.016541102901101112, 0.24667564034461975, 0.6335797309875488, 0.10385411977767944, 0.015890510752797127, 0.17413489520549774, 0.6848275065422058, 0.11447778344154358, 0.026559900492429733, 0.11631179600954056, 0.8273376226425171, 0.04593440890312195, 0.010416163131594658, 0.27389970421791077, 0.6534984707832336, 0.0563008189201355, 0.016301089897751808, 0.1246294304728508, 0.6515249609947205, 0.1991146057844162, 0.0247309822589159, 0.04952668398618698, 0.8274123668670654, 0.10888245701789856, 0.014178398996591568, 0.24448415637016296, 0.6113231778144836, 0.09328396618366241, 0.05090874806046486, 0.1369621306657791, 0.7082701325416565, 0.13047948479652405, 0.024288246408104897, 0.7243025898933411, 0.05248446762561798, 0.2015344500541687, 0.021678505465388298, 0.6517506241798401, 0.060426391661167145, 0.2670443058013916, 0.02077864110469818, 0.7496195435523987, 0.06262768059968948, 0.17013585567474365, 0.017616935074329376, 0.13586242496967316, 0.7498509883880615, 0.049676526337862015, 0.06460996717214584, 0.19417864084243774, 0.6483843922615051, 0.05337008461356163, 0.1040668860077858, 0.12815432250499725, 0.6479879021644592, 0.16447316110134125, 0.05938456580042839, 0.16771164536476135, 0.6974546909332275, 0.09624261409044266, 0.038590990006923676, 0.4167996346950531, 0.40701618790626526, 0.14445073902606964, 0.03173336386680603, 0.3154546022415161, 0.4052181541919708, 0.22037117183208466, 0.058956071734428406, 0.3179381191730499, 0.38594087958335876, 0.24344338476657867, 0.05267760530114174, 0.2293962985277176, 0.5603823661804199, 0.15043827891349792, 0.05978309363126755, 0.13342207670211792, 0.26234376430511475, 0.5844478607177734, 0.019786300137639046, 0.10231230407953262, 0.45609351992607117, 0.4007309377193451, 0.04086326062679291, 0.13195817172527313, 0.3909718096256256, 0.44075682759284973, 0.03631313145160675, 0.3519010543823242, 0.5401764512062073, 0.06618251651525497, 0.041739944368600845, 0.38108184933662415, 0.4978039562702179, 0.08641443401575089, 0.03469977155327797, 0.2389286309480667, 0.47399479150772095, 0.2544938921928406, 0.03258264437317848, 0.3909483850002289, 0.4262412190437317, 0.14366017282009125, 0.03915019705891609, 0.5312262177467346, 0.3586429953575134, 0.09185361117124557, 0.018277183175086975, 0.1692313551902771, 0.622729480266571, 0.15916742384433746, 0.04887184500694275, 0.5226918458938599, 0.26026108860969543, 0.19638584554195404, 0.02066122740507126, 