{"metrics": {"ACC": 41.95804195804196, "F1": 30.879614408725747}, "predictions": [2, 1, 1, 1, 0, 0, 1, 1, 1, 1, 1, 1, 1, 1, 1, 1, 1, 1, 1, 0, 1, 1, 0, 0, 0, 2, 1, 1, 1, 1, 0, 1, 2, 2, 2, 1, 1, 2, 0, 2, 2, 0, 0, 0, 0, 1, 0, 1, 2, 1, 0, 1, 1, 1, 2, 1, 1, 1, 0, 0, 0, 1, 1, 1, 1, 0, 0, 0, 1, 2, 2, 2, 0, 0, 1, 0, 0, 1, 0, 1, 1, 0, 0, 1, 1, 1, 1, 1, 2, 2, 0, 0, 2, 2, 0, 1, 0, 2, 1, 1, 1, 0, 1, 2, 1, 1, 1, 1, 1, 0, 1, 1, 1, 1, 0, 1, 0, 1, 1, 1, 0, 2, 2, 2, 2, 1, 2, 1, 0, 1, 0, 0, 2, 1, 1, 0, 2, 0, 0, 1, 1, 0, 1], "uids": ["0", "1", "2", "3", "4", "5", "6", "7", "8", "9", "10", "11", "12", "13", "14", "15", "16", "17", "18", "19", "20", "21", "22", "23", "24", "25", "26", "27", "28", "29", "30", "31", "32", "33", "34", "35", "36", "37", "38", "39", "40", "41", "42", "43", "44", "45", "46", "47", "48", "49", "50", "51", "52", "53", "54", "55", "56", "57", "58", "59", "60", "61", "62", "63", "64", "65", "66", "67", "68", "69", "70", "71", "72", "73", "74", "75", "76", "77", "78", "79", "80", "81", "82", "83", "84", "85", "86", "87", "88", "89", "90", "91", "92", "93", "94", "95", "96", "97", "98", "99", "100", "101", "102", "103", "104", "105", "106", "107", "108", "109", "110", "111", "112", "113", "114", "115", "116", "117", "118", "119", "120", "121", "122", "123", "124", "125", "126", "127", "128", "129", "130", "131", "132", "133", "134", "135", "136", "137", "138", "139", "140", "141", "142"], "scores": [0.3134772479534149, 0.14660465717315674, 0.5182332992553711, 0.021684803068637848, 0.01776755042374134, 0.9552593231201172, 0.021707683801651, 0.005265405401587486, 0.43201813101768494, 0.4902380704879761, 0.026600651443004608, 0.05114311724901199, 0.013300683349370956, 0.9761098623275757, 0.005565531551837921, 0.0050239237025380135, 0.740473747253418, 0.10775928944349289, 0.12621024250984192, 0.025556644424796104, 0.3987196981906891, 0.389632910490036, 0.15387645363807678, 0.05777093395590782, 0.03655129298567772, 0.8245304822921753, 0.12710997462272644, 0.011808210983872414, 0.04258144646883011, 0.5260322690010071, 0.41874387860298157, 0.01264236494898796, 0.044873595237731934, 0.920104444026947, 0.017854707315564156, 0.01716724969446659, 0.08534303307533264, 0.8746528029441833, 0.028315085917711258, 0.011689077131450176, 0.03680010885000229, 0.9369290471076965, 0.02102629654109478, 0.005244530271738768, 0.034700606018304825, 0.8582390546798706, 0.0749281793832779, 0.032132089138031006, 0.018247803673148155, 0.8168121576309204, 0.09274119138717651, 0.0721987634897232, 0.027634836733341217, 0.8297582864761353, 0.10183554142713547, 0.04077138006687164, 0.06123899295926094, 0.8264127373695374, 0.061358075588941574, 0.0509902685880661, 0.16736473143100739, 0.386762410402298, 0.28547531366348267, 0.16039758920669556, 0.17375430464744568, 0.449266254901886, 0.20537520945072174, 0.1716042011976242, 0.3301447629928589, 0.47963929176330566, 0.10541442781686783, 0.0848015546798706, 0.24563254415988922, 0.593155562877655, 0.12652179598808289, 0.03469018638134003, 0.9721803665161133, 0.004571638535708189, 0.01670028455555439, 0.0065477704629302025, 0.00645363749936223, 0.9149265289306641, 0.07261887937784195, 0.006000877823680639, 0.008785751648247242, 0.9825899004936218, 0.003736412851139903, 0.00488784397020936, 0.7903543710708618, 0.17052966356277466, 0.018602462485432625, 0.020513441413640976, 0.6928364038467407, 0.06881655007600784, 0.21811820566654205, 0.020228803157806396, 0.831145167350769, 0.053004052489995956, 0.10335227102041245, 0.01249845139682293, 0.020793650299310684, 0.40768900513648987, 0.5635451078414917, 0.007972313091158867, 0.002544912276789546, 0.9869377613067627, 0.008142084814608097, 0.0023751535918563604, 0.03383827582001686, 0.7016865611076355, 0.2447231113910675, 0.0197520162910223, 0.24794352054595947, 0.35671600699424744, 0.29330867528915405, 0.10203174501657486, 0.2916497588157654, 0.5614030957221985, 0.11561626940965652, 0.031330861151218414, 0.6495906710624695, 0.20004791021347046, 0.11897870153188705, 0.03138279169797897, 0.035555649548769, 0.9334211945533752, 0.016681581735610962, 0.014341436326503754, 0.002727645682170987, 0.013390203937888145, 0.9755187034606934, 0.008363530971109867, 0.0023933504708111286, 0.012477467767894268, 0.9771907329559326, 0.007938441820442677, 0.007313705049455166, 0.015574667602777481, 0.9709370732307434, 0.00617456529289484, 0.01966758631169796, 0.5797790288925171, 0.3921803832054138, 0.008373024873435497, 0.009692653082311153, 0.7477965354919434, 0.22908788919448853, 0.013422881253063679, 0.22143076360225677, 0.17694328725337982, 0.5713585019111633, 0.03026737831532955, 0.6412870287895203, 0.063662588596344, 0.2712404727935791, 0.023809926584362984, 0.08753219991922379, 0.04302079230546951, 0.8417975902557373, 0.02764943242073059, 0.1264611780643463, 0.032134510576725006, 0.8275743126869202, 0.013829969801008701, 0.9003735780715942, 0.03642081096768379, 0.04580957069993019, 0.01739596016705036, 0.6013115644454956, 0.35626569390296936, 0.02084285393357277, 0.02157987281680107, 0.9437636137008667, 0.006162059959024191, 0.036329951137304306, 0.013744431547820568, 0.925329327583313, 0.018408916890621185, 0.04497607424855232, 0.011285687796771526, 0.1653176248073578, 0.6804471015930176, 0.1133636012673378, 0.04087173938751221, 0.4191480278968811, 0.41690167784690857, 0.14349670708179474, 0.020453616976737976, 0.14304476976394653, 0.8367701172828674, 0.010743326507508755, 0.0094417380169034, 0.05842243507504463, 0.3974440097808838, 0.5249485373497009, 0.019185014069080353, 0.1913781762123108, 0.7463030815124512, 0.05247695371508598, 0.009841847233474255, 0.5127888917922974, 0.4058670997619629, 0.07120250165462494, 0.010141553357243538, 0.15511751174926758, 0.8029349446296692, 0.021905988454818726, 0.02004154771566391, 0.01690886728465557, 0.9718608260154724, 0.00711166812106967, 0.004118635319173336, 0.2315666675567627, 0.7178247570991516, 0.02932151034474373, 0.021286970004439354, 0.20149974524974823, 0.2910153865814209, 0.4770556688308716, 0.030429312959313393, 0.014181751757860184, 0.8893235325813293, 0.08438989520072937, 0.01210489496588707, 0.21475641429424286, 0.669196367263794, 0.06475584954023361, 0.05129137262701988, 0.06409064680337906, 0.7441931962966919, 0.16370214521884918, 0.028014037758111954, 0.8092222213745117, 0.010996921919286251, 0.15778733789920807, 0.021993504837155342, 0.8090577125549316, 0.012044012546539307, 0.16154740750789642, 0.017350830137729645, 0.9004993438720703, 0.013567839749157429, 0.07333682477474213, 0.01259593665599823, 0.1102042943239212, 0.8036569952964783, 0.01574070006608963, 0.07039809226989746, 0.18678785860538483, 0.5565731525421143, 0.026065079495310783, 0.2305738776922226, 0.0575561560690403, 0.5390047430992126, 0.3261282444000244, 0.07731081545352936, 0.22338293492794037, 0.5895402431488037, 0.13466085493564606, 0.05241596698760986, 0.6109381914138794, 0.19945675134658813, 0.1729365885257721, 0.016668500378727913, 0.46501225233078003, 0.13965849578380585, 0.3339911699295044, 0.06133798882365227, 0.5724228024482727, 0.1894359141588211, 0.2063126266002655, 0.0318286195397377, 0.31659001111984253, 0.40639984607696533, 0.21335065364837646, 0.0636594146490097, 0.07917007803916931, 0.2257889211177826, 0.6798802018165588, 0.015160812996327877, 0.024946479126811028, 0.1950070559978485, 0.7372157573699951, 0.04283072426915169, 0.0652250349521637, 0.07365181297063828, 0.8337876796722412, 0.02733546681702137, 0.5723940134048462, 0.3782077431678772, 0.03394307196140289, 0.015455136075615883, 0.6464335322380066, 0.29481640458106995, 0.04277016967535019, 0.015979856252670288, 0.34566763043403625, 0.3761138319969177, 0.25520408153533936, 0.0230144914239645, 0.6629365086555481, 0.18823233246803284, 0.13486215472221375, 0.01396895945072174, 0.753708004951477, 0.20485620200634003, 0.033975083380937576, 0.007460677530616522, 0.09503330290317535, 0.7810624241828918, 0.08551429957151413, 0.03839004039764404, 0.5764594674110413, 0.07706941664218903, 0.323048859834671, 