{"metrics": {"ACC": 48.25174825174825, "F1": 36.239316239316246}, "predictions": [2, 1, 1, 1, 2, 1, 1, 1, 1, 2, 1, 0, 0, 0, 0, 0, 0, 0, 1, 0, 1, 1, 1, 2, 2, 1, 1, 1, 2, 0, 0, 1, 2, 2, 2, 1, 1, 2, 2, 2, 2, 0, 1, 0, 0, 2, 2, 1, 2, 1, 0, 1, 1, 0, 2, 2, 2, 1, 0, 2, 1, 1, 1, 2, 0, 0, 0, 0, 1, 2, 2, 0, 0, 1, 2, 2, 0, 1, 2, 1, 1, 0, 0, 1, 1, 2, 2, 1, 0, 0, 0, 0, 1, 0, 2, 1, 0, 2, 2, 0, 0, 2, 1, 1, 1, 1, 0, 2, 1, 0, 1, 1, 1, 0, 1, 1, 2, 2, 1, 2, 0, 1, 2, 2, 1, 1, 2, 1, 0, 1, 1, 0, 2, 1, 0, 0, 2, 2, 0, 1, 1, 0, 0], "uids": ["0", "1", "2", "3", "4", "5", "6", "7", "8", "9", "10", "11", "12", "13", "14", "15", "16", "17", "18", "19", "20", "21", "22", "23", "24", "25", "26", "27", "28", "29", "30", "31", "32", "33", "34", "35", "36", "37", "38", "39", "40", "41", "42", "43", "44", "45", "46", "47", "48", "49", "50", "51", "52", "53", "54", "55", "56", "57", "58", "59", "60", "61", "62", "63", "64", "65", "66", "67", "68", "69", "70", "71", "72", "73", "74", "75", "76", "77", "78", "79", "80", "81", "82", "83", "84", "85", "86", "87", "88", "89", "90", "91", "92", "93", "94", "95", "96", "97", "98", "99", "100", "101", "102", "103", "104", "105", "106", "107", "108", "109", "110", "111", "112", "113", "114", "115", "116", "117", "118", "119", "120", "121", "122", "123", "124", "125", "126", "127", "128", "129", "130", "131", "132", "133", "134", "135", "136", "137", "138", "139", "140", "141", "142"], "scores": [0.11420027911663055, 0.09506571292877197, 0.7767028212547302, 0.014031225815415382, 0.004767837468534708, 0.9818776845932007, 0.008594931103289127, 0.004759512841701508, 0.12516097724437714, 0.8297962546348572, 0.032167453318834305, 0.012875321321189404, 0.017697561532258987, 0.9561164379119873, 0.01755993813276291, 0.008626094087958336, 0.06420423835515976, 0.17072835564613342, 0.7565552592277527, 0.008512184023857117, 0.040963754057884216, 0.6715608239173889, 0.27836108207702637, 0.009114310145378113, 0.020273830741643906, 0.9492906332015991, 0.02459516003727913, 0.00584036111831665, 0.02634543552994728, 0.9373204112052917, 0.030523767694830894, 0.0058104293420910835, 0.00331256166100502, 0.9754711389541626, 0.016526542603969574, 0.004689638968557119, 0.2629494071006775, 0.3319642245769501, 0.3607902228832245, 0.04429612308740616, 0.2593148648738861, 0.5617616176605225, 0.1416654884815216, 0.03725803643465042, 0.7895078063011169, 0.06355028599500656, 0.11943908035755157, 0.02750285714864731, 0.8072291016578674, 0.07494238018989563, 0.09205910563468933, 0.025769401341676712, 0.804519534111023, 0.06802857667207718, 0.09306603670120239, 0.034385792911052704, 0.7044457793235779, 0.0990663692355156, 0.17540375888347626, 0.021084092557430267, 0.439632385969162, 0.1240963265299797, 0.377597838640213, 0.058673448860645294, 0.4599851667881012, 0.10667271167039871, 0.38212019205093384, 0.051221851259469986, 0.8084264397621155, 0.03545452281832695, 0.10312006622552872, 0.05299884080886841, 0.09641040116548538, 0.42288273572921753, 0.3908761143684387, 0.08983078598976135, 0.977456271648407, 0.001755441422574222, 0.011804881505668163, 0.008983446285128593, 0.005803562235087156, 0.9664084315299988, 0.023175708949565887, 0.004612283781170845, 0.008333984762430191, 0.9814105033874512, 0.0053544617258012295, 0.004901133477687836, 0.4198839068412781, 0.5318669080734253, 0.028506696224212646, 0.019742444157600403, 0.14352896809577942, 0.052285708487033844, 0.7953913807868958, 0.008794025518000126, 0.3768923878669739, 0.02124892547726631, 0.5926044583320618, 0.00925420131534338, 0.009964792057871819, 0.8606210947036743, 0.12181051820516586, 0.007603664882481098, 0.0034713628701865673, 0.9832269549369812, 0.009156810119748116, 0.004144846927374601, 0.008710897527635098, 0.9725770354270935, 0.009150317870080471, 0.009561676532030106, 0.40569302439689636, 0.0215546153485775, 0.5478119254112244, 0.02494041994214058, 0.5827681422233582, 0.22239011526107788, 0.1679375171661377, 0.026904165744781494, 0.7165915369987488, 0.039758164435625076, 0.15731309354305267, 0.08633725345134735, 0.04561685770750046, 0.9249173402786255, 0.01611553505063057, 0.013350268825888634, 0.03391701728105545, 0.47441500425338745, 0.4753655791282654, 0.016302337870001793, 0.01422576978802681, 0.2537223994731903, 0.7205480933189392, 0.011503738351166248, 0.010343275032937527, 0.030355563387274742, 0.9507526755332947, 0.00854845903813839, 0.031146643683314323, 0.8333229422569275, 0.12820692360401154, 0.0073234885931015015, 0.011130223050713539, 0.9004654884338379, 0.08110446482896805, 0.007299656979739666, 0.1839672029018402, 0.038866136223077774, 0.763462245464325, 0.013704418204724789, 0.29396718740463257, 0.0829586386680603, 0.6076655387878418, 0.015408553183078766, 0.07218097150325775, 0.02648954652249813, 0.8880760073661804, 0.013253440149128437, 0.10621866583824158, 0.028896955773234367, 0.8544999361038208, 0.010384421795606613, 0.9223582148551941, 0.057144902646541595, 0.013418823480606079, 0.007078057620674372, 0.37585940957069397, 0.5990235209465027, 0.007871117442846298, 0.017245886847376823, 0.9462929964065552, 0.009396951645612717, 0.028083760291337967, 0.016226358711719513, 0.8244439363479614, 0.059708692133426666, 0.10489357262849808, 0.01095389574766159, 0.11225342005491257, 0.13590069115161896, 0.6973391175270081, 0.05450683832168579, 0.08547767251729965, 0.24669861793518066, 0.605999767780304, 0.06182396784424782, 0.12871196866035461, 0.8054530024528503, 0.05425676703453064, 0.011578181758522987, 0.16519762575626373, 0.40138694643974304, 0.4173617959022522, 0.016053644940257072, 0.1707642525434494, 0.6055787801742554, 0.20772400498390198, 0.01593296229839325, 0.4981856346130371, 0.19825847446918488, 0.2886395752429962, 0.014916321262717247, 0.3147399425506592, 0.6035735607147217, 0.05288311839103699, 0.028803355991840363, 0.20747430622577667, 0.6881392002105713, 0.09748505055904388, 0.006901410408318043, 0.6832199692726135, 0.0961897224187851, 0.20260901749134064, 0.017981311306357384, 0.04891689866781235, 0.013476341962814331, 0.9252637624740601, 0.012343055568635464, 0.0857907310128212, 0.06284917145967484, 0.8436527252197266, 0.007707389071583748, 0.20867350697517395, 0.36265966296195984, 0.4123954772949219, 0.01627134345471859, 0.06279554218053818, 0.8133166432380676, 0.10751131176948547, 0.016376446932554245, 0.6049889922142029, 0.09791974723339081, 0.26813188195228577, 0.028959300369024277, 0.32717201113700867, 0.27628424763679504, 0.36655479669570923, 0.029989000409841537, 0.17635130882263184, 0.7466688752174377, 0.058528248220682144, 0.01845153234899044, 0.2253035604953766, 0.6819911599159241, 0.06068992242217064, 0.03201543539762497, 0.16142506897449493, 0.7755798697471619, 0.03384632244706154, 0.02914878912270069, 0.16844750940799713, 0.28956007957458496, 0.5044978260993958, 0.03749452903866768, 0.3902110457420349, 0.35268083214759827, 0.21753130853176117, 0.03957675024867058, 0.7582409977912903, 0.11930004507303238, 0.11308297514915466, 0.009376004338264465, 0.5172691345214844, 0.1757642924785614, 0.28508231043815613, 0.021884271875023842, 0.5740177631378174, 0.18890194594860077, 0.21596010029315948, 0.021120261400938034, 0.244491308927536, 0.6861893534660339, 0.05486096069216728, 0.014458311721682549, 0.2752572000026703, 0.098442941904068, 0.5928155183792114, 0.03348436579108238, 0.21291929483413696, 0.27721136808395386, 0.4824380576610565, 0.027431178838014603, 0.7050496935844421, 0.02720942161977291, 0.24718673527240753, 0.020554160699248314, 0.6548118591308594, 0.14324845373630524, 0.12435509264469147, 0.07758457213640213, 0.2991492748260498, 0.5977843403816223, 0.051433760672807693, 0.05163266509771347, 0.08812462538480759, 0.01442384161055088, 0.8884106874465942, 0.009040807373821735, 0.2908908426761627, 0.34457308053970337, 0.34516581892967224, 0.019370228052139282, 0.8650909662246704, 0.11385837942361832, 0.012848799116909504, 0.008201892487704754, 0.04101550951600075, 0.8998783230781555, 0.038099534809589386, 0.02100667729973793, 0.12952379882335663, 