{"metrics": {"ACC": 50.349650349650354, "F1": 37.87893240742507}, "predictions": [2, 1, 1, 1, 1, 1, 1, 1, 1, 1, 1, 0, 0, 0, 0, 2, 2, 0, 1, 0, 1, 1, 0, 2, 2, 1, 1, 1, 0, 0, 0, 1, 2, 2, 2, 1, 1, 2, 2, 2, 2, 0, 1, 0, 0, 2, 2, 1, 1, 1, 0, 1, 1, 0, 2, 2, 1, 1, 0, 2, 1, 1, 1, 2, 1, 0, 0, 0, 1, 2, 2, 0, 0, 1, 2, 1, 0, 1, 2, 1, 1, 0, 2, 1, 1, 2, 2, 1, 0, 0, 0, 0, 1, 0, 2, 2, 1, 2, 2, 2, 0, 2, 1, 1, 1, 1, 1, 2, 1, 0, 1, 1, 1, 0, 1, 1, 2, 2, 0, 2, 2, 1, 2, 2, 2, 1, 2, 1, 0, 0, 0, 0, 2, 2, 1, 0, 2, 2, 0, 0, 1, 0, 1], "uids": ["0", "1", "2", "3", "4", "5", "6", "7", "8", "9", "10", "11", "12", "13", "14", "15", "16", "17", "18", "19", "20", "21", "22", "23", "24", "25", "26", "27", "28", "29", "30", "31", "32", "33", "34", "35", "36", "37", "38", "39", "40", "41", "42", "43", "44", "45", "46", "47", "48", "49", "50", "51", "52", "53", "54", "55", "56", "57", "58", "59", "60", "61", "62", "63", "64", "65", "66", "67", "68", "69", "70", "71", "72", "73", "74", "75", "76", "77", "78", "79", "80", "81", "82", "83", "84", "85", "86", "87", "88", "89", "90", "91", "92", "93", "94", "95", "96", "97", "98", "99", "100", "101", "102", "103", "104", "105", "106", "107", "108", "109", "110", "111", "112", "113", "114", "115", "116", "117", "118", "119", "120", "121", "122", "123", "124", "125", "126", "127", "128", "129", "130", "131", "132", "133", "134", "135", "136", "137", "138", "139", "140", "141", "142"], "scores": [0.1685105413198471, 0.14453767240047455, 0.670711874961853, 0.016239896416664124, 0.012380938045680523, 0.9593786001205444, 0.02019449695944786, 0.008046016097068787, 0.22186487913131714, 0.6916880011558533, 0.06936581432819366, 0.017081368714571, 0.017321832478046417, 0.9500723481178284, 0.02227446436882019, 0.01033131591975689, 0.07649648189544678, 0.5123961567878723, 0.40276262164115906, 0.008344741538167, 0.041383616626262665, 0.7542368769645691, 0.19563418626785278, 0.008745270781219006, 0.05000870302319527, 0.8240360617637634, 0.11388625204563141, 0.012068970128893852, 0.08765747398138046, 0.7461338043212891, 0.15853600203990936, 0.0076727308332920074, 0.011464010924100876, 0.9364920854568481, 0.04424777254462242, 0.007796077989041805, 0.24982261657714844, 0.4219498634338379, 0.28394392132759094, 0.0442836694419384, 0.19595901668071747, 0.6389464139938354, 0.13029877841472626, 0.03479580953717232, 0.6547316312789917, 0.14093782007694244, 0.17487208545207977, 0.029458463191986084, 0.6929966807365417, 0.15983806550502777, 0.1200869232416153, 0.027078276500105858, 0.6910925507545471, 0.16160349547863007, 0.1138850525021553, 0.033418845385313034, 0.563814640045166, 0.2036016285419464, 0.20841331779956818, 0.024170435965061188, 0.32426756620407104, 0.2288580983877182, 0.40785568952560425, 0.039018720388412476, 0.33706048130989075, 0.21275772154331207, 0.4157896637916565, 0.03439216688275337, 0.6642434000968933, 0.0632648915052414, 0.21409061551094055, 0.05840102583169937, 0.21367605030536652, 0.3723317086696625, 0.313936322927475, 0.10005589574575424, 0.9640311598777771, 0.00455822516232729, 0.02030489780008793, 0.011105622164905071, 0.019220644608139992, 0.8786092400550842, 0.09286212921142578, 0.009308033622801304, 0.018651092424988747, 0.9577621817588806, 0.015678592026233673, 0.007908009923994541, 0.6799845695495605, 0.2750982642173767, 0.026783248409628868, 0.018133871257305145, 0.18938840925693512, 0.08000220358371735, 0.7203306555747986, 0.010278679430484772, 0.28313717246055603, 0.04391523450613022, 0.663157045841217, 0.009790590964257717, 0.024043776094913483, 0.8233874440193176, 0.14213347434997559, 0.010435333475470543, 0.011048577725887299, 0.9486464262008667, 0.032659709453582764, 0.007645382545888424, 0.01975594088435173, 0.9455955624580383, 0.020713455975055695, 0.01393502950668335, 0.505283534526825, 0.05345272272825241, 0.41544392704963684, 0.025819843634963036, 0.42568978667259216, 0.36218228936195374, 0.187173530459404, 0.02495443820953369, 0.6120639443397522, 0.07131257653236389, 0.25263285636901855, 0.06399064511060715, 0.049640122801065445, 0.9159836769104004, 0.02361861802637577, 0.01075754500925541, 0.05904398486018181, 0.35907453298568726, 0.5590918660163879, 0.022789636626839638, 0.031353265047073364, 0.3859044015407562, 0.5653308629989624, 0.01741151697933674, 0.027831288054585457, 0.16507543623447418, 0.7938281297683716, 0.013265230692923069, 0.04884565621614456, 0.7706756591796875, 0.17015163600444794, 0.010327069088816643, 0.041740838438272476, 0.6591646671295166, 0.2851303815841675, 0.013964079320430756, 0.2271738201379776, 0.08296221494674683, 0.6741452813148499, 0.015718692913651466, 0.2879660129547119, 0.13237948715686798, 0.562547504901886, 0.017107028514146805, 0.13213512301445007, 0.0782214030623436, 0.770104706287384, 0.019538823515176773, 0.13920632004737854, 0.07854721695184708, 0.7681657671928406, 0.014080721884965897, 0.7461203336715698, 0.18701225519180298, 0.053541574627161026, 0.013325835578143597, 0.1401885598897934, 0.8267754316329956, 0.015519781969487667, 0.017516210675239563, 0.8622027635574341, 0.05321188643574715, 0.06481929123401642, 0.019765984266996384, 0.45972970128059387, 0.34638145565986633, 0.17379041016101837, 0.02009844221174717, 0.21644732356071472, 0.16769945621490479, 0.5596326589584351, 0.05622051656246185, 0.18567416071891785, 0.22381943464279175, 0.5294398069381714, 0.06106659770011902, 0.1539611667394638, 0.7135326862335205, 0.12121420353651047, 0.011291900649666786, 0.19756394624710083, 0.513870120048523, 0.27248045802116394, 0.016085440292954445, 0.20554080605506897, 0.5850147604942322, 0.19491954147815704, 0.01452490035444498, 0.40981122851371765, 0.40085697174072266, 0.17773985862731934, 0.011591893620789051, 0.14351814985275269, 0.7779334187507629, 0.06009439751505852, 0.01845403201878071, 0.2174205332994461, 0.5591789484024048, 0.21391476690769196, 0.009485773742198944, 0.5079677700996399, 0.18910956382751465, 0.28649505972862244, 0.01642760820686817, 0.11217594891786575, 0.055161602795124054, 0.8186588287353516, 0.014003630727529526, 0.11147905141115189, 0.2587234079837799, 0.6202794313430786, 0.00951810460537672, 0.16539955139160156, 0.49570202827453613, 0.3240189254283905, 0.01487948838621378, 0.08697676658630371, 0.7538084387779236, 0.14168113470077515, 0.01753363385796547, 0.4008852243423462, 0.20912794768810272, 0.35741564631462097, 0.032571274787187576, 0.23155151307582855, 0.33789393305778503, 0.39884403347969055, 0.031710535287857056, 0.11435931921005249, 0.7570295929908752, 0.10836899280548096, 0.020242007449269295, 0.14579927921295166, 0.7591829299926758, 0.06869502365589142, 0.02632281184196472, 0.1242440938949585, 0.80389004945755, 0.04400024563074112, 0.027865566313266754, 0.19829155504703522, 0.34730932116508484, 0.4224378168582916, 0.03196138143539429, 0.3006923198699951, 0.4248594641685486, 0.24540647864341736, 0.029041778296232224, 0.4812631905078888, 0.25407031178474426, 0.25292807817459106, 0.01173851266503334, 0.49626803398132324, 0.2452634572982788, 0.24060697853565216, 0.017861487343907356, 0.5479393601417542, 0.21838092803955078, 0.21538959443569183, 0.01829010248184204, 0.26725664734840393, 0.6206108331680298, 0.09661238640546799, 0.015520117245614529, 0.2974034249782562, 0.13937728106975555, 0.5362432599067688, 0.02697603404521942, 0.2722768187522888, 0.2747567594051361, 0.4236668646335602, 0.02929961308836937, 0.5281130075454712, 0.07779297977685928, 0.37074393033981323, 0.023350059986114502, 0.5457543730735779, 0.2464464008808136, 0.11079087853431702, 0.0970083698630333, 0.2517710030078888, 0.6395635604858398, 0.04412079229950905, 0.06454455107450485, 0.20504292845726013, 0.04988746717572212, 0.7291626334190369, 0.015906939283013344, 0.21776480972766876, 0.5434925556182861, 0.21815747022628784, 0.020585203543305397, 0.8273844122886658, 0.1371677964925766, 0.025293145328760147, 0.010154606774449348, 0.06352440267801285, 0.8271709084510803, 0.08480104058980942, 0.024503611028194427, 0.15062908828258514, 0.28132596611976624, 0.5469415187835693, 