{"metrics": {"ACC": 52.44755244755245, "F1": 39.328762105800905}, "predictions": [2, 1, 0, 0, 2, 2, 0, 1, 1, 0, 1, 0, 1, 1, 0, 2, 2, 0, 1, 0, 1, 1, 0, 2, 2, 1, 1, 1, 0, 0, 0, 1, 2, 2, 2, 1, 2, 2, 2, 2, 2, 0, 0, 2, 2, 2, 2, 0, 0, 0, 0, 1, 1, 1, 2, 2, 2, 1, 0, 2, 0, 1, 1, 2, 2, 0, 2, 2, 2, 2, 2, 0, 0, 0, 2, 0, 0, 1, 2, 0, 0, 0, 0, 1, 0, 2, 2, 2, 2, 2, 0, 0, 1, 0, 0, 0, 0, 2, 2, 2, 2, 0, 1, 0, 2, 0, 0, 2, 1, 0, 1, 1, 1, 0, 1, 1, 0, 2, 0, 2, 0, 2, 2, 2, 2, 0, 2, 1, 0, 0, 0, 0, 2, 2, 2, 0, 2, 2, 0, 0, 0, 0, 1], "uids": ["0", "1", "2", "3", "4", "5", "6", "7", "8", "9", "10", "11", "12", "13", "14", "15", "16", "17", "18", "19", "20", "21", "22", "23", "24", "25", "26", "27", "28", "29", "30", "31", "32", "33", "34", "35", "36", "37", "38", "39", "40", "41", "42", "43", "44", "45", "46", "47", "48", "49", "50", "51", "52", "53", "54", "55", "56", "57", "58", "59", "60", "61", "62", "63", "64", "65", "66", "67", "68", "69", "70", "71", "72", "73", "74", "75", "76", "77", "78", "79", "80", "81", "82", "83", "84", "85", "86", "87", "88", "89", "90", "91", "92", "93", "94", "95", "96", "97", "98", "99", "100", "101", "102", "103", "104", "105", "106", "107", "108", "109", "110", "111", "112", "113", "114", "115", "116", "117", "118", "119", "120", "121", "122", "123", "124", "125", "126", "127", "128", "129", "130", "131", "132", "133", "134", "135", "136", "137", "138", "139", "140", "141", "142"], "scores": [0.28978395462036133, 0.21544061601161957, 0.4588968753814697, 0.03587859496474266, 0.16948302090168, 0.6070938110351562, 0.20526845753192902, 0.01815476268529892, 0.49437475204467773, 0.3439726233482361, 0.1427002251148224, 0.018952323123812675, 0.47447124123573303, 0.35400283336639404, 0.14891761541366577, 0.02260824479162693, 0.25368568301200867, 0.25269609689712524, 0.4784643352031708, 0.015153888612985611, 0.23616713285446167, 0.32597821950912476, 0.42255663871765137, 0.015297990292310715, 0.45630306005477905, 0.2338598519563675, 0.2925797402858734, 0.017257338389754295, 0.33978694677352905, 0.3570960462093353, 0.2933928072452545, 0.009724264964461327, 0.20042385160923004, 0.46772345900535583, 0.31467652320861816, 0.017176207154989243, 0.33772334456443787, 0.3169670104980469, 0.31463876366615295, 0.030670886859297752, 0.32136598229408264, 0.38131940364837646, 0.26283976435661316, 0.034474849700927734, 0.37767866253852844, 0.32266467809677124, 0.27614399790763855, 0.023512637242674828, 0.3548370599746704, 0.35571038722991943, 0.2654978036880493, 0.023954780772328377, 0.36204493045806885, 0.3742001950740814, 0.23728378117084503, 0.026471110060811043, 0.4365158975124359, 0.21178506314754486, 0.33244040608406067, 0.01925862394273281, 0.2889958620071411, 0.1694427728652954, 0.5163582563400269, 0.025203056633472443, 0.29837125539779663, 0.15767857432365417, 0.5201106667518616, 0.023839525878429413, 0.4576856791973114, 0.23841775953769684, 0.266325980424881, 0.03757063299417496, 0.367279976606369, 0.4193890392780304, 0.17879705131053925, 0.03453392907977104, 0.8580478429794312, 0.04944216087460518, 0.0712500512599945, 0.021259916946291924, 0.25006404519081116, 0.45447397232055664, 0.28198835253715515, 0.013473570346832275, 0.2063448280096054, 0.6450413465499878, 0.1309869885444641, 0.017626864835619926, 0.5304214358329773, 0.3248006999492645, 0.12689103186130524, 0.017886832356452942, 0.3194541335105896, 0.15029343962669373, 0.5167005658149719, 0.013551879674196243, 0.3425259292125702, 0.13846924901008606, 0.505170464515686, 0.013834303244948387, 0.19460226595401764, 0.43549850583076477, 0.3578106760978699, 0.012088513001799583, 0.18045003712177277, 0.5406088829040527, 0.2649563252925873, 0.013984782621264458, 0.18784388899803162, 0.6672307252883911, 0.11789859086275101, 0.027026856318116188, 0.4305759072303772, 0.17607825994491577, 0.3640219569206238, 0.02932395040988922, 0.4114592671394348, 0.23478379845619202, 0.3310083746910095, 0.022748621180653572, 0.5181775689125061, 0.1580720990896225, 0.28155723214149475, 0.042193129658699036, 0.2538304030895233, 0.5349234938621521, 0.1968764364719391, 0.014369713142514229, 0.19896681606769562, 0.266448438167572, 0.5147899985313416, 0.019794806838035583, 0.1857805997133255, 0.30009764432907104, 0.4926415681838989, 0.021480167284607887, 0.21968716382980347, 0.32532620429992676, 0.4361666440963745, 0.018819985911250114, 0.21836204826831818, 0.5468840599060059, 0.22061219811439514, 0.014141673222184181, 0.31982043385505676, 0.33000531792640686, 0.33933335542678833, 0.0108408834785223, 0.2760627567768097, 0.14138880372047424, 0.565273642539978, 0.01727483421564102, 0.25377151370048523, 0.24962128698825836, 0.4730360805988312, 0.023571088910102844, 0.27866584062576294, 0.22465616464614868, 0.47701963782310486, 0.019658295437693596, 0.2982954978942871, 0.23305635154247284, 0.45291656255722046, 0.015731556341052055, 0.4554794132709503, 0.3260122239589691, 0.20624330639839172, 0.012265168130397797, 0.4193442761898041, 0.3924992084503174, 0.17720724642276764, 0.010949341580271721, 0.3601987957954407, 0.17684431374073029, 0.4427958130836487, 0.020161079242825508, 0.33436110615730286, 0.20285123586654663, 0.4452594220638275, 0.017528289929032326, 0.29479101300239563, 0.24355903267860413, 0.43080663681030273, 0.030843323096632957, 0.2837202548980713, 0.2777979075908661, 0.4088578522205353, 0.029624005779623985, 0.40418872237205505, 0.3860644996166229, 0.19491849839687347, 0.014828325249254704, 0.3798879086971283, 0.3237137198448181, 0.27961042523384094, 0.016787922009825706, 0.38720399141311646, 0.26778969168663025, 0.3282417953014374, 0.016764512285590172, 0.47711509466171265, 0.2301872819662094, 0.2766273617744446, 0.016070259734988213, 0.271799236536026, 0.49187129735946655, 0.20965130627155304, 0.02667812816798687, 0.32133281230926514, 0.4656980037689209, 0.2030002623796463, 0.009968899190425873, 0.3236851394176483, 0.3672677278518677, 0.2966330945491791, 0.01241406612098217, 0.27472570538520813, 0.2665323317050934, 0.44431331753730774, 0.014428689144551754, 0.2561483085155487, 0.33969759941101074, 0.3898872137069702, 0.0142668467015028, 0.2872309684753418, 0.32962566614151, 0.3651818633079529, 0.017961475998163223, 0.3022884130477905, 0.5055750012397766, 0.16884423792362213, 0.023292317986488342, 0.42040613293647766, 0.15152059495449066, 0.4028968811035156, 0.02517641894519329, 0.38039708137512207, 0.16112671792507172, 0.43140676617622375, 0.027069440111517906, 0.41943714022636414, 0.19638048112392426, 0.358469694852829, 0.02571268007159233, 0.3548872172832489, 0.4454982280731201, 0.1815975159406662, 0.01801702380180359, 0.34204375743865967, 0.4802391529083252, 0.15554416179656982, 0.022172993049025536, 0.27905958890914917, 0.20210857689380646, 0.4927457571029663, 0.026086140424013138, 0.3333905339241028, 0.18837234377861023, 0.4459376335144043, 0.032299548387527466, 0.39835453033447266, 0.2884845733642578, 0.29619625210762024, 0.0169646218419075, 0.3785991668701172, 0.20668013393878937, 0.40024957060813904, 0.014471147209405899, 0.37612780928611755, 0.21417932212352753, 0.394643098115921, 0.015049714595079422, 0.33744561672210693, 0.2822098433971405, 0.36635056138038635, 0.013993934728205204, 0.3624950647354126, 0.16590985655784607, 0.4439835250377655, 0.02761152945458889, 0.35034504532814026, 0.18909317255020142, 0.4306759536266327, 0.029885733500123024, 0.40572673082351685, 0.18409505486488342, 0.3823496997356415, 0.02782849408686161, 0.5665723085403442, 0.17490293085575104, 0.2144950032234192, 0.044029753655195236, 0.5755693912506104, 0.1940966099500656, 0.18376383185386658, 0.04657014086842537, 0.38546887040138245, 0.1420436054468155, 0.44427356123924255, 0.028214022517204285, 0.4219725430011749, 0.17962245643138885, 0.3680327236652374, 0.03037222847342491, 0.6142127513885498, 0.21941179037094116, 0.148933544754982, 0.017441928386688232, 0.304134726524353, 0.37032464146614075, 0.29600492119789124, 0.029535667970776558, 0.31772804260253906, 0.3176793158054352, 0.3465082049369812, 0.01808444783091545, 