{"metrics": {"ACC": 54.54545454545454, "F1": 35.761887399587934}, "predictions": [2, 1, 1, 1, 2, 1, 2, 1, 1, 1, 1, 1, 1, 1, 2, 2, 2, 1, 1, 0, 1, 1, 1, 2, 2, 1, 1, 1, 2, 1, 0, 1, 2, 2, 1, 1, 1, 2, 2, 2, 1, 1, 1, 2, 2, 1, 1, 1, 1, 2, 2, 1, 1, 1, 2, 2, 1, 1, 2, 2, 2, 1, 1, 2, 2, 1, 2, 2, 2, 2, 2, 2, 0, 0, 2, 2, 0, 2, 1, 1, 1, 1, 1, 1, 2, 2, 2, 2, 2, 2, 2, 1, 1, 1, 2, 2, 2, 2, 2, 2, 2, 1, 1, 2, 2, 2, 2, 2, 1, 1, 1, 1, 1, 1, 1, 1, 1, 2, 1, 2, 1, 1, 1, 2, 2, 1, 2, 1, 1, 1, 1, 1, 2, 2, 2, 1, 2, 2, 2, 1, 1, 1, 1], "uids": ["0", "1", "2", "3", "4", "5", "6", "7", "8", "9", "10", "11", "12", "13", "14", "15", "16", "17", "18", "19", "20", "21", "22", "23", "24", "25", "26", "27", "28", "29", "30", "31", "32", "33", "34", "35", "36", "37", "38", "39", "40", "41", "42", "43", "44", "45", "46", "47", "48", "49", "50", "51", "52", "53", "54", "55", "56", "57", "58", "59", "60", "61", "62", "63", "64", "65", "66", "67", "68", "69", "70", "71", "72", "73", "74", "75", "76", "77", "78", "79", "80", "81", "82", "83", "84", "85", "86", "87", "88", "89", "90", "91", "92", "93", "94", "95", "96", "97", "98", "99", "100", "101", "102", "103", "104", "105", "106", "107", "108", "109", "110", "111", "112", "113", "114", "115", "116", "117", "118", "119", "120", "121", "122", "123", "124", "125", "126", "127", "128", "129", "130", "131", "132", "133", "134", "135", "136", "137", "138", "139", "140", "141", "142"], "scores": [0.23705308139324188, 0.3390263319015503, 0.40606769919395447, 0.01785292476415634, 0.23250223696231842, 0.434217244386673, 0.3140810430049896, 0.019199568778276443, 0.28039053082466125, 0.45523667335510254, 0.24926897883415222, 0.015103789046406746, 0.25584307312965393, 0.45744091272354126, 0.27261707186698914, 0.014098900370299816, 0.24022957682609558, 0.3658731281757355, 0.37749412655830383, 0.01640317589044571, 0.2401278167963028, 0.3793269991874695, 0.3642301559448242, 0.0163150392472744, 0.3592185378074646, 0.2545359432697296, 0.36060404777526855, 0.02564140036702156, 0.3050212860107422, 0.4095781147480011, 0.27292171120643616, 0.012478870339691639, 0.22124077379703522, 0.48726946115493774, 0.276429682970047, 0.015059977769851685, 0.2545890212059021, 0.43950018286705017, 0.2904030978679657, 0.015507739037275314, 0.22452959418296814, 0.5077289342880249, 0.2522147595882416, 0.015526712872087955, 0.26028624176979065, 0.43869736790657043, 0.2859897017478943, 0.015026788227260113, 0.26078325510025024, 0.4352482259273529, 0.28639939427375793, 0.01756913773715496, 0.2559080421924591, 0.45280489325523376, 0.27362826466560364, 0.017658911645412445, 0.30063581466674805, 0.28583723306655884, 0.39051756262779236, 0.02300931140780449, 0.24281413853168488, 0.2852850556373596, 0.44906896352767944, 0.022831939160823822, 0.24618494510650635, 0.276492178440094, 0.45430484414100647, 0.02301809936761856, 0.2760622203350067, 0.415219247341156, 0.2879239618778229, 0.020794523879885674, 0.2848133444786072, 0.476296603679657, 0.226965993642807, 0.011924092657864094, 0.43058866262435913, 0.30457258224487305, 0.24887029826641083, 0.01596841774880886, 0.24725021421909332, 0.4614620804786682, 0.279994398355484, 0.0112933199852705, 0.2769288420677185, 0.48695051670074463, 0.22035092115402222, 0.015769748017191887, 0.29847800731658936, 0.4475455582141876, 0.24219200015068054, 0.011784450151026249, 0.24975240230560303, 0.3244996666908264, 0.4094311594963074, 0.016316838562488556, 0.2533334493637085, 0.32822591066360474, 0.4014454782009125, 0.01699519157409668, 0.24501624703407288, 0.4534696042537689, 0.2890926003456116, 0.012421458959579468, 0.231123149394989, 0.48776522278785706, 0.26870620250701904, 0.012405320070683956, 0.2415838986635208, 0.5256865620613098, 0.21770267188549042, 0.015026875771582127, 0.30534785985946655, 0.33235692977905273, 0.3426259458065033, 0.01966927945613861, 0.29985302686691284, 0.3578668236732483, 0.32090842723846436, 0.021371709182858467, 0.3525112569332123, 0.2695769965648651, 0.34327855706214905, 0.03463315591216087, 0.27328068017959595, 0.48396560549736023, 0.22938676178455353, 0.013366923667490482, 0.24008916318416595, 0.341793954372406, 0.39495742321014404, 0.023159412667155266, 0.2363840490579605, 0.352649062871933, 0.3863629400730133, 0.024603934958577156, 0.23803548514842987, 0.3806747496128082, 0.3611676096916199, 0.020122237503528595, 0.24197137355804443, 0.4883367121219635, 0.25793084502220154, 0.011761026456952095, 0.2815362513065338, 0.43873000144958496, 0.2673226296901703, 0.012411100789904594, 0.2270655632019043, 0.3062620162963867, 0.4474364221096039, 0.019236069172620773, 0.22931528091430664, 0.34121787548065186, 0.4059855341911316, 0.02348131686449051, 0.23288486897945404, 0.3360866904258728, 0.411390095949173, 0.019638286903500557, 0.23525281250476837, 0.38769134879112244, 0.36107635498046875, 0.015979478135704994, 0.23795565962791443, 0.45482882857322693, 0.2929382622241974, 0.014277218841016293, 0.23610834777355194, 0.46260157227516174, 0.28782591223716736, 0.013464109972119331, 0.24747762084007263, 0.28363144397735596, 0.44765496253967285, 0.02123592607676983, 0.2458541989326477, 0.2864046096801758, 0.44698038697242737, 0.020760783925652504, 0.25613486766815186, 0.3624938428401947, 0.3617394268512726, 0.01963184028863907, 0.24872085452079773, 0.3886083960533142, 0.34230130910873413, 0.02036946825683117, 0.24341005086898804, 0.46737155318260193, 0.275331974029541, 0.013886363245546818, 0.28170245885849, 0.38730770349502563, 0.3062093257904053, 0.024780530482530594, 0.3038959503173828, 0.26747602224349976, 0.40185001492500305, 0.026777969673275948, 0.3191199004650116, 0.2561531960964203, 0.39793917536735535, 0.026787826791405678, 0.27208805084228516, 0.5107254385948181, 0.20276102423667908, 0.01442544162273407, 0.2673998177051544, 0.4781906008720398, 0.24263519048690796, 0.011774340644478798, 0.24637897312641144, 0.4570887088775635, 0.28362467885017395, 0.012907590717077255, 0.25482794642448425, 0.3231939971446991, 0.4052799344062805, 0.01669810339808464, 0.24878329038619995, 0.362366646528244, 0.37325823307037354, 0.015591772273182869, 0.21646027266979218, 0.4265628159046173, 0.34079229831695557, 0.016184663400053978, 0.2718445658683777, 0.4674910604953766, 0.24403800070285797, 0.01662636548280716, 0.25555846095085144, 0.30944597721099854, 0.4138389527797699, 0.02115662395954132, 0.26371076703071594, 0.3272598385810852, 0.3895139694213867, 0.019515471532940865, 0.2648976743221283, 0.33916953206062317, 0.37708619236946106, 0.01884664036333561, 0.2580399513244629, 0.47141292691230774, 0.25253552198410034, 0.018011638894677162, 0.24768835306167603, 0.494005411863327, 0.24191603064537048, 0.016390176489949226, 0.20755261182785034, 0.31769654154777527, 0.4516349136829376, 0.02311607450246811, 0.2114364057779312, 0.3271400034427643, 0.4381953775882721, 0.02322816662490368, 0.285241961479187, 0.37183263897895813, 0.32788988947868347, 0.015035507269203663, 0.27668502926826477, 0.28122034668922424, 0.4208575189113617, 0.021237142384052277, 0.2768380343914032, 0.27802568674087524, 0.4253752827644348, 0.019760942086577415, 0.2607162892818451, 0.3048422336578369, 0.4168824255466461, 0.017559107393026352, 0.3071282207965851, 0.2536661922931671, 0.40493929386138916, 0.03426627814769745, 0.25483033061027527, 0.325398713350296, 0.38799673318862915, 0.03177417069673538, 0.260442316532135, 0.3249131739139557, 0.3846847414970398, 0.029959777370095253, 0.3672013580799103, 0.2611925005912781, 0.3365654945373535, 0.03504064679145813, 0.3624953031539917, 0.28497445583343506, 0.31986570358276367, 0.03266453742980957, 0.2830488085746765, 0.27088993787765503, 0.42581576108932495, 0.020245486870408058, 0.2772425711154938, 0.29158177971839905, 0.4100663959980011, 0.02110922895371914, 0.4303578734397888, 0.2541182041168213, 0.2928856313228607, 0.02263835445046425, 0.24786962568759918, 0.3450468182563782, 0.36380258202552795, 0.04328096657991409, 0.229284405708313, 0.42612189054489136, 0.3291410803794861, 0.015452654100954533, 0.2814481854438782, 