{"metrics": {"ACC": 44.75524475524475, "F1": 33.576608793008376}, "predictions": [2, 1, 1, 1, 2, 1, 1, 1, 1, 1, 1, 0, 0, 0, 0, 0, 0, 0, 2, 0, 1, 1, 1, 2, 2, 1, 1, 1, 0, 0, 0, 1, 1, 2, 2, 1, 1, 2, 2, 2, 2, 0, 0, 0, 0, 2, 2, 1, 2, 1, 0, 1, 1, 0, 2, 2, 2, 1, 0, 0, 1, 1, 1, 2, 0, 0, 0, 0, 1, 2, 2, 0, 0, 1, 2, 0, 0, 1, 2, 1, 1, 0, 0, 1, 1, 0, 2, 1, 0, 0, 0, 0, 1, 0, 2, 1, 0, 2, 0, 0, 0, 2, 1, 1, 1, 1, 0, 0, 1, 0, 1, 1, 1, 0, 1, 1, 2, 2, 1, 2, 1, 1, 2, 2, 1, 1, 2, 1, 0, 1, 1, 0, 2, 0, 0, 0, 2, 2, 0, 0, 1, 0, 0], "uids": ["0", "1", "2", "3", "4", "5", "6", "7", "8", "9", "10", "11", "12", "13", "14", "15", "16", "17", "18", "19", "20", "21", "22", "23", "24", "25", "26", "27", "28", "29", "30", "31", "32", "33", "34", "35", "36", "37", "38", "39", "40", "41", "42", "43", "44", "45", "46", "47", "48", "49", "50", "51", "52", "53", "54", "55", "56", "57", "58", "59", "60", "61", "62", "63", "64", "65", "66", "67", "68", "69", "70", "71", "72", "73", "74", "75", "76", "77", "78", "79", "80", "81", "82", "83", "84", "85", "86", "87", "88", "89", "90", "91", "92", "93", "94", "95", "96", "97", "98", "99", "100", "101", "102", "103", "104", "105", "106", "107", "108", "109", "110", "111", "112", "113", "114", "115", "116", "117", "118", "119", "120", "121", "122", "123", "124", "125", "126", "127", "128", "129", "130", "131", "132", "133", "134", "135", "136", "137", "138", "139", "140", "141", "142"], "scores": [0.14231394231319427, 0.07244465500116348, 0.768669068813324, 0.01657230034470558, 0.0047632986679673195, 0.98494553565979, 0.005668199621140957, 0.004622954875230789, 0.07330051064491272, 0.8975014090538025, 0.018659859895706177, 0.010538201779127121, 0.012835395522415638, 0.9704904556274414, 0.010517117567360401, 0.0061569903045892715, 0.03597751632332802, 0.13339126110076904, 0.8230275511741638, 0.007603691890835762, 0.038930367678403854, 0.674416184425354, 0.2771167457103729, 0.009536721743643284, 0.014317741617560387, 0.9620658159255981, 0.01803145930171013, 0.0055849552154541016, 0.014564291574060917, 0.9620384573936462, 0.01839073933660984, 0.005006482824683189, 0.0025580949150025845, 0.9808206558227539, 0.01252090372145176, 0.004100394435226917, 0.2739671766757965, 0.34234723448753357, 0.33033642172813416, 0.05334918200969696, 0.3492318391799927, 0.4808647632598877, 0.12968526780605316, 0.0402180440723896, 0.8561251759529114, 0.04194246232509613, 0.07740900665521622, 0.02452334202826023, 0.8533644080162048, 0.055904142558574677, 0.06448505818843842, 0.026246327906847, 0.8588908314704895, 0.04485487937927246, 0.06333235651254654, 0.032921936362981796, 0.7987120747566223, 0.05258726328611374, 0.1301680952310562, 0.018532559275627136, 0.5578600764274597, 0.12266980856657028, 0.2575439512729645, 0.061926133930683136, 0.5943806171417236, 0.09511318057775497, 0.25881004333496094, 0.051696158945560455, 0.8471333384513855, 0.03938647359609604, 0.05520987883210182, 0.05827032029628754, 0.0799684226512909, 0.3828812539577484, 0.436399906873703, 0.1007504090666771, 0.9765781164169312, 0.0011895550414919853, 0.012969441711902618, 0.009262872859835625, 0.003244870575144887, 0.9800418019294739, 0.013208085671067238, 0.0035052055027335882, 0.006731902714818716, 0.9849894046783447, 0.0038620864506810904, 0.004416681360453367, 0.4619945287704468, 0.4956929683685303, 0.024520648643374443, 0.01779181882739067, 0.1417810320854187, 0.024447999894618988, 0.8258731365203857, 0.007897749543190002, 0.40779489278793335, 0.011687320657074451, 0.5710492134094238, 0.009468626230955124, 0.008501540869474411, 0.78206866979599, 0.20122474431991577, 0.008204998448491096, 0.0021959920413792133, 0.9877739548683167, 0.006707288790494204, 0.0033228828106075525, 0.005987168289721012, 0.9787706732749939, 0.007293937262147665, 0.007948292419314384, 0.4797384738922119, 0.013291988521814346, 0.4764389395713806, 0.03053060919046402, 0.7338006496429443, 0.09531538933515549, 0.1442718207836151, 0.026612145826220512, 0.7810313105583191, 0.05275895819067955, 0.09507842361927032, 0.07113126665353775, 0.0431450791656971, 0.9330589771270752, 0.012280898168683052, 0.01151504460722208, 0.04337170347571373, 0.5283178687095642, 0.4123923182487488, 0.015918081626296043, 0.012429635040462017, 0.1573028713464737, 0.8206740617752075, 0.009593425318598747, 0.00709543377161026, 0.020154599100351334, 0.9648051261901855, 0.007944797165691853, 0.03314455971121788, 0.7922252416610718, 0.16719835996627808, 0.007431819569319487, 0.004688190296292305, 0.9463263750076294, 0.042785611003637314, 0.006199829280376434, 0.1883350908756256, 0.0156528502702713, 0.7841087579727173, 0.011903303675353527, 0.34124326705932617, 0.05101587995886803, 0.5932459831237793, 0.014494847506284714, 0.06102005019783974, 0.015432450920343399, 0.9111852049827576, 0.012362200766801834, 0.11006774008274078, 0.01844676211476326, 0.8609185814857483, 0.010566956363618374, 0.9295054078102112, 0.05621284246444702, 0.007707832846790552, 0.006573922466486692, 0.5153877139091492, 0.46168386936187744, 0.005449157208204269, 0.017479203641414642, 0.9599421620368958, 0.004844118375331163, 0.020165693014860153, 0.015048032626509666, 0.9087949395179749, 0.027582939714193344, 0.054329242557287216, 0.009292755275964737, 0.12638932466506958, 0.09280300885438919, 0.7200050950050354, 0.06080255284905434, 0.08969978243112564, 0.1941385120153427, 0.6446523666381836, 0.07150937616825104, 0.13139887154102325, 0.8035608530044556, 0.054543644189834595, 0.010496692731976509, 0.1712861806154251, 0.2819393575191498, 0.5298504829406738, 0.01692395843565464, 0.2056630551815033, 0.5942565202713013, 0.18613149225711823, 0.013949008658528328, 0.6141670942306519, 0.16393737494945526, 0.21065731346607208, 0.01123828999698162, 0.38880476355552673, 0.5440711975097656, 0.04165209084749222, 0.025471938773989677, 0.2992019057273865, 0.5062326788902283, 0.18669672310352325, 0.007868689484894276, 0.7764540910720825, 0.04508354142308235, 0.16405999660491943, 0.014402418397367, 0.04689069837331772, 0.007144699804484844, 0.9333334565162659, 0.012631101533770561, 0.14407463371753693, 0.05398055538535118, 0.7908884882926941, 0.01105639711022377, 0.26121026277542114, 0.2554587721824646, 0.4664995074272156, 0.016831455752253532, 0.04521143063902855, 0.8504210114479065, 0.0899786725640297, 0.01438890490680933, 0.671311616897583, 0.080701544880867, 0.22021543979644775, 0.027771402150392532, 0.3946189284324646, 0.3212348520755768, 0.2570546269416809, 0.027091629803180695, 0.1937457025051117, 0.7538900971412659, 0.03526608645915985, 0.01709812879562378, 0.2059110403060913, 0.7328492403030396, 0.032428812235593796, 0.02881089225411415, 0.20875871181488037, 0.7408924698829651, 0.022577814757823944, 0.027771014720201492, 0.2779708802700043, 0.22728385031223297, 0.4393809735774994, 0.055364277213811874, 0.6414294838905334, 0.17659923434257507, 0.13522320985794067, 0.04674803838133812, 0.7703353762626648, 0.06424728780984879, 0.1568775475025177, 0.008539863862097263, 0.6154555678367615, 0.10116992145776749, 0.26478341221809387, 0.018591107800602913, 0.6634732484817505, 0.10691843181848526, 0.20980925858020782, 0.01979902945458889, 0.4564707577228546, 0.4811306297779083, 0.047701671719551086, 0.014696910046041012, 0.28182291984558105, 0.09722646325826645, 0.5749214291572571, 0.046029139310121536, 0.3190406262874603, 0.19395823776721954, 0.45659831166267395, 0.030402839183807373, 0.8406573534011841, 0.012439670041203499, 0.12872204184532166, 0.01818091608583927, 0.6563125848770142, 0.15350241959095, 0.10928278416395187, 0.08090227097272873, 0.3556611239910126, 0.5593312382698059, 0.03565195947885513, 0.04935561120510101, 0.07778874784708023, 0.009496685117483139, 0.9047496318817139, 0.007964917458593845, 0.44626468420028687, 0.22327864170074463, 0.31121519207954407, 0.019241539761424065, 0.7286481261253357, 0.24859467148780823, 0.014615638181567192, 0.008141624741256237, 0.03396332263946533, 0.9270205497741699, 0.02183714509010315, 0.017178989946842194, 0.09475993365049362, 0.13050508499145508, 