{"metrics": {"ACC": 46.85314685314685, "F1": 35.4232199535743}, "predictions": [2, 1, 1, 1, 2, 1, 1, 1, 1, 1, 1, 0, 0, 0, 0, 0, 0, 0, 2, 0, 1, 1, 0, 2, 2, 1, 1, 1, 2, 0, 0, 1, 2, 2, 2, 1, 1, 2, 2, 2, 2, 0, 0, 0, 0, 2, 2, 1, 2, 1, 0, 1, 0, 0, 2, 2, 2, 1, 0, 2, 1, 1, 1, 1, 0, 0, 0, 0, 1, 2, 0, 0, 0, 1, 2, 0, 0, 1, 2, 1, 0, 0, 0, 1, 1, 2, 2, 1, 0, 0, 0, 0, 1, 0, 2, 1, 0, 2, 2, 0, 0, 2, 1, 2, 0, 1, 0, 2, 1, 0, 1, 1, 1, 0, 1, 1, 2, 2, 0, 2, 0, 1, 1, 2, 2, 0, 2, 1, 0, 1, 1, 0, 2, 0, 0, 0, 2, 2, 0, 0, 1, 0, 0], "uids": ["0", "1", "2", "3", "4", "5", "6", "7", "8", "9", "10", "11", "12", "13", "14", "15", "16", "17", "18", "19", "20", "21", "22", "23", "24", "25", "26", "27", "28", "29", "30", "31", "32", "33", "34", "35", "36", "37", "38", "39", "40", "41", "42", "43", "44", "45", "46", "47", "48", "49", "50", "51", "52", "53", "54", "55", "56", "57", "58", "59", "60", "61", "62", "63", "64", "65", "66", "67", "68", "69", "70", "71", "72", "73", "74", "75", "76", "77", "78", "79", "80", "81", "82", "83", "84", "85", "86", "87", "88", "89", "90", "91", "92", "93", "94", "95", "96", "97", "98", "99", "100", "101", "102", "103", "104", "105", "106", "107", "108", "109", "110", "111", "112", "113", "114", "115", "116", "117", "118", "119", "120", "121", "122", "123", "124", "125", "126", "127", "128", "129", "130", "131", "132", "133", "134", "135", "136", "137", "138", "139", "140", "141", "142"], "scores": [0.17107142508029938, 0.08201383054256439, 0.7325300574302673, 0.014384684152901173, 0.011001912876963615, 0.968341052532196, 0.014061424881219864, 0.00659560039639473, 0.3089699149131775, 0.6170980334281921, 0.05604759603738785, 0.017884399741888046, 0.03327210992574692, 0.9330123662948608, 0.022669367492198944, 0.011046091094613075, 0.10487105697393417, 0.2813250720500946, 0.6044016480445862, 0.009402173571288586, 0.07341721653938293, 0.5288834571838379, 0.38850900530815125, 0.009190279059112072, 0.03560952842235565, 0.9164024591445923, 0.04131797328591347, 0.0066700405441224575, 0.11018546670675278, 0.8011655807495117, 0.08184222131967545, 0.006806761026382446, 0.005871801637113094, 0.9640721678733826, 0.024577319622039795, 0.005478711798787117, 0.27930304408073425, 0.3819838762283325, 0.29168716073036194, 0.047025829553604126, 0.2804234027862549, 0.5343543291091919, 0.1475047916173935, 0.037717435508966446, 0.7694213390350342, 0.07349016517400742, 0.1297030746936798, 0.027385417371988297, 0.8059483766555786, 0.0815289169549942, 0.08752807229757309, 0.0249946191906929, 0.8288758397102356, 0.0666194036602974, 0.07493734359741211, 0.029567446559667587, 0.6808856129646301, 0.1281430572271347, 0.1699691265821457, 0.021002167835831642, 0.42921507358551025, 0.11717509478330612, 0.4007273316383362, 0.05288243666291237, 0.4430159032344818, 0.11095234751701355, 0.4010573923587799, 0.04497435316443443, 0.7986242771148682, 0.035052988678216934, 0.12142924219369888, 0.044893521815538406, 0.21482086181640625, 0.2596096694469452, 0.40890833735466003, 0.11666115373373032, 0.9705790281295776, 0.0024784354027360678, 0.016893943771719933, 0.010048496536910534, 0.014339183457195759, 0.9143157005310059, 0.06482085585594177, 0.006524309981614351, 0.019879043102264404, 0.9640364050865173, 0.009223860688507557, 0.006860754918307066, 0.7408811450004578, 0.22310540080070496, 0.021472547203302383, 0.014540955424308777, 0.18049776554107666, 0.07123053073883057, 0.7394145727157593, 0.00885715615004301, 0.36938196420669556, 0.026137204840779305, 0.5947731137275696, 0.009707733057439327, 0.017472535371780396, 0.8448400497436523, 0.13038204610347748, 0.007305298466235399, 0.00677179591730237, 0.9741700887680054, 0.014619833789765835, 0.004438215401023626, 0.020936133340001106, 0.9456673860549927, 0.019988082349300385, 0.01340839359909296, 0.4704512059688568, 0.03480738401412964, 0.47386565804481506, 0.02087579481303692, 0.6221739053726196, 0.15173332393169403, 0.2003452330827713, 0.02574753388762474, 0.6000512838363647, 0.03529062494635582, 0.28032785654067993, 0.08433029055595398, 0.0867178738117218, 0.8716272711753845, 0.02643987350165844, 0.015214980579912663, 0.06896228343248367, 0.3476857841014862, 0.5631081461906433, 0.02024376392364502, 0.027192844077944756, 0.22314521670341492, 0.7357496023178101, 0.013912240043282509, 0.01693449728190899, 0.03819843381643295, 0.935232400894165, 0.009634710848331451, 0.0523204505443573, 0.799822986125946, 0.1396055966615677, 0.008251026272773743, 0.03984270989894867, 0.6863112449645996, 0.2639228105545044, 0.0099232979118824, 0.28270822763442993, 0.05615345388650894, 0.648732602596283, 0.012405738234519958, 0.3286145031452179, 0.10129138827323914, 0.5543301105499268, 0.01576405204832554, 0.11762479692697525, 0.038716837763786316, 0.8282127976417542, 0.015445598401129246, 0.16320301592350006, 0.043703846633434296, 0.7808421850204468, 0.0122509291395545, 0.8927923440933228, 0.07547961175441742, 0.02311437763273716, 0.00861368142068386, 0.5573768019676208, 0.4129713773727417, 0.011959333904087543, 0.017692454159259796, 0.9319014549255371, 0.013020507991313934, 0.03887603431940079, 0.016202004626393318, 0.7715904116630554, 0.09323708713054657, 0.12229771912097931, 0.01287484634667635, 0.16116121411323547, 0.1695215404033661, 0.6150902509689331, 0.0542270764708519, 0.13019321858882904, 0.259777694940567, 0.5508146286010742, 0.059214480221271515, 0.24804511666297913, 0.6243577003479004, 0.11597635596990585, 0.011620795354247093, 0.2838228642940521, 0.3045225143432617, 0.3952851891517639, 0.016369426622986794, 0.18430784344673157, 0.4539072811603546, 0.3378913104534149, 0.02389354817569256, 0.38000574707984924, 0.25185853242874146, 0.3463761806488037, 0.02175961621105671, 0.42100128531455994, 0.46169888973236084, 0.08970281481742859, 0.02759701758623123, 0.5252085328102112, 0.2159762680530548, 0.24881936609745026, 0.009995777159929276, 0.6306927800178528, 0.07893399894237518, 0.2729835510253906, 0.017389662563800812, 0.078798308968544, 0.020396627485752106, 0.8889721632003784, 0.01183297485113144, 0.16055572032928467, 0.04357901215553284, 0.7866858839988708, 0.009179369546473026, 0.3205376863479614, 0.22635236382484436, 0.4376436471939087, 0.01546624768525362, 0.12167912721633911, 0.6829436421394348, 0.17388799786567688, 0.021489182487130165, 0.5291448831558228, 0.08379223197698593, 0.3544171452522278, 0.03264579176902771, 0.268587201833725, 0.31878402829170227, 0.38142186403274536, 0.031206924468278885, 0.24998785555362701, 0.5985224843025208, 0.12823809683322906, 0.023251578211784363, 0.1938125640153885, 0.718664288520813, 0.058646924793720245, 0.02887623757123947, 0.25227200984954834, 0.673395037651062, 0.04505058377981186, 0.029282331466674805, 0.229744091629982, 0.3703768849372864, 0.36151376366615295, 0.038365188986063004, 0.5178273320198059, 0.25531986355781555, 0.19003711640834808, 0.036815620958805084, 0.8025689721107483, 0.061842307448387146, 0.12479981780052185, 0.010788884945213795, 0.5129291415214539, 0.2560863792896271, 0.21456143260002136, 0.016422990709543228, 0.5366076827049255, 0.255781888961792, 0.1901083141565323, 0.017502062022686005, 0.317783385515213, 0.5948637127876282, 0.07412475347518921, 0.013228146359324455, 0.29565244913101196, 0.10589339584112167, 0.5643277168273926, 0.03412644565105438, 0.4535229504108429, 0.10799174010753632, 0.412406861782074, 0.026078447699546814, 0.7634320855140686, 0.021595677360892296, 0.19556085765361786, 0.01941133849322796, 0.6682710647583008, 0.16259326040744781, 0.09343866258859634, 0.07569697499275208, 0.41262632608413696, 0.49510928988456726, 0.04089309275150299, 0.051371246576309204, 0.17740760743618011, 0.026397891342639923, 0.7821225523948669, 0.014071843586862087, 0.5441672205924988, 0.16118836402893066, 0.2723107933998108, 0.022333653643727303, 0.8655627369880676, 0.10385823994874954, 0.022800520062446594, 0.007778549566864967, 0.09810736775398254, 0.8258349895477295, 0.047336794435977936, 0.02872089482843876, 0.15435074269771576, 0.21856342256069183, 0.6045994162559509, 