{"metrics": {"ACC": 44.75524475524475, "F1": 33.100251414204905}, "predictions": [2, 1, 0, 1, 2, 2, 1, 1, 1, 0, 0, 0, 0, 0, 0, 2, 2, 0, 0, 0, 1, 1, 0, 2, 2, 1, 1, 1, 0, 0, 0, 1, 2, 2, 2, 1, 1, 2, 2, 2, 2, 0, 0, 0, 0, 2, 2, 0, 0, 0, 0, 1, 1, 0, 2, 2, 2, 1, 0, 0, 0, 0, 0, 2, 0, 0, 0, 0, 0, 2, 0, 0, 0, 0, 2, 0, 0, 1, 2, 1, 0, 0, 0, 0, 1, 2, 2, 2, 0, 0, 0, 0, 1, 0, 0, 0, 0, 2, 2, 0, 0, 0, 1, 0, 0, 0, 0, 2, 1, 0, 0, 1, 1, 0, 1, 1, 0, 2, 0, 0, 0, 2, 2, 2, 2, 0, 2, 1, 0, 0, 0, 0, 0, 2, 0, 0, 2, 2, 0, 0, 0, 0, 0], "uids": ["0", "1", "2", "3", "4", "5", "6", "7", "8", "9", "10", "11", "12", "13", "14", "15", "16", "17", "18", "19", "20", "21", "22", "23", "24", "25", "26", "27", "28", "29", "30", "31", "32", "33", "34", "35", "36", "37", "38", "39", "40", "41", "42", "43", "44", "45", "46", "47", "48", "49", "50", "51", "52", "53", "54", "55", "56", "57", "58", "59", "60", "61", "62", "63", "64", "65", "66", "67", "68", "69", "70", "71", "72", "73", "74", "75", "76", "77", "78", "79", "80", "81", "82", "83", "84", "85", "86", "87", "88", "89", "90", "91", "92", "93", "94", "95", "96", "97", "98", "99", "100", "101", "102", "103", "104", "105", "106", "107", "108", "109", "110", "111", "112", "113", "114", "115", "116", "117", "118", "119", "120", "121", "122", "123", "124", "125", "126", "127", "128", "129", "130", "131", "132", "133", "134", "135", "136", "137", "138", "139", "140", "141", "142"], "scores": [0.33356988430023193, 0.09410831332206726, 0.5508294701576233, 0.021492280066013336, 0.07814784348011017, 0.8616029024124146, 0.04638718068599701, 0.013862062245607376, 0.6372926235198975, 0.2285757064819336, 0.11123048514127731, 0.022901250049471855, 0.32477837800979614, 0.5336305499076843, 0.1121019497513771, 0.02948916144669056, 0.2548758387565613, 0.22390830516815186, 0.5063426494598389, 0.014873177744448185, 0.22714923322200775, 0.3483123779296875, 0.4071506857872009, 0.01738770492374897, 0.2005893737077713, 0.6515655517578125, 0.13214145600795746, 0.015703601762652397, 0.16903471946716309, 0.7172366380691528, 0.10359034687280655, 0.010138350538909435, 0.08043929934501648, 0.7446696758270264, 0.16210997104644775, 0.012781104072928429, 0.4236675798892975, 0.25553926825523376, 0.27738234400749207, 0.04341072589159012, 0.5205933451652527, 0.2598535120487213, 0.1823444366455078, 0.037208691239356995, 0.6596930623054504, 0.11844884604215622, 0.18737192451953888, 0.03448618948459625, 0.6910732388496399, 0.12169955670833588, 0.1584370881319046, 0.0287900660187006, 0.7227282524108887, 0.10876483470201492, 0.13531367480754852, 0.033193256705999374, 0.6406760811805725, 0.14831514656543732, 0.18871721625328064, 0.0222915168851614, 0.4030686020851135, 0.11558347195386887, 0.43422043323516846, 0.04712747409939766, 0.40364280343055725, 0.11128292232751846, 0.4409787058830261, 0.044095639139413834, 0.707185685634613, 0.08107700943946838, 0.16259174048900604, 0.04914555698633194, 0.4788304269313812, 0.19613942503929138, 0.21998511254787445, 0.10504500567913055, 0.938660204410553, 0.008707238361239433, 0.0367724671959877, 0.01586005464196205, 0.04569096118211746, 0.8660093545913696, 0.07767322659492493, 0.01062648557126522, 0.06900697201490402, 0.8864073157310486, 0.028803201392292976, 0.015782460570335388, 0.8177330493927002, 0.12932665646076202, 0.03245687857270241, 0.02048340067267418, 0.3671942353248596, 0.06460516899824142, 0.5562726855278015, 0.011927873827517033, 0.4436897039413452, 0.04446537420153618, 0.4986264407634735, 0.013218434527516365, 0.06797362864017487, 0.7243303656578064, 0.1945405751466751, 0.013155387714505196, 0.035345833748579025, 0.9032227396965027, 0.05044081062078476, 0.010990526527166367, 0.06991387158632278, 0.8566375970840454, 0.04801947996020317, 0.025429092347621918, 0.6340725421905518, 0.0570174902677536, 0.2878144085407257, 0.021095486357808113, 0.6613401174545288, 0.13235966861248016, 0.1881546676158905, 0.01814555935561657, 0.6270184516906738, 0.05463285371661186, 0.2480795979499817, 0.0702691450715065, 0.2271042913198471, 0.6989115476608276, 0.05681712180376053, 0.01716707833111286, 0.19858385622501373, 0.20064319670200348, 0.5755722522735596, 0.025200681760907173, 0.1222727820277214, 0.12024254351854324, 0.7350553870201111, 0.02242930978536606, 0.08948085457086563, 0.07745543867349625, 0.8121548891067505, 0.020908860489726067, 0.16388311982154846, 0.6392748951911926, 0.18236364424228668, 0.014478342607617378, 0.0652383342385292, 0.761326253414154, 0.16097427904605865, 0.012461172416806221, 0.33405256271362305, 0.05885887145996094, 0.591849148273468, 0.01523943804204464, 0.3688916563987732, 0.12423276901245117, 0.48373866081237793, 0.023136980831623077, 0.2779817581176758, 0.12222281098365784, 0.5763555765151978, 0.023439789190888405, 0.30378687381744385, 0.11571136116981506, 0.5613575577735901, 0.01914420910179615, 0.8227381706237793, 0.09642819315195084, 0.06925459951162338, 0.011579065583646297, 0.6803503036499023, 0.2576071619987488, 0.04575331136584282, 0.016289182007312775, 0.818249523639679, 0.04460521787405014, 0.11275577545166016, 0.024389540776610374, 0.6034865379333496, 0.09249798953533173, 0.28970226645469666, 0.01431321632117033, 0.33300134539604187, 0.14634938538074493, 0.4640830159187317, 0.05656624957919121, 0.30064961314201355, 0.18113303184509277, 0.4529373347759247, 0.06528004258871078, 0.439294695854187, 0.3908337354660034, 0.15254677832126617, 0.01732476055622101, 0.565311849117279, 0.18832972645759583, 0.22161883115768433, 0.0247395820915699, 0.4063006639480591, 0.29643112421035767, 0.2787927985191345, 0.018475336953997612, 0.5807189345359802, 0.19674617052078247, 0.20820337533950806, 0.01433155033737421, 0.3629414141178131, 0.5185800790786743, 0.09392669051885605, 0.024551859125494957, 0.3081047832965851, 0.5807177424430847, 0.09734177589416504, 0.013835676945745945, 0.5605177283287048, 0.16068734228610992, 0.25938844680786133, 0.019406510517001152, 0.22920668125152588, 0.08842930197715759, 0.6629115343093872, 0.019452480599284172, 0.2851327359676361, 0.22989799082279205, 0.4739184081554413, 0.011050865985453129, 0.4177596867084503, 0.14345183968544006, 0.41819706559181213, 0.0205914955586195, 0.1545751690864563, 0.7139410376548767, 0.10980716347694397, 0.02167666330933571, 0.5754593014717102, 0.08283582329750061, 0.30666038393974304, 0.035044439136981964, 0.46678876876831055, 0.13772879540920258, 0.3539803624153137, 0.041502147912979126, 0.5572128295898438, 0.1532120704650879, 0.25497525930404663, 0.034599896520376205, 0.4906458258628845, 0.35844433307647705, 0.12953662872314453, 0.021373232826590538, 0.5549107789993286, 0.3195570707321167, 0.09881667792797089, 0.026715483516454697, 0.4133129417896271, 0.11992580443620682, 0.43183183670043945, 0.03492939472198486, 0.5401601195335388, 0.07695920020341873, 0.3501119911670685, 0.03276871144771576, 0.7551003098487854, 0.08207443356513977, 0.14870131015777588, 0.014123997651040554, 0.5028406977653503, 0.20653484761714935, 0.2676955461502075, 0.022928951308131218, 0.5297479629516602, 0.20948763191699982, 0.23746538162231445, 0.023299019783735275, 0.46056699752807617, 0.34575435519218445, 0.17335186898708344, 0.02032686583697796, 0.3919844627380371, 0.1293492317199707, 0.45023006200790405, 0.028436223044991493, 0.43928393721580505, 0.10328084975481033, 0.42959198355674744, 0.027843181043863297, 0.669295608997345, 0.056649427860975266, 0.24713288247585297, 0.026922009885311127, 0.6495848894119263, 0.13710103929042816, 0.14012908935546875, 0.07318493723869324, 0.6385440230369568, 0.2277941256761551, 0.07380135357379913, 0.05986043065786362, 0.32815253734588623, 0.04722939059138298, 0.6066696643829346, 0.01794840767979622, 0.5896441340446472, 0.0876847356557846, 0.3025617003440857, 0.0201095137745142, 0.8895069360733032, 0.0774325430393219, 0.02279113419353962, 0.010269394144415855, 0.301563560962677, 0.4260917901992798, 0.22588346898555756, 0.04646119847893715, 0.3033875823020935, 0.29933884739875793, 0.3711666166782379, 0.026106957346200943, 0.30114802718162537, 