{"metrics": {"ACC": 44.05594405594406, "F1": 33.01839001357267}, "predictions": [2, 1, 1, 1, 2, 1, 1, 1, 1, 2, 1, 0, 0, 0, 0, 0, 0, 0, 2, 0, 1, 1, 0, 2, 2, 1, 1, 1, 0, 0, 0, 1, 1, 2, 2, 1, 1, 2, 2, 2, 2, 0, 1, 0, 0, 2, 2, 1, 2, 1, 0, 1, 0, 0, 2, 2, 2, 1, 0, 0, 1, 1, 1, 2, 0, 0, 0, 0, 1, 2, 2, 0, 0, 0, 2, 0, 0, 1, 2, 1, 1, 0, 0, 1, 1, 0, 2, 1, 0, 0, 0, 0, 1, 0, 2, 1, 0, 2, 0, 0, 0, 0, 1, 1, 1, 1, 0, 0, 1, 0, 1, 1, 1, 0, 1, 1, 2, 2, 0, 2, 0, 1, 2, 2, 2, 0, 2, 1, 0, 0, 0, 0, 2, 0, 0, 0, 2, 2, 0, 0, 1, 0, 0], "uids": ["0", "1", "2", "3", "4", "5", "6", "7", "8", "9", "10", "11", "12", "13", "14", "15", "16", "17", "18", "19", "20", "21", "22", "23", "24", "25", "26", "27", "28", "29", "30", "31", "32", "33", "34", "35", "36", "37", "38", "39", "40", "41", "42", "43", "44", "45", "46", "47", "48", "49", "50", "51", "52", "53", "54", "55", "56", "57", "58", "59", "60", "61", "62", "63", "64", "65", "66", "67", "68", "69", "70", "71", "72", "73", "74", "75", "76", "77", "78", "79", "80", "81", "82", "83", "84", "85", "86", "87", "88", "89", "90", "91", "92", "93", "94", "95", "96", "97", "98", "99", "100", "101", "102", "103", "104", "105", "106", "107", "108", "109", "110", "111", "112", "113", "114", "115", "116", "117", "118", "119", "120", "121", "122", "123", "124", "125", "126", "127", "128", "129", "130", "131", "132", "133", "134", "135", "136", "137", "138", "139", "140", "141", "142"], "scores": [0.12826509773731232, 0.05925508588552475, 0.7981780767440796, 0.014301722869277, 0.0026816432364284992, 0.9893895983695984, 0.004224689211696386, 0.0037041758187115192, 0.06267476081848145, 0.912451446056366, 0.014388825744390488, 0.01048500370234251, 0.009796081110835075, 0.9760441184043884, 0.008538217283785343, 0.005621603690087795, 0.02925124578177929, 0.0875692144036293, 0.8759195804595947, 0.007259924430400133, 0.02820487879216671, 0.6854243278503418, 0.27649348974227905, 0.009877312928438187, 0.011660987511277199, 0.9701604843139648, 0.01328000333160162, 0.004898540675640106, 0.0192781500518322, 0.9591392874717712, 0.017002105712890625, 0.00458054943010211, 0.0018012961372733116, 0.9850851893424988, 0.009385245852172375, 0.003728355746716261, 0.29941001534461975, 0.291087806224823, 0.34830009937286377, 0.06120213866233826, 0.38403645157814026, 0.44886690378189087, 0.12198562175035477, 0.045111000537872314, 0.8918474912643433, 0.028656966984272003, 0.058637335896492004, 0.020858120173215866, 0.8881707191467285, 0.03856422379612923, 0.050609637051820755, 0.022655412554740906, 0.8831349015235901, 0.03383694589138031, 0.05359989032149315, 0.0294282715767622, 0.8658600449562073, 0.0291448961943388, 0.09032713621854782, 0.014667841605842113, 0.5876645445823669, 0.10844499617815018, 0.23855029046535492, 0.06534022837877274, 0.6377880573272705, 0.0807289406657219, 0.22864310443401337, 0.05284000560641289, 0.8828026652336121, 0.026240229606628418, 0.039298661053180695, 0.05165844038128853, 0.08237770944833755, 0.3711337149143219, 0.4421641230583191, 0.10432448238134384, 0.980350911617279, 0.0009132363484241068, 0.010224086232483387, 0.008511723019182682, 0.0023312154226005077, 0.985077440738678, 0.00970654096454382, 0.002884847344830632, 0.005169025156646967, 0.9874873161315918, 0.0032162200659513474, 0.004127481486648321, 0.782488226890564, 0.1880190223455429, 0.012628677301108837, 0.016864029690623283, 0.12702849507331848, 0.01763381063938141, 0.8483286499977112, 0.007008974440395832, 0.43563491106033325, 0.00859237089753151, 0.5465893149375916, 0.009183425456285477, 0.006640737876296043, 0.7672934532165527, 0.21870720386505127, 0.007358608767390251, 0.0017156092217192054, 0.989736795425415, 0.005455362144857645, 0.0030923124868422747, 0.0046701254323124886, 0.9825475811958313, 0.005780951119959354, 0.007001311518251896, 0.5434181690216064, 0.009869277477264404, 0.4149222671985626, 0.03179025277495384, 0.7994768023490906, 0.07983856648206711, 0.09641829133033752, 0.024266254156827927, 0.8456894755363464, 0.04589802399277687, 0.05231557413935661, 0.056096985936164856, 0.03050525300204754, 0.9500616192817688, 0.009819529950618744, 0.009613591246306896, 0.03525421768426895, 0.5881170630455017, 0.36061131954193115, 0.016017381101846695, 0.010331501252949238, 0.259214848279953, 0.7204538583755493, 0.009999859146773815, 0.005302460864186287, 0.016053803265094757, 0.9713908433914185, 0.007252824492752552, 0.046289753168821335, 0.7379698157310486, 0.2083728015422821, 0.007367610465735197, 0.0035929777659475803, 0.9564713835716248, 0.034712210297584534, 0.005223333835601807, 0.16756580770015717, 0.011188608594238758, 0.8105708956718445, 0.01067468710243702, 0.3972407281398773, 0.0349205881357193, 0.5551005601882935, 0.012738141231238842, 0.050497353076934814, 0.0092771640047431, 0.9298701882362366, 0.010355278849601746, 0.10354603081941605, 0.011205464601516724, 0.876030445098877, 0.009218154475092888, 0.9514457583427429, 0.03738948702812195, 0.0053550247102975845, 0.005809642840176821, 0.4388491213321686, 0.5378271341323853, 0.0044828541576862335, 0.018840935081243515, 0.964602530002594, 0.0029379515908658504, 0.016784129664301872, 0.015675345435738564, 0.9158236980438232, 0.022044507786631584, 0.05212411284446716, 0.010007556527853012, 0.11774589866399765, 0.06999092549085617, 0.751143217086792, 0.06111994385719299, 0.08256597816944122, 0.1555999219417572, 0.6901278495788574, 0.07170632481575012, 0.19274958968162537, 0.7542526125907898, 0.041443027555942535, 0.01155480369925499, 0.16752339899539948, 0.20531316101551056, 0.6108930706977844, 0.01627035066485405, 0.20109988749027252, 0.6218314170837402, 0.16444119811058044, 0.012627477757632732, 0.7682514786720276, 0.09629908949136734, 0.12648321688175201, 0.008966214954853058, 0.2808959186077118, 0.6589694023132324, 0.03790673986077309, 0.022227950394153595, 0.44691434502601624, 0.3019225597381592, 0.24259857833385468, 0.008564509451389313, 0.8347253799438477, 0.027909301221370697, 0.1251469999551773, 0.012218219228088856, 0.044728562235832214, 0.00411140127107501, 0.9369713664054871, 0.014188683591783047, 0.12851859629154205, 0.03338999301195145, 0.8261076807975769, 0.011983654461801052, 0.25956544280052185, 0.28504249453544617, 0.43954047560691833, 0.01585155539214611, 0.04905221238732338, 0.8295204043388367, 0.1055612564086914, 0.015866121277213097, 0.6667020916938782, 0.08575358986854553, 0.2190142273902893, 0.028530146926641464, 0.39350876212120056, 0.33887025713920593, 0.23763804137706757, 0.02998296730220318, 0.15840208530426025, 0.7979954481124878, 0.027186935767531395, 0.016415514051914215, 0.2868305444717407, 0.6475499272346497, 0.03170671686530113, 0.03391280397772789, 0.23370975255966187, 0.7159625291824341, 0.01944151520729065, 0.030886206775903702, 0.28599005937576294, 0.21251435577869415, 0.4425702691078186, 0.058925334364175797, 0.6730740070343018, 0.154425248503685, 0.1227869912981987, 0.04971376433968544, 0.863203227519989, 0.025147652253508568, 0.10390159487724304, 0.007747445721179247, 0.7016616463661194, 0.059910304844379425, 0.2220294177532196, 0.01639866642653942, 0.7552497982978821, 0.06266103684902191, 0.1645353138446808, 0.017553912475705147, 0.4755626320838928, 0.4770548641681671, 0.03345510736107826, 0.013927452266216278, 0.28787538409233093, 0.09646709263324738, 0.5641511082649231, 0.051506366580724716, 0.3215728998184204, 0.15386076271533966, 0.4955403506755829, 0.029025981202721596, 0.8729768991470337, 0.007733828853815794, 0.10259230434894562, 0.01669689267873764, 0.7401680946350098, 0.09126938879489899, 0.09285574406385422, 0.07570671290159225, 0.4704340696334839, 0.4370623230934143, 0.03745254874229431, 0.055051039904356, 0.07457434386014938, 0.007191906217485666, 0.909960150718689, 0.008273564279079437, 0.5242027044296265, 0.18311884999275208, 0.2734311819076538, 0.01924728974699974, 0.8806188702583313, 0.10426022857427597, 0.00873579178005457, 0.006385216489434242, 0.021371057257056236, 0.9507439732551575, 0.013867108151316643, 0.01401791162788868, 0.09383708983659744, 