{"metrics": {"ACC": 43.35664335664335, "F1": 32.61616161616162}, "predictions": [2, 1, 1, 1, 2, 1, 1, 1, 1, 2, 1, 0, 0, 0, 0, 0, 0, 0, 1, 0, 1, 1, 0, 2, 2, 1, 1, 1, 2, 0, 0, 1, 1, 2, 2, 1, 1, 2, 2, 2, 2, 0, 1, 0, 0, 2, 2, 1, 2, 1, 0, 1, 0, 0, 2, 2, 2, 1, 0, 0, 1, 1, 1, 2, 0, 0, 0, 0, 1, 2, 2, 0, 0, 1, 2, 0, 0, 1, 2, 1, 1, 0, 0, 1, 1, 0, 2, 1, 0, 0, 0, 0, 1, 0, 2, 1, 0, 2, 0, 0, 0, 2, 1, 1, 1, 1, 0, 0, 1, 0, 1, 1, 1, 0, 1, 1, 2, 2, 1, 2, 0, 1, 2, 2, 2, 1, 2, 1, 0, 0, 1, 0, 2, 0, 0, 0, 2, 2, 0, 0, 1, 0, 0], "uids": ["0", "1", "2", "3", "4", "5", "6", "7", "8", "9", "10", "11", "12", "13", "14", "15", "16", "17", "18", "19", "20", "21", "22", "23", "24", "25", "26", "27", "28", "29", "30", "31", "32", "33", "34", "35", "36", "37", "38", "39", "40", "41", "42", "43", "44", "45", "46", "47", "48", "49", "50", "51", "52", "53", "54", "55", "56", "57", "58", "59", "60", "61", "62", "63", "64", "65", "66", "67", "68", "69", "70", "71", "72", "73", "74", "75", "76", "77", "78", "79", "80", "81", "82", "83", "84", "85", "86", "87", "88", "89", "90", "91", "92", "93", "94", "95", "96", "97", "98", "99", "100", "101", "102", "103", "104", "105", "106", "107", "108", "109", "110", "111", "112", "113", "114", "115", "116", "117", "118", "119", "120", "121", "122", "123", "124", "125", "126", "127", "128", "129", "130", "131", "132", "133", "134", "135", "136", "137", "138", "139", "140", "141", "142"], "scores": [0.10832797735929489, 0.05905281379818916, 0.818610429763794, 0.014008785597980022, 0.002397664124146104, 0.9900317192077637, 0.00396549329161644, 0.0036051138304173946, 0.05248177424073219, 0.9259609580039978, 0.011419340968132019, 0.010137958452105522, 0.008491885848343372, 0.9784350395202637, 0.007616223301738501, 0.005456801503896713, 0.022644633427262306, 0.10076814144849777, 0.8694464564323425, 0.007140830624848604, 0.023052608594298363, 0.7082288861274719, 0.25907769799232483, 0.009640890173614025, 0.010963467881083488, 0.9708996415138245, 0.013044774532318115, 0.0050921132788062096, 0.014328043907880783, 0.966321587562561, 0.01497092004865408, 0.004379427060484886, 0.0016365604242309928, 0.9865032434463501, 0.00817633606493473, 0.0036839875392615795, 0.2738448679447174, 0.3200390636920929, 0.3449336886405945, 0.061182353645563126, 0.33617639541625977, 0.5105599164962769, 0.10869202017784119, 0.04457162693142891, 0.8843088746070862, 0.031122181564569473, 0.06203639879822731, 0.022532524541020393, 0.8777143359184265, 0.042918864637613297, 0.054228443652391434, 0.02513844147324562, 0.8753611445426941, 0.03569778800010681, 0.05660619959235191, 0.03233474865555763, 0.8685478568077087, 0.029606474563479424, 0.08638015389442444, 0.015465484000742435, 0.5772416591644287, 0.11278853565454483, 0.24038121104240417, 0.0695885494351387, 0.6252306699752808, 0.08507846295833588, 0.23281994462013245, 0.056870948523283005, 0.8615443110466003, 0.026930028572678566, 0.050997041165828705, 0.060528628528118134, 0.05699678137898445, 0.45607393980026245, 0.39552032947540283, 0.09140893071889877, 0.980659544467926, 0.0008646600763313472, 0.009870482608675957, 0.008605292066931725, 0.002071687253192067, 0.9864023327827454, 0.00871231872588396, 0.0028136600740253925, 0.004847686272114515, 0.9881511926651001, 0.003007204970344901, 0.003993930760771036, 0.620539128780365, 0.3440951406955719, 0.015392439439892769, 0.01997324824333191, 0.11258191615343094, 0.018907463178038597, 0.8614821434020996, 0.007028523366898298, 0.4005269408226013, 0.008880284614861012, 0.581515371799469, 0.00907742977142334, 0.005842898041009903, 0.7597663998603821, 0.22701293230056763, 0.007377790752798319, 0.001578914700075984, 0.990240216255188, 0.005147881340235472, 0.003033098066225648, 0.004159140400588512, 0.9838560819625854, 0.005256933625787497, 0.006727857980877161, 0.46922168135643005, 0.009657504968345165, 0.48865726590156555, 0.032463476061820984, 0.7727034091949463, 0.08024229854345322, 0.11989797651767731, 0.0271562859416008, 0.8227948546409607, 0.042358044534921646, 0.06715253740549088, 0.06769455224275589, 0.025122439488768578, 0.9569091200828552, 0.00887601263821125, 0.009092503227293491, 0.029002392664551735, 0.5898764133453369, 0.3656589686870575, 0.015462242066860199, 0.008752475492656231, 0.27061787247657776, 0.7108116745948792, 0.009817923419177532, 0.004640798084437847, 0.0167556032538414, 0.9715538620948792, 0.007049748208373785, 0.038884032517671585, 0.7447801232337952, 0.20904996991157532, 0.007285867817699909, 0.0030997355934232473, 0.9604040384292603, 0.031302839517593384, 0.005193308461457491, 0.15928535163402557, 0.011061443947255611, 0.8191190361976624, 0.010534129105508327, 0.3737899959087372, 0.03748566657304764, 0.5752484202384949, 0.013475912623107433, 0.043575212359428406, 0.009082797914743423, 0.9369602799415588, 0.010381772182881832, 0.08597265183925629, 0.01047736406326294, 0.8945037722587585, 0.009046202525496483, 0.948091447353363, 0.04043110832571983, 0.005322410725057125, 0.006154985632747412, 0.4385410249233246, 0.5377861261367798, 0.004195154178887606, 0.019477693364024162, 0.9668532013893127, 0.003044837387278676, 0.01472738292068243, 0.01537445466965437, 0.9150810837745667, 0.020916765555739403, 0.05356689542531967, 0.010435276664793491, 0.09847093373537064, 0.07337147742509842, 0.7677976489067078, 0.060359887778759, 0.06956929713487625, 0.16041362285614014, 0.6994205117225647, 0.07059656828641891, 0.12966200709342957, 0.8257343769073486, 0.0347723551094532, 0.009831349365413189, 0.14372894167900085, 0.21435563266277313, 0.6258862614631653, 0.01602921076118946, 0.17791934311389923, 0.6421043872833252, 0.16572225093841553, 0.014253957197070122, 0.7303948998451233, 0.11160803586244583, 0.14729920029640198, 0.010697837918996811, 0.2426927089691162, 0.6994853615760803, 0.035829778760671616, 0.021992195397615433, 0.4401891827583313, 0.2228976935148239, 0.3278014361858368, 0.009111746214330196, 0.8337345719337463, 0.027843525633215904, 0.12595050036907196, 0.012471389025449753, 0.0354946032166481, 0.003953908104449511, 0.9473624229431152, 0.01318905409425497, 0.10206524282693863, 0.030703306198120117, 0.8559508919715881, 0.011280489154160023, 0.2226652204990387, 0.30351027846336365, 0.4580841362476349, 0.015740327537059784, 0.04407984018325806, 0.8423864245414734, 0.09817322343587875, 0.015360523946583271, 0.6606397032737732, 0.07766208052635193, 0.23005226254463196, 0.031645990908145905, 0.3762243390083313, 0.3396667540073395, 0.2526848316192627, 0.03142400458455086, 0.14671887457370758, 0.8107044100761414, 0.026529358699917793, 0.01604750007390976, 0.22644546627998352, 0.711868941783905, 0.028821205720305443, 0.03286438435316086, 0.21116498112678528, 0.7388436794281006, 0.019149774685502052, 0.030841467902064323, 0.23774243891239166, 0.2653525471687317, 0.43633711338043213, 0.060567937791347504, 0.6319549083709717, 0.18803349137306213, 0.12579815089702606, 0.05421349033713341, 0.859119176864624, 0.031162532046437263, 0.10189294070005417, 0.007825297303497791, 0.660968005657196, 0.07441508024930954, 0.24674858152866364, 0.017868325114250183, 0.7292104959487915, 0.0769890770316124, 0.17492486536502838, 0.018875550478696823, 0.39280009269714355, 0.5606053471565247, 0.03299920633435249, 0.01359534077346325, 0.2732637822628021, 0.09465567022562027, 0.5807738900184631, 0.05130661278963089, 0.28839176893234253, 0.16704924404621124, 0.514497697353363, 0.030061356723308563, 0.8542354106903076, 0.008189412765204906, 0.12013726681470871, 0.01743798889219761, 0.7303912043571472, 0.10200218856334686, 0.08818510919809341, 0.07942147552967072, 0.4311850368976593, 0.47997429966926575, 0.034004539251327515, 0.05483611673116684, 0.068158820271492, 0.006689480971544981, 0.9173399806022644, 0.007811694405972958, 0.5159729719161987, 0.20497430860996246, 0.25938957929611206, 0.019663142040371895, 0.8440600633621216, 0.13933871686458588, 0.009649142622947693, 0.006952118128538132, 0.017974788323044777, 0.9563082456588745, 0.012403762899339199, 0.01331319846212864, 