{"metrics": {"ACC": 57.34265734265735, "F1": 42.998591117769536}, "predictions": [2, 1, 1, 1, 2, 1, 1, 1, 1, 1, 1, 0, 0, 0, 0, 2, 2, 0, 1, 0, 1, 1, 0, 2, 2, 1, 1, 1, 2, 2, 0, 1, 2, 2, 2, 1, 1, 2, 2, 2, 2, 0, 1, 0, 2, 2, 2, 1, 0, 1, 0, 1, 1, 1, 2, 1, 1, 1, 2, 2, 2, 1, 1, 2, 2, 0, 2, 0, 1, 2, 2, 0, 0, 0, 2, 2, 0, 1, 1, 1, 1, 2, 2, 1, 1, 2, 2, 2, 2, 2, 2, 2, 1, 0, 2, 2, 0, 2, 2, 2, 2, 2, 1, 2, 0, 1, 1, 2, 1, 0, 1, 1, 1, 1, 1, 1, 2, 2, 0, 2, 0, 1, 1, 2, 2, 1, 2, 1, 0, 0, 0, 0, 2, 2, 2, 0, 2, 2, 0, 0, 0, 0, 1], "uids": ["0", "1", "2", "3", "4", "5", "6", "7", "8", "9", "10", "11", "12", "13", "14", "15", "16", "17", "18", "19", "20", "21", "22", "23", "24", "25", "26", "27", "28", "29", "30", "31", "32", "33", "34", "35", "36", "37", "38", "39", "40", "41", "42", "43", "44", "45", "46", "47", "48", "49", "50", "51", "52", "53", "54", "55", "56", "57", "58", "59", "60", "61", "62", "63", "64", "65", "66", "67", "68", "69", "70", "71", "72", "73", "74", "75", "76", "77", "78", "79", "80", "81", "82", "83", "84", "85", "86", "87", "88", "89", "90", "91", "92", "93", "94", "95", "96", "97", "98", "99", "100", "101", "102", "103", "104", "105", "106", "107", "108", "109", "110", "111", "112", "113", "114", "115", "116", "117", "118", "119", "120", "121", "122", "123", "124", "125", "126", "127", "128", "129", "130", "131", "132", "133", "134", "135", "136", "137", "138", "139", "140", "141", "142"], "scores": [0.1922319233417511, 0.2082742303609848, 0.5850272178649902, 0.014466600492596626, 0.03945131599903107, 0.8876161575317383, 0.060249973088502884, 0.012682639062404633, 0.3176892399787903, 0.5247786641120911, 0.1384996473789215, 0.019032498821616173, 0.14117595553398132, 0.7267662882804871, 0.10951937735080719, 0.02253836765885353, 0.1587585061788559, 0.3184952735900879, 0.509233295917511, 0.013512966223061085, 0.10524947196245193, 0.5677990317344666, 0.3136056363582611, 0.013345854356884956, 0.2942679524421692, 0.482797235250473, 0.20821630954742432, 0.014718487858772278, 0.24305124580860138, 0.5060145854949951, 0.24202890694141388, 0.008905299939215183, 0.048880357295274734, 0.801889955997467, 0.13666179776191711, 0.012567899189889431, 0.2272263467311859, 0.42860618233680725, 0.3107844889163971, 0.03338292986154556, 0.18273650109767914, 0.5524637699127197, 0.2314964085817337, 0.03330332413315773, 0.39907699823379517, 0.3064362108707428, 0.2659716308116913, 0.028515182435512543, 0.36909255385398865, 0.35905519127845764, 0.24489089846611023, 0.02696130983531475, 0.3790401816368103, 0.3419891893863678, 0.2475178986787796, 0.03145268186926842, 0.3745969235897064, 0.27192482352256775, 0.3303416073322296, 0.023136699572205544, 0.22630591690540314, 0.16644187271595, 0.5685039162635803, 0.038748230785131454, 0.24175190925598145, 0.15037718415260315, 0.5732482075691223, 0.0346226803958416, 0.3842419683933258, 0.2346210777759552, 0.3282614052295685, 0.05287556350231171, 0.3422219157218933, 0.39170584082603455, 0.20746442675590515, 0.058607786893844604, 0.9059635996818542, 0.022646788507699966, 0.05139762535691261, 0.019991911947727203, 0.06721849739551544, 0.7527985572814941, 0.16754937171936035, 0.012433633208274841, 0.05729296803474426, 0.8809419870376587, 0.04450372979044914, 0.017261216416954994, 0.6070123910903931, 0.2946420907974243, 0.07626640796661377, 0.022079121321439743, 0.2286555916070938, 0.175573468208313, 0.585225522518158, 0.010545456781983376, 0.28736749291419983, 0.11524484306573868, 0.5860548615455627, 0.01133277453482151, 0.06002819538116455, 0.7602936625480652, 0.16637927293777466, 0.013298824429512024, 0.039598364382982254, 0.8578391075134277, 0.08980187773704529, 0.012760571204125881, 0.05786226689815521, 0.8574963212013245, 0.06112072989344597, 0.02352062426507473, 0.39270272850990295, 0.1367882937192917, 0.43377670645713806, 0.03673229739069939, 0.38333433866500854, 0.1855146586894989, 0.39130276441574097, 0.03984822332859039, 0.41730237007141113, 0.17429380118846893, 0.34253454208374023, 0.0658692941069603, 0.13801676034927368, 0.7462475299835205, 0.10497812181711197, 0.010757549665868282, 0.13193529844284058, 0.31002524495124817, 0.5241937637329102, 0.03384573385119438, 0.08974620699882507, 0.4197942018508911, 0.4618774950504303, 0.028582118451595306, 0.10402926802635193, 0.358323335647583, 0.5121581554412842, 0.025489218533039093, 0.08268233388662338, 0.7507440447807312, 0.15459959208965302, 0.011973949149250984, 0.09276369959115982, 0.6235311031341553, 0.27202481031417847, 0.011680511757731438, 0.19476939737796783, 0.16808445751667023, 0.6247708797454834, 0.012375266291201115, 0.2584560513496399, 0.23744794726371765, 0.4844543933868408, 0.019641632214188576, 0.18745970726013184, 0.22734060883522034, 0.5698373913764954, 0.015362314879894257, 0.20585209131240845, 0.23187445104122162, 0.54981529712677, 0.012458201497793198, 0.44198811054229736, 0.3870251476764679, 0.1565932333469391, 0.014393528923392296, 0.28916680812835693, 0.6102829575538635, 0.08803131431341171, 0.012518929317593575, 0.4508298933506012, 0.1488068699836731, 0.37709057331085205, 0.02327267825603485, 0.33757999539375305, 0.20054779946804047, 0.44225597381591797, 0.019616205245256424, 0.21525457501411438, 0.2728078067302704, 0.47421178221702576, 0.03772582486271858, 0.20337125658988953, 0.3371511399745941, 0.4184543490409851, 0.04102325439453125, 0.23991647362709045, 0.5421981811523438, 0.20602549612522125, 0.011859812773764133, 0.37419331073760986, 0.3517248034477234, 0.25637567043304443, 0.017706260085105896, 0.30389678478240967, 0.408648282289505, 0.26765739917755127, 0.019797494634985924, 0.5389373898506165, 0.2505436837673187, 0.19458365440368652, 0.015935249626636505, 0.13043944537639618, 0.7466354966163635, 0.10732065886259079, 0.015604418702423573, 0.24497203528881073, 0.5743687152862549, 0.1694139540195465, 0.01124530378729105, 0.3033934235572815, 0.4218480885028839, 0.26012375950813293, 0.014634734019637108, 0.15487278997898102, 0.2540462911128998, 0.5764937400817871, 0.014587183482944965, 0.10713807493448257, 0.549598753452301, 0.32887256145477295, 0.014390628784894943, 0.24135048687458038, 0.41247791051864624, 0.32836514711380005, 0.01780642382800579, 0.10107824206352234, 0.7387030720710754, 0.13650545477867126, 0.023713257163763046, 0.32928240299224854, 0.1506800502538681, 0.48763683438301086, 0.03240063041448593, 0.27059653401374817, 0.15701934695243835, 0.5437049865722656, 0.02867916226387024, 0.2966677248477936, 0.2134372442960739, 0.4606233835220337, 0.02927166037261486, 0.2982959747314453, 0.5079222321510315, 0.17305046319961548, 0.020731322467327118, 0.2613019645214081, 0.588257372379303, 0.1228761300444603, 0.02756453864276409, 0.2240566909313202, 0.22638419270515442, 0.5231517553329468, 0.026407307013869286, 0.3141075372695923, 0.18247731029987335, 0.47356921434402466, 0.029846038669347763, 0.44460344314575195, 0.22908705472946167, 0.31004682183265686, 0.016262687742710114, 0.32807135581970215, 0.2710793912410736, 0.3842006325721741, 0.016648603603243828, 0.35871434211730957, 0.2674800455570221, 0.3569297790527344, 0.01687575690448284, 0.23858942091464996, 0.46145716309547424, 0.28384295105934143, 0.01611039973795414, 0.27105724811553955, 0.16252990067005157, 0.5319349765777588, 0.03447790816426277, 0.2621108889579773, 0.1786082237958908, 0.5373260974884033, 0.021954791620373726, 0.5391707420349121, 0.10350313037633896, 0.33646878600120544, 0.02085728384554386, 0.5001055598258972, 0.22639350593090057, 0.22295938432216644, 0.05054151639342308, 0.5108110308647156, 0.3118732273578644, 0.13370966911315918, 0.04360610619187355, 0.26975351572036743, 0.10732195526361465, 0.5993973612785339, 0.023527173325419426, 0.33698955178260803, 0.1650749295949936, 0.47240570187568665, 0.025529753416776657, 0.7579323053359985, 0.15215475857257843, 0.07493940740823746, 0.014973528683185577, 0.2080153077840805, 0.5645914673805237, 0.19811788201332092, 0.029275355860590935, 0.2009621113538742, 0.39052754640579224, 0.3838213086128235, 0.02468898892402649, 