{"metrics": {"ACC": 34.96503496503497, "F1": 24.16058631632807}, "predictions": [3, 3, 3, 3, 3, 3, 0, 0, 3, 3, 3, 3, 3, 3, 3, 3, 3, 0, 1, 3, 0, 0, 3, 3, 3, 0, 0, 0, 3, 0, 0, 0, 0, 0, 0, 0, 0, 3, 3, 3, 3, 3, 3, 3, 3, 3, 3, 3, 3, 3, 3, 0, 0, 0, 3, 0, 3, 0, 3, 3, 3, 3, 3, 3, 3, 3, 3, 3, 3, 0, 3, 3, 3, 3, 3, 3, 3, 3, 3, 3, 3, 0, 0, 3, 0, 3, 3, 3, 3, 3, 3, 3, 3, 3, 3, 3, 3, 3, 3, 3, 3, 0, 0, 3, 3, 3, 3, 3, 3, 3, 3, 3, 0, 0, 0, 3, 0, 0, 1, 3, 0, 0, 3, 3, 3, 3, 3, 0, 1, 3, 1, 1, 3, 3, 3, 1, 3, 3, 1, 3, 3, 1, 0], "uids": ["0", "1", "2", "3", "4", "5", "6", "7", "8", "9", "10", "11", "12", "13", "14", "15", "16", "17", "18", "19", "20", "21", "22", "23", "24", "25", "26", "27", "28", "29", "30", "31", "32", "33", "34", "35", "36", "37", "38", "39", "40", "41", "42", "43", "44", "45", "46", "47", "48", "49", "50", "51", "52", "53", "54", "55", "56", "57", "58", "59", "60", "61", "62", "63", "64", "65", "66", "67", "68", "69", "70", "71", "72", "73", "74", "75", "76", "77", "78", "79", "80", "81", "82", "83", "84", "85", "86", "87", "88", "89", "90", "91", "92", "93", "94", "95", "96", "97", "98", "99", "100", "101", "102", "103", "104", "105", "106", "107", "108", "109", "110", "111", "112", "113", "114", "115", "116", "117", "118", "119", "120", "121", "122", "123", "124", "125", "126", "127", "128", "129", "130", "131", "132", "133", "134", "135", "136", "137", "138", "139", "140", "141", "142"], "scores": [0.28097018599510193, 0.10659832507371902, 0.10869252681732178, 0.32497599720954895, 0.17876291275024414, 0.2836465835571289, 0.12131546437740326, 0.12005048245191574, 0.29016292095184326, 0.18482452630996704, 0.21246139705181122, 0.11388597637414932, 0.12506641447544098, 0.3882821500301361, 0.1603040248155594, 0.26620811223983765, 0.08596014976501465, 0.09751252084970474, 0.40543225407600403, 0.14488697052001953, 0.24092309176921844, 0.10534372180700302, 0.11093463003635406, 0.3609499931335449, 0.18184851109981537, 0.25630247592926025, 0.11175557971000671, 0.12052609771490097, 0.32784736156463623, 0.1835685670375824, 0.3886220455169678, 0.1713539958000183, 0.09415494650602341, 0.22367362678050995, 0.12219538539648056, 0.3936801254749298, 0.1808556616306305, 0.08193685114383698, 0.23290316760540009, 0.11062413454055786, 0.22717204689979553, 0.11730281263589859, 0.10684137791395187, 0.3745695650577545, 0.17411421239376068, 0.20092885196208954, 0.12868714332580566, 0.1284586787223816, 0.3659990429878235, 0.17592623829841614, 0.2031467705965042, 0.12490636110305786, 0.12121400982141495, 0.3677787184715271, 0.18295420706272125, 0.27861905097961426, 0.13319158554077148, 0.10765498876571655, 0.3096870481967926, 0.17084729671478271, 0.2568448483943939, 0.13939210772514343, 0.10137660801410675, 0.33239540457725525, 0.16999106109142303, 0.22715292870998383, 0.14947055280208588, 0.10562896728515625, 0.34331050515174866, 0.1744370311498642, 0.19627849757671356, 0.13161753118038177, 0.10346329212188721, 0.40868058800697327, 0.15996016561985016, 0.21229784190654755, 0.1071505919098854, 0.09963277727365494, 0.40931352972984314, 0.17160527408123016, 0.19847464561462402, 0.1028604507446289, 0.09738287329673767, 0.43069157004356384, 0.17059044539928436, 0.35794326663017273, 0.1102474182844162, 0.09168670326471329, 0.2906639277935028, 0.14945876598358154, 0.2098647952079773, 0.37498849630355835, 0.0955599918961525, 0.19449681043624878, 0.12508994340896606, 0.31340327858924866, 0.08610183000564575, 0.09199737757444382, 0.3644784688949585, 0.14401911199092865, 0.41219836473464966, 0.1639091819524765, 0.09151890128850937, 0.21315674483776093, 0.11921674013137817, 0.3604983389377594, 0.13778908550739288, 0.08806478977203369, 0.26941338181495667, 0.14423446357250214, 0.2667714059352875, 0.16281519830226898, 0.09284165501594543, 0.32598549127578735, 0.15158626437187195, 0.26958194375038147, 0.12765613198280334, 0.10800756514072418, 0.30918413400650024, 0.18557021021842957, 0.26608768105506897, 0.11396265774965286, 0.11198003590106964, 0.3159266412258148, 0.1920429766178131, 0.3210839331150055, 0.13411864638328552, 0.12076632678508759, 0.24317991733551025, 0.18085111677646637, 0.3179573118686676, 0.12555748224258423, 0.11426075547933578, 0.25881442427635193, 0.18341000378131866, 0.37251532077789307, 0.11250428855419159, 0.09872663766145706, 0.25613242387771606, 0.16012127697467804, 0.2932349741458893, 0.1116158589720726, 0.11242012679576874, 0.30396151542663574, 0.17876756191253662, 0.2999909818172455, 0.11300837993621826, 0.11898364871740341, 0.2848508358001709, 0.18316619098186493, 0.3774500787258148, 0.10951299220323563, 0.10813920199871063, 0.24857458472251892, 0.15632320940494537, 0.3658156991004944, 0.11522159725427628, 0.08638354390859604, 0.29068613052368164, 0.14189304411411285, 0.31149959564208984, 0.1299310177564621, 0.08869396150112152, 0.2921421229839325, 0.1777333915233612, 0.3085145652294159, 0.14459528028964996, 0.09524209052324295, 0.2783191204071045, 0.1733289361000061, 0.33432742953300476, 0.12763461470603943, 0.08721882849931717, 0.27844545245170593, 0.17237374186515808, 0.3364494740962982, 0.14102043211460114, 0.09835033118724823, 0.2614777088165283, 0.16270200908184052, 0.42307716608047485, 0.1649715006351471, 0.08446752279996872, 0.21394263207912445, 0.11354116350412369, 0.22174938023090363, 0.11198242753744125, 0.12124288082122803, 0.36410272121429443, 0.18092258274555206, 0.258546382188797, 0.10336659103631973, 0.11019759625196457, 0.35241174697875977, 0.17547766864299774, 0.2956969141960144, 0.12668688595294952, 0.10117261111736298, 0.31468164920806885, 0.16176186501979828, 0.29207709431648254, 0.12286753207445145, 0.09920401871204376, 0.3255881071090698, 0.16026322543621063, 0.19741290807724, 0.12495183199644089, 0.12855632603168488, 0.37402576208114624, 0.17505308985710144, 0.19129624962806702, 0.12532079219818115, 0.12238949537277222, 0.3865308165550232, 0.17446266114711761, 0.15414051711559296, 0.20365579426288605, 0.11698998510837555, 0.36237168312072754, 0.1628420352935791, 0.20481057465076447, 0.11594301462173462, 0.11943262815475464, 0.3962077498435974, 0.1636059731245041, 0.21030156314373016, 0.12066701799631119, 0.11368266493082047, 0.3870047330856323, 0.16834396123886108, 0.2760125398635864, 0.1279296875, 0.11858119815587997, 0.31123799085617065, 0.16623860597610474, 0.22406341135501862, 0.12023003399372101, 0.09664804488420486, 0.3790189027786255, 0.18003959953784943, 0.289866179227829, 0.11727918684482574, 0.09971536695957184, 0.3300228416919708, 0.16311641037464142, 0.22618350386619568, 0.1231408640742302, 0.11555860191583633, 0.3401872515678406, 0.194929838180542, 0.22436781227588654, 0.13888828456401825, 0.11336880177259445, 0.33796608448028564, 0.18540896475315094, 0.43127408623695374, 0.11894046515226364, 0.08515576273202896, 0.23295675218105316, 0.1316729187965393, 0.3589324653148651, 0.12029355764389038, 0.10104642808437347, 0.26503434777259827, 0.15469320118427277, 0.31435447931289673, 0.13088850677013397, 0.11583687365055084, 0.26882386207580566, 0.17009635269641876, 0.281408429145813, 0.12398576736450195, 0.11865774542093277, 0.30007997155189514, 0.1758681684732437, 0.3032582700252533, 0.11850138008594513, 0.12028728425502777, 0.28045034408569336, 0.17750273644924164, 0.2574455142021179, 0.10721070319414139, 0.1071200743317604, 0.36531862616539, 0.16290508210659027, 0.33740630745887756, 0.13805320858955383, 0.09324964135885239, 0.2823122441768646, 0.148978590965271, 0.2772108018398285, 0.07997696101665497, 0.1037958562374115, 0.3841003477573395, 0.15491600334644318, 0.27559694647789, 0.0868886262178421, 0.11293082684278488, 0.3662237823009491, 0.15835976600646973, 0.2768497169017792, 0.08957789093255997, 0.11293398588895798, 0.3598928153514862, 0.16074562072753906, 0.18565307557582855, 0.13128089904785156, 0.11866988241672516, 0.3850158154964447, 0.1793804168701172, 0.20792783796787262, 0.13365234434604645, 0.12102308869361877, 0.3579290807247162, 0.1794675886631012, 0.23668016493320465, 0.1131698414683342, 0.10496199876070023, 