{"metrics": {"ACC": 43.35664335664335, "F1": 32.92352092352092}, "predictions": [1, 0, 3, 0, 3, 3, 1, 1, 0, 3, 3, 0, 4, 3, 3, 3, 3, 0, 1, 0, 1, 0, 3, 1, 3, 0, 0, 0, 3, 0, 0, 0, 0, 1, 0, 0, 1, 3, 3, 3, 3, 3, 3, 3, 3, 0, 0, 4, 0, 4, 4, 0, 3, 0, 3, 3, 3, 0, 0, 3, 0, 3, 3, 1, 1, 1, 3, 3, 3, 0, 0, 0, 3, 3, 3, 3, 0, 3, 3, 3, 3, 3, 0, 0, 0, 4, 0, 0, 3, 1, 3, 3, 0, 0, 3, 3, 3, 4, 4, 1, 0, 0, 0, 0, 0, 0, 3, 3, 0, 4, 0, 0, 0, 4, 0, 0, 1, 0, 1, 3, 0, 0, 0, 3, 3, 1, 0, 0, 1, 3, 1, 1, 3, 3, 3, 1, 3, 3, 1, 0, 0, 0, 0], "uids": ["0", "1", "2", "3", "4", "5", "6", "7", "8", "9", "10", "11", "12", "13", "14", "15", "16", "17", "18", "19", "20", "21", "22", "23", "24", "25", "26", "27", "28", "29", "30", "31", "32", "33", "34", "35", "36", "37", "38", "39", "40", "41", "42", "43", "44", "45", "46", "47", "48", "49", "50", "51", "52", "53", "54", "55", "56", "57", "58", "59", "60", "61", "62", "63", "64", "65", "66", "67", "68", "69", "70", "71", "72", "73", "74", "75", "76", "77", "78", "79", "80", "81", "82", "83", "84", "85", "86", "87", "88", "89", "90", "91", "92", "93", "94", "95", "96", "97", "98", "99", "100", "101", "102", "103", "104", "105", "106", "107", "108", "109", "110", "111", "112", "113", "114", "115", "116", "117", "118", "119", "120", "121", "122", "123", "124", "125", "126", "127", "128", "129", "130", "131", "132", "133", "134", "135", "136", "137", "138", "139", "140", "141", "142"], "scores": [0.2967880070209503, 0.40907859802246094, 0.08901716768741608, 0.03479481488466263, 0.17032139003276825, 0.44246017932891846, 0.14658744633197784, 0.09040422737598419, 0.0704469233751297, 0.2501011788845062, 0.06277225911617279, 0.013169188052415848, 0.0820760726928711, 0.7715585827827454, 0.07042388617992401, 0.7425094842910767, 0.028098728507757187, 0.04540358856320381, 0.12206534296274185, 0.0619228221476078, 0.08883694559335709, 0.1101834699511528, 0.21859468519687653, 0.31921735405921936, 0.2631675601005554, 0.09558303654193878, 0.1197143942117691, 0.18597494065761566, 0.32247158885002136, 0.2762559950351715, 0.17143505811691284, 0.7751343250274658, 0.01752295531332493, 0.01050206832587719, 0.02540559321641922, 0.10934989899396896, 0.825407087802887, 0.016141973435878754, 0.015357829630374908, 0.033743228763341904, 0.36659330129623413, 0.04424462467432022, 0.09627006202936172, 0.29885298013687134, 0.19403904676437378, 0.1084672287106514, 0.055748891085386276, 0.1510411500930786, 0.5014809966087341, 0.1832617074251175, 0.08376499265432358, 0.09142950922250748, 0.13090279698371887, 0.4605216383934021, 0.23338107764720917, 0.27805742621421814, 0.16303996741771698, 0.09108848124742508, 0.2716275453567505, 0.19618655741214752, 0.20510044693946838, 0.21381054818630219, 0.14127564430236816, 0.155629500746727, 0.2841838300228119, 0.22931085526943207, 0.16780398786067963, 0.09004775434732437, 0.3556649386882782, 0.1571725457906723, 0.3152501583099365, 0.08448656648397446, 0.09520018100738525, 0.3554697036743164, 0.14959336817264557, 0.048986323177814484, 0.04319879412651062, 0.08923383057117462, 0.4605608880519867, 0.3580201268196106, 0.02829338051378727, 0.03590311482548714, 0.09817362576723099, 0.5724783539772034, 0.2651515305042267, 0.654363751411438, 0.057463109493255615, 0.06137482449412346, 0.10117743164300919, 0.12562081217765808, 0.10521163791418076, 0.8150492906570435, 0.01449796836823225, 0.04753272980451584, 0.01770835928618908, 0.8664767146110535, 0.02051866613328457, 0.01837432198226452, 0.07969848811626434, 0.014931825920939445, 0.1799245923757553, 0.7374135851860046, 0.023533066734671593, 0.021977882832288742, 0.03715100511908531, 0.43089213967323303, 0.22146011888980865, 0.054451704025268555, 0.11174336075782776, 0.18145260214805603, 0.3659699857234955, 0.11262750625610352, 0.037504736334085464, 0.3694041669368744, 0.11449361592531204, 0.03324190154671669, 0.7940208315849304, 0.025659307837486267, 0.07402130961418152, 0.07305674254894257, 0.06298208236694336, 0.08448763936758041, 0.10496556758880615, 0.5507558584213257, 0.19680890440940857, 0.8393499851226807, 0.084438756108284, 0.018488826230168343, 0.010276777669787407, 0.04744568467140198, 0.8341696262359619, 0.09329728782176971, 0.021765360608696938, 0.011268352158367634, 0.039499346166849136, 0.8237093091011047, 0.04796307533979416, 0.03748095780611038, 0.025328122079372406, 0.06551853567361832, 0.31316283345222473, 0.06397505104541779, 0.1316157877445221, 0.3134956359863281, 0.17775073647499084, 0.3761054277420044, 0.13970789313316345, 0.05066323280334473, 0.18523140251636505, 0.24829207360744476, 0.9231495261192322, 0.026438752189278603, 0.014108131639659405, 0.01885365881025791, 0.017449991777539253, 0.8780025839805603, 0.05972680822014809, 0.01384357362985611, 0.02721833437681198, 0.021208645775914192, 0.5573910474777222, 0.21399489045143127, 0.03631089627742767, 0.014428001828491688, 0.17787522077560425, 0.23351114988327026, 0.590408980846405, 0.0318562276661396, 0.0138721764087677, 0.1303514540195465, 0.4302775263786316, 0.2093764692544937, 0.05421936884522438, 0.024440819397568703, 0.28168582916259766, 0.9311610460281372, 0.031327731907367706, 0.014783591963350773, 0.008867749013006687, 0.013859987258911133, 0.15843798220157623, 0.7558730840682983, 0.025499796494841576, 0.017902787774801254, 0.04228634759783745, 0.1262296885251999, 0.023710714653134346, 0.18883967399597168, 0.381133109331131, 0.28008684515953064, 0.15310624241828918, 0.15825937688350677, 0.09444688260555267, 0.4127258360385895, 0.18146167695522308, 0.3412083685398102, 0.12270575016736984, 0.09097646921873093, 0.3683289587497711, 0.07678051292896271, 0.1505286693572998, 0.09292293339967728, 0.10058300197124481, 0.5722663998603821, 0.08369893580675125, 0.3374376595020294, 0.06042233854532242, 0.09718295186758041, 0.3884650766849518, 0.11649194359779358, 0.15107014775276184, 0.1159091591835022, 0.0828273594379425, 0.5287595391273499, 0.12143376469612122, 0.07853792607784271, 0.13517658412456512, 0.0818520188331604, 0.6428772807121277, 0.0615561380982399, 0.06133577600121498, 0.05502765253186226, 0.09015486389398575, 0.7170528173446655, 0.0764288604259491, 0.2907193899154663, 0.22823813557624817, 0.09121351689100266, 0.13030019402503967, 0.2595287263393402, 0.5321222543716431, 0.21141986548900604, 0.052734892815351486, 0.06701868027448654, 0.13670434057712555, 0.1011432409286499, 0.11257117986679077, 0.10096968710422516, 0.330788254737854, 0.35452765226364136, 0.8918007016181946, 0.04973812773823738, 0.023629281669855118, 0.012729184702038765, 0.022102776914834976, 0.11159515380859375, 0.2877080738544464, 0.0877051129937172, 0.15844309329986572, 0.3545485734939575, 0.13023538887500763, 0.17646971344947815, 0.10210131108760834, 0.20860718190670013, 0.38258641958236694, 0.8854935169219971, 0.04147716984152794, 0.018460126593708992, 0.036893539130687714, 0.017675578594207764, 0.17381130158901215, 0.05348392203450203, 0.10067137330770493, 0.5963472723960876, 0.07568607479333878, 0.34581658244132996, 0.1922716498374939, 0.11407715082168579, 0.08574913442134857, 0.2620854675769806, 0.08832219243049622, 0.05371103063225746, 0.09985047578811646, 0.5722959637641907, 0.18582041561603546, 0.17615440487861633, 0.10406670719385147, 0.08893490582704544, 0.3318970501422882, 0.29894688725471497, 0.20461121201515198, 0.14812815189361572, 0.1284429281949997, 0.27905353903770447, 0.23976418375968933, 0.44014954566955566, 0.2086201012134552, 0.1188163012266159, 0.11933646351099014, 0.1130775511264801, 0.45543384552001953, 0.02037219889461994, 0.07354705780744553, 0.31704947352409363, 0.13359741866588593, 0.18342776596546173, 0.016284318640828133, 0.0730716735124588, 0.6342719197273254, 0.09294425696134567, 0.5875071287155151, 0.023554716259241104, 0.056977029889822006, 0.2369377762079239, 0.09502330422401428, 0.21524986624717712, 0.10021761059761047, 0.08853928744792938, 0.40733852982521057, 0.18865473568439484, 0.08591647446155548, 0.07974857091903687, 0.12545743584632874, 0.4580625295639038, 0.2508150041103363, 0.16729667782783508, 