{"metrics": {"ACC": 40.55944055944056, "F1": 31.190872648781987}, "predictions": [1, 0, 3, 0, 4, 4, 1, 1, 0, 3, 3, 0, 4, 0, 0, 4, 3, 0, 1, 0, 1, 0, 3, 1, 3, 0, 0, 0, 0, 4, 0, 0, 0, 1, 0, 0, 1, 4, 3, 0, 3, 0, 3, 3, 3, 1, 0, 4, 0, 4, 4, 0, 3, 4, 3, 4, 4, 0, 0, 3, 3, 3, 3, 1, 1, 1, 3, 3, 3, 0, 0, 0, 0, 3, 3, 3, 0, 3, 3, 3, 3, 3, 0, 0, 0, 4, 0, 0, 1, 1, 3, 1, 0, 0, 0, 0, 0, 4, 4, 1, 0, 0, 0, 0, 0, 0, 3, 3, 0, 4, 0, 0, 0, 4, 0, 0, 4, 0, 1, 3, 0, 0, 0, 4, 3, 1, 0, 0, 1, 3, 1, 1, 3, 4, 3, 1, 0, 3, 1, 0, 0, 1, 0], "uids": ["0", "1", "2", "3", "4", "5", "6", "7", "8", "9", "10", "11", "12", "13", "14", "15", "16", "17", "18", "19", "20", "21", "22", "23", "24", "25", "26", "27", "28", "29", "30", "31", "32", "33", "34", "35", "36", "37", "38", "39", "40", "41", "42", "43", "44", "45", "46", "47", "48", "49", "50", "51", "52", "53", "54", "55", "56", "57", "58", "59", "60", "61", "62", "63", "64", "65", "66", "67", "68", "69", "70", "71", "72", "73", "74", "75", "76", "77", "78", "79", "80", "81", "82", "83", "84", "85", "86", "87", "88", "89", "90", "91", "92", "93", "94", "95", "96", "97", "98", "99", "100", "101", "102", "103", "104", "105", "106", "107", "108", "109", "110", "111", "112", "113", "114", "115", "116", "117", "118", "119", "120", "121", "122", "123", "124", "125", "126", "127", "128", "129", "130", "131", "132", "133", "134", "135", "136", "137", "138", "139", "140", "141", "142"], "scores": [0.2761150002479553, 0.49973514676094055, 0.06353140622377396, 0.01736530289053917, 0.14325310289859772, 0.37108778953552246, 0.1376742273569107, 0.07723118364810944, 0.04726274311542511, 0.3667440414428711, 0.05585429072380066, 0.012336558662354946, 0.06440337002277374, 0.797191321849823, 0.07021444290876389, 0.8896693587303162, 0.015589349903166294, 0.02297208271920681, 0.03874805569648743, 0.03302113339304924, 0.033537834882736206, 0.11507008969783783, 0.2117093801498413, 0.16538794338703156, 0.4742947220802307, 0.03383868932723999, 0.13646207749843597, 0.15921375155448914, 0.1460244059562683, 0.5244610905647278, 0.14235635101795197, 0.8143686056137085, 0.013943522237241268, 0.006984318606555462, 0.022347217425704002, 0.081771619617939, 0.8756756782531738, 0.009819797240197659, 0.007084231358021498, 0.025648588314652443, 0.4801740050315857, 0.02727656252682209, 0.07428643852472305, 0.23940755426883698, 0.17885549366474152, 0.11301644146442413, 0.038606006652116776, 0.11425971239805222, 0.5762966275215149, 0.15782123804092407, 0.10205047577619553, 0.08825776726007462, 0.11510446667671204, 0.4399383068084717, 0.25464892387390137, 0.3330802321434021, 0.16000130772590637, 0.08611175417900085, 0.20504674315452576, 0.21575996279716492, 0.15157543122768402, 0.22555102407932281, 0.15646414458751678, 0.06925390660762787, 0.3971554636955261, 0.28968387842178345, 0.23077240586280823, 0.06403636187314987, 0.25659263134002686, 0.158914715051651, 0.5062590837478638, 0.06065953150391579, 0.06442942470312119, 0.23981860280036926, 0.12883338332176208, 0.031149910762906075, 0.025485100224614143, 0.07944938540458679, 0.28400203585624695, 0.5799134969711304, 0.011938248760998249, 0.022409025579690933, 0.0999460220336914, 0.46392539143562317, 0.4017813801765442, 0.691959798336029, 0.04376067593693733, 0.05826602131128311, 0.0816531628370285, 0.12436039000749588, 0.06074700877070427, 0.8984189629554749, 0.007746402639895678, 0.02228187583386898, 0.010805586352944374, 0.8778230547904968, 0.017716744914650917, 0.0148445600643754, 0.07873810827732086, 0.010877454653382301, 0.18679079413414001, 0.7512444853782654, 0.01791122928261757, 0.014909783378243446, 0.02914363704621792, 0.30846282839775085, 0.21790874004364014, 0.05986689031124115, 0.11918049305677414, 0.2945810854434967, 0.3310651481151581, 0.11644041538238525, 0.038491375744342804, 0.36101603507995605, 0.15298709273338318, 0.015979047864675522, 0.8831612467765808, 0.014930155128240585, 0.031989432871341705, 0.05394022911787033, 0.0389840267598629, 0.08887053281068802, 0.11273547261953354, 0.4872146248817444, 0.2721952795982361, 0.8825466632843018, 0.06399068236351013, 0.01217831764370203, 0.00541341956704855, 0.035870783030986786, 0.8587685227394104, 0.0960054025053978, 0.01201512198895216, 0.0055712447501719, 0.02763976715505123, 0.8348581790924072, 0.04368631914258003, 0.03159241005778313, 0.018421974033117294, 0.07144112884998322, 0.3177139461040497, 0.05011160299181938, 0.14064085483551025, 0.26434963941574097, 0.22718392312526703, 0.3203215003013611, 0.12417767941951752, 0.05315990373492241, 0.16854263842105865, 0.33379825949668884, 0.9442670941352844, 0.01974616013467312, 0.009260761551558971, 0.0144495302811265, 0.012276525609195232, 0.8484623432159424, 0.10078795254230499, 0.00912769790738821, 0.02319229766726494, 0.018429728224873543, 0.5737540125846863, 0.2117575705051422, 0.035609688609838486, 0.009215017780661583, 0.1696636825799942, 0.2256174087524414, 0.600707471370697, 0.0268203467130661, 0.00777124147862196, 0.13908347487449646, 0.48821818828582764, 0.17572148144245148, 0.051626380532979965, 0.016826726496219635, 0.267607182264328, 0.9640220999717712, 0.017069928348064423, 0.007494498044252396, 0.004794107284396887, 0.0066192662343382835, 0.13899047672748566, 0.7985301613807678, 0.017666909843683243, 0.010443245992064476, 0.03436918184161186, 0.19942733645439148, 0.0274367518723011, 0.20018060505390167, 0.18424688279628754, 0.3887084424495697, 0.1390160471200943, 0.23164115846157074, 0.08349120616912842, 0.35542407631874084, 0.19042754173278809, 0.4156785309314728, 0.13939891755580902, 0.06790360063314438, 0.3184775710105896, 0.05854139104485512, 0.1344965547323227, 0.10978216677904129, 0.08839547634124756, 0.6003727316856384, 0.06695307046175003, 0.7115167379379272, 0.0392911359667778, 0.0524187907576561, 0.1341528445482254, 0.06262045353651047, 0.17561262845993042, 0.14296256005764008, 0.06249589845538139, 0.5001891851425171, 0.11873975396156311, 0.10250204801559448, 0.1668746918439865, 0.07173570245504379, 0.6101977825164795, 0.04868977516889572, 0.07990257441997528, 0.0859673023223877, 0.07823201268911362, 0.6784995794296265, 0.07739847153425217, 0.18405219912528992, 0.3688688278198242, 0.07345244288444519, 0.06325079500675201, 0.31037577986717224, 0.5567153692245483, 0.24072110652923584, 0.03568825125694275, 0.03700385242700577, 0.1298714429140091, 0.038420774042606354, 0.12029699981212616, 0.11142097413539886, 0.1196284070611, 0.6102328300476074, 0.9379580616950989, 0.034802403301000595, 0.011050660163164139, 0.00571546982973814, 0.010473490692675114, 0.0816846638917923, 0.35274407267570496, 0.054916106164455414, 0.07969676703214645, 0.43095844984054565, 0.1332530528306961, 0.24087336659431458, 0.0717027336359024, 0.13562512397766113, 0.41854575276374817, 0.8232656717300415, 0.07433059066534042, 0.01752430945634842, 0.0643077865242958, 0.020571617409586906, 0.20617732405662537, 0.06257502734661102, 0.07034856081008911, 0.6034189462661743, 0.05748015642166138, 0.13552753627300262, 0.214691162109375, 0.09972578287124634, 0.03920988366007805, 0.5108456611633301, 0.043646760284900665, 0.04847165569663048, 0.07581121474504471, 0.6321058869361877, 0.19996444880962372, 0.11163880676031113, 0.15325073897838593, 0.052276890724897385, 0.15184198319911957, 0.5309915542602539, 0.19443927705287933, 0.1881406009197235, 0.1211990937590599, 0.1918097287416458, 0.30441129207611084, 0.3861980438232422, 0.33131474256515503, 0.0994606614112854, 0.06961933523416519, 0.11340724676847458, 0.4749075174331665, 0.013144480995833874, 0.07943069934844971, 0.26917028427124023, 0.1633470505475998, 0.07849756628274918, 0.010698551312088966, 0.06206222623586655, 0.7733043432235718, 0.07543732225894928, 0.24629062414169312, 0.018400968983769417, 0.057938188314437866, 0.5891899466514587, 0.08818026632070541, 0.2058803141117096, 0.07937830686569214, 0.06919500976800919, 0.4326930344104767, 0.2128533273935318, 0.04791908338665962, 0.0682314783334732, 0.1057814210653305, 0.45855018496513367, 0.3195178210735321, 0.10095962882041931,