{"metrics": {"ACC": 43.35664335664335, "F1": 28.978982312046575}, "predictions": [0, 0, 3, 0, 0, 0, 1, 1, 0, 3, 3, 0, 0, 0, 0, 4, 3, 0, 1, 0, 1, 0, 3, 1, 3, 0, 0, 0, 0, 0, 0, 0, 0, 1, 0, 0, 1, 0, 0, 0, 0, 0, 3, 3, 3, 0, 0, 3, 0, 4, 0, 0, 3, 0, 3, 0, 0, 0, 0, 0, 0, 3, 3, 1, 1, 1, 3, 3, 3, 0, 0, 0, 0, 3, 3, 3, 0, 3, 3, 3, 3, 0, 0, 0, 0, 0, 0, 0, 1, 1, 1, 1, 0, 0, 0, 0, 0, 0, 0, 1, 0, 0, 0, 0, 0, 0, 3, 3, 0, 1, 0, 0, 0, 0, 0, 0, 0, 0, 1, 0, 0, 0, 0, 0, 1, 1, 0, 0, 1, 3, 1, 1, 3, 3, 3, 1, 0, 0, 1, 0, 0, 1, 0], "uids": ["0", "1", "2", "3", "4", "5", "6", "7", "8", "9", "10", "11", "12", "13", "14", "15", "16", "17", "18", "19", "20", "21", "22", "23", "24", "25", "26", "27", "28", "29", "30", "31", "32", "33", "34", "35", "36", "37", "38", "39", "40", "41", "42", "43", "44", "45", "46", "47", "48", "49", "50", "51", "52", "53", "54", "55", "56", "57", "58", "59", "60", "61", "62", "63", "64", "65", "66", "67", "68", "69", "70", "71", "72", "73", "74", "75", "76", "77", "78", "79", "80", "81", "82", "83", "84", "85", "86", "87", "88", "89", "90", "91", "92", "93", "94", "95", "96", "97", "98", "99", "100", "101", "102", "103", "104", "105", "106", "107", "108", "109", "110", "111", "112", "113", "114", "115", "116", "117", "118", "119", "120", "121", "122", "123", "124", "125", "126", "127", "128", "129", "130", "131", "132", "133", "134", "135", "136", "137", "138", "139", "140", "141", "142"], "scores": [0.4787718653678894, 0.3128156363964081, 0.05356370657682419, 0.027596836909651756, 0.12725193798542023, 0.4707551896572113, 0.17615200579166412, 0.0666629821062088, 0.0665489062666893, 0.21988095343112946, 0.19735467433929443, 0.04372613504528999, 0.07993150502443314, 0.5567225217819214, 0.12226515263319016, 0.7407264709472656, 0.05705784633755684, 0.04096205532550812, 0.0888419970870018, 0.07241159677505493, 0.3616652190685272, 0.0797690898180008, 0.09484566003084183, 0.2828451991081238, 0.18087482452392578, 0.30892685055732727, 0.17825107276439667, 0.08184576779603958, 0.18971456587314606, 0.24126185476779938, 0.13725504279136658, 0.7998667359352112, 0.01608014479279518, 0.01564342901110649, 0.031154576689004898, 0.11258414387702942, 0.815211832523346, 0.014558174647390842, 0.021227136254310608, 0.03641868755221367, 0.518679141998291, 0.06865552067756653, 0.07318346202373505, 0.16385334730148315, 0.17562855780124664, 0.2126033902168274, 0.0994686558842659, 0.10650316625833511, 0.36272239685058594, 0.21870242059230804, 0.18343107402324677, 0.16269898414611816, 0.08280723541975021, 0.2880510687828064, 0.28301161527633667, 0.3934454917907715, 0.2156025916337967, 0.06350399553775787, 0.15698732435703278, 0.17046059668064117, 0.4087432622909546, 0.2167537659406662, 0.07850149273872375, 0.11138003319501877, 0.1846214383840561, 0.3647012710571289, 0.20885364711284637, 0.05972301587462425, 0.21147863566875458, 0.15524336695671082, 0.4731644093990326, 0.09303079545497894, 0.06838460266590118, 0.2302977442741394, 0.1351223886013031, 0.27852681279182434, 0.06862790882587433, 0.07900236546993256, 0.2862951457500458, 0.287547767162323, 0.17374491691589355, 0.05993928760290146, 0.08882923424243927, 0.4102611541748047, 0.2672254145145416, 0.500781238079071, 0.060409437865018845, 0.0728529617190361, 0.22060829401016235, 0.14534802734851837, 0.09500368684530258, 0.822827935218811, 0.016017943620681763, 0.04563983902335167, 0.020510686561465263, 0.8721319437026978, 0.030471136793494225, 0.019716287031769753, 0.05858593061566353, 0.019094733521342278, 0.11637409776449203, 0.7933937311172485, 0.01871526800096035, 0.026290377601981163, 0.04522648826241493, 0.38181573152542114, 0.2544885277748108, 0.05644901469349861, 0.10661514103412628, 0.2006315439939499, 0.29609304666519165, 0.16940270364284515, 0.04305985942482948, 0.36784663796424866, 0.12359777092933655, 0.06998202949762344, 0.7590477466583252, 0.026090463623404503, 0.05723617970943451, 0.08764353394508362, 0.2150261104106903, 0.10373908281326294, 0.07872825115919113, 0.3939923644065857, 0.20851419866085052, 0.7704340219497681, 0.10583604872226715, 0.02610897272825241, 0.018127907067537308, 0.07949299365282059, 0.7365719676017761, 0.13141925632953644, 0.030544238165020943, 0.02187318168580532, 0.07959144562482834, 0.6212291717529297, 0.0987079069018364, 0.06206575781106949, 0.0712723433971405, 0.14672473073005676, 0.4072587490081787, 0.07110974192619324, 0.08558668941259384, 0.29392319917678833, 0.14212167263031006, 0.4087059497833252, 0.15116927027702332, 0.04562554135918617, 0.20816446840763092, 0.18633480370044708, 0.8546159863471985, 0.04159129410982132, 0.020276203751564026, 0.04505915194749832, 0.038457415997982025, 0.8413562774658203, 0.07585714757442474, 0.02001754194498062, 0.026453610509634018, 0.036315303295850754, 0.6124893426895142, 0.17304939031600952, 0.032486867159605026, 0.0241572055965662, 0.15781715512275696, 0.3370169699192047, 0.48540791869163513, 0.03027528151869774, 0.02146841399371624, 0.12583144009113312, 0.5765819549560547, 0.17150571942329407, 0.036646340042352676, 0.03126755356788635, 0.18399851024150848, 0.8150405883789062, 0.08814933896064758, 0.02809171937406063, 0.02152688056230545, 0.04719151183962822, 0.11725502461194992, 0.8108598589897156, 0.01629546470940113, 0.01884782873094082, 0.036741845309734344, 0.3077680468559265, 0.04080144688487053, 0.10381405800580978, 0.2950614392757416, 0.2525550127029419, 0.347751647233963, 0.18454526364803314, 0.06225338950753212, 0.23455917835235596, 0.17089055478572845, 0.574766218662262, 0.13425114750862122, 0.0477786548435688, 0.1569797247648239, 0.0862242579460144, 0.45758822560310364, 0.1388985961675644, 0.06284208595752716, 0.23591741919517517, 0.10475362837314606, 0.3617349863052368, 0.08523783087730408, 0.07397640496492386, 0.31426888704299927, 0.1647818386554718, 0.2015012949705124, 0.11712411046028137, 0.06991490721702576, 0.46309205889701843, 0.14836767315864563, 0.1510322540998459, 0.32921820878982544, 0.06755093485116959, 0.37451010942459106, 0.07768853008747101, 0.16976560652256012, 0.0981312170624733, 0.081138014793396, 0.4996764361858368, 0.15128879249095917, 0.4794199764728546, 0.18687602877616882, 0.062424805015325546, 0.10590124130249023, 0.16537797451019287, 0.5802693367004395, 0.16912001371383667, 0.04764439910650253, 0.07089333236217499, 0.13207289576530457, 0.22310079634189606, 0.19869814813137054, 0.07173354178667068, 0.28626108169555664, 0.2202063649892807, 0.8369011878967285, 0.07585783302783966, 0.02949429862201214, 0.02019503153860569, 0.03755157068371773, 0.28009605407714844, 0.19341926276683807, 0.06461043655872345, 0.13680753111839294, 0.3250667154788971, 0.35828709602355957, 0.18428082764148712, 0.05187758803367615, 0.21574853360652924, 0.18980589509010315, 0.8433148264884949, 0.07181398570537567, 0.02346843294799328, 0.030801204964518547, 0.030601516366004944, 0.2619421184062958, 0.11695751547813416, 0.06216554716229439, 0.4340519309043884, 0.12488290667533875, 0.4941215217113495, 0.15777230262756348, 0.07999387383460999, 0.08863165229558945, 0.1794806718826294, 0.2434992790222168, 0.09754174947738647, 0.07432758808135986, 0.37150391936302185, 0.21312743425369263, 0.30498453974723816, 0.1397513449192047, 0.06664091348648071, 0.22826506197452545, 0.26035818457603455, 0.29366838932037354, 0.17126986384391785, 0.10211653262376785, 0.21869105100631714, 0.2142542004585266, 0.3939442038536072, 0.2561595141887665, 0.07392897456884384, 0.12004978954792023, 0.15591755509376526, 0.6229708790779114, 0.03312411531805992, 0.056970708072185516, 0.17522388696670532, 0.11171042919158936, 0.5973438024520874, 0.03171733394265175, 0.049982815980911255, 0.20849180221557617, 0.11246434599161148, 0.6926549673080444, 0.03936483711004257, 0.04360691085457802, 0.11522163450717926, 0.10915154963731766, 0.18341436982154846, 0.10732512176036835, 0.09000290930271149, 0.41353631019592285, 0.20572136342525482, 0.08078484982252121, 0.07381162792444229, 0.12786953151226044, 0.5019623041152954, 0.21557174623012543, 0.3042250871658325, 