{"metrics": {"ACC": 43.35664335664335, "F1": 33.24128002094104}, "predictions": [1, 0, 3, 0, 3, 4, 1, 1, 0, 3, 3, 0, 4, 3, 0, 4, 3, 0, 1, 0, 1, 0, 3, 1, 3, 0, 0, 0, 0, 0, 0, 0, 0, 1, 0, 0, 1, 4, 3, 0, 3, 0, 3, 3, 3, 1, 0, 4, 0, 4, 4, 0, 3, 4, 3, 4, 3, 0, 0, 3, 3, 3, 3, 1, 1, 1, 3, 3, 3, 0, 0, 0, 0, 3, 3, 3, 0, 3, 3, 3, 3, 0, 0, 0, 0, 4, 0, 0, 3, 1, 3, 3, 0, 0, 0, 0, 0, 4, 4, 1, 0, 0, 0, 0, 0, 0, 3, 3, 0, 4, 0, 0, 0, 4, 0, 0, 0, 0, 1, 3, 0, 0, 0, 4, 3, 1, 0, 0, 1, 3, 1, 1, 3, 3, 3, 1, 0, 3, 1, 0, 0, 0, 0], "uids": ["0", "1", "2", "3", "4", "5", "6", "7", "8", "9", "10", "11", "12", "13", "14", "15", "16", "17", "18", "19", "20", "21", "22", "23", "24", "25", "26", "27", "28", "29", "30", "31", "32", "33", "34", "35", "36", "37", "38", "39", "40", "41", "42", "43", "44", "45", "46", "47", "48", "49", "50", "51", "52", "53", "54", "55", "56", "57", "58", "59", "60", "61", "62", "63", "64", "65", "66", "67", "68", "69", "70", "71", "72", "73", "74", "75", "76", "77", "78", "79", "80", "81", "82", "83", "84", "85", "86", "87", "88", "89", "90", "91", "92", "93", "94", "95", "96", "97", "98", "99", "100", "101", "102", "103", "104", "105", "106", "107", "108", "109", "110", "111", "112", "113", "114", "115", "116", "117", "118", "119", "120", "121", "122", "123", "124", "125", "126", "127", "128", "129", "130", "131", "132", "133", "134", "135", "136", "137", "138", "139", "140", "141", "142"], "scores": [0.28067973256111145, 0.42859891057014465, 0.07673653960227966, 0.02693440578877926, 0.18705037236213684, 0.4354534447193146, 0.14438468217849731, 0.07195515930652618, 0.059881791472435, 0.28832486271858215, 0.0664818286895752, 0.016328059136867523, 0.07064737379550934, 0.7634920477867126, 0.08305070549249649, 0.8211892247200012, 0.018748607486486435, 0.03316279873251915, 0.08395306766033173, 0.042946308851242065, 0.06177044287323952, 0.1166330948472023, 0.1980486810207367, 0.3132917881011963, 0.3102559745311737, 0.06765169650316238, 0.14672009646892548, 0.16443511843681335, 0.28317004442214966, 0.3380230963230133, 0.182538703083992, 0.7729284763336182, 0.013578944839537144, 0.00760582135990262, 0.02334805205464363, 0.10420624911785126, 0.8394087553024292, 0.012087352573871613, 0.010783109813928604, 0.03351451829075813, 0.3765564262866974, 0.039421144872903824, 0.08037945628166199, 0.2705847918987274, 0.2330581694841385, 0.1083679050207138, 0.049108270555734634, 0.13464979827404022, 0.5259050726890564, 0.18196889758110046, 0.09104829281568527, 0.09073192626237869, 0.11650228500366211, 0.4297381043434143, 0.27197933197021484, 0.2944491505622864, 0.18743467330932617, 0.07639717310667038, 0.22323264181613922, 0.21848635375499725, 0.16806189715862274, 0.25242164731025696, 0.12867239117622375, 0.09049800783395767, 0.36034610867500305, 0.21380996704101562, 0.2365618348121643, 0.06311438232660294, 0.3076077699661255, 0.17890609800815582, 0.43195009231567383, 0.07286310940980911, 0.07371166348457336, 0.2898930013179779, 0.131582111120224, 0.04401641711592674, 0.039830971509218216, 0.08136416226625443, 0.3670899271965027, 0.46769851446151733, 0.021560749039053917, 0.036039795726537704, 0.09436267614364624, 0.5120061635971069, 0.33603063225746155, 0.6683274507522583, 0.04389394074678421, 0.06421196460723877, 0.09581173956394196, 0.12775491178035736, 0.095982126891613, 0.8523918986320496, 0.010135019198060036, 0.027729501947760582, 0.013761419802904129, 0.884541928768158, 0.018772371113300323, 0.01540814246982336, 0.06887917965650558, 0.012398448772728443, 0.1964559704065323, 0.7331963777542114, 0.018546730279922485, 0.01710541360080242, 0.034695468842983246, 0.345624715089798, 0.22914159297943115, 0.05760517343878746, 0.11443103849887848, 0.2531975507736206, 0.29095274209976196, 0.11159466207027435, 0.040991440415382385, 0.440091609954834, 0.1163695827126503, 0.0238784346729517, 0.8428688049316406, 0.019201047718524933, 0.04644932225346565, 0.0676024779677391, 0.0591951385140419, 0.10133560001850128, 0.10172098129987717, 0.479017436504364, 0.25873082876205444, 0.8612679839134216, 0.07702663540840149, 0.012954328209161758, 0.006688314955681562, 0.042062729597091675, 0.8182315230369568, 0.11501731723546982, 0.01717885211110115, 0.008967448957264423, 0.040604881942272186, 0.7981711030006409, 0.05293482169508934, 0.037114523351192474, 0.027264054864645004, 0.08451549708843231, 0.3703077435493469, 0.05170785263180733, 0.11462061107158661, 0.27151238918304443, 0.1918514370918274, 0.3892262578010559, 0.13718296587467194, 0.045534294098615646, 0.14706234633922577, 0.280994176864624, 0.9454473257064819, 0.019889548420906067, 0.009131263941526413, 0.012987291440367699, 0.012544609606266022, 0.8155090808868408, 0.11345093697309494, 0.012240448966622353, 0.03177367523312569, 0.027025852352380753, 0.6309964060783386, 0.16455455124378204, 0.03516621142625809, 0.011978449299931526, 0.15730440616607666, 0.28979235887527466, 0.5235547423362732, 0.031216811388731003, 0.011139832437038422, 0.14429621398448944, 0.500350296497345, 0.15816739201545715, 0.052798353135585785, 0.02148115448653698, 0.267202764749527, 0.9508353471755981, 0.022549111396074295, 0.009971093386411667, 0.006616146303713322, 0.010028236545622349, 0.15966668725013733, 0.7677904367446899, 0.019965916872024536, 0.013352449983358383, 0.0392245277762413, 0.1994927078485489, 0.029426051303744316, 0.17342008650302887, 0.23559144139289856, 0.3620697259902954, 0.1607116013765335, 0.25302615761756897, 0.07816468924283981, 0.31181174516677856, 0.19628576934337616, 0.46279019117355347, 0.14644171297550201, 0.06198588013648987, 0.2611335515975952, 0.06764867901802063, 0.16995736956596375, 0.12764400243759155, 0.08771197497844696, 0.5290263295173645, 0.08566031605005264, 0.5448594093322754, 0.06372086703777313, 0.06619615107774734, 0.21349237859249115, 0.11173122376203537, 0.13383738696575165, 0.13634200394153595, 0.07475180923938751, 0.5237582921981812, 0.13131053745746613, 0.1045045480132103, 0.21623049676418304, 0.07699849456548691, 0.5439116954803467, 0.058354735374450684, 0.07312765717506409, 0.08129332959651947, 0.08916479349136353, 0.6733278632164001, 0.08308636397123337, 0.24457620084285736, 0.32517144083976746, 0.07011184096336365, 0.08022502809762955, 0.27991554141044617, 0.5083422064781189, 0.24253146350383759, 0.04070744663476944, 0.04954148456454277, 0.1588773876428604, 0.0707317590713501, 0.16111089289188385, 0.09292937815189362, 0.2637372314929962, 0.41149067878723145, 0.9151999950408936, 0.03876412659883499, 0.01829473301768303, 0.009671089239418507, 0.018070051446557045, 0.09492258727550507, 0.3304784893989563, 0.06697259843349457, 0.11481433361768723, 0.39281201362609863, 0.13610561192035675, 0.30809321999549866, 0.07225537300109863, 0.16450093686580658, 0.3190447986125946, 0.8110455274581909, 0.08609837293624878, 0.01957319676876068, 0.05824427306652069, 0.02503862977027893, 0.23569725453853607, 0.07477473467588425, 0.06508577615022659, 0.5496400594711304, 0.07480219751596451, 0.24375222623348236, 0.21670638024806976, 0.09663421660661697, 0.06483575701713562, 0.3780713677406311, 0.0718434527516365, 0.0636400431394577, 0.07450620830059052, 0.5843204855918884, 0.20568978786468506, 0.13380028307437897, 0.14621436595916748, 0.05896218121051788, 0.23479479551315308, 0.4262283146381378, 0.17848312854766846, 0.16506054997444153, 0.13135039806365967, 0.26947885751724243, 0.2556270360946655, 0.38857951760292053, 0.2997976839542389, 0.0903974249958992, 0.09525444358587265, 0.12597094476222992, 0.38304629921913147, 0.01685929298400879, 0.0665193423628807, 0.36945831775665283, 0.1641167402267456, 0.08901706337928772, 0.017808757722377777, 0.05590646713972092, 0.7492918968200684, 0.08797585219144821, 0.18111750483512878, 0.02172258123755455, 0.057130035012960434, 0.6288905739784241, 0.11113931238651276, 0.16820842027664185, 0.09392252564430237, 0.07433021068572998, 0.45619428157806396, 0.20734454691410065, 0.05167172849178314, 0.0722401887178421, 0.10856010764837265, 0.4997584819793701, 0.2677695155143738, 