{"metrics": {"ACC": 43.35664335664335, "F1": 30.377286342489317}, "predictions": [0, 0, 3, 0, 0, 0, 1, 1, 0, 3, 3, 0, 0, 0, 3, 3, 3, 0, 1, 0, 1, 0, 0, 1, 0, 0, 0, 0, 0, 0, 0, 0, 0, 0, 0, 0, 1, 3, 0, 0, 0, 0, 0, 1, 3, 0, 0, 0, 0, 0, 0, 0, 0, 0, 0, 0, 0, 0, 0, 0, 0, 3, 3, 0, 0, 0, 3, 3, 3, 0, 0, 0, 3, 3, 3, 3, 0, 3, 3, 3, 3, 0, 0, 0, 0, 3, 3, 3, 3, 0, 3, 0, 0, 0, 3, 3, 3, 3, 3, 1, 3, 0, 0, 0, 0, 0, 0, 3, 0, 0, 0, 0, 0, 0, 0, 0, 0, 0, 1, 0, 0, 0, 1, 0, 0, 1, 0, 0, 1, 1, 1, 1, 3, 3, 3, 1, 0, 0, 1, 0, 0, 1, 0], "uids": ["0", "1", "2", "3", "4", "5", "6", "7", "8", "9", "10", "11", "12", "13", "14", "15", "16", "17", "18", "19", "20", "21", "22", "23", "24", "25", "26", "27", "28", "29", "30", "31", "32", "33", "34", "35", "36", "37", "38", "39", "40", "41", "42", "43", "44", "45", "46", "47", "48", "49", "50", "51", "52", "53", "54", "55", "56", "57", "58", "59", "60", "61", "62", "63", "64", "65", "66", "67", "68", "69", "70", "71", "72", "73", "74", "75", "76", "77", "78", "79", "80", "81", "82", "83", "84", "85", "86", "87", "88", "89", "90", "91", "92", "93", "94", "95", "96", "97", "98", "99", "100", "101", "102", "103", "104", "105", "106", "107", "108", "109", "110", "111", "112", "113", "114", "115", "116", "117", "118", "119", "120", "121", "122", "123", "124", "125", "126", "127", "128", "129", "130", "131", "132", "133", "134", "135", "136", "137", "138", "139", "140", "141", "142"], "scores": [0.34530654549598694, 0.1797369122505188, 0.07336743175983429, 0.22268570959568024, 0.17890341579914093, 0.48295506834983826, 0.1473923921585083, 0.06793156266212463, 0.14787626266479492, 0.1538446992635727, 0.27836376428604126, 0.08679155260324478, 0.07669533789157867, 0.4117000699043274, 0.14644929766654968, 0.5119847059249878, 0.08080732822418213, 0.06645696610212326, 0.2608979046344757, 0.07985308021306992, 0.38537418842315674, 0.1167607307434082, 0.06519611179828644, 0.25707295536994934, 0.17559604346752167, 0.4163505434989929, 0.16156311333179474, 0.05789804831147194, 0.19660958647727966, 0.16757872700691223, 0.21114853024482727, 0.6330905556678772, 0.039811503142118454, 0.05833406001329422, 0.05761536583304405, 0.2422989159822464, 0.5902565717697144, 0.03800107538700104, 0.06723415851593018, 0.062209323048591614, 0.44162845611572266, 0.0964018702507019, 0.08515351265668869, 0.2350148856639862, 0.1418013572692871, 0.2826850116252899, 0.10728293657302856, 0.09187563508749008, 0.3501254916191101, 0.16803096234798431, 0.25486689805984497, 0.1321406066417694, 0.08467985689640045, 0.33103087544441223, 0.19728174805641174, 0.39750438928604126, 0.19264884293079376, 0.060312576591968536, 0.20007646083831787, 0.14945778250694275, 0.40155312418937683, 0.19619916379451752, 0.06404238939285278, 0.19617095589637756, 0.14203432202339172, 0.3620128631591797, 0.2010856717824936, 0.057634387165308, 0.2303510308265686, 0.148916095495224, 0.3085165023803711, 0.11154686659574509, 0.08268525451421738, 0.3523593544960022, 0.14489203691482544, 0.33650603890419006, 0.08493643254041672, 0.08670584857463837, 0.3584565222263336, 0.13339516520500183, 0.3087628483772278, 0.08410552144050598, 0.0888754352927208, 0.38273292779922485, 0.13552330434322357, 0.6060168147087097, 0.08465366810560226, 0.0644378587603569, 0.15379486978054047, 0.09109674394130707, 0.12929165363311768, 0.6354827880859375, 0.04026293754577637, 0.11954132467508316, 0.07542120665311813, 0.7722554206848145, 0.053409043699502945, 0.03624835982918739, 0.099948950111866, 0.0381382554769516, 0.2323671579360962, 0.5962252020835876, 0.040453970432281494, 0.06777022778987885, 0.06318346410989761, 0.629951000213623, 0.172769695520401, 0.042996957898139954, 0.07102717459201813, 0.08325514197349548, 0.30391189455986023, 0.22651278972625732, 0.05663159489631653, 0.2725397050380707, 0.14040397107601166, 0.18941861391067505, 0.5133444666862488, 0.05473759025335312, 0.1289718598127365, 0.11352743953466415, 0.3596212863922119, 0.14428047835826874, 0.07432667911052704, 0.28193846344947815, 0.13983310759067535, 0.6647944450378418, 0.12288416922092438, 0.04558775946497917, 0.08286181092262268, 0.08387193828821182, 0.692494809627533, 0.1015205904841423, 0.04989083111286163, 0.08080757409334183, 0.0752861499786377, 0.6939822435379028, 0.09653685986995697, 0.058386433869600296, 0.07338885217905045, 0.07770565897226334, 0.383154034614563, 0.1208263635635376, 0.06543918699026108, 0.29472020268440247, 0.13586017489433289, 0.4675265848636627, 0.12109784781932831, 0.05566839501261711, 0.2236441820859909, 0.13206303119659424, 0.7804118990898132, 0.06914283335208893, 0.03353230282664299, 0.07371541857719421, 0.04319748654961586, 0.7917057871818542, 0.09232635051012039, 0.030062789097428322, 0.04469840228557587, 0.041206683963537216, 0.5612185597419739, 0.164825901389122, 0.07536758482456207, 0.10325692594051361, 0.09533103555440903, 0.41372624039649963, 0.39358896017074585, 0.04681424796581268, 0.05694672837853432, 0.08892378211021423, 0.5269376039505005, 0.19140738248825073, 0.076074980199337, 0.1089058369398117, 0.09667419642210007, 0.6381033658981323, 0.14451517164707184, 0.042296912521123886, 0.08928752690553665, 0.08579705655574799, 0.2478492110967636, 0.5797905325889587, 0.04297048971056938, 0.06612227857112885, 0.06326740980148315, 0.31596025824546814, 0.07688669860363007, 0.11655811220407486, 0.3459874093532562, 0.1446075439453125, 0.37163233757019043, 0.17347049713134766, 0.06515313684940338, 0.24244356155395508, 0.14730040729045868, 0.46150949597358704, 0.1279347687959671, 0.057337041944265366, 0.23442944884300232, 0.11878927052021027, 0.43493175506591797, 0.12496127188205719, 0.05768449604511261, 0.25954094529151917, 0.12288151681423187, 0.393783301115036, 0.10809598118066788, 0.08137649297714233, 0.2559562027454376, 0.16078798472881317, 0.3312336206436157, 0.13578298687934875, 0.07608839869499207, 0.3045497536659241, 0.1523451805114746, 0.12282657623291016, 0.6009600758552551, 0.04527462273836136, 0.15516632795333862, 0.07577233761548996, 0.19872218370437622, 0.22965097427368164, 0.07543716579675674, 0.3369019627571106, 0.1592877060174942, 0.38693782687187195, 0.12983116507530212, 0.09008780866861343, 0.2602892518043518, 0.13285398483276367, 0.3936900794506073, 0.12867219746112823, 0.08885402232408524, 0.26048940420150757, 0.12829434871673584, 0.3300638794898987, 0.17597433924674988, 0.06087964028120041, 0.26819950342178345, 0.16488264501094818, 0.6780993938446045, 0.11087692528963089, 0.049073152244091034, 0.09758230298757553, 0.06436827778816223, 0.3175969421863556, 0.1475176364183426, 0.06928498297929764, 0.2874174118041992, 0.17818309366703033, 0.3382548391819, 0.14072702825069427, 0.07065189629793167, 0.29322847723960876, 0.15713776648044586, 0.8095709085464478, 0.08074907213449478, 0.029514100402593613, 0.040862198919057846, 0.0393037348985672, 0.48231369256973267, 0.1950192004442215, 0.05238574370741844, 0.17443659901618958, 0.09584475308656693, 0.5329959988594055, 0.1353415846824646, 0.060924407094717026, 0.1426851451396942, 0.12805286049842834, 0.38157355785369873, 0.12025467306375504, 0.06010223925113678, 0.2641298770904541, 0.17393973469734192, 0.45256075263023376, 0.12091680616140366, 0.054871801286935806, 0.20890866219997406, 0.1627420336008072, 0.3806379735469818, 0.12927372753620148, 0.07724349945783615, 0.26191040873527527, 0.15093448758125305, 0.5257784128189087, 0.19417978823184967, 0.05218402296304703, 0.1313600093126297, 0.09649781882762909, 0.5103684067726135, 0.06258642673492432, 0.0792805403470993, 0.2590729892253876, 0.08869165182113647, 0.502293050289154, 0.0499296635389328, 0.07463903725147247, 0.2838565409183502, 0.0892816111445427, 0.5140973925590515, 0.04704819992184639, 0.07408831268548965, 0.27142268419265747, 0.09334342181682587, 0.2309284657239914, 0.1462777853012085, 0.08647269755601883, 0.35827744007110596, 0.17804357409477234, 0.17460215091705322, 0.12176819145679474, 0.10458660125732422, 0.4077302813529968, 0.19131271541118622, 0.33810412883758545, 0.19374537467956543, 