{"metrics": {"ACC": 41.95804195804196, "F1": 32.550396574599766}, "predictions": [1, 0, 3, 0, 4, 4, 1, 1, 0, 3, 3, 0, 4, 0, 0, 4, 3, 0, 1, 0, 1, 0, 3, 1, 3, 0, 0, 0, 0, 4, 0, 0, 0, 1, 0, 0, 1, 4, 3, 3, 3, 0, 3, 3, 3, 1, 0, 4, 0, 4, 4, 0, 3, 4, 3, 4, 4, 0, 0, 3, 3, 3, 3, 1, 1, 1, 3, 3, 3, 0, 0, 0, 0, 3, 3, 3, 0, 3, 3, 3, 3, 3, 0, 0, 0, 4, 0, 0, 3, 1, 3, 1, 0, 0, 0, 0, 0, 4, 4, 1, 0, 0, 0, 0, 0, 0, 3, 3, 0, 4, 0, 0, 0, 4, 0, 0, 4, 0, 1, 3, 3, 0, 0, 4, 3, 1, 0, 0, 1, 3, 1, 1, 3, 3, 3, 1, 0, 3, 1, 0, 0, 1, 0], "uids": ["0", "1", "2", "3", "4", "5", "6", "7", "8", "9", "10", "11", "12", "13", "14", "15", "16", "17", "18", "19", "20", "21", "22", "23", "24", "25", "26", "27", "28", "29", "30", "31", "32", "33", "34", "35", "36", "37", "38", "39", "40", "41", "42", "43", "44", "45", "46", "47", "48", "49", "50", "51", "52", "53", "54", "55", "56", "57", "58", "59", "60", "61", "62", "63", "64", "65", "66", "67", "68", "69", "70", "71", "72", "73", "74", "75", "76", "77", "78", "79", "80", "81", "82", "83", "84", "85", "86", "87", "88", "89", "90", "91", "92", "93", "94", "95", "96", "97", "98", "99", "100", "101", "102", "103", "104", "105", "106", "107", "108", "109", "110", "111", "112", "113", "114", "115", "116", "117", "118", "119", "120", "121", "122", "123", "124", "125", "126", "127", "128", "129", "130", "131", "132", "133", "134", "135", "136", "137", "138", "139", "140", "141", "142"], "scores": [0.2750549018383026, 0.5039368271827698, 0.06784632802009583, 0.018027963116765022, 0.1351340115070343, 0.38678669929504395, 0.13427585363388062, 0.0803297907114029, 0.049110572785139084, 0.3494971692562103, 0.04892507195472717, 0.011102911084890366, 0.064734548330307, 0.8110323548316956, 0.06420516967773438, 0.8955397009849548, 0.014723998494446278, 0.022258488461375237, 0.03846573829650879, 0.02901221066713333, 0.02899172343313694, 0.11108794063329697, 0.226955384016037, 0.19878166913986206, 0.4341832995414734, 0.030985726043581963, 0.13253849744796753, 0.17617006599903107, 0.18900969624519348, 0.47129595279693604, 0.1349576860666275, 0.8206223845481873, 0.014807342551648617, 0.007180964108556509, 0.02243168279528618, 0.07928869128227234, 0.8781582713127136, 0.009909730404615402, 0.00717569375410676, 0.025467567145824432, 0.46441930532455444, 0.026251040399074554, 0.07486346364021301, 0.2624789774417877, 0.17198725044727325, 0.10516083985567093, 0.033945124596357346, 0.110634945333004, 0.617307722568512, 0.13295139372348785, 0.09877100586891174, 0.08131475001573563, 0.11348620057106018, 0.48257961869239807, 0.22384843230247498, 0.3297176957130432, 0.14751937985420227, 0.08720599114894867, 0.23121221363544464, 0.20434477925300598, 0.14218536019325256, 0.2218627780675888, 0.16022469103336334, 0.06916936486959457, 0.40655773878097534, 0.2911154329776764, 0.20452778041362762, 0.06967691332101822, 0.2830928564071655, 0.15158696472644806, 0.46308591961860657, 0.05905567482113838, 0.07059892266988754, 0.2820947766304016, 0.1251646876335144, 0.026964249089360237, 0.025093484669923782, 0.08040573447942734, 0.30624184012413025, 0.561294674873352, 0.010886040516197681, 0.02221911959350109, 0.10019134730100632, 0.48394909501075745, 0.38275444507598877, 0.6851750016212463, 0.04419093206524849, 0.061829112470149994, 0.08477623760700226, 0.12402868270874023, 0.05864559859037399, 0.9004242420196533, 0.007951298728585243, 0.022395072504878044, 0.010583688504993916, 0.8769102692604065, 0.017176618799567223, 0.014767753891646862, 0.08018554747104645, 0.01095972117036581, 0.1908370852470398, 0.7456274032592773, 0.018918966874480247, 0.016035372391343117, 0.028581203892827034, 0.3260607421398163, 0.21058128774166107, 0.061633095145225525, 0.1316087245941162, 0.2701161503791809, 0.30485549569129944, 0.1049555316567421, 0.038902174681425095, 0.4093203544616699, 0.14196652173995972, 0.016311801970005035, 0.8627136945724487, 0.01753557100892067, 0.042548876255750656, 0.060890018939971924, 0.03390390798449516, 0.0831557959318161, 0.11296559870243073, 0.5138416290283203, 0.2561330497264862, 0.8902053236961365, 0.060061015188694, 0.01184795517474413, 0.005196781363338232, 0.0326889269053936, 0.8615974187850952, 0.09503060579299927, 0.012201993726193905, 0.0056571438908576965, 0.025512855499982834, 0.8418201208114624, 0.04154907539486885, 0.031515613198280334, 0.018560603260993958, 0.06655451655387878, 0.29871395230293274, 0.047998588532209396, 0.14150744676589966, 0.28093066811561584, 0.23084941506385803, 0.27468398213386536, 0.12714548408985138, 0.058830346912145615, 0.2174719274044037, 0.3218682110309601, 0.9451286196708679, 0.018259504809975624, 0.009404522366821766, 0.01484000962227583, 0.01236733514815569, 0.8296311497688293, 0.10723704844713211, 0.010807991959154606, 0.03187049552798271, 0.020453250035643578, 0.6000317335128784, 0.20075927674770355, 0.03590409830212593, 0.009214772842824459, 0.15409015119075775, 0.23588190972805023, 0.5970940589904785, 0.027017422020435333, 0.007791466545313597, 0.13221514225006104, 0.5177090167999268, 0.1637248694896698, 0.05228269100189209, 0.017049338668584824, 0.24923400580883026, 0.9654964804649353, 0.015963496640324593, 0.00750557379797101, 0.004849025513976812, 0.006185461767017841, 0.13971024751663208, 0.7974970936775208, 0.01841951347887516, 0.01072610355913639, 0.03364704176783562, 0.17310643196105957, 0.023514756932854652, 0.2083624005317688, 0.20222045481204987, 0.39279597997665405, 0.11581788957118988, 0.20217782258987427, 0.08821669965982437, 0.4138658940792084, 0.1799216866493225, 0.3221343755722046, 0.13317254185676575, 0.07665744423866272, 0.41127634048461914, 0.05675923079252243, 0.10563185065984726, 0.09729164093732834, 0.09032060205936432, 0.6462309956550598, 0.06052488833665848, 0.6876148581504822, 0.03804584965109825, 0.05476188659667969, 0.1545470505952835, 0.06503037363290787, 0.1511588990688324, 0.12228838354349136, 0.06360507756471634, 0.5564703941345215, 0.10647720843553543, 0.09201653301715851, 0.13588286936283112, 0.07341344654560089, 0.6536563038825989, 0.0450308732688427, 0.0690966546535492, 0.07449719309806824, 0.07978568226099014, 0.713663637638092, 0.062956802546978, 0.17326299846172333, 0.36156195402145386, 0.07500637322664261, 0.0657135397195816, 0.3244551420211792, 0.5736910700798035, 0.22744232416152954, 0.035457879304885864, 0.03990352898836136, 0.12350530177354813, 0.034428805112838745, 0.11333642154932022, 0.11918652057647705, 0.14175130426883698, 0.5912969708442688, 0.942979097366333, 0.031536590307950974, 0.01062627974897623, 0.005502357147634029, 0.009355657733976841, 0.08302642405033112, 0.3712521195411682, 0.06100020557641983, 0.09235487878322601, 0.39236631989479065, 0.11931098252534866, 0.22410480678081512, 0.08100085705518723, 0.15782223641872406, 0.41776105761528015, 0.7922008633613586, 0.07739951461553574, 0.021148182451725006, 0.08628690987825394, 0.02296452783048153, 0.14391571283340454, 0.04752364754676819, 0.07350533455610275, 0.6833163499832153, 0.05173899605870247, 0.13030095398426056, 0.21784064173698425, 0.10440078377723694, 0.043792854994535446, 0.5036647915840149, 0.0350932739675045, 0.04455334693193436, 0.07736794650554657, 0.6664657592773438, 0.17651969194412231, 0.09421887993812561, 0.14747722446918488, 0.057280901819467545, 0.1885448545217514, 0.5124781727790833, 0.17828331887722015, 0.1783657670021057, 0.13014772534370422, 0.2210046350955963, 0.2921985685825348, 0.3695189356803894, 0.332656592130661, 0.11040323972702026, 0.07756201922893524, 0.10985928028821945, 0.468639999628067, 0.012180155143141747, 0.07834142446517944, 0.2774524390697479, 0.16338597238063812, 0.06535733491182327, 0.010103695094585419, 0.05955363065004349, 0.7982131242752075, 0.06677224487066269, 0.20393869280815125, 0.01892448216676712, 0.05994464457035065, 0.6423025131225586, 0.07488974183797836, 0.1877995729446411, 0.07329967617988586, 0.07136521488428116, 0.4823996126651764, 0.18513593077659607, 0.043487586081027985, 0.06309964507818222, 0.10903828591108322, 0.4975939393043518, 0.28678053617477417, 