{"metrics": {"ACC": 41.95804195804196, "F1": 28.808268733850127}, "predictions": [0, 0, 3, 0, 0, 0, 1, 1, 0, 3, 3, 0, 0, 0, 0, 3, 3, 0, 1, 0, 1, 0, 3, 1, 3, 0, 0, 0, 0, 0, 0, 0, 0, 1, 0, 0, 1, 3, 0, 0, 0, 3, 3, 1, 3, 0, 0, 3, 0, 3, 3, 0, 0, 0, 3, 0, 0, 0, 0, 0, 0, 3, 3, 0, 1, 1, 3, 3, 3, 0, 0, 0, 3, 3, 3, 3, 0, 3, 3, 3, 3, 0, 0, 0, 0, 3, 3, 0, 1, 1, 1, 0, 0, 0, 3, 3, 3, 3, 3, 1, 3, 0, 0, 0, 0, 0, 3, 3, 0, 1, 0, 0, 0, 0, 0, 0, 0, 0, 1, 0, 0, 0, 0, 3, 1, 1, 0, 0, 1, 3, 1, 1, 3, 3, 3, 1, 0, 0, 1, 0, 0, 1, 0], "uids": ["0", "1", "2", "3", "4", "5", "6", "7", "8", "9", "10", "11", "12", "13", "14", "15", "16", "17", "18", "19", "20", "21", "22", "23", "24", "25", "26", "27", "28", "29", "30", "31", "32", "33", "34", "35", "36", "37", "38", "39", "40", "41", "42", "43", "44", "45", "46", "47", "48", "49", "50", "51", "52", "53", "54", "55", "56", "57", "58", "59", "60", "61", "62", "63", "64", "65", "66", "67", "68", "69", "70", "71", "72", "73", "74", "75", "76", "77", "78", "79", "80", "81", "82", "83", "84", "85", "86", "87", "88", "89", "90", "91", "92", "93", "94", "95", "96", "97", "98", "99", "100", "101", "102", "103", "104", "105", "106", "107", "108", "109", "110", "111", "112", "113", "114", "115", "116", "117", "118", "119", "120", "121", "122", "123", "124", "125", "126", "127", "128", "129", "130", "131", "132", "133", "134", "135", "136", "137", "138", "139", "140", "141", "142"], "scores": [0.37032774090766907, 0.33646371960639954, 0.06040852516889572, 0.09098470211029053, 0.14181528985500336, 0.46977847814559937, 0.2061220109462738, 0.06931491196155548, 0.07911426573991776, 0.17567026615142822, 0.24995525181293488, 0.049777813255786896, 0.07660873979330063, 0.5132231116294861, 0.11043507605791092, 0.5505893230438232, 0.10473937541246414, 0.06766118109226227, 0.1684371680021286, 0.10857297480106354, 0.3250361382961273, 0.1073218435049057, 0.07555883377790451, 0.31121063232421875, 0.18087251484394073, 0.379106342792511, 0.23546545207500458, 0.05901097133755684, 0.14212848246097565, 0.18428874015808105, 0.15945929288864136, 0.7491427063941956, 0.021770857274532318, 0.02899305336177349, 0.040634021162986755, 0.1501161754131317, 0.7526531219482422, 0.02065027691423893, 0.03253738954663277, 0.044043052941560745, 0.4401741921901703, 0.09176047891378403, 0.07858462631702423, 0.2117379754781723, 0.17774270474910736, 0.23341672122478485, 0.11692073196172714, 0.10601282864809036, 0.3624431788921356, 0.18120655417442322, 0.19274240732192993, 0.1460440754890442, 0.09598582237958908, 0.3437960147857666, 0.2214316725730896, 0.39687448740005493, 0.21777695417404175, 0.05799942836165428, 0.17527788877487183, 0.15207123756408691, 0.37326449155807495, 0.22389136254787445, 0.0668124407529831, 0.1767970770597458, 0.15923462808132172, 0.36847904324531555, 0.17111162841320038, 0.06668708473443985, 0.24626074731349945, 0.14746147394180298, 0.3410184681415558, 0.10744905471801758, 0.0831114798784256, 0.3226398527622223, 0.14578118920326233, 0.24570907652378082, 0.08659220486879349, 0.07597267627716064, 0.35925495624542236, 0.2324710339307785, 0.18749403953552246, 0.0751684382557869, 0.08409944176673889, 0.435898095369339, 0.21734003722667694, 0.6597492098808289, 0.05831066891551018, 0.0478021502494812, 0.13090388476848602, 0.10323405265808105, 0.1322278529405594, 0.7688238620758057, 0.019938787445425987, 0.05090416222810745, 0.028105366975069046, 0.8439396023750305, 0.03404861316084862, 0.025290822610259056, 0.07185817509889603, 0.024862781167030334, 0.14321936666965485, 0.7455440163612366, 0.024761049076914787, 0.03618652746081352, 0.05028896778821945, 0.5576567649841309, 0.22002790868282318, 0.043777912855148315, 0.08268926292657852, 0.09584804624319077, 0.27294591069221497, 0.146723210811615, 0.053453925997018814, 0.4079497456550598, 0.11892718076705933, 0.09399649500846863, 0.7172085046768188, 0.03148815035820007, 0.0678546130657196, 0.08945228159427643, 0.23560528457164764, 0.11058799922466278, 0.07518285512924194, 0.3903089463710785, 0.18831489980220795, 0.7104957103729248, 0.1437896341085434, 0.0300974790006876, 0.03558484837412834, 0.08003231137990952, 0.7193204164505005, 0.13808950781822205, 0.0355890691280365, 0.036651335656642914, 0.07034976780414581, 0.6962317228317261, 0.09271141141653061, 0.055667176842689514, 0.06332410126924515, 0.09206558763980865, 0.4288191795349121, 0.09441688656806946, 0.06942354887723923, 0.27307796478271484, 0.13426236808300018, 0.455183207988739, 0.11595255881547928, 0.050125204026699066, 0.22746267914772034, 0.1512763500213623, 0.8247946500778198, 0.05337447673082352, 0.027212563902139664, 0.0525391660630703, 0.04207903519272804, 0.8055470585823059, 0.08534783869981766, 0.025658495724201202, 0.04287238046526909, 0.04057423770427704, 0.5244773030281067, 0.23314857482910156, 0.041550785303115845, 0.044888317584991455, 0.15593495965003967, 0.3148359954357147, 0.4898626506328583, 0.03616635873913765, 0.03660033270716667, 0.1225346177816391, 0.570711076259613, 0.20288319885730743, 0.047394927591085434, 0.046008940786123276, 0.13300186395645142, 0.7323052883148193, 0.12108629941940308, 0.03434658795595169, 0.0506865419447422, 0.0615752674639225, 0.15805350244045258, 0.7434387803077698, 0.022074967622756958, 0.03144506365060806, 0.044987753033638, 0.27876245975494385, 0.0555717907845974, 0.10039562731981277, 0.3673552870750427, 0.19791486859321594, 0.36024054884910583, 0.18045350909233093, 0.06046948954463005, 0.24476613104343414, 0.15407031774520874, 0.4668911397457123, 0.1279175579547882, 0.05984193831682205, 0.2350909262895584, 0.11025845259428024, 0.44062086939811707, 0.14252950251102448, 0.06260230392217636, 0.24796897172927856, 0.10627837479114532, 0.3158006966114044, 0.08373615145683289, 0.08399912714958191, 0.35265421867370605, 0.16380980610847473, 0.2081029862165451, 0.10763449966907501, 0.07824378460645676, 0.460203617811203, 0.14581520855426788, 0.16988517343997955, 0.38716375827789307, 0.0505775548517704, 0.3056762218475342, 0.08669725805521011, 0.17770911753177643, 0.10423991829156876, 0.0903734639286995, 0.4766223132610321, 0.15105514228343964, 0.46510419249534607, 0.15779520571231842, 0.08026061952114105, 0.16579356789588928, 0.13104642927646637, 0.5523433089256287, 0.15465165674686432, 0.06653013825416565, 0.12003768235445023, 0.10643721371889114, 0.23340828716754913, 0.14508852362632751, 0.0643540471792221, 0.3902376890182495, 0.16691143810749054, 0.7575928568840027, 0.1189531534910202, 0.029825856909155846, 0.03814586251974106, 0.05548232048749924, 0.2215113490819931, 0.18480142951011658, 0.07186475396156311, 0.2861025631427765, 0.23571999371051788, 0.2283148467540741, 0.15268218517303467, 0.06842545419931412, 0.35640114545822144, 0.19417636096477509, 0.8418065309524536, 0.06437381356954575, 0.02447967790067196, 0.03803293779492378, 0.031307023018598557, 0.4972515106201172, 0.1388283371925354, 0.054644472897052765, 0.21653799712657928, 0.09273769706487656, 0.4717296063899994, 0.16575555503368378, 0.07083877176046371, 0.13999083638191223, 0.15168525278568268, 0.23761405050754547, 0.09898488223552704, 0.06985978037118912, 0.42498263716697693, 0.16855868697166443, 0.3272522985935211, 0.13308683037757874, 0.06429486721754074, 0.28916803002357483, 0.18619795143604279, 0.2874632477760315, 0.14727865159511566, 0.0954713374376297, 0.2866150140762329, 0.18317174911499023, 0.5552573204040527, 0.1826709806919098, 0.05731038376688957, 0.11339055001735687, 0.09137064963579178, 0.5638924241065979, 0.04823363199830055, 0.06013423204421997, 0.22166457772254944, 0.10607516020536423, 0.46924176812171936, 0.03856100142002106, 0.06024453043937683, 0.32314470410346985, 0.10880797356367111, 0.49282917380332947, 0.04104992747306824, 0.055188681930303574, 0.2908830940723419, 0.12004918605089188, 0.15976296365261078, 0.10278604179620743, 0.093269944190979, 0.4801693856716156, 0.1640116423368454, 0.11166606843471527, 0.08177263289690018, 0.11541496962308884, 0.5218655467033386, 0.1692807674407959, 0.3272184133529663, 