{"metrics": {"ACC": 43.35664335664335, "F1": 33.781410965005534}, "predictions": [1, 0, 3, 0, 4, 4, 1, 1, 0, 3, 3, 0, 4, 0, 0, 4, 3, 0, 1, 0, 1, 0, 3, 1, 3, 0, 0, 0, 0, 0, 0, 0, 0, 1, 0, 0, 1, 4, 3, 0, 3, 0, 3, 3, 3, 1, 0, 4, 0, 4, 4, 0, 3, 4, 3, 4, 4, 0, 0, 3, 3, 3, 3, 1, 1, 1, 3, 3, 3, 0, 0, 0, 0, 3, 3, 3, 0, 3, 3, 3, 3, 3, 0, 0, 0, 4, 0, 0, 3, 1, 3, 1, 0, 0, 0, 0, 0, 4, 4, 1, 0, 0, 0, 0, 4, 0, 3, 3, 0, 4, 0, 0, 0, 4, 0, 0, 4, 0, 1, 3, 0, 0, 0, 4, 3, 1, 0, 0, 1, 3, 1, 1, 3, 3, 3, 1, 0, 3, 1, 0, 0, 0, 0], "uids": ["0", "1", "2", "3", "4", "5", "6", "7", "8", "9", "10", "11", "12", "13", "14", "15", "16", "17", "18", "19", "20", "21", "22", "23", "24", "25", "26", "27", "28", "29", "30", "31", "32", "33", "34", "35", "36", "37", "38", "39", "40", "41", "42", "43", "44", "45", "46", "47", "48", "49", "50", "51", "52", "53", "54", "55", "56", "57", "58", "59", "60", "61", "62", "63", "64", "65", "66", "67", "68", "69", "70", "71", "72", "73", "74", "75", "76", "77", "78", "79", "80", "81", "82", "83", "84", "85", "86", "87", "88", "89", "90", "91", "92", "93", "94", "95", "96", "97", "98", "99", "100", "101", "102", "103", "104", "105", "106", "107", "108", "109", "110", "111", "112", "113", "114", "115", "116", "117", "118", "119", "120", "121", "122", "123", "124", "125", "126", "127", "128", "129", "130", "131", "132", "133", "134", "135", "136", "137", "138", "139", "140", "141", "142"], "scores": [0.2693684995174408, 0.4673210382461548, 0.07043545693159103, 0.021423542872071266, 0.17145143449306488, 0.4393598139286041, 0.1301029473543167, 0.07394938915967941, 0.049126673489809036, 0.3074612021446228, 0.06443192064762115, 0.011643629521131516, 0.07033119350671768, 0.7793195247650146, 0.07427379488945007, 0.8685224056243896, 0.017221910879015923, 0.02555324323475361, 0.05204141512513161, 0.03666093945503235, 0.042702656239271164, 0.0947173461318016, 0.2295129895210266, 0.2774340510368347, 0.3556329011917114, 0.04547203332185745, 0.12392853945493698, 0.17575490474700928, 0.2404153198003769, 0.4144291579723358, 0.164136603474617, 0.7884629368782043, 0.014410467818379402, 0.007974200882017612, 0.025015706196427345, 0.09560545533895493, 0.8539584279060364, 0.010603124275803566, 0.009045979008078575, 0.030786938965320587, 0.4162163734436035, 0.030056290328502655, 0.07747574895620346, 0.2844321131706238, 0.1918194741010666, 0.1298074722290039, 0.04020407050848007, 0.11895675957202911, 0.5560874938964844, 0.15494421124458313, 0.1045803353190422, 0.07923345267772675, 0.11878713220357895, 0.46550455689430237, 0.23189452290534973, 0.31474512815475464, 0.1506262719631195, 0.09386381506919861, 0.21767689287662506, 0.22308790683746338, 0.14771655201911926, 0.23747268319129944, 0.15003931522369385, 0.06833046674728394, 0.3964409828186035, 0.2769976258277893, 0.20614652335643768, 0.0735970064997673, 0.25309112668037415, 0.19016773998737335, 0.4965789020061493, 0.05492576211690903, 0.06957054138183594, 0.2583908438682556, 0.12053398787975311, 0.03312306106090546, 0.025406906381249428, 0.08216971158981323, 0.35398027300834656, 0.5053200721740723, 0.013653912581503391, 0.022089237347245216, 0.09908825159072876, 0.5193791389465332, 0.34578946232795715, 0.7003000974655151, 0.041972286999225616, 0.05634780600667, 0.08256678283214569, 0.11881296336650848, 0.06939847022294998, 0.8822944760322571, 0.0094093456864357, 0.026933368295431137, 0.011964408680796623, 0.8764305114746094, 0.018213996663689613, 0.015305259265005589, 0.07821889966726303, 0.011831404641270638, 0.2163161337375641, 0.7156177163124084, 0.018480388447642326, 0.016762295737862587, 0.03282345086336136, 0.3769683241844177, 0.2047436237335205, 0.05695091187953949, 0.10856899619102478, 0.25276824831962585, 0.3032746911048889, 0.09010779857635498, 0.04123811051249504, 0.41386526823043823, 0.15151415765285492, 0.019088493660092354, 0.8521726727485657, 0.018913155421614647, 0.044463448226451874, 0.06536222994327545, 0.04307638853788376, 0.07186023890972137, 0.11471612006425858, 0.5374705791473389, 0.23287664353847504, 0.8763169646263123, 0.06822152435779572, 0.01190546341240406, 0.005785929039120674, 0.037770070135593414, 0.8654842376708984, 0.08514345437288284, 0.012451115064322948, 0.00666665518656373, 0.030254608020186424, 0.8544753193855286, 0.03840388357639313, 0.027664443477988243, 0.017229096964001656, 0.06222718209028244, 0.31359779834747314, 0.04603983089327812, 0.13638761639595032, 0.3019430339336395, 0.20203173160552979, 0.32589927315711975, 0.0875399187207222, 0.060215964913368225, 0.23836340010166168, 0.28798148036003113, 0.9408622980117798, 0.019750002771615982, 0.010076574049890041, 0.01571263186633587, 0.01359858363866806, 0.8409898281097412, 0.09624834358692169, 0.010715045034885406, 0.03032633289694786, 0.02172035537660122, 0.5732952356338501, 0.20089441537857056, 0.03495651111006737, 0.010555220767855644, 0.1802986115217209, 0.23827877640724182, 0.5819329619407654, 0.027095941826701164, 0.00906724389642477, 0.14362502098083496, 0.4735185205936432, 0.17601945996284485, 0.04750607907772064, 0.018757011741399765, 0.28419896960258484, 0.9595358967781067, 0.01821078732609749, 0.008378682658076286, 0.005923602730035782, 0.007951175794005394, 0.16877515614032745, 0.7619069814682007, 0.018802199512720108, 0.011939792893826962, 0.03857583552598953, 0.17969784140586853, 0.023868998512625694, 0.19760705530643463, 0.2477005571126938, 0.3511255383491516, 0.13154767453670502, 0.20134489238262177, 0.08708537369966507, 0.384101539850235, 0.19592054188251495, 0.43234774470329285, 0.12478241324424744, 0.06793119758367538, 0.31428176164627075, 0.060656849294900894, 0.15388032793998718, 0.09904831647872925, 0.09181896597146988, 0.5866564512252808, 0.0685960128903389, 0.6502605080604553, 0.04002148285508156, 0.060550134629011154, 0.17650488018989563, 0.07266293466091156, 0.14746391773223877, 0.11099448055028915, 0.06972697377204895, 0.5523004531860352, 0.11951423436403275, 0.09794094413518906, 0.13739828765392303, 0.07408063113689423, 0.6405819654464722, 0.04999808967113495, 0.07746217399835587, 0.0742444321513176, 0.08036471158266068, 0.6940927505493164, 0.07383593171834946, 0.18802551925182343, 0.35611283779144287, 0.0745413526892662, 0.07053995132446289, 0.3107803463935852, 0.5626628994941711, 0.21845687925815582, 0.037529341876506805, 0.04472276195883751, 0.1366281360387802, 0.048277292400598526, 0.10964593291282654, 0.11985998600721359, 0.19268816709518433, 0.5295286178588867, 0.9389273524284363, 0.033252816647291183, 0.010719578713178635, 0.006045479327440262, 0.011054713279008865, 0.0944044291973114, 0.3216263949871063, 0.06569475680589676, 0.10045011341571808, 0.41782429814338684, 0.11298520863056183, 0.19874073565006256, 0.08515516668558121, 0.1658150553703308, 0.4373038411140442, 0.8311392068862915, 0.06806222349405289, 0.018423693254590034, 0.061570677906274796, 0.020804116502404213, 0.20307974517345428, 0.05142844840884209, 0.07565038651227951, 0.6119906306266785, 0.05785077065229416, 0.20565423369407654, 0.1998981088399887, 0.10216117650270462, 0.049507614225149155, 0.4427788257598877, 0.053488992154598236, 0.04380805790424347, 0.08074305951595306, 0.6328752040863037, 0.18908469378948212, 0.13769520819187164, 0.12851668894290924, 0.05861922353506088, 0.1949814409017563, 0.4801873564720154, 0.2043679803609848, 0.1581152081489563, 0.12767668068408966, 0.23235918581485748, 0.27748093008995056, 0.46283701062202454, 0.2594943642616272, 0.09921012073755264, 0.07729565352201462, 0.1011628657579422, 0.4072171449661255, 0.012789439409971237, 0.08285589516162872, 0.33112528920173645, 0.1660122275352478, 0.0668940395116806, 0.010289099998772144, 0.06514580547809601, 0.7828221917152405, 0.07484886795282364, 0.15846477448940277, 0.01398519054055214, 0.0633721798658371, 0.6875463128089905, 0.076631560921669, 0.23183169960975647, 0.07428374886512756, 0.07102082669734955, 0.4266413152217865, 0.1962224394083023, 0.06539785116910934, 0.062162380665540695, 0.10466446727514267, 0.4761311411857605, 0.29164421558380127, 