{"metrics": {"ACC": 44.05594405594406, "F1": 31.686622320768663}, "predictions": [1, 0, 3, 0, 3, 3, 1, 1, 0, 3, 3, 0, 0, 3, 0, 3, 3, 0, 1, 0, 1, 0, 3, 1, 3, 0, 0, 0, 0, 3, 0, 0, 0, 1, 0, 0, 1, 3, 3, 0, 3, 0, 3, 3, 3, 0, 0, 3, 0, 4, 3, 0, 3, 0, 3, 4, 3, 0, 0, 3, 3, 3, 3, 1, 1, 1, 3, 3, 3, 0, 0, 0, 0, 3, 3, 3, 0, 3, 3, 3, 3, 3, 0, 0, 0, 4, 0, 0, 3, 1, 3, 3, 0, 0, 0, 0, 0, 0, 0, 1, 0, 0, 0, 0, 0, 0, 3, 3, 1, 1, 0, 0, 0, 0, 0, 0, 0, 0, 1, 3, 0, 0, 0, 3, 3, 1, 0, 0, 1, 3, 1, 1, 3, 3, 3, 1, 0, 3, 1, 0, 0, 1, 0], "uids": ["0", "1", "2", "3", "4", "5", "6", "7", "8", "9", "10", "11", "12", "13", "14", "15", "16", "17", "18", "19", "20", "21", "22", "23", "24", "25", "26", "27", "28", "29", "30", "31", "32", "33", "34", "35", "36", "37", "38", "39", "40", "41", "42", "43", "44", "45", "46", "47", "48", "49", "50", "51", "52", "53", "54", "55", "56", "57", "58", "59", "60", "61", "62", "63", "64", "65", "66", "67", "68", "69", "70", "71", "72", "73", "74", "75", "76", "77", "78", "79", "80", "81", "82", "83", "84", "85", "86", "87", "88", "89", "90", "91", "92", "93", "94", "95", "96", "97", "98", "99", "100", "101", "102", "103", "104", "105", "106", "107", "108", "109", "110", "111", "112", "113", "114", "115", "116", "117", "118", "119", "120", "121", "122", "123", "124", "125", "126", "127", "128", "129", "130", "131", "132", "133", "134", "135", "136", "137", "138", "139", "140", "141", "142"], "scores": [0.23798604309558868, 0.5023534297943115, 0.06026449054479599, 0.0329928919672966, 0.16640311479568481, 0.4546241760253906, 0.19446752965450287, 0.062223054468631744, 0.05900982767343521, 0.22967541217803955, 0.17553915083408356, 0.027679413557052612, 0.07519037276506424, 0.6145393252372742, 0.10705176740884781, 0.7062558531761169, 0.053146954625844955, 0.045450225472450256, 0.12454379349946976, 0.07060319185256958, 0.08998676389455795, 0.06401905417442322, 0.15036000311374664, 0.5338303446769714, 0.16180385649204254, 0.10096069425344467, 0.12135352194309235, 0.11546184867620468, 0.4521590769290924, 0.21006479859352112, 0.11886358261108398, 0.8272243738174438, 0.014007694087922573, 0.013455306179821491, 0.026449065655469894, 0.079636350274086, 0.8573930859565735, 0.011990685947239399, 0.01817980781197548, 0.03280009329319, 0.4404580891132355, 0.05132589861750603, 0.08232737332582474, 0.234930157661438, 0.1909584105014801, 0.16989552974700928, 0.07522641122341156, 0.11351151764392853, 0.4581407308578491, 0.1832258552312851, 0.14185106754302979, 0.14904138445854187, 0.08638759702444077, 0.36307862401008606, 0.25964125990867615, 0.30876126885414124, 0.1787744164466858, 0.08535771816968918, 0.2443753480911255, 0.1827312558889389, 0.2841811180114746, 0.22357940673828125, 0.12046419084072113, 0.15685246884822845, 0.21492281556129456, 0.29294028878211975, 0.17235517501831055, 0.07434120774269104, 0.32429277896881104, 0.13607054948806763, 0.4645630121231079, 0.0810098946094513, 0.069978266954422, 0.2562246024608612, 0.1282242238521576, 0.14989183843135834, 0.03944937884807587, 0.0944061279296875, 0.40964391827583313, 0.30660873651504517, 0.07529266923666, 0.03366556018590927, 0.10428489744663239, 0.532052755355835, 0.2547040581703186, 0.6449533700942993, 0.058812111616134644, 0.06177174672484398, 0.11974555253982544, 0.11471720784902573, 0.09837184101343155, 0.8409296274185181, 0.012245631776750088, 0.03291374444961548, 0.01553912740200758, 0.843075692653656, 0.031031448394060135, 0.02071586810052395, 0.08735832571983337, 0.01781873032450676, 0.12787701189517975, 0.7872001528739929, 0.018971756100654602, 0.025106245651841164, 0.04084482789039612, 0.3702530264854431, 0.3080848753452301, 0.04815293103456497, 0.09200374782085419, 0.181505486369133, 0.2824329435825348, 0.14613761007785797, 0.038485340774059296, 0.41872626543045044, 0.11421796679496765, 0.05814521014690399, 0.6401482224464417, 0.03544921055436134, 0.14921700954437256, 0.11704044044017792, 0.08927914500236511, 0.06609220057725906, 0.08626266568899155, 0.5934929847717285, 0.16487298905849457, 0.7844477295875549, 0.12065930664539337, 0.019282905384898186, 0.012699928134679794, 0.06291007995605469, 0.7225000858306885, 0.18211250007152557, 0.022141585126519203, 0.015921900048851967, 0.05732393264770508, 0.7843934297561646, 0.06948588043451309, 0.03742441162467003, 0.028371796011924744, 0.0803244337439537, 0.3856005370616913, 0.05881936848163605, 0.10336596518754959, 0.2979951798915863, 0.15421895682811737, 0.32191166281700134, 0.10732144862413406, 0.047021400183439255, 0.3435579836368561, 0.18018755316734314, 0.8875520825386047, 0.041424427181482315, 0.01787850446999073, 0.029561681672930717, 0.0235833041369915, 0.8109961748123169, 0.10833326727151871, 0.01703517511487007, 0.03304668143391609, 0.03058873489499092, 0.45027872920036316, 0.2991597056388855, 0.03491860255599022, 0.020631536841392517, 0.1950114667415619, 0.19832320511341095, 0.6297712326049805, 0.02681064046919346, 0.016850756481289864, 0.12824420630931854, 0.5208413600921631, 0.21668531000614166, 0.04108278080821037, 0.02766125090420246, 0.19372932612895966, 0.8755648136138916, 0.06380242854356766, 0.01888142339885235, 0.015431815758347511, 0.02631955035030842, 0.10606785863637924, 0.823447585105896, 0.016210870817303658, 0.01848720572888851, 0.03578658401966095, 0.2029876410961151, 0.02769017592072487, 0.1689153015613556, 0.35824286937713623, 0.2421640008687973, 0.20487898588180542, 0.1629006564617157, 0.07669005542993546, 0.37747815251350403, 0.1780521720647812, 0.35489386320114136, 0.13928502798080444, 0.06900891661643982, 0.34264034032821655, 0.0941719263792038, 0.19027066230773926, 0.12096833437681198, 0.07865574210882187, 0.5065433979034424, 0.1035618856549263, 0.4429667294025421, 0.05965878814458847, 0.08170236647129059, 0.2759988307952881, 0.13967327773571014, 0.1824062019586563, 0.12022437900304794, 0.07134963572025299, 0.48974698781967163, 0.13627281785011292, 0.14171843230724335, 0.21578922867774963, 0.0709134042263031, 0.5069800019264221, 0.06459885835647583, 0.09707488864660263, 0.07127158343791962, 0.07705829292535782, 0.6440176963806152, 0.1105775311589241, 0.3084281384944916, 0.22971071302890778, 0.08019308000802994, 0.1556059718132019, 0.2260621041059494, 0.42228785157203674, 0.2592799663543701, 0.05369829386472702, 0.09883677959442139, 0.1658971607685089, 0.11852063238620758, 0.13770046830177307, 0.07283705472946167, 0.4249447286128998, 0.2459971010684967, 0.8648753762245178, 0.07795783877372742, 0.018808964639902115, 0.013046618551015854, 0.02531125210225582, 0.1642628163099289, 0.23753458261489868, 0.0740787610411644, 0.19721056520938873, 0.3269132971763611, 0.2004830539226532, 0.13992486894130707, 0.08379242569208145, 0.3120088577270508, 0.2637908160686493, 0.8627183437347412, 0.0778556540608406, 0.016222476959228516, 0.025282099843025208, 0.017921384423971176, 0.2975939214229584, 0.12993162870407104, 0.05617452785372734, 0.42362427711486816, 0.09267565608024597, 0.38984033465385437, 0.21316106617450714, 0.08080336451530457, 0.08078698068857193, 0.23540830612182617, 0.12579047679901123, 0.0704462006688118, 0.07103528082370758, 0.5405733585357666, 0.1921546757221222, 0.2168395221233368, 0.14840175211429596, 0.06249789148569107, 0.2814616560935974, 0.2907991409301758, 0.21223965287208557, 0.1583269238471985, 0.10695045441389084, 0.2724550664424896, 0.2500278949737549, 0.41402971744537354, 0.31372085213661194, 0.06694949418306351, 0.08904553204774857, 0.11625438928604126, 0.4117017388343811, 0.02430018037557602, 0.08257570117712021, 0.3463032841682434, 0.13511916995048523, 0.14923620223999023, 0.021548990160226822, 0.06856681406497955, 0.6647019982337952, 0.09594599902629852, 0.2793378233909607, 0.030974622815847397, 0.06505078822374344, 0.5079605579376221, 0.11667616665363312, 0.22989073395729065, 0.10674414038658142, 0.08348976075649261, 0.36632615327835083, 0.21354912221431732, 0.12256129086017609, 0.08937039226293564, 0.1046876609325409, 0.453690767288208, 0.2296898365020752, 0.19113150238990784, 0.4267846643924713, 