{"metrics": {"ACC": 35.13513513513514, "F1": 22.60857878504937}, "predictions": [1, 4, 1, 4, 4, 4, 4, 4, 4, 1, 4, 4, 5, 4, 4, 4, 4, 1, 4, 4, 0, 0, 5, 4, 4, 4, 4, 4, 4, 4, 4, 4, 4, 5, 4, 4, 4, 4, 4, 4, 4, 4, 4, 5, 4, 4, 4, 2, 4, 4, 4, 4, 4, 4, 4, 4, 5, 4, 4, 4, 4, 4, 4, 4, 4, 1, 4, 5, 4, 1, 1, 1, 4, 4, 4, 5, 5, 4, 4, 4, 4, 4, 4, 4, 4, 4, 4, 4, 4, 4, 5, 1, 2, 5, 5, 5, 4, 4, 5, 5, 4, 2, 2, 4, 4, 4, 2, 4, 4, 4, 2], "uids": ["0", "1", "2", "3", "4", "5", "6", "7", "8", "9", "10", "11", "12", "13", "14", "15", "16", "17", "18", "19", "20", "21", "22", "23", "24", "25", "26", "27", "28", "29", "30", "31", "32", "33", "34", "35", "36", "37", "38", "39", "40", "41", "42", "43", "44", "45", "46", "47", "48", "49", "50", "51", "52", "53", "54", "55", "56", "57", "58", "59", "60", "61", "62", "63", "64", "65", "66", "67", "68", "69", "70", "71", "72", "73", "74", "75", "76", "77", "78", "79", "80", "81", "82", "83", "84", "85", "86", "87", "88", "89", "90", "91", "92", "93", "94", "95", "96", "97", "98", "99", "100", "101", "102", "103", "104", "105", "106", "107", "108", "109", "110"], "scores": [0.1629563421010971, 0.2881513237953186, 0.08276557922363281, 0.06131729111075401, 0.16414235532283783, 0.24066713452339172, 0.03880394250154495, 0.1731891930103302, 0.03126826882362366, 0.04281286150217056, 0.4753752052783966, 0.2385505735874176, 0.13316471874713898, 0.33665895462036133, 0.021017881110310555, 0.08820199966430664, 0.10985223948955536, 0.3111041784286499, 0.184056356549263, 0.16333526372909546, 0.0837312713265419, 0.047794241458177567, 0.4739174544811249, 0.04716546833515167, 0.1176191046833992, 0.12384981662034988, 0.01728898473083973, 0.026392612606287003, 0.48596829175949097, 0.22888125479221344, 0.025471026077866554, 0.15731096267700195, 0.02306944690644741, 0.012001853436231613, 0.5432834029197693, 0.23886330425739288, 0.008693171665072441, 0.03317798674106598, 0.02779308706521988, 0.007114978972822428, 0.8868345618247986, 0.03638618066906929, 0.053778644651174545, 0.052967388182878494, 0.022920623421669006, 0.018652651458978653, 0.775587797164917, 0.0760929211974144, 0.030152427032589912, 0.11571452021598816, 0.045794326812028885, 0.020067598670721054, 0.5865171551704407, 0.20175400376319885, 0.11555095762014389, 0.2789754271507263, 0.16711024940013885, 0.09995768964290619, 0.1206769123673439, 0.21772873401641846, 0.10517272353172302, 0.16773490607738495, 0.08022787421941757, 0.06432480365037918, 0.36111751198768616, 0.2214222103357315, 0.01950819417834282, 0.10035181790590286, 0.13361823558807373, 0.020168088376522064, 0.542956531047821, 0.18339714407920837, 0.07873273640871048, 0.20956626534461975, 0.023234015330672264, 0.03617741912603378, 0.2741844952106476, 0.3781050443649292, 0.08531856536865234, 0.0828385204076767, 0.016172200441360474, 0.02011088654398918, 0.6238305568695068, 0.17172929644584656, 0.027685174718499184, 0.07559670507907867, 0.017781425267457962, 0.010976308956742287, 0.8147602677345276, 0.05320010334253311, 0.03258151561021805, 0.03926433250308037, 0.013558254577219486, 0.0080329654738307, 0.8525110483169556, 0.054051823914051056, 0.2623586654663086, 0.06799629330635071, 0.009116103872656822, 0.03296712785959244, 0.5048258900642395, 0.1227358877658844, 0.10735882073640823, 0.4669186472892761, 0.053775355219841, 0.07512601464986801, 0.04021136462688446, 0.25660985708236694, 0.08188522607088089, 0.1990945041179657, 0.061011508107185364, 0.06700501590967178, 0.4993584156036377, 0.09164538979530334, 0.07454496622085571, 0.13363775610923767, 0.011126745492219925, 0.02629929594695568, 0.5691846013069153, 0.18520662188529968, 0.29026272892951965, 0.16679991781711578, 0.011342832818627357, 0.03052140772342682, 0.2768569886684418, 0.22421620786190033, 0.31300976872444153, 0.19309619069099426, 0.015803266316652298, 0.038104552775621414, 0.22830793261528015, 0.21167831122875214, 0.1609051525592804, 0.23986023664474487, 0.014994151890277863, 0.046986836940050125, 0.06551077961921692, 0.4717428684234619, 0.037221357226371765, 0.31744149327278137, 0.02956368215382099, 0.021632732823491096, 0.32144805788993835, 0.27269262075424194, 0.01628877781331539, 0.08889301866292953, 0.016495728865265846, 0.012980995699763298, 0.7931962013244629, 0.07214531302452087, 0.01153748482465744, 0.023727893829345703, 0.023927291855216026, 0.008678729645907879, 0.9156692624092102, 0.016459371894598007, 0.03975653275847435, 0.017637459561228752, 0.013730366714298725, 0.00910738855600357, 0.8909127116203308, 0.02885553054511547, 0.013628383167088032, 0.02214490994811058, 0.020868288353085518, 0.008567308075726032, 0.9077430963516235, 0.027048107236623764, 0.021681491285562515, 0.038834672421216965, 0.020071176812052727, 0.01898598112165928, 0.8446542620658875, 0.05577237531542778, 0.014903808943927288, 0.06520189344882965, 0.2604265511035919, 0.02972915768623352, 0.5747767090797424, 0.05496188998222351, 0.010029260069131851, 0.021518610417842865, 0.07392988353967667, 0.012058727443218231, 0.8607758283615112, 0.021687783300876617, 0.09565986692905426, 0.22292612493038177, 0.06372404843568802, 0.03510085120797157, 0.5081862807273865, 0.07440287619829178, 0.011000440455973148, 0.03320606052875519, 0.017433933913707733, 0.006189754698425531, 0.8930357694625854, 0.039134055376052856, 0.09573031216859818, 0.13984887301921844, 0.014363494701683521, 0.03791671618819237, 0.08603933453559875, 0.6261012554168701, 0.0981115847826004, 0.12125955522060394, 0.010161136277019978, 0.026814600452780724, 0.4875484108924866, 0.2561047077178955, 0.04552597552537918, 0.04054727405309677, 0.00787143874913454, 0.010466070845723152, 0.8286484479904175, 0.06694085896015167, 0.061723385006189346, 0.024921085685491562, 0.010788039304316044, 0.01084190420806408, 0.8418160080909729, 0.049909643828868866, 0.02130281738936901, 0.043551284819841385, 0.02116343006491661, 0.010200890712440014, 0.7882449626922607, 0.11553661525249481, 0.033861514180898666, 0.14743468165397644, 0.053499139845371246, 0.02910754084587097, 0.5631980299949646, 0.1728990525007248, 0.025741571560502052, 0.06437476724386215, 0.02139846608042717, 0.013651037588715553, 0.8157601952552795, 0.05907394364476204, 0.02274240553379059, 0.016287794336676598, 0.015502484515309334, 0.0070988815277814865, 0.9226524233818054, 0.015716075897216797, 0.02473035268485546, 0.1154557466506958, 0.05175898224115372, 0.016133904457092285, 0.7090696096420288, 0.08285143226385117, 0.033253539353609085, 0.29068464040756226, 0.03930027037858963, 0.02773333713412285, 0.4950438439846039, 0.11398440599441528, 0.05852208286523819, 0.29086169600486755, 0.01975092850625515, 0.0398123599588871, 0.10742547363042831, 0.4836274981498718, 0.012417846359312534, 0.009458146058022976, 0.007480628322809935, 0.005054027773439884, 0.9575227499008179, 0.008066548965871334, 0.010426755994558334, 0.0071709044277668, 0.004518392961472273, 0.004085650201886892, 0.9641302227973938, 0.00966806709766388, 0.03986356407403946, 0.11614131182432175, 0.04990024492144585, 0.03592176362872124, 0.5283458828926086, 0.22982722520828247, 0.039047721773386, 0.07324119657278061, 0.443072110414505, 0.0440506674349308, 0.3136543035507202, 0.08693399280309677, 0.07133544981479645, 0.06608518958091736, 0.020546235144138336, 0.018793970346450806, 0.7387323379516602, 0.08450675010681152, 0.14134258031845093, 0.1524960845708847, 0.023985188454389572, 0.022940462455153465, 0.44834664463996887, 0.21088907122612, 0.008001402951776981, 0.07406312972307205, 0.030145768076181412, 0.00958687998354435, 0.8506162166595459, 0.027586495503783226, 0.012136276811361313, 0.05102099850773811, 0.045918986201286316, 0.014207052066922188, 0.8539389967918396, 0.022777708247303963, 0.008886711671948433, 0.018655141815543175, 0.015071691013872623, 0.0070310537703335285, 0.9320906400680542, 0.01826474256813526, 0.007269914261996746, 0.016511641442775726, 0.011011782102286816, 0.005032374057918787, 0.9486618638038635, 0.011512371711432934, 0.07619361579418182, 0.144151508808136, 0.06866931170225143, 