{"metrics": {"ACC": 36.03603603603604, "F1": 23.826641767818238}, "predictions": [1, 4, 1, 4, 4, 4, 4, 4, 4, 1, 4, 4, 5, 4, 4, 4, 4, 1, 4, 4, 4, 0, 5, 1, 4, 4, 4, 4, 4, 4, 4, 4, 4, 5, 4, 4, 4, 4, 4, 4, 4, 4, 4, 5, 4, 4, 4, 2, 4, 4, 4, 4, 4, 4, 4, 4, 5, 4, 4, 4, 4, 4, 4, 4, 4, 1, 4, 5, 4, 1, 1, 1, 4, 4, 5, 5, 5, 4, 4, 4, 4, 4, 4, 4, 4, 4, 4, 4, 4, 4, 5, 1, 2, 5, 5, 5, 4, 4, 5, 5, 4, 2, 2, 4, 4, 4, 2, 4, 4, 4, 2], "uids": ["0", "1", "2", "3", "4", "5", "6", "7", "8", "9", "10", "11", "12", "13", "14", "15", "16", "17", "18", "19", "20", "21", "22", "23", "24", "25", "26", "27", "28", "29", "30", "31", "32", "33", "34", "35", "36", "37", "38", "39", "40", "41", "42", "43", "44", "45", "46", "47", "48", "49", "50", "51", "52", "53", "54", "55", "56", "57", "58", "59", "60", "61", "62", "63", "64", "65", "66", "67", "68", "69", "70", "71", "72", "73", "74", "75", "76", "77", "78", "79", "80", "81", "82", "83", "84", "85", "86", "87", "88", "89", "90", "91", "92", "93", "94", "95", "96", "97", "98", "99", "100", "101", "102", "103", "104", "105", "106", "107", "108", "109", "110"], "scores": [0.15761682391166687, 0.28780505061149597, 0.08038442581892014, 0.0614464245736599, 0.1580960750579834, 0.25465112924575806, 0.04161285609006882, 0.18589898943901062, 0.0290689617395401, 0.04338550940155983, 0.43989312648773193, 0.2601405680179596, 0.1332971602678299, 0.33949902653694153, 0.019258322194218636, 0.08426815271377563, 0.10250750184059143, 0.32116976380348206, 0.18887953460216522, 0.17835834622383118, 0.07599037885665894, 0.046151768416166306, 0.4582917094230652, 0.0523282065987587, 0.12248730659484863, 0.12609146535396576, 0.018171483650803566, 0.027597637847065926, 0.46420368552207947, 0.24144840240478516, 0.02630542404949665, 0.16207653284072876, 0.02394014224410057, 0.012758339755237103, 0.5023943185806274, 0.27252522110939026, 0.009096060879528522, 0.0368448942899704, 0.02731844037771225, 0.007228725124150515, 0.8782508969306946, 0.04126102477312088, 0.059909649193286896, 0.05984453484416008, 0.02319873683154583, 0.019919397309422493, 0.7511804699897766, 0.08594728261232376, 0.032789137214422226, 0.1316443681716919, 0.045436710119247437, 0.021111931651830673, 0.5541861057281494, 0.21483172476291656, 0.10675680637359619, 0.28060024976730347, 0.15815874934196472, 0.09533149749040604, 0.1323961317539215, 0.22675657272338867, 0.09833725541830063, 0.1634591817855835, 0.07426191121339798, 0.06038978323340416, 0.38026559352874756, 0.22328630089759827, 0.019286172464489937, 0.10171587020158768, 0.1182175725698471, 0.02026335336267948, 0.5528314709663391, 0.18768557906150818, 0.0812593474984169, 0.20788618922233582, 0.022988595068454742, 0.03645605593919754, 0.26260310411453247, 0.3888067305088043, 0.08934278041124344, 0.08914587646722794, 0.016824087128043175, 0.020975008606910706, 0.5952156186103821, 0.18849672377109528, 0.032082751393318176, 0.08564550429582596, 0.018540238961577415, 0.011598408222198486, 0.7904846668243408, 0.061648398637771606, 0.038902781903743744, 0.04656094312667847, 0.015366124920547009, 0.009219438768923283, 0.8204440474510193, 0.0695066750049591, 0.2596207559108734, 0.06903176009654999, 0.009061030112206936, 0.032771483063697815, 0.5027702450752258, 0.12674468755722046, 0.10612233728170395, 0.46052300930023193, 0.04955929517745972, 0.06947756558656693, 0.04736098647117615, 0.26695680618286133, 0.07925018668174744, 0.20806048810482025, 0.05561698228120804, 0.06406062096357346, 0.49338728189468384, 0.09962441772222519, 0.08047987520694733, 0.13238780200481415, 0.010808078572154045, 0.026712795719504356, 0.5553951263427734, 0.1942162960767746, 0.2799935042858124, 0.16504310071468353, 0.011584804393351078, 0.030481550842523575, 0.28249743580818176, 0.23039960861206055, 0.3058926463127136, 0.1939772516489029, 0.01608593948185444, 0.038194116204977036, 0.22833096981048584, 0.2175191044807434, 0.15631245076656342, 0.2410598248243332, 0.015114223584532738, 0.047232672572135925, 0.06694445013999939, 0.4733363687992096, 0.03845597803592682, 0.31190142035484314, 0.028920162469148636, 0.021915744990110397, 0.3024265766143799, 0.2963801622390747, 0.018589293584227562, 0.10917778313159943, 0.017832119017839432, 0.01448101457208395, 0.7499380707740784, 0.08998166769742966, 0.012422707863152027, 0.02761688455939293, 0.02411515824496746, 0.008932040072977543, 0.9074746966362, 0.01943855546414852, 0.04612955078482628, 0.02059900388121605, 0.013772252015769482, 0.009828285314142704, 0.873972475528717, 0.035698432475328445, 0.014144747518002987, 0.024739544838666916, 0.02033652737736702, 0.008722178637981415, 0.9008805751800537, 0.031176399439573288, 0.02114444598555565, 0.039311476051807404, 0.01819508522748947, 0.017706777900457382, 0.8462304472923279, 0.05741175636649132, 0.014637892134487629, 0.06912391632795334, 0.2678118646144867, 0.029765862971544266, 0.5595374703407288, 0.05912298709154129, 0.010542823001742363, 0.02515401318669319, 0.09495909512042999, 0.013259930536150932, 0.8292912840843201, 0.02679286152124405, 0.09701719880104065, 0.22910016775131226, 0.06407402455806732, 0.03587762266397476, 0.4901062846183777, 0.08382470160722733, 0.01300774049013853, 0.041352227330207825, 0.018694613128900528, 0.007058426737785339, 0.8710265159606934, 0.04886042699217796, 0.09601755440235138, 0.14311052858829498, 0.014867210760712624, 0.03914537653326988, 0.08113198727369308, 0.6257273554801941, 0.10016898810863495, 0.1272752285003662, 0.01064238790422678, 0.028117606416344643, 0.4585679769515991, 0.275227814912796, 0.045128487050533295, 0.0427837148308754, 0.008191621862351894, 0.01045190542936325, 0.8238978981971741, 0.06954634189605713, 0.06577092409133911, 0.027595166116952896, 0.010694405995309353, 0.011318436823785305, 0.8279348015785217, 0.05668621137738228, 0.022879526019096375, 0.04967356100678444, 0.017914101481437683, 0.010052111931145191, 0.7675783038139343, 0.13190233707427979, 0.032043371349573135, 0.15916195511817932, 0.044921331107616425, 0.027505824342370033, 0.5505879521369934, 0.18577957153320312, 0.029436755925416946, 0.07423944771289825, 0.020218558609485626, 0.014474036172032356, 0.7902554273605347, 0.0713757872581482, 0.025194769725203514, 0.0182636808604002, 0.014798643067479134, 0.007280542980879545, 0.9163021445274353, 0.018160205334424973, 0.024779826402664185, 0.12321632355451584, 0.04828682169318199, 0.015750057995319366, 0.6977954506874084, 0.09017149358987808, 0.03575718402862549, 0.3107101023197174, 0.04121191427111626, 0.029902953654527664, 0.4561306834220886, 0.12628717720508575, 0.0538756400346756, 0.28621241450309753, 0.01892276480793953, 0.037734419107437134, 0.1104574128985405, 0.49279725551605225, 0.013230755925178528, 0.010475346818566322, 0.007543580140918493, 0.0052472627721726894, 0.9542543888092041, 0.009248734451830387, 0.011176842264831066, 0.007759956642985344, 0.0043861656449735165, 0.004203496966511011, 0.9616460800170898, 0.010827441699802876, 0.039853066205978394, 0.12775644659996033, 0.04467219114303589, 0.03587716445326805, 0.5040417909622192, 0.2477993220090866, 0.03954228386282921, 0.07618355751037598, 0.4347382187843323, 0.04413055256009102, 0.3150739371776581, 0.09033145010471344, 0.07607685774564743, 0.07398670166730881, 0.020893022418022156, 0.019874026998877525, 0.7126957178115845, 0.09647370129823685, 0.14844511449337006, 0.1644531488418579, 0.024161754176020622, 0.02399802953004837, 0.4015737771987915, 0.2373681664466858, 0.008847108110785484, 0.08537213504314423, 0.032159216701984406, 0.010414568707346916, 0.8301896452903748, 0.033017370849847794, 0.013507144525647163, 0.05907094478607178, 0.05065950006246567, 0.015598085708916187, 0.834542453289032, 0.026621805503964424, 0.009534812532365322, 0.020088912919163704, 0.014818036928772926, 0.007208117283880711, 0.9279685020446777, 0.020381590351462364, 0.008073927834630013, 0.01891482062637806, 0.011619040742516518, 0.005357100162655115, 0.9426864981651306, 0.013348573818802834, 0.07620891183614731, 0.1488964706659317, 0.0597473569214344, 