{"metrics": {"ACC": 38.73873873873874, "F1": 18.77795287883007}, "predictions": [1, 4, 4, 4, 4, 4, 4, 4, 4, 4, 4, 4, 4, 4, 4, 4, 4, 4, 4, 4, 4, 4, 5, 4, 4, 4, 4, 4, 4, 4, 4, 4, 4, 4, 4, 4, 4, 4, 4, 4, 4, 4, 4, 5, 4, 4, 4, 4, 4, 4, 4, 4, 4, 4, 4, 4, 4, 4, 4, 4, 4, 4, 4, 4, 4, 4, 4, 4, 4, 1, 1, 1, 4, 4, 4, 1, 5, 4, 4, 4, 4, 4, 4, 4, 4, 4, 4, 4, 4, 4, 5, 1, 2, 4, 5, 1, 4, 4, 1, 5, 4, 2, 2, 4, 4, 4, 4, 4, 4, 4, 2], "uids": ["0", "1", "2", "3", "4", "5", "6", "7", "8", "9", "10", "11", "12", "13", "14", "15", "16", "17", "18", "19", "20", "21", "22", "23", "24", "25", "26", "27", "28", "29", "30", "31", "32", "33", "34", "35", "36", "37", "38", "39", "40", "41", "42", "43", "44", "45", "46", "47", "48", "49", "50", "51", "52", "53", "54", "55", "56", "57", "58", "59", "60", "61", "62", "63", "64", "65", "66", "67", "68", "69", "70", "71", "72", "73", "74", "75", "76", "77", "78", "79", "80", "81", "82", "83", "84", "85", "86", "87", "88", "89", "90", "91", "92", "93", "94", "95", "96", "97", "98", "99", "100", "101", "102", "103", "104", "105", "106", "107", "108", "109", "110"], "scores": [0.13368850946426392, 0.27331793308258057, 0.06809593737125397, 0.04558860883116722, 0.25897908210754395, 0.2203298956155777, 0.03917831555008888, 0.13737615942955017, 0.027452578768134117, 0.027527254074811935, 0.6250070333480835, 0.14345869421958923, 0.06365245580673218, 0.21907645463943481, 0.02614816278219223, 0.04118417575955391, 0.5316089987754822, 0.11832979321479797, 0.059137895703315735, 0.1114833876490593, 0.052086371928453445, 0.021669087931513786, 0.7050623297691345, 0.05056094750761986, 0.10686809569597244, 0.136439248919487, 0.026332629844546318, 0.026400810107588768, 0.5186166763305664, 0.18534253537654877, 0.03716158866882324, 0.14459127187728882, 0.034148622304201126, 0.014359258115291595, 0.5866609215736389, 0.1830783486366272, 0.019902996718883514, 0.08457501977682114, 0.03853420540690422, 0.012150776572525501, 0.7574710249900818, 0.08736597001552582, 0.08299995213747025, 0.10061128437519073, 0.030904481187462807, 0.022259265184402466, 0.6529065370559692, 0.11031848937273026, 0.04177913814783096, 0.13423125445842743, 0.04662471264600754, 0.021970905363559723, 0.5992672443389893, 0.1561267375946045, 0.08187020570039749, 0.19921748340129852, 0.08119427412748337, 0.06368400901556015, 0.4305870532989502, 0.14344698190689087, 0.06054871901869774, 0.1243167519569397, 0.04867452383041382, 0.03599141910672188, 0.5986922383308411, 0.13177631795406342, 0.029141100123524666, 0.1452341377735138, 0.12390785664319992, 0.029660196974873543, 0.5461438298225403, 0.1259128898382187, 0.0471920371055603, 0.12007255107164383, 0.019894329831004143, 0.01964164711534977, 0.5979023575782776, 0.19529709219932556, 0.08348067849874496, 0.09294082969427109, 0.022464679554104805, 0.017505116760730743, 0.6374663710594177, 0.14614233374595642, 0.06365308910608292, 0.11759847402572632, 0.024202166125178337, 0.014714973978698254, 0.7040937542915344, 0.07573751360177994, 0.03471212834119797, 0.08031179010868073, 0.02406495437026024, 0.011252565309405327, 0.7787774801254272, 0.07088109850883484, 0.19564266502857208, 0.0834696888923645, 0.013035065494477749, 0.0270721223205328, 0.5906060338020325, 0.0901743620634079, 0.08203580975532532, 0.3136501908302307, 0.03728972747921944, 0.04336132854223251, 0.3388540744781494, 0.18480892479419708, 0.05549941956996918, 0.144906148314476, 0.023445045575499535, 0.027691733092069626, 0.6668739318847656, 0.08158362656831741, 0.09638617932796478, 0.14233087003231049, 0.013072790578007698, 0.02542070485651493, 0.5980401635169983, 0.12474926561117172, 0.1809360831975937, 0.1900036484003067, 0.01955001801252365, 0.030009819194674492, 0.32755619287490845, 0.2519442141056061, 0.2054920494556427, 0.22356638312339783, 0.023802252486348152, 0.03628695383667946, 0.2926531732082367, 0.2181992083787918, 0.1479390561580658, 0.2434668391942978, 0.02443825826048851, 0.0512094683945179, 0.21295329928398132, 0.3199930787086487, 0.03790315240621567, 0.21359537541866302, 0.03755625709891319, 0.01706295646727085, 0.5013728737831116, 0.19250941276550293, 0.03713448345661163, 0.16299496591091156, 0.039509959518909454, 0.026938600465655327, 0.5881091952323914, 0.1453128457069397, 0.02754616178572178, 0.06612448394298553, 0.03656104579567909, 0.014466076157987118, 0.810868501663208, 0.04443378001451492, 0.06178951635956764, 0.05344042927026749, 0.019300609827041626, 0.01214416790753603, 0.8029454350471497, 0.050379812717437744, 0.030891740694642067, 0.07072719931602478, 0.03380610793828964, 0.01420891284942627, 0.7869201898574829, 0.06344583630561829, 0.03487066552042961, 0.05992099270224571, 0.020397532731294632, 0.015740279108285904, 0.8053002953529358, 0.06377024203538895, 0.019708646461367607, 0.13914631307125092, 0.3532027304172516, 0.037355560809373856, 0.3698950409889221, 0.08069167286157608, 0.019262338057160378, 0.07472509145736694, 0.17026187479496002, 0.021151505410671234, 0.6553624868392944, 0.059236716479063034, 0.06687399744987488, 0.15537706017494202, 0.0384376086294651, 0.02107185497879982, 0.6505486369132996, 0.0676908791065216, 0.024409854784607887, 0.08004683256149292, 0.028130991384387016, 0.010924219153821468, 0.8008321523666382, 0.05565585568547249, 0.08247426897287369, 0.14898434281349182, 0.02576456591486931, 0.030495772138237953, 0.4380192458629608, 0.2742618918418884, 0.07230901718139648, 0.10839352756738663, 0.016467219218611717, 0.021164078265428543, 0.6523911952972412, 0.12927496433258057, 0.03632122278213501, 0.054933808743953705, 0.011890221387147903, 0.010199952870607376, 0.8336710333824158, 0.05298379808664322, 0.08615411818027496, 0.059540241956710815, 0.016341902315616608, 0.015084810554981232, 0.7538317441940308, 0.06904718279838562, 0.04118151590228081, 0.08149746060371399, 0.016448333859443665, 0.01176534965634346, 0.7447683215141296, 0.10433901846408844, 0.040926992893218994, 0.12490217387676239, 0.026887070387601852, 0.018284618854522705, 0.6587399244308472, 0.1302591860294342, 0.04779120907187462, 0.10027018189430237, 0.024438045918941498, 0.017499703913927078, 0.7078673839569092, 0.10213346779346466, 0.047290924936532974, 0.047327280044555664, 0.021376775577664375, 0.011239511892199516, 0.8275058269500732, 0.045259665697813034, 0.03019983135163784, 0.13391613960266113, 0.04131203144788742, 0.01498375367373228, 0.6846252679824829, 0.0949629545211792, 0.029441339895129204, 0.17998942732810974, 0.03585462272167206, 0.020906299352645874, 0.6516213417053223, 0.08218701928853989, 0.04994034022092819, 0.24378429353237152, 0.022941630333662033, 0.027642197906970978, 0.29682111740112305, 0.35887038707733154, 0.029566779732704163, 0.03731711208820343, 0.014280818402767181, 0.010148839093744755, 0.8783356547355652, 0.030350754037499428, 0.02463618665933609, 0.027677206322550774, 0.008011040277779102, 0.008057869039475918, 0.9043757915496826, 0.027241921052336693, 0.03975186124444008, 0.13630411028862, 0.03568312153220177, 0.028294984251260757, 0.5862457752227783, 0.17372025549411774, 0.036390211433172226, 0.10685006529092789, 0.15738576650619507, 0.032687630504369736, 0.555806040763855, 0.1108802929520607, 0.10835692286491394, 0.12635467946529388, 0.038500651717185974, 0.026964616030454636, 0.6017910838127136, 0.09803202748298645, 0.1415756344795227, 0.1943769007921219, 0.036173176020383835, 0.024012016132473946, 0.443872332572937, 0.15998992323875427, 0.019256753847002983, 0.12721417844295502, 0.06436894834041595, 0.018899274989962578, 0.7183544635772705, 0.05190642550587654, 0.029757438227534294, 0.12188903242349625, 0.06689269840717316, 0.03062983602285385, 0.6947045922279358, 0.05612640455365181, 0.023109210655093193, 0.056156039237976074, 0.025333626195788383, 0.013513501733541489, 0.8365165591239929, 0.045371007174253464, 0.023142408579587936, 0.061166707426309586, 0.02301744744181633, 0.011908547952771187, 0.8447884917259216, 0.03597637638449669, 0.07985517382621765, 0.1737900972366333, 0.06130567565560341, 0.036040421575307846, 