{"metrics": {"ACC": 36.03603603603604, "F1": 8.830022075055188}, "predictions": [4, 4, 4, 4, 4, 4, 4, 4, 4, 4, 4, 4, 4, 4, 4, 4, 4, 4, 4, 4, 4, 4, 4, 4, 4, 4, 4, 4, 4, 4, 4, 4, 4, 4, 4, 4, 4, 4, 4, 4, 4, 4, 4, 4, 4, 4, 4, 4, 4, 4, 4, 4, 4, 4, 4, 4, 4, 4, 4, 4, 4, 4, 4, 4, 4, 4, 4, 4, 4, 4, 4, 4, 4, 4, 4, 4, 4, 4, 4, 4, 4, 4, 4, 4, 4, 4, 4, 4, 4, 4, 4, 4, 4, 4, 4, 4, 4, 4, 4, 4, 4, 4, 4, 4, 4, 4, 4, 4, 4, 4, 4], "uids": ["0", "1", "2", "3", "4", "5", "6", "7", "8", "9", "10", "11", "12", "13", "14", "15", "16", "17", "18", "19", "20", "21", "22", "23", "24", "25", "26", "27", "28", "29", "30", "31", "32", "33", "34", "35", "36", "37", "38", "39", "40", "41", "42", "43", "44", "45", "46", "47", "48", "49", "50", "51", "52", "53", "54", "55", "56", "57", "58", "59", "60", "61", "62", "63", "64", "65", "66", "67", "68", "69", "70", "71", "72", "73", "74", "75", "76", "77", "78", "79", "80", "81", "82", "83", "84", "85", "86", "87", "88", "89", "90", "91", "92", "93", "94", "95", "96", "97", "98", "99", "100", "101", "102", "103", "104", "105", "106", "107", "108", "109", "110"], "scores": [0.13457636535167694, 0.15260086953639984, 0.07416602969169617, 0.07279038429260254, 0.41729864478111267, 0.1485677808523178, 0.12770459055900574, 0.13389520347118378, 0.06650036573410034, 0.06717604398727417, 0.43021878600120544, 0.17450498044490814, 0.12546244263648987, 0.12858477234840393, 0.06564323604106903, 0.06950686872005463, 0.4380793571472168, 0.17272335290908813, 0.14008978009223938, 0.13073939085006714, 0.0734461322426796, 0.07139604538679123, 0.4126271605491638, 0.17170141637325287, 0.13052506744861603, 0.11716341972351074, 0.061743076890707016, 0.05952681601047516, 0.45737770199775696, 0.17366385459899902, 0.11756324023008347, 0.1193048357963562, 0.0690864771604538, 0.051021281629800797, 0.4610605835914612, 0.18196354806423187, 0.10101379454135895, 0.11421310156583786, 0.06498727947473526, 0.04782026633620262, 0.48827752470970154, 0.18368805944919586, 0.10601974278688431, 0.11268794536590576, 0.07753562182188034, 0.04843007028102875, 0.47227659821510315, 0.1830499768257141, 0.11488364636898041, 0.1238698959350586, 0.0836961418390274, 0.057038813829422, 0.4314638376235962, 0.1890476793050766, 0.1389838457107544, 0.1241404339671135, 0.08354616910219193, 0.06510013341903687, 0.426268607378006, 0.16196081042289734, 0.11882609874010086, 0.10802720487117767, 0.08180660009384155, 0.05306323990225792, 0.46877968311309814, 0.16949722170829773, 0.1058746799826622, 0.0894584208726883, 0.07807836681604385, 0.03917158767580986, 0.5194445252418518, 0.1679724007844925, 0.09875613451004028, 0.10306569933891296, 0.04870760068297386, 0.05316519737243652, 0.512168288230896, 0.18413704633712769, 0.14916066825389862, 0.1260446459054947, 0.06999818235635757, 0.06377958506345749, 0.4387977421283722, 0.15221910178661346, 0.1119462326169014, 0.09693560749292374, 0.07520028203725815, 0.05094670504331589, 0.4810718595981598, 0.18389928340911865, 0.14787043631076813, 0.13324472308158875, 0.07777124643325806, 0.07004161924123764, 0.40830472111701965, 0.16276726126670837, 0.1665753275156021, 0.1505507379770279, 0.0834096372127533, 0.08306965976953506, 0.36831000447273254, 0.1480846256017685, 0.16458581387996674, 0.15289267897605896, 0.08940374106168747, 0.09073373675346375, 0.34478792548179626, 0.15759609639644623, 0.16092714667320251, 0.1414550542831421, 0.08034881204366684, 0.08937602490186691, 0.36645373702049255, 0.1614392250776291, 0.14279161393642426, 0.1341724842786789, 0.0760258138179779, 0.0747809112071991, 0.39896008372306824, 0.17326904833316803, 0.14717532694339752, 0.13192085921764374, 0.07243381440639496, 0.06736453622579575, 0.42430150508880615, 0.1568039506673813, 0.14211009442806244, 0.13009949028491974, 0.06883594393730164, 0.06592578440904617, 0.4328319728374481, 0.1601967215538025, 0.14236608147621155, 0.14067019522190094, 0.07194599509239197, 0.07127854228019714, 0.4167671203613281, 0.1569719910621643, 0.13702771067619324, 0.14094486832618713, 0.08273947983980179, 0.0668254867196083, 0.4049832820892334, 0.16747921705245972, 0.1355692446231842, 0.13817185163497925, 0.08336681872606277, 0.06782044470310211, 0.39618387818336487, 0.1788877695798874, 0.1339259147644043, 0.12795870006084442, 0.0803813636302948, 0.06260383874177933, 0.4278152287006378, 0.16731490194797516, 0.14042389392852783, 0.13629069924354553, 0.07933475822210312, 0.06666629016399384, 0.4270053803920746, 0.1502789855003357, 0.12696094810962677, 0.1323225349187851, 0.07576216757297516, 0.06056979298591614, 0.4307020306587219, 0.17368251085281372, 0.13270896673202515, 0.1438445895910263, 0.0782770961523056, 0.0652981847524643, 0.42184293270111084, 0.1580282598733902, 0.10815752297639847, 0.09737543016672134, 0.07800525426864624, 0.047519098967313766, 0.49485519528388977, 0.1740874946117401, 0.13153518736362457, 0.09615112841129303, 0.0829608216881752, 0.05290568992495537, 0.45809292793273926, 0.17835421860218048, 0.14283910393714905, 0.131249338388443, 0.07758273184299469, 0.07047152519226074, 0.43753406405448914, 0.14032317698001862, 0.11933623254299164, 0.10975202172994614, 0.07404538244009018, 0.05290964990854263, 0.47269243001937866, 0.17126432061195374, 0.11792873591184616, 0.12031156569719315, 0.07763811200857162, 0.056994933634996414, 0.44830501079559326, 0.1788216382265091, 0.11963896453380585, 0.13045763969421387, 0.07249192893505096, 0.06842769682407379, 0.4357125759124756, 0.17327117919921875, 0.1228516697883606, 0.11800329387187958, 0.0820549800992012, 0.06763765215873718, 0.4461953341960907, 0.16325698792934418, 0.12714675068855286, 0.11707279086112976, 0.08246994763612747, 0.06450994312763214, 0.43757250905036926, 0.17122800648212433, 0.14147229492664337, 0.13400223851203918, 0.0788554847240448, 0.07734157145023346, 0.4046301543712616, 0.1636982411146164, 0.14666348695755005, 0.13164477050304413, 0.0778658390045166, 0.068585105240345, 0.41491127014160156, 0.16032947599887848, 0.14116518199443817, 0.12911377847194672, 0.08257868140935898, 0.06927800923585892, 0.4171460270881653, 0.16071827709674835, 0.14901328086853027, 0.13545575737953186, 0.08271732926368713, 0.08194276690483093, 0.4013122022151947, 0.1495586484670639, 0.13383419811725616, 0.13114385306835175, 0.08225341141223907, 0.06518344581127167, 0.4177764356136322, 0.16980868577957153, 0.13001839816570282, 0.1283581703901291, 0.0792614072561264, 0.06271032243967056, 0.4353426396846771, 0.1643090546131134, 0.11662769317626953, 0.1525975912809372, 0.07829517871141434, 0.06270624697208405, 0.4159100651741028, 0.17386329174041748, 0.1407741904258728, 0.14784696698188782, 0.07750458270311356, 0.07711873203516006, 0.3829770088195801, 0.17377854883670807, 0.14681190252304077, 0.1479695439338684, 0.0739651471376419, 0.07858780771493912, 0.38448628783226013, 0.16817942261695862, 0.12796799838542938, 0.15083125233650208, 0.07840321958065033, 0.06873685121536255, 0.4155384302139282, 0.15852226316928864, 0.13913916051387787, 0.13539434969425201, 0.08948902785778046, 0.07158289849758148, 0.409042626619339, 0.155351921916008, 0.13061729073524475, 0.12365712225437164, 0.06738138198852539, 0.06193140521645546, 0.4440363049507141, 0.17237648367881775, 0.10605807602405548, 0.11338170617818832, 0.0677466168999672, 0.04684904217720032, 0.4807429015636444, 0.1852215826511383, 0.1362980157136917, 0.12923388183116913, 0.08698896318674088, 0.06518381834030151, 0.41524016857147217, 0.16705510020256042, 0.14294345676898956, 0.13866247236728668, 0.09518437832593918, 0.07516520470380783, 0.39351698756217957, 0.1545274555683136, 0.14683817327022552, 0.128723606467247, 0.09191227704286575, 0.07305973768234253, 0.40399226546287537, 0.1554739773273468, 0.15941573679447174, 0.15454262495040894, 0.08830820024013519, 0.08689876645803452, 0.36323925852775574, 0.14759543538093567, 0.12886516749858856, 0.13195009529590607, 0.07404796034097672, 0.06509921699762344, 0.42889702320098877, 0.17114056646823883, 0.11200039833784103, 0.10164057463407516, 0.08347436040639877, 