{"metrics": {"ACC": 39.63963963963964, "F1": 24.45357142857143}, "predictions": [1, 4, 1, 4, 4, 4, 4, 4, 4, 1, 4, 4, 5, 4, 4, 4, 4, 1, 4, 4, 5, 0, 5, 5, 4, 4, 4, 4, 4, 4, 4, 4, 4, 5, 4, 4, 4, 4, 4, 4, 4, 4, 4, 5, 4, 4, 4, 4, 4, 4, 4, 4, 4, 4, 4, 4, 4, 4, 4, 4, 4, 4, 4, 4, 4, 4, 4, 4, 4, 1, 4, 1, 4, 4, 4, 5, 5, 4, 4, 4, 4, 4, 4, 4, 4, 4, 4, 5, 4, 4, 5, 1, 2, 4, 5, 5, 4, 4, 5, 5, 4, 2, 2, 4, 4, 4, 4, 4, 4, 4, 2], "uids": ["0", "1", "2", "3", "4", "5", "6", "7", "8", "9", "10", "11", "12", "13", "14", "15", "16", "17", "18", "19", "20", "21", "22", "23", "24", "25", "26", "27", "28", "29", "30", "31", "32", "33", "34", "35", "36", "37", "38", "39", "40", "41", "42", "43", "44", "45", "46", "47", "48", "49", "50", "51", "52", "53", "54", "55", "56", "57", "58", "59", "60", "61", "62", "63", "64", "65", "66", "67", "68", "69", "70", "71", "72", "73", "74", "75", "76", "77", "78", "79", "80", "81", "82", "83", "84", "85", "86", "87", "88", "89", "90", "91", "92", "93", "94", "95", "96", "97", "98", "99", "100", "101", "102", "103", "104", "105", "106", "107", "108", "109", "110"], "scores": [0.13584572076797485, 0.2782488167285919, 0.06696607917547226, 0.05131906270980835, 0.19994033873081207, 0.26767995953559875, 0.03446735441684723, 0.1489526331424713, 0.03067883849143982, 0.03702079504728317, 0.5827338099479675, 0.16614657640457153, 0.09977297484874725, 0.3357558846473694, 0.02593100070953369, 0.07717983424663544, 0.22854720056056976, 0.23281307518482208, 0.12300964444875717, 0.13419242203235626, 0.05646180734038353, 0.03125712648034096, 0.6013230681419373, 0.05375596880912781, 0.11055760830640793, 0.14765962958335876, 0.020095905289053917, 0.0284940954297781, 0.4115164875984192, 0.2816762924194336, 0.029265044257044792, 0.16234934329986572, 0.027243025600910187, 0.01351307425647974, 0.49576231837272644, 0.27186721563339233, 0.013274339027702808, 0.05279253423213959, 0.0324452742934227, 0.009536491706967354, 0.8322510719299316, 0.059700243175029755, 0.07556471973657608, 0.08548964560031891, 0.03288467228412628, 0.02539311908185482, 0.6699974536895752, 0.11067038029432297, 0.033368028700351715, 0.1271544247865677, 0.04452551156282425, 0.02051938697695732, 0.5815645456314087, 0.1928681582212448, 0.10049252957105637, 0.2682783901691437, 0.12087307125329971, 0.07881609350442886, 0.2032911479473114, 0.228248730301857, 0.07984106987714767, 0.15619297325611115, 0.06444799900054932, 0.05126699060201645, 0.4290081262588501, 0.21924284100532532, 0.02149999886751175, 0.12184681743383408, 0.0801049992442131, 0.02032105252146721, 0.5882065892219543, 0.16802053153514862, 0.06131613254547119, 0.19240602850914001, 0.0227279644459486, 0.029212165623903275, 0.3149031698703766, 0.3794345259666443, 0.08365947753190994, 0.10038568079471588, 0.019298037514090538, 0.020021742209792137, 0.555546760559082, 0.22108827531337738, 0.037662066519260406, 0.0944051519036293, 0.01977965421974659, 0.012643534690141678, 0.7647242546081543, 0.07078536599874496, 0.04559692367911339, 0.06935174763202667, 0.02031724527478218, 0.011057969182729721, 0.7548248171806335, 0.09885130822658539, 0.24638710916042328, 0.08477502316236496, 0.010878857225179672, 0.03374182805418968, 0.4994860291481018, 0.12473105639219284, 0.08950794488191605, 0.4558679163455963, 0.04443568363785744, 0.057918936014175415, 0.09349632263183594, 0.25877317786216736, 0.06852611154317856, 0.21729305386543274, 0.03995152562856674, 0.04784683883190155, 0.5187598466873169, 0.10762258619070053, 0.08608131110668182, 0.14048334956169128, 0.011004652827978134, 0.026509810239076614, 0.5430299043655396, 0.1928909420967102, 0.24177862703800201, 0.19210697710514069, 0.013667270541191101, 0.03122655674815178, 0.23480278253555298, 0.28641781210899353, 0.2701758146286011, 0.2308918982744217, 0.019462989643216133, 0.040374863892793655, 0.1767899990081787, 0.26230448484420776, 0.14889085292816162, 0.250704288482666, 0.01763213239610195, 0.04761723056435585, 0.0820738896727562, 0.4530816972255707, 0.03812956437468529, 0.28847241401672363, 0.02802719548344612, 0.020522890612483025, 0.3028768301010132, 0.3219711482524872, 0.02100398577749729, 0.11375023424625397, 0.017845382913947105, 0.013727006502449512, 0.7371752262115479, 0.09649819135665894, 0.017752932384610176, 0.03862834721803665, 0.025908786803483963, 0.00986803974956274, 0.8782283663749695, 0.02961352840065956, 0.05825712904334068, 0.032965220510959625, 0.015341047197580338, 0.011323703452944756, 0.8348715901374817, 0.047241270542144775, 0.01919039525091648, 0.037154775112867355, 0.025111550465226173, 0.010743600316345692, 0.8628063797950745, 0.04499329626560211, 0.02527211792767048, 0.05238683521747589, 0.021657157689332962, 0.01891382969915867, 0.8178343772888184, 0.0639357641339302, 0.016940757632255554, 0.0905175507068634, 0.2902233600616455, 0.03211868554353714, 0.4993959963321686, 0.07080364227294922, 0.014009297825396061, 0.038308240473270416, 0.1426878273487091, 0.016770469024777412, 0.7474323511123657, 0.040791839361190796, 0.08218712359666824, 0.19780904054641724, 0.05506235733628273, 0.030259348452091217, 0.5531283020973206, 0.08155383169651031, 0.01576009951531887, 0.05247774347662926, 0.023664673790335655, 0.008829864673316479, 0.8434323668479919, 0.055835239589214325, 0.09987451881170273, 0.1564236581325531, 0.018661614507436752, 0.035867828875780106, 0.20235618948936462, 0.4868161678314209, 0.11291410773992538, 0.15143419802188873, 0.014346778392791748, 0.03308333083987236, 0.42522498965263367, 0.2629966139793396, 0.05279562249779701, 0.05432387441396713, 0.010732059367001057, 0.011908946558833122, 0.7964622974395752, 0.0737772136926651, 0.07184798270463943, 0.03758351877331734, 0.012901043519377708, 0.012415647506713867, 0.8009691834449768, 0.06428258866071701, 0.030892595648765564, 0.0683213546872139, 0.018345298245549202, 0.011880375444889069, 0.7357077598571777, 0.1348525732755661, 0.03552096337080002, 0.13663731515407562, 0.0377458892762661, 0.024593375623226166, 0.6095908880233765, 0.15591157972812653, 0.028796521946787834, 0.06827133893966675, 0.018124226480722427, 0.012120550498366356, 0.8013973236083984, 0.0712900385260582, 0.03060414083302021, 0.024654829874634743, 0.015031714923679829, 0.007902681827545166, 0.8968287706375122, 0.024977847933769226, 0.02726873941719532, 0.1106267124414444, 0.04243892803788185, 0.015448607504367828, 0.7225790023803711, 0.08163799345493317, 0.030623754486441612, 0.21852436661720276, 0.03739084303379059, 0.024394258856773376, 0.5878899097442627, 0.10117685794830322, 0.04249335452914238, 0.2599421739578247, 0.018046574667096138, 0.03150429204106331, 0.21460950374603271, 0.4334041178226471, 0.016878128051757812, 0.016288990154862404, 0.008662099950015545, 0.005824411287903786, 0.9369359016418457, 0.015410571359097958, 0.01511896401643753, 0.013007713481783867, 0.005985320080071688, 0.005215637385845184, 0.9440048933029175, 0.016667429357767105, 0.031863801181316376, 0.1135081872344017, 0.04501710832118988, 0.02923889085650444, 0.5976298451423645, 0.1827421337366104, 0.042409807443618774, 0.08203550428152084, 0.3342973589897156, 0.04226373881101608, 0.4067237675189972, 0.09226985275745392, 0.08338120579719543, 0.08614987134933472, 0.025668876245617867, 0.021174710243940353, 0.6779114603996277, 0.1057138741016388, 0.12828302383422852, 0.15749765932559967, 0.02553337626159191, 0.021783722564578056, 0.46256011724472046, 0.2043420970439911, 0.01261493843048811, 0.1019427701830864, 0.038338180631399155, 0.0129616130143404, 0.7896221876144409, 0.044520359486341476, 0.0169190876185894, 0.07450243085622787, 0.05807608738541603, 0.01721595972776413, 0.8004543781280518, 0.032832130789756775, 0.01178406085819006, 0.03226738050580025, 0.019197145476937294, 0.008448085747659206, 0.898679792881012, 0.029623564332723618, 0.011069868691265583, 0.03154226765036583, 0.014694585464894772, 0.006698851939290762, 0.9149537682533264, 0.021040713414549828, 0.07557285577058792, 0.17260520160198212, 0.056686002761125565, 0.03146551176905632, 