{"metrics": {"ACC": 36.03603603603604, "F1": 8.830022075055188}, "predictions": [4, 4, 4, 4, 4, 4, 4, 4, 4, 4, 4, 4, 4, 4, 4, 4, 4, 4, 4, 4, 4, 4, 4, 4, 4, 4, 4, 4, 4, 4, 4, 4, 4, 4, 4, 4, 4, 4, 4, 4, 4, 4, 4, 4, 4, 4, 4, 4, 4, 4, 4, 4, 4, 4, 4, 4, 4, 4, 4, 4, 4, 4, 4, 4, 4, 4, 4, 4, 4, 4, 4, 4, 4, 4, 4, 4, 4, 4, 4, 4, 4, 4, 4, 4, 4, 4, 4, 4, 4, 4, 4, 4, 4, 4, 4, 4, 4, 4, 4, 4, 4, 4, 4, 4, 4, 4, 4, 4, 4, 4, 4], "uids": ["0", "1", "2", "3", "4", "5", "6", "7", "8", "9", "10", "11", "12", "13", "14", "15", "16", "17", "18", "19", "20", "21", "22", "23", "24", "25", "26", "27", "28", "29", "30", "31", "32", "33", "34", "35", "36", "37", "38", "39", "40", "41", "42", "43", "44", "45", "46", "47", "48", "49", "50", "51", "52", "53", "54", "55", "56", "57", "58", "59", "60", "61", "62", "63", "64", "65", "66", "67", "68", "69", "70", "71", "72", "73", "74", "75", "76", "77", "78", "79", "80", "81", "82", "83", "84", "85", "86", "87", "88", "89", "90", "91", "92", "93", "94", "95", "96", "97", "98", "99", "100", "101", "102", "103", "104", "105", "106", "107", "108", "109", "110"], "scores": [0.0848223939538002, 0.22303679585456848, 0.07225558161735535, 0.02828252501785755, 0.46419602632522583, 0.12740671634674072, 0.051432982087135315, 0.1967865228652954, 0.04645542800426483, 0.03797139972448349, 0.5315641164779663, 0.13578960299491882, 0.07333673536777496, 0.23395487666130066, 0.05635171756148338, 0.03939446434378624, 0.460158109664917, 0.13680411875247955, 0.0679403617978096, 0.17207564413547516, 0.057555604726076126, 0.021241486072540283, 0.5568289160728455, 0.12435798346996307, 0.1476970762014389, 0.1972634345293045, 0.09450715780258179, 0.055803004652261734, 0.3156556487083435, 0.18907365202903748, 0.08597616106271744, 0.1943821758031845, 0.07925379276275635, 0.03047405555844307, 0.4064059853553772, 0.20350787043571472, 0.0653882697224617, 0.20385396480560303, 0.06906741857528687, 0.02928348444402218, 0.468772828578949, 0.1636340320110321, 0.0770682618021965, 0.18341213464736938, 0.057366691529750824, 0.022479355335235596, 0.5295941829681396, 0.13007935881614685, 0.06201253831386566, 0.19507864117622375, 0.06645629554986954, 0.028468720614910126, 0.5052596926689148, 0.14272409677505493, 0.0631757453083992, 0.17031118273735046, 0.075273796916008, 0.02900986559689045, 0.5332353115081787, 0.12899412214756012, 0.06384202092885971, 0.1607782542705536, 0.060453422367572784, 0.027133600786328316, 0.54927659034729, 0.1385161131620407, 0.06417179852724075, 0.17154018580913544, 0.1344950944185257, 0.0383254736661911, 0.4052700996398926, 0.1861974149942398, 0.0693308487534523, 0.1681610494852066, 0.04612091928720474, 0.026999855414032936, 0.5316777229309082, 0.15770959854125977, 0.13927119970321655, 0.17223557829856873, 0.07445964962244034, 0.038767505437135696, 0.40516409277915955, 0.17010198533535004, 0.08717990666627884, 0.16058480739593506, 0.07196406275033951, 0.026887809857726097, 0.5299973487854004, 0.12338603287935257, 0.0799722969532013, 0.1851768046617508, 0.09436453878879547, 0.02656516246497631, 0.44800788164138794, 0.16591328382492065, 0.14894773066043854, 0.16826806962490082, 0.03835558146238327, 0.0330643467605114, 0.48421385884284973, 0.12715038657188416, 0.08649484813213348, 0.21913160383701324, 0.05399724468588829, 0.03266572952270508, 0.45498937368392944, 0.1527211219072342, 0.08358216285705566, 0.18843528628349304, 0.03274751082062721, 0.0242049228399992, 0.544877290725708, 0.12615276873111725, 0.1316075474023819, 0.1980201154947281, 0.03917250409722328, 0.044360607862472534, 0.4239552617073059, 0.162883922457695, 0.16165666282176971, 0.2263576090335846, 0.07532043009996414, 0.043178755789995193, 0.31537505984306335, 0.1781115084886551, 0.16602593660354614, 0.2373373955488205, 0.08727587014436722, 0.05273684114217758, 0.27108487486839294, 0.18553903698921204, 0.12933778762817383, 0.2563404440879822, 0.08080977201461792, 0.06706231832504272, 0.2936367988586426, 0.17281290888786316, 0.07566990703344345, 0.20822449028491974, 0.08570515364408493, 0.025801392272114754, 0.43684759736061096, 0.1677514612674713, 0.08134017884731293, 0.20850183069705963, 0.09683413803577423, 0.042380135506391525, 0.40794920921325684, 0.16299453377723694, 0.0633430927991867, 0.19483846426010132, 0.07723510265350342, 0.031110020354390144, 0.5072445869445801, 0.12622874975204468, 0.08557289093732834, 0.15793702006340027, 0.04760398343205452, 0.018753327429294586, 0.5723602771759033, 0.11777249723672867, 0.0665087178349495, 0.18994386494159698, 0.0681220293045044, 0.027997707948088646, 0.5140097141265869, 0.13341796398162842, 0.07642308622598648, 0.17376179993152618, 0.048553526401519775, 0.0256764255464077, 0.5448840856552124, 0.13070106506347656, 0.047149062156677246, 0.16901007294654846, 0.22555680572986603, 0.03557829186320305, 0.3767510652542114, 0.1459546834230423, 0.05199933424592018, 0.1630857288837433, 0.18131417036056519, 0.03508714586496353, 0.4128112494945526, 0.15570230782032013, 0.08912033587694168, 0.21688714623451233, 0.07157071679830551, 0.0354580320417881, 0.4728841483592987, 0.11407966166734695, 0.05691546946763992, 0.18380774557590485, 0.07461362332105637, 0.02746238000690937, 0.5334641337394714, 0.123736672103405, 0.06496135145425797, 0.1793343424797058, 0.07665690034627914, 0.03826853632926941, 0.49947917461395264, 0.14129973948001862, 0.07095401734113693, 0.18345607817173004, 0.05719573795795441, 0.029755597934126854, 0.5168526768684387, 0.14178593456745148, 0.054731838405132294, 0.15485024452209473, 0.06516258418560028, 0.02479162998497486, 0.5863291025161743, 0.11413461714982986, 0.09138838201761246, 0.15992768108844757, 0.05191299691796303, 0.024668268859386444, 0.5458651185035706, 0.12623749673366547, 0.07533230632543564, 0.16749444603919983, 0.04016546159982681, 0.023404959589242935, 0.5493838787078857, 0.14421899616718292, 0.06284339725971222, 0.1631200611591339, 0.050932493060827255, 0.021185560151934624, 0.5666490197181702, 0.13526946306228638, 0.06612440198659897, 0.1754656434059143, 0.06174555793404579, 0.026806840673089027, 0.5325595140457153, 0.13729801774024963, 0.08275286108255386, 0.15366604924201965, 0.050693169236183167, 0.020706677809357643, 0.5797111392021179, 0.11247009038925171, 0.057294465601444244, 0.19619709253311157, 0.06995309889316559, 0.025747625157237053, 0.5225659012794495, 0.1282418966293335, 0.06451641768217087, 0.19873923063278198, 0.0801035463809967, 0.03525596112012863, 0.49274522066116333, 0.12863954901695251, 0.07458309084177017, 0.26124873757362366, 0.07774604856967926, 0.04176049679517746, 0.3505147397518158, 0.19414688646793365, 0.059901028871536255, 0.18512053787708282, 0.05285760760307312, 0.028127439320087433, 0.5330778956413269, 0.1409154087305069, 0.06005272641777992, 0.1736171841621399, 0.04630566015839577, 0.03259710967540741, 0.5425449013710022, 0.1448824107646942, 0.06068700551986694, 0.21906399726867676, 0.07196421176195145, 0.035753313452005386, 0.4801872968673706, 0.13234421610832214, 0.06715680658817291, 0.17961075901985168, 0.09782513976097107, 0.03391852229833603, 0.511481523513794, 0.11000724881887436, 0.08785025775432587, 0.1871306449174881, 0.06659895926713943, 0.024928221479058266, 0.5055249333381653, 0.127966970205307, 0.06658488512039185, 0.21577870845794678, 0.07555382698774338, 0.024914328008890152, 0.483686625957489, 0.13348162174224854, 0.0583064928650856, 0.20790132880210876, 0.10347053408622742, 0.03492695838212967, 0.4596865177154541, 0.13570822775363922, 0.06566920131444931, 0.2100445181131363, 0.09794404357671738, 0.04260079190135002, 0.4529096782207489, 0.1308317333459854, 0.056055061519145966, 0.19818009436130524, 0.08856254070997238, 0.032011281698942184, 0.5067445635795593, 0.11844651401042938, 0.061615344136953354, 0.19164413213729858, 0.09140004962682724, 0.03283655643463135, 0.5022080540657043, 0.12029586732387543, 0.08187711238861084, 0.26198458671569824, 0.11905243247747421, 0.05564544349908829, 0.35050705075263977, 0.13093337416648865, 0.07774600386619568, 