{"metrics": {"ACC": 36.93693693693694, "F1": 10.404040404040405}, "predictions": [4, 4, 4, 4, 4, 4, 4, 4, 4, 4, 4, 4, 4, 4, 4, 4, 4, 4, 4, 4, 4, 4, 4, 4, 4, 4, 4, 4, 4, 4, 4, 4, 4, 4, 4, 4, 4, 4, 4, 4, 4, 4, 4, 4, 4, 4, 4, 4, 4, 4, 4, 4, 4, 4, 4, 4, 4, 4, 4, 4, 4, 4, 4, 4, 4, 4, 4, 4, 4, 4, 4, 4, 4, 4, 4, 4, 4, 4, 4, 4, 4, 4, 4, 4, 4, 4, 4, 4, 4, 4, 4, 4, 4, 4, 5, 4, 4, 4, 4, 4, 4, 4, 4, 4, 4, 4, 4, 4, 4, 4, 4], "uids": ["0", "1", "2", "3", "4", "5", "6", "7", "8", "9", "10", "11", "12", "13", "14", "15", "16", "17", "18", "19", "20", "21", "22", "23", "24", "25", "26", "27", "28", "29", "30", "31", "32", "33", "34", "35", "36", "37", "38", "39", "40", "41", "42", "43", "44", "45", "46", "47", "48", "49", "50", "51", "52", "53", "54", "55", "56", "57", "58", "59", "60", "61", "62", "63", "64", "65", "66", "67", "68", "69", "70", "71", "72", "73", "74", "75", "76", "77", "78", "79", "80", "81", "82", "83", "84", "85", "86", "87", "88", "89", "90", "91", "92", "93", "94", "95", "96", "97", "98", "99", "100", "101", "102", "103", "104", "105", "106", "107", "108", "109", "110"], "scores": [0.13498137891292572, 0.1789306402206421, 0.04929390549659729, 0.027768755331635475, 0.4157903492450714, 0.19323496520519257, 0.05762038752436638, 0.11732685565948486, 0.03616131469607353, 0.02495361492037773, 0.619221031665802, 0.1447167545557022, 0.08027321100234985, 0.16289031505584717, 0.03318539261817932, 0.030342021957039833, 0.5561251044273376, 0.13718396425247192, 0.07725730538368225, 0.1409800499677658, 0.03834880143404007, 0.018743226304650307, 0.6223791837692261, 0.10229142755270004, 0.17410396039485931, 0.15875598788261414, 0.050253063440322876, 0.04403146356344223, 0.3445081412792206, 0.22834737598896027, 0.0853295773267746, 0.16179783642292023, 0.05233132466673851, 0.02337169274687767, 0.3978623151779175, 0.2793072462081909, 0.04678788036108017, 0.14557255804538727, 0.047712262719869614, 0.020515408366918564, 0.5845176577568054, 0.15489427745342255, 0.10615505278110504, 0.13792572915554047, 0.045738764107227325, 0.026460984721779823, 0.5290704369544983, 0.1546490639448166, 0.062197521328926086, 0.13880141079425812, 0.0534067265689373, 0.02400710992515087, 0.5756153464317322, 0.1459718495607376, 0.0737353190779686, 0.14327582716941833, 0.056597523391246796, 0.03119339421391487, 0.5326643586158752, 0.16253361105918884, 0.06982370465993881, 0.12382922321557999, 0.0483456589281559, 0.025199687108397484, 0.5555686950683594, 0.17723307013511658, 0.05639876797795296, 0.17236806452274323, 0.1195036917924881, 0.03232807293534279, 0.4357883334159851, 0.18361304700374603, 0.0939125344157219, 0.13659171760082245, 0.029576847329735756, 0.023953083902597427, 0.4617314636707306, 0.254234254360199, 0.13816869258880615, 0.13206547498703003, 0.04176582023501396, 0.027487436309456825, 0.4435107707977295, 0.2170017510652542, 0.0750112310051918, 0.13094820082187653, 0.03777436912059784, 0.017370998859405518, 0.6384180784225464, 0.10047709196805954, 0.10012470930814743, 0.15551966428756714, 0.051596567034721375, 0.023158349096775055, 0.44111424684524536, 0.22848640382289886, 0.2233717292547226, 0.11874137818813324, 0.024084554985165596, 0.04359045997262001, 0.43251916766166687, 0.15769265592098236, 0.12233755737543106, 0.16902709007263184, 0.03986494615674019, 0.03473368659615517, 0.45322316884994507, 0.1808134913444519, 0.0858115702867508, 0.1393737941980362, 0.022395845502614975, 0.02585000917315483, 0.5797774791717529, 0.1467912495136261, 0.1436479240655899, 0.159762904047966, 0.02338387817144394, 0.03689226508140564, 0.4426909387111664, 0.19362206757068634, 0.2076161652803421, 0.18670614063739777, 0.03543563187122345, 0.03802027553319931, 0.2786080241203308, 0.25361374020576477, 0.22043338418006897, 0.1927856057882309, 0.03730687126517296, 0.03869793936610222, 0.2810295522212982, 0.22974663972854614, 0.1594555377960205, 0.18504869937896729, 0.027864424511790276, 0.03715171664953232, 0.3180340826511383, 0.27244558930397034, 0.07636253535747528, 0.20103946328163147, 0.054791126400232315, 0.0212903693318367, 0.4018023610115051, 0.24471411108970642, 0.06653235852718353, 0.17330142855644226, 0.056650299578905106, 0.030794739723205566, 0.5274756550788879, 0.1452455222606659, 0.05671599134802818, 0.1349894255399704, 0.04965635761618614, 0.019256003201007843, 0.6321470141410828, 0.10723520815372467, 0.12451554089784622, 0.10431630164384842, 0.027043228968977928, 0.01948598586022854, 0.599391520023346, 0.12524744868278503, 0.05215778201818466, 0.11905389279127121, 0.04105608910322189, 0.016297461465001106, 0.6564374566078186, 0.11499737203121185, 0.0523502342402935, 0.09565602242946625, 0.031150104478001595, 0.019679807126522064, 0.6705219745635986, 0.1306418776512146, 0.03847407549619675, 0.18654663860797882, 0.24604259431362152, 0.0326542966067791, 0.3739824891090393, 0.122299924492836, 0.04008527100086212, 0.12414229661226273, 0.13791048526763916, 0.021837681531906128, 0.5474937558174133, 0.12853054702281952, 0.11252404004335403, 0.19215483963489532, 0.04568934813141823, 0.032910410314798355, 0.4611589312553406, 0.15556249022483826, 0.047467246651649475, 0.14561276137828827, 0.04712311178445816, 0.017568377777934074, 0.6222164630889893, 0.12001200020313263, 0.07646619528532028, 0.12153289467096329, 0.03997602313756943, 0.02301493100821972, 0.58159339427948, 0.15741656720638275, 0.09200692176818848, 0.12724103033542633, 0.030409524217247963, 0.02211436629295349, 0.5610962510108948, 0.1671319305896759, 0.04503633826971054, 0.11084729433059692, 0.036949172616004944, 0.017126157879829407, 0.693247377872467, 0.09679364413022995, 0.11956538259983063, 0.12280416488647461, 0.034884579479694366, 0.024984760209918022, 0.5576440691947937, 0.14011704921722412, 0.06205521523952484, 0.10214534401893616, 0.025227420032024384, 0.015209822915494442, 0.6406540870666504, 0.1547081470489502, 0.07129368185997009, 0.13025052845478058, 0.037785325199365616, 0.021733880043029785, 0.5887303352355957, 0.1502062827348709, 0.0638793557882309, 0.10651378333568573, 0.032732944935560226, 0.01928073912858963, 0.6496278643608093, 0.12796536087989807, 0.07691691815853119, 0.08259980380535126, 0.031044425442814827, 0.016186563298106194, 0.7013399600982666, 0.09191233664751053, 0.05399307981133461, 0.14702928066253662, 0.05228116363286972, 0.019234679639339447, 0.6003167033195496, 0.12714512646198273, 0.04858539253473282, 0.16762675344944, 0.04482642933726311, 0.022366004064679146, 0.6070524454116821, 0.10954293608665466, 0.08572359383106232, 0.2033219337463379, 0.043000251054763794, 0.02935831993818283, 0.34797757863998413, 0.290618360042572, 0.06437782943248749, 0.09857910871505737, 0.028532739728689194, 0.018271608278155327, 0.6814702153205872, 0.10876854509115219, 0.09022364765405655, 0.10078069567680359, 0.023296719416975975, 0.023999780416488647, 0.6137086749076843, 0.14799055457115173, 0.05685622617602348, 0.13491278886795044, 0.04973948746919632, 0.030902104452252388, 0.583904504776001, 0.143684983253479, 0.060096338391304016, 0.11711076647043228, 0.09909439086914062, 0.033628322184085846, 0.5749916434288025, 0.11507847160100937, 0.10689568519592285, 0.14627070724964142, 0.04246439039707184, 0.023945456370711327, 0.5255972146987915, 0.15482647716999054, 0.11388780921697617, 0.17831046879291534, 0.04390059784054756, 0.01736743003129959, 0.4824191927909851, 0.16411450505256653, 0.04081756994128227, 0.16395162045955658, 0.06743472069501877, 0.020437847822904587, 0.609931468963623, 0.09742672741413116, 0.049946654587984085, 0.15189656615257263, 0.06372107565402985, 0.02527943067252636, 0.6181555986404419, 0.09100072085857391, 0.05425245687365532, 0.1254899501800537, 0.051469385623931885, 0.021679608151316643, 0.63619065284729, 0.11091797798871994, 0.05918838456273079, 0.1258777379989624, 0.04774284362792969, 0.019952304661273956, 0.6599331498146057, 0.08730563521385193, 0.08300728350877762, 0.17950358986854553, 0.06873519718647003, 0.03612415865063667, 0.47069835662841797, 0.16193139553070068, 