{"metrics": {"ACC": 34.234234234234236, "F1": 21.267336202773794}, "predictions": [1, 4, 1, 4, 4, 4, 4, 4, 4, 1, 4, 4, 5, 4, 4, 4, 4, 1, 4, 4, 4, 0, 5, 4, 4, 4, 4, 4, 4, 4, 4, 4, 4, 5, 4, 4, 4, 4, 4, 4, 4, 4, 4, 5, 4, 4, 4, 4, 4, 4, 4, 4, 4, 4, 4, 4, 5, 4, 4, 4, 4, 4, 4, 4, 4, 1, 4, 4, 4, 1, 1, 1, 4, 4, 4, 5, 5, 4, 4, 4, 4, 4, 4, 4, 4, 4, 4, 4, 4, 4, 5, 1, 2, 5, 5, 5, 4, 4, 5, 5, 4, 2, 2, 4, 4, 4, 2, 4, 4, 4, 2], "uids": ["0", "1", "2", "3", "4", "5", "6", "7", "8", "9", "10", "11", "12", "13", "14", "15", "16", "17", "18", "19", "20", "21", "22", "23", "24", "25", "26", "27", "28", "29", "30", "31", "32", "33", "34", "35", "36", "37", "38", "39", "40", "41", "42", "43", "44", "45", "46", "47", "48", "49", "50", "51", "52", "53", "54", "55", "56", "57", "58", "59", "60", "61", "62", "63", "64", "65", "66", "67", "68", "69", "70", "71", "72", "73", "74", "75", "76", "77", "78", "79", "80", "81", "82", "83", "84", "85", "86", "87", "88", "89", "90", "91", "92", "93", "94", "95", "96", "97", "98", "99", "100", "101", "102", "103", "104", "105", "106", "107", "108", "109", "110"], "scores": [0.14949044585227966, 0.29514437913894653, 0.0795479416847229, 0.06127803772687912, 0.16536609828472137, 0.249173104763031, 0.04560822248458862, 0.19699211418628693, 0.03420315310359001, 0.051370587199926376, 0.4068240523338318, 0.26500189304351807, 0.11993565410375595, 0.3479233980178833, 0.02354481816291809, 0.08965802192687988, 0.12481556087732315, 0.2941225469112396, 0.14992877840995789, 0.163357213139534, 0.07267814874649048, 0.04422588273882866, 0.5157678127288818, 0.05404210463166237, 0.11556199938058853, 0.13873431086540222, 0.019185349345207214, 0.027439914643764496, 0.4511137306690216, 0.24796470999717712, 0.027498949319124222, 0.16741320490837097, 0.02709849737584591, 0.013422942720353603, 0.506982147693634, 0.25758427381515503, 0.010226967744529247, 0.040656641125679016, 0.02888927236199379, 0.008237655274569988, 0.8659816980361938, 0.046007752418518066, 0.06887314468622208, 0.06961208581924438, 0.027196962386369705, 0.02304353564977646, 0.7130852341651917, 0.09818901866674423, 0.03721963241696358, 0.14379271864891052, 0.05432106554508209, 0.02512238174676895, 0.5145002603530884, 0.22504399716854095, 0.10977647453546524, 0.289632648229599, 0.14918392896652222, 0.09952479600906372, 0.1266738325357437, 0.2252083569765091, 0.10979162156581879, 0.20335842669010162, 0.07992705702781677, 0.07171662151813507, 0.294655978679657, 0.24055027961730957, 0.019487451761960983, 0.10934891551733017, 0.13782565295696259, 0.02130679041147232, 0.5376889109611511, 0.1743423044681549, 0.06949807703495026, 0.22107276320457458, 0.024245750159025192, 0.03340541571378708, 0.2729038596153259, 0.3788740932941437, 0.09186796098947525, 0.09658975899219513, 0.016924571245908737, 0.02101880870759487, 0.5778618454933167, 0.19573700428009033, 0.03501351177692413, 0.09147298336029053, 0.018423378467559814, 0.012445563450455666, 0.7768377065658569, 0.06580686569213867, 0.040423404425382614, 0.05778692662715912, 0.017723796889185905, 0.009985923767089844, 0.7952564358711243, 0.07882356643676758, 0.26897910237312317, 0.07349109649658203, 0.00989086739718914, 0.03528797626495361, 0.48628005385398865, 0.12607094645500183, 0.10524868965148926, 0.4451141059398651, 0.053531259298324585, 0.07287516444921494, 0.06254256516695023, 0.2606881260871887, 0.08627258986234665, 0.24094371497631073, 0.0646529570221901, 0.07795359194278717, 0.4155673682689667, 0.11460977047681808, 0.08236124366521835, 0.13539649546146393, 0.011183874681591988, 0.027387086302042007, 0.5614168643951416, 0.1822543442249298, 0.2633085250854492, 0.1786929965019226, 0.012637518346309662, 0.030581876635551453, 0.27056241035461426, 0.2442166954278946, 0.28941476345062256, 0.22423958778381348, 0.018472464755177498, 0.04104448854923248, 0.1853346824645996, 0.2414940446615219, 0.14517459273338318, 0.25646454095840454, 0.01616380736231804, 0.04685385152697563, 0.07035844027996063, 0.4649847745895386, 0.0353737473487854, 0.29245051741600037, 0.0288096871227026, 0.02033313177525997, 0.34891951084136963, 0.27411341667175293, 0.019650347530841827, 0.11270095407962799, 0.018306951969861984, 0.015836196020245552, 0.7428429126739502, 0.09066256135702133, 0.013761392794549465, 0.032721877098083496, 0.02688138373196125, 0.010172293521463871, 0.8937484622001648, 0.022714579477906227, 0.05157318338751793, 0.024553857743740082, 0.014270550571382046, 0.010826127603650093, 0.8597273230552673, 0.03904896229505539, 0.016193553805351257, 0.03037319704890251, 0.022235725075006485, 0.010228283703327179, 0.8831008076667786, 0.03786849230527878, 0.025327594950795174, 0.048380255699157715, 0.02148021012544632, 0.02123803272843361, 0.8134779334068298, 0.07009600102901459, 0.015828153118491173, 0.0856095626950264, 0.3178832530975342, 0.03411366418004036, 0.48129400610923767, 0.06527139991521835, 0.011312088929116726, 0.029046542942523956, 0.09524094313383102, 0.014179164543747902, 0.8224244117736816, 0.027796905487775803, 0.09421966969966888, 0.22189807891845703, 0.0630616694688797, 0.036216456443071365, 0.5017802715301514, 0.08282382786273956, 0.01348855346441269, 0.04593060538172722, 0.02010534703731537, 0.00809318944811821, 0.8616010546684265, 0.0507812462747097, 0.09956929832696915, 0.1567169725894928, 0.015318427234888077, 0.03906095772981644, 0.10763448476791382, 0.5816998481750488, 0.11084136366844177, 0.13985154032707214, 0.011382048949599266, 0.03111262246966362, 0.43052318692207336, 0.2762892246246338, 0.05448167026042938, 0.0506204217672348, 0.008944422006607056, 0.012612219899892807, 0.7933578491210938, 0.0799834355711937, 0.07339457422494888, 0.032463304698467255, 0.01177388709038496, 0.012823226861655712, 0.8089085221290588, 0.0606364831328392, 0.026720523834228516, 0.05666704103350639, 0.020011592656373978, 0.011545544490218163, 0.753835141658783, 0.13122020661830902, 0.03515036404132843, 0.15033280849456787, 0.04522567614912987, 0.028274713084101677, 0.5716349482536316, 0.16938146948814392, 0.03022143617272377, 0.07732280343770981, 0.021378396078944206, 0.01583339273929596, 0.7797752022743225, 0.07546871155500412, 0.03029089979827404, 0.021271774545311928, 0.015427484177052975, 0.008564578369259834, 0.9026026725769043, 0.021842677146196365, 0.0271022729575634, 0.12579984962940216, 0.047043099999427795, 0.016881238669157028, 0.6878060698509216, 0.09536749869585037, 0.0356057770550251, 0.29491543769836426, 0.043690744787454605, 0.031849782913923264, 0.4662531316280365, 0.12768514454364777, 0.05777442082762718, 0.291174978017807, 0.02127842977643013, 0.04123866558074951, 0.1286943554878235, 0.45983922481536865, 0.014715578407049179, 0.012706737034022808, 0.00919256266206503, 0.0061316899955272675, 0.9457477927207947, 0.011505600064992905, 0.012039022520184517, 0.009058094583451748, 0.005126746371388435, 0.004714240785688162, 0.9571298956871033, 0.011931979097425938, 0.039297740906476974, 0.13495592772960663, 0.04792071878910065, 0.03891904279589653, 0.4990323483943939, 0.2398741990327835, 0.040919359773397446, 0.08480118215084076, 0.34593474864959717, 0.044955216348171234, 0.37604132294654846, 0.10734811425209045, 0.07747124880552292, 0.0824236050248146, 0.023772772401571274, 0.02256099134683609, 0.687169075012207, 0.10660237073898315, 0.14849722385406494, 0.18034355342388153, 0.024807248264551163, 0.02595425583422184, 0.3780253231525421, 0.24237246811389923, 0.010419949889183044, 0.09661190956830978, 0.03401617333292961, 0.011977075599133968, 0.8087430596351624, 0.03823184594511986, 0.014332438819110394, 0.06452172249555588, 0.0495966300368309, 0.016484074294567108, 0.8265620470046997, 0.028503093868494034, 0.010419169440865517, 0.024600721895694733, 0.015445214696228504, 0.007960564456880093, 0.9181955456733704, 0.023378830403089523, 0.008938194252550602, 0.022848570719361305, 0.01252195704728365, 0.005896052811294794, 0.934007465839386, 0.015787770971655846, 0.07769234478473663, 0.15681158006191254, 0.057897746562957764, 0.033329371362924576, 