{"metrics": {"ACC": 36.93693693693694, "F1": 20.190250544662312}, "predictions": [1, 4, 1, 4, 4, 4, 4, 4, 4, 4, 4, 4, 4, 4, 4, 4, 4, 1, 4, 4, 5, 5, 5, 4, 4, 4, 4, 4, 4, 4, 4, 4, 4, 5, 4, 4, 4, 4, 4, 4, 4, 4, 4, 5, 4, 4, 4, 2, 4, 4, 4, 4, 4, 4, 4, 4, 4, 4, 4, 4, 4, 4, 4, 4, 4, 4, 4, 4, 4, 1, 4, 1, 4, 4, 4, 1, 5, 4, 4, 4, 4, 4, 4, 4, 4, 4, 4, 5, 4, 4, 5, 1, 2, 5, 5, 5, 4, 4, 5, 5, 4, 2, 2, 4, 4, 4, 2, 4, 4, 4, 2], "uids": ["0", "1", "2", "3", "4", "5", "6", "7", "8", "9", "10", "11", "12", "13", "14", "15", "16", "17", "18", "19", "20", "21", "22", "23", "24", "25", "26", "27", "28", "29", "30", "31", "32", "33", "34", "35", "36", "37", "38", "39", "40", "41", "42", "43", "44", "45", "46", "47", "48", "49", "50", "51", "52", "53", "54", "55", "56", "57", "58", "59", "60", "61", "62", "63", "64", "65", "66", "67", "68", "69", "70", "71", "72", "73", "74", "75", "76", "77", "78", "79", "80", "81", "82", "83", "84", "85", "86", "87", "88", "89", "90", "91", "92", "93", "94", "95", "96", "97", "98", "99", "100", "101", "102", "103", "104", "105", "106", "107", "108", "109", "110"], "scores": [0.13093960285186768, 0.2735803425312042, 0.0724702924489975, 0.05334322527050972, 0.21809881925582886, 0.2515677511692047, 0.027530748397111893, 0.09131824970245361, 0.045584529638290405, 0.030760491266846657, 0.6868665218353271, 0.11793950200080872, 0.10424783825874329, 0.2774350047111511, 0.04318501800298691, 0.09744082391262054, 0.24411354959011078, 0.23357780277729034, 0.1286422163248062, 0.14732928574085236, 0.06731024384498596, 0.04321184754371643, 0.5497137308120728, 0.0637926310300827, 0.08674290776252747, 0.1471731960773468, 0.021781710907816887, 0.028450438752770424, 0.4254322350025177, 0.2904195189476013, 0.032300084829330444, 0.16240717470645905, 0.03716273233294487, 0.016146104782819748, 0.48700830340385437, 0.26497557759284973, 0.016392510384321213, 0.06071948632597923, 0.0464819110929966, 0.012248425744473934, 0.791745662689209, 0.07241199165582657, 0.08801726996898651, 0.09372790902853012, 0.04791158065199852, 0.03067930042743683, 0.6182324290275574, 0.12143149971961975, 0.03890537843108177, 0.10921704769134521, 0.06375620514154434, 0.02497102878987789, 0.5931236147880554, 0.1700267493724823, 0.09000694751739502, 0.20724904537200928, 0.1359453946352005, 0.08982674032449722, 0.277309387922287, 0.1996624618768692, 0.07612103223800659, 0.13046066462993622, 0.08208426833152771, 0.05848509073257446, 0.46084466576576233, 0.1920042484998703, 0.01983042247593403, 0.10513032227754593, 0.13776308298110962, 0.022251039743423462, 0.5549214482307434, 0.1601036638021469, 0.06324183940887451, 0.17677444219589233, 0.02782335877418518, 0.03213944658637047, 0.3804174065589905, 0.31960347294807434, 0.08344944566488266, 0.1072763130068779, 0.022830497473478317, 0.02318241447210312, 0.5309390425682068, 0.23232229053974152, 0.04497091472148895, 0.10461132973432541, 0.023752763867378235, 0.015045339241623878, 0.7299309372901917, 0.08168874680995941, 0.036755435168743134, 0.08387558162212372, 0.03257683292031288, 0.013248099945485592, 0.7338489294052124, 0.0996951013803482, 0.25012269616127014, 0.11191942542791367, 0.014276023954153061, 0.04645176976919174, 0.4319107234477997, 0.14531941711902618, 0.1072317585349083, 0.3731864094734192, 0.060557153075933456, 0.062268298119306564, 0.14298294484615326, 0.25377342104911804, 0.08756851404905319, 0.2848373055458069, 0.062412604689598083, 0.07909782230854034, 0.33767008781433105, 0.14841359853744507, 0.11116596311330795, 0.19478200376033783, 0.017030920833349228, 0.04269436374306679, 0.3959561288356781, 0.2383706271648407, 0.2097052037715912, 0.19853173196315765, 0.01619623228907585, 0.03216395899653435, 0.23945525288581848, 0.3039475977420807, 0.2222965508699417, 0.23093245923519135, 0.023645557463169098, 0.04387959837913513, 0.1665436178445816, 0.3127022087574005, 0.1554647982120514, 0.23151758313179016, 0.023345693945884705, 0.05267143249511719, 0.10041513293981552, 0.43658530712127686, 0.03567420691251755, 0.231075257062912, 0.04067067429423332, 0.020369883626699448, 0.4068973660469055, 0.26531264185905457, 0.028055185452103615, 0.10960179567337036, 0.04009165242314339, 0.022325187921524048, 0.6900891065597534, 0.10983703285455704, 0.021885106340050697, 0.0545162595808506, 0.05042834207415581, 0.016672587022185326, 0.81682950258255, 0.039668213576078415, 0.048917144536972046, 0.0450887605547905, 0.024828216060996056, 0.013082525692880154, 0.8176512718200684, 0.050432153046131134, 0.022270113229751587, 0.04261666163802147, 0.04239936172962189, 0.014277445152401924, 0.8238801956176758, 0.05455617979168892, 0.031096016988158226, 0.056874196976423264, 0.03604045882821083, 0.025783581659197807, 0.7685980796813965, 0.08160760253667831, 0.019050028175115585, 0.08284594118595123, 0.3305063843727112, 0.03593539446592331, 0.4632118344306946, 0.06845039874315262, 0.018512750044465065, 0.046410154551267624, 0.20208072662353516, 0.026748020201921463, 0.6632964611053467, 0.042951907962560654, 0.08156780898571014, 0.23317599296569824, 0.08263393491506577, 0.038745567202568054, 0.4620215892791748, 0.10185511410236359, 0.01551721803843975, 0.058261092752218246, 0.03748564049601555, 0.011390618048608303, 0.8145167827606201, 0.0628286749124527, 0.105937160551548, 0.14446504414081573, 0.03247026726603508, 0.0442156158387661, 0.27642205357551575, 0.3964898884296417, 0.13921000063419342, 0.15612304210662842, 0.02530653402209282, 0.04991229623556137, 0.3583070933818817, 0.2711411118507385, 0.06399247795343399, 0.0647805854678154, 0.01765400730073452, 0.019310563802719116, 0.7418372631072998, 0.09242507815361023, 0.1128823384642601, 0.06492689996957779, 0.023408522829413414, 0.022704973816871643, 0.6781802773475647, 0.097897008061409, 0.04213423281908035, 0.0914715975522995, 0.03549147769808769, 0.02047078311443329, 0.6512938737869263, 0.15913806855678558, 0.04859432950615883, 0.11882559210062027, 0.056518953293561935, 0.03315752372145653, 0.5885490775108337, 0.1543544977903366, 0.048204388469457626, 0.09278140217065811, 0.03425076603889465, 0.02309800311923027, 0.6877971291542053, 0.11386821419000626, 0.04948872700333595, 0.036796510219573975, 0.029380399733781815, 0.014666668139398098, 0.8267006278038025, 0.04296712204813957, 0.031533461064100266, 0.10448320209980011, 0.05746789649128914, 0.018232883885502815, 0.6946011185646057, 0.0936814546585083, 0.03853728249669075, 0.1815490573644638, 0.061275970190763474, 0.03282950446009636, 0.578282356262207, 0.10752588510513306, 0.05005696415901184, 0.2010525017976761, 0.02887890487909317, 0.03378758952021599, 0.2376692146062851, 0.44855478405952454, 0.01909463107585907, 0.02452341839671135, 0.013526950031518936, 0.008474553003907204, 0.9089047312736511, 0.025475740432739258, 0.017155678942799568, 0.01943483017385006, 0.008156590163707733, 0.007885308004915714, 0.9186580181121826, 0.028709644451737404, 0.04065614193677902, 0.13282567262649536, 0.06760621070861816, 0.041726864874362946, 0.5025069713592529, 0.21467816829681396, 0.04658682644367218, 0.09605979919433594, 0.34956109523773193, 0.05313052982091904, 0.3450452387332916, 0.10961657017469406, 0.10080648958683014, 0.11584202200174332, 0.04034380614757538, 0.03130752593278885, 0.5895600318908691, 0.12214013934135437, 0.112934909760952, 0.14725980162620544, 0.030644197016954422, 0.021493300795555115, 0.5079484581947327, 0.17971932888031006, 0.015621117316186428, 0.09248601645231247, 0.06189823895692825, 0.01634528487920761, 0.7629664540290833, 0.0506829097867012, 0.021636594086885452, 0.07556235045194626, 0.07987812161445618, 0.02357189729809761, 0.7578871250152588, 0.041463807225227356, 0.01627739518880844, 0.04190748557448387, 0.03571466729044914, 0.013870492577552795, 0.8505422472953796, 0.041687726974487305, 0.01441011019051075, 0.04048268496990204, 0.03158283978700638, 0.010439245961606503, 0.8737202286720276, 0.029364852234721184, 0.09445247799158096, 0.1925145834684372, 0.08749912679195404, 0.04751422256231308, 0.348948210477829, 