{"metrics": {"ACC": 40.54054054054054, "F1": 23.06165776427873}, "predictions": [4, 4, 4, 4, 4, 4, 4, 4, 4, 4, 4, 4, 4, 4, 4, 4, 4, 4, 4, 4, 5, 5, 5, 4, 4, 4, 4, 4, 4, 2, 4, 4, 4, 4, 4, 4, 4, 4, 4, 4, 4, 4, 4, 5, 4, 4, 4, 4, 4, 4, 4, 4, 4, 4, 4, 4, 4, 4, 4, 4, 4, 4, 4, 4, 4, 4, 4, 4, 4, 1, 4, 1, 4, 4, 4, 1, 5, 4, 4, 4, 4, 4, 4, 4, 4, 4, 4, 4, 4, 4, 5, 2, 2, 4, 5, 5, 4, 4, 5, 5, 2, 2, 2, 4, 4, 2, 2, 4, 2, 4, 2], "uids": ["0", "1", "2", "3", "4", "5", "6", "7", "8", "9", "10", "11", "12", "13", "14", "15", "16", "17", "18", "19", "20", "21", "22", "23", "24", "25", "26", "27", "28", "29", "30", "31", "32", "33", "34", "35", "36", "37", "38", "39", "40", "41", "42", "43", "44", "45", "46", "47", "48", "49", "50", "51", "52", "53", "54", "55", "56", "57", "58", "59", "60", "61", "62", "63", "64", "65", "66", "67", "68", "69", "70", "71", "72", "73", "74", "75", "76", "77", "78", "79", "80", "81", "82", "83", "84", "85", "86", "87", "88", "89", "90", "91", "92", "93", "94", "95", "96", "97", "98", "99", "100", "101", "102", "103", "104", "105", "106", "107", "108", "109", "110"], "scores": [0.1458541452884674, 0.22866465151309967, 0.06159881129860878, 0.04200185090303421, 0.26489657163619995, 0.2569839358329773, 0.05072377622127533, 0.13793908059597015, 0.03546619042754173, 0.02851278893649578, 0.5482240319252014, 0.19913409650325775, 0.10087448358535767, 0.21394655108451843, 0.027290506288409233, 0.04201667383313179, 0.4267095625400543, 0.1891622245311737, 0.08548244833946228, 0.14831849932670593, 0.04593702405691147, 0.02184252254664898, 0.5960803031921387, 0.1023392453789711, 0.10213256627321243, 0.14230121672153473, 0.03689461573958397, 0.030065251514315605, 0.435721218585968, 0.2528851628303528, 0.06434011459350586, 0.17472079396247864, 0.052508190274238586, 0.021709606051445007, 0.38612040877342224, 0.30060094594955444, 0.03763376921415329, 0.1380694955587387, 0.049023594707250595, 0.017606239765882492, 0.5898519158363342, 0.16781498491764069, 0.12467575073242188, 0.14148187637329102, 0.050220344215631485, 0.032807059586048126, 0.47521498799324036, 0.17559999227523804, 0.06214962527155876, 0.1673484742641449, 0.06079462170600891, 0.027049178257584572, 0.46310412883758545, 0.21955393254756927, 0.07909051328897476, 0.1768265664577484, 0.07188674062490463, 0.05444563925266266, 0.37920504808425903, 0.23854543268680573, 0.07472281157970428, 0.15343329310417175, 0.05505618080496788, 0.03958034887909889, 0.42747706174850464, 0.24973030388355255, 0.03763410076498985, 0.16748979687690735, 0.21823574602603912, 0.041188787668943405, 0.3474806845188141, 0.1879708468914032, 0.06823223829269409, 0.1434357613325119, 0.025524325668811798, 0.022091370075941086, 0.466319739818573, 0.2743965983390808, 0.09900407493114471, 0.1325579434633255, 0.039669446647167206, 0.023955941200256348, 0.46538519859313965, 0.23942740261554718, 0.07526934146881104, 0.12546128034591675, 0.04571202024817467, 0.019123949110507965, 0.6337119340896606, 0.10072148591279984, 0.06802673637866974, 0.14951066672801971, 0.048818111419677734, 0.019365618005394936, 0.509680449962616, 0.20459844172000885, 0.21622321009635925, 0.10460931062698364, 0.017498532310128212, 0.03846558928489685, 0.491045743227005, 0.13215754926204681, 0.09154094755649567, 0.23516452312469482, 0.04328630492091179, 0.03791913017630577, 0.38966426253318787, 0.20242485404014587, 0.07195930927991867, 0.1723046451807022, 0.02630506455898285, 0.031068876385688782, 0.5622879266738892, 0.13607414066791534, 0.15087315440177917, 0.16529880464076996, 0.01939309574663639, 0.03995424136519432, 0.4393446743488312, 0.18513600528240204, 0.17618106305599213, 0.18805181980133057, 0.026802759617567062, 0.03650783374905586, 0.2674846053123474, 0.30497196316719055, 0.18492348492145538, 0.21653564274311066, 0.033245980739593506, 0.042913973331451416, 0.2274584174156189, 0.29492253065109253, 0.1552654653787613, 0.1960587352514267, 0.02547358348965645, 0.04925190657377243, 0.22733163833618164, 0.3466186821460724, 0.0626332089304924, 0.21212199330329895, 0.05453508719801903, 0.022480584681034088, 0.3609939217567444, 0.28723520040512085, 0.055133745074272156, 0.18635481595993042, 0.04868026077747345, 0.030763937160372734, 0.47322383522987366, 0.20584337413311005, 0.048764150589704514, 0.12194845080375671, 0.047359783202409744, 0.01863856241106987, 0.6587834358215332, 0.10450560599565506, 0.12020299583673477, 0.09562085568904877, 0.02264559082686901, 0.020100390538573265, 0.6298099160194397, 0.11162033677101135, 0.05637432262301445, 0.11415596306324005, 0.04311365261673927, 0.018518703058362007, 0.6498212814331055, 0.11801601946353912, 0.04714217782020569, 0.10737085342407227, 0.04528500512242317, 0.027103660628199577, 0.6298251748085022, 0.14327313005924225, 0.025173040106892586, 0.15840516984462738, 0.43480172753334045, 0.05054972320795059, 0.21121743321418762, 0.11985290050506592, 0.028582699596881866, 0.10465425997972488, 0.2787035405635834, 0.028378324583172798, 0.4526750445365906, 0.10700617730617523, 0.09892350435256958, 0.1939607709646225, 0.050051022320985794, 0.02926272340118885, 0.4942983090877533, 0.13350367546081543, 0.039951715618371964, 0.1514451503753662, 0.05107246711850166, 0.01927417516708374, 0.5780447125434875, 0.16021180152893066, 0.10732290893793106, 0.1470552384853363, 0.04004662111401558, 0.040532104671001434, 0.35220053791999817, 0.31284260749816895, 0.13214263319969177, 0.1435868740081787, 0.027607958763837814, 0.04087888076901436, 0.44339340925216675, 0.21239028871059418, 0.05220324173569679, 0.0982237160205841, 0.029131073504686356, 0.017226804047822952, 0.6971688270568848, 0.10604635626077652, 0.1315016895532608, 0.11074282228946686, 0.02550427056849003, 0.026395093649625778, 0.569848895072937, 0.13600720465183258, 0.07065439224243164, 0.11909377574920654, 0.029599731788039207, 0.020015191286802292, 0.5921755433082581, 0.16846147179603577, 0.07418044656515121, 0.16168071329593658, 0.04248436912894249, 0.031598761677742004, 0.5078058838844299, 0.18224982917308807, 0.07885364443063736, 0.13249622285366058, 0.03222012519836426, 0.024511883035302162, 0.552876889705658, 0.17904120683670044, 0.08185246586799622, 0.08712024986743927, 0.033480118960142136, 0.017542226240038872, 0.6901798844337463, 0.08982506394386292, 0.05120985582470894, 0.17577290534973145, 0.05599406734108925, 0.02095767855644226, 0.527998685836792, 0.16806675493717194, 0.05250180512666702, 0.20396186411380768, 0.055324651300907135, 0.028611401095986366, 0.5276040434837341, 0.1319962739944458, 0.07497089356184006, 0.22008852660655975, 0.027612140402197838, 0.02989330142736435, 0.2559356093406677, 0.3914995789527893, 0.06470876187086105, 0.10067127645015717, 0.022838419303297997, 0.019353948533535004, 0.6775330901145935, 0.11489439755678177, 0.06995753943920135, 0.07929303497076035, 0.013068358413875103, 0.018283629789948463, 0.7199308276176453, 0.09946669638156891, 0.05589596554636955, 0.1610115021467209, 0.045943912118673325, 0.03639635816216469, 0.49130648374557495, 0.2094457745552063, 0.06111597269773483, 0.11964762955904007, 0.19328472018241882, 0.04304713010787964, 0.4662909507751465, 0.11661364138126373, 0.11583934724330902, 0.16035380959510803, 0.04957759752869606, 0.03103726916015148, 0.4778476059436798, 0.16534434258937836, 0.12978920340538025, 0.18296381831169128, 0.040699128061532974, 0.023218652233481407, 0.42005598545074463, 0.20327314734458923, 0.03387678042054176, 0.16149957478046417, 0.0888676568865776, 0.023422518745064735, 0.5944191217422485, 0.09791434556245804, 0.04425923526287079, 0.15326707065105438, 0.09729216247797012, 0.03535323962569237, 0.5694623589515686, 0.10036588460206985, 0.04067983478307724, 0.10698965936899185, 0.05845175310969353, 0.020899195224046707, 0.673356831073761, 0.0996226966381073, 0.04887380823493004, 0.11645301431417465, 0.05336881801486015, 0.019911939278244972, 0.6711045503616333, 0.09028788655996323, 0.11348803341388702, 0.20206838846206665, 0.06011587381362915, 0.04093807935714722, 0.35737141966819763, 