{"metrics": {"ACC": 51.048951048951054, "F1": 37.94636220378794}, "predictions": [1, 1, 0, 1, 1, 1, 1, 1, 1, 1, 1, 1, 1, 1, 1, 2, 0, 0, 0, 0, 1, 1, 0, 1, 0, 1, 1, 1, 2, 1, 0, 1, 1, 1, 1, 1, 1, 2, 0, 1, 1, 0, 0, 0, 0, 2, 2, 0, 1, 1, 0, 1, 1, 1, 1, 1, 0, 1, 2, 2, 2, 1, 0, 0, 0, 1, 0, 0, 1, 2, 2, 2, 0, 0, 0, 0, 0, 1, 0, 0, 0, 0, 0, 1, 1, 2, 2, 2, 0, 0, 0, 0, 1, 1, 0, 0, 0, 2, 2, 1, 2, 0, 1, 2, 1, 1, 1, 2, 1, 0, 1, 1, 1, 1, 1, 1, 0, 2, 0, 0, 0, 1, 1, 2, 1, 0, 2, 1, 0, 0, 0, 0, 0, 0, 0, 0, 2, 2, 0, 1, 1, 0, 1], "uids": ["0", "1", "2", "3", "4", "5", "6", "7", "8", "9", "10", "11", "12", "13", "14", "15", "16", "17", "18", "19", "20", "21", "22", "23", "24", "25", "26", "27", "28", "29", "30", "31", "32", "33", "34", "35", "36", "37", "38", "39", "40", "41", "42", "43", "44", "45", "46", "47", "48", "49", "50", "51", "52", "53", "54", "55", "56", "57", "58", "59", "60", "61", "62", "63", "64", "65", "66", "67", "68", "69", "70", "71", "72", "73", "74", "75", "76", "77", "78", "79", "80", "81", "82", "83", "84", "85", "86", "87", "88", "89", "90", "91", "92", "93", "94", "95", "96", "97", "98", "99", "100", "101", "102", "103", "104", "105", "106", "107", "108", "109", "110", "111", "112", "113", "114", "115", "116", "117", "118", "119", "120", "121", "122", "123", "124", "125", "126", "127", "128", "129", "130", "131", "132", "133", "134", "135", "136", "137", "138", "139", "140", "141", "142"], "scores": [0.1809421181678772, 0.5039352178573608, 0.2919381558895111, 0.02318452298641205, 0.04415527731180191, 0.8796062469482422, 0.06759729981422424, 0.008641229011118412, 0.485444039106369, 0.41077688336372375, 0.08499933779239655, 0.01877984032034874, 0.1368173509836197, 0.7294804453849792, 0.12186585366725922, 0.011836335062980652, 0.37902554869651794, 0.385007381439209, 0.22122110426425934, 0.014745982363820076, 0.24196751415729523, 0.6135631799697876, 0.13419362902641296, 0.010275700129568577, 0.3109048306941986, 0.43502211570739746, 0.19000458717346191, 0.0640685185790062, 0.20682711899280548, 0.5639114379882812, 0.19116473197937012, 0.03809668868780136, 0.1494009643793106, 0.42891886830329895, 0.404484361410141, 0.017195768654346466, 0.18255501985549927, 0.6591864228248596, 0.13710615038871765, 0.02115241065621376, 0.17790699005126953, 0.6678350567817688, 0.1355273574590683, 0.01873061992228031, 0.2903050482273102, 0.48639920353889465, 0.20846392214298248, 0.01483189221471548, 0.18556496500968933, 0.5636882185935974, 0.23649083077907562, 0.014256049878895283, 0.25205928087234497, 0.5730291604995728, 0.15843266248703003, 0.01647895947098732, 0.2915128171443939, 0.36592984199523926, 0.3272891044616699, 0.015268182381987572, 0.35123854875564575, 0.2562168836593628, 0.3549061119556427, 0.03763844445347786, 0.4126175045967102, 0.24850599467754364, 0.28769946098327637, 0.05117703229188919, 0.425119012594223, 0.285474568605423, 0.2577778995037079, 0.0316285602748394, 0.43303707242012024, 0.2285321205854416, 0.22602112591266632, 0.11240969598293304, 0.8756130933761597, 0.04097645729780197, 0.06576751917600632, 0.017642997205257416, 0.18375563621520996, 0.6243692636489868, 0.15308308601379395, 0.03879202529788017, 0.09822077304124832, 0.8488981127738953, 0.0454191230237484, 0.00746200093999505, 0.7376396059989929, 0.19164115190505981, 0.05487102270126343, 0.0158481877297163, 0.26965591311454773, 0.3662726879119873, 0.3287893235683441, 0.03528204187750816, 0.5018549561500549, 0.1818179339170456, 0.2973155379295349, 0.01901163160800934, 0.07612615078687668, 0.6474429965019226, 0.26422664523124695, 0.012204229831695557, 0.08794134855270386, 0.7350790500640869, 0.16880464553833008, 0.008175044320523739, 0.07398519665002823, 0.8084253072738647, 0.10738452523946762, 0.010205047205090523, 0.23061643540859222, 0.2191910743713379, 0.5267270803451538, 0.023465413600206375, 0.28802743554115295, 0.41026249527931213, 0.29081156849861145, 0.01089844387024641, 0.5824617147445679, 0.11477949470281601, 0.2811988294124603, 0.021559907123446465, 0.21759022772312164, 0.6289674043655396, 0.14550559222698212, 0.0079368120059371, 0.05891045555472374, 0.710332989692688, 0.2154942750930786, 0.015262283384799957, 0.08041438460350037, 0.6680685877799988, 0.22581912577152252, 0.025697819888591766, 0.06180782988667488, 0.6863055229187012, 0.23668888211250305, 0.015197748318314552, 0.1609637439250946, 0.6584434509277344, 0.17186227440834045, 0.008730489760637283, 0.18172064423561096, 0.5931954979896545, 0.18223188817501068, 0.042852044105529785, 0.19139030575752258, 0.2037566602230072, 0.5878064036369324, 0.017046645283699036, 0.46498018503189087, 0.18794852495193481, 0.32872405648231506, 0.01834721490740776, 0.3192201852798462, 0.3921468257904053, 0.27458927035331726, 0.01404372788965702, 0.344583123922348, 0.4334671199321747, 0.2092110514640808, 0.012738744728267193, 0.5260905027389526, 0.25564485788345337, 0.20185716450214386, 0.01640741340816021, 0.5662312507629395, 0.32390403747558594, 0.09556587040424347, 0.014298890717327595, 0.6654418110847473, 0.11389141529798508, 0.16112884879112244, 0.059537917375564575, 0.569454550743103, 0.22463637590408325, 0.17873986065387726, 0.02716923877596855, 0.18041010200977325, 0.17412665486335754, 0.6262869238853455, 0.019176268950104713, 0.17665867507457733, 0.24543364346027374, 0.5597069263458252, 0.018200719729065895, 0.5710914731025696, 0.33895978331565857, 0.07245021313428879, 0.01749853976070881, 0.17560164630413055, 0.47746792435646057, 0.3288315236568451, 0.01809888705611229, 0.3900986611843109, 0.43701452016830444, 0.1549260914325714, 0.01796073652803898, 0.5735312700271606, 0.25051483511924744, 0.15678203105926514, 0.019171932712197304, 0.3267161548137665, 0.5193040370941162, 0.14246587455272675, 0.011513990350067616, 0.3665802478790283, 0.5481770634651184, 0.07740740478038788, 0.007835333235561848, 0.14217305183410645, 0.7583372592926025, 0.09068676084280014, 0.008802828378975391, 0.2844417989253998, 0.4988987445831299, 0.1981266736984253, 0.01853274740278721, 0.17232021689414978, 0.7157098054885864, 0.10036943852901459, 0.011600487865507603, 0.46055060625076294, 0.3471892774105072, 0.1738356202840805, 0.01842457242310047, 0.1971067190170288, 0.7061920166015625, 0.08404111117124557, 0.012660123407840729, 0.2705680727958679, 0.1519508957862854, 0.5503379702568054, 0.02714306302368641, 0.35028207302093506, 0.17432688176631927, 0.45568758249282837, 0.019703466445207596, 0.3370856046676636, 0.2814457416534424, 0.3680066466331482, 0.013461960479617119, 0.38863250613212585, 0.4743102192878723, 0.11052577197551727, 0.02653156965970993, 0.46500492095947266, 0.36660507321357727, 0.12704382836818695, 0.04134618490934372, 0.38739466667175293, 0.31495118141174316, 0.27753522992134094, 0.020118912681937218, 0.4173401892185211, 0.32994547486305237, 0.2359103411436081, 0.016803979873657227, 0.1735597848892212, 0.6749187111854553, 0.13303574919700623, 0.018485674634575844, 0.3857124447822571, 0.29947611689567566, 0.2871101200580597, 0.02770133875310421, 0.34386348724365234, 0.29788148403167725, 0.3355351388454437, 0.02271980047225952, 0.3432164788246155, 0.3884871304035187, 0.2487427443265915, 0.019553659483790398, 0.3020678758621216, 0.26438629627227783, 0.4239809811115265, 0.009564835578203201, 0.18691197037696838, 0.2131473422050476, 0.5721520185470581, 0.027788719162344933, 0.22447730600833893, 0.1978663206100464, 0.5521900653839111, 0.0254663098603487, 0.4280024766921997, 0.38187363743782043, 0.16136376559734344, 0.028760133311152458, 0.5891180634498596, 0.27379676699638367, 0.10864045470952988, 0.02844470925629139, 0.42643752694129944, 0.24768199026584625, 0.3042472004890442, 0.021633293479681015, 0.5575647950172424, 0.2609195113182068, 0.15839360654354095, 0.02312210574746132, 0.8315333127975464, 0.12063126266002655, 0.03647208213806152, 0.011363240890204906, 0.277126282453537, 0.4743025600910187, 0.1889737993478775, 0.05959731340408325, 0.4380028545856476, 0.22060197591781616, 0.31288406252861023, 0.028511032462120056, 0.5985254049301147, 