{"metrics": {"ACC": 56.64335664335665, "F1": 42.399462212069295}, "predictions": [2, 1, 0, 0, 0, 1, 1, 1, 2, 1, 1, 1, 1, 1, 2, 2, 2, 2, 0, 0, 1, 1, 0, 2, 2, 1, 1, 1, 2, 1, 2, 1, 1, 1, 1, 1, 1, 2, 0, 1, 1, 0, 0, 0, 0, 2, 2, 0, 2, 0, 0, 1, 1, 1, 1, 1, 0, 1, 2, 2, 2, 1, 0, 0, 0, 1, 2, 2, 2, 2, 2, 2, 0, 0, 0, 0, 0, 0, 2, 0, 0, 1, 1, 1, 1, 2, 2, 2, 2, 2, 0, 0, 0, 1, 2, 2, 2, 2, 2, 2, 2, 2, 1, 2, 2, 1, 2, 2, 1, 0, 2, 1, 1, 2, 1, 1, 2, 2, 0, 2, 1, 1, 2, 2, 2, 0, 2, 1, 0, 0, 0, 0, 2, 2, 2, 0, 2, 2, 0, 1, 1, 0, 1], "uids": ["0", "1", "2", "3", "4", "5", "6", "7", "8", "9", "10", "11", "12", "13", "14", "15", "16", "17", "18", "19", "20", "21", "22", "23", "24", "25", "26", "27", "28", "29", "30", "31", "32", "33", "34", "35", "36", "37", "38", "39", "40", "41", "42", "43", "44", "45", "46", "47", "48", "49", "50", "51", "52", "53", "54", "55", "56", "57", "58", "59", "60", "61", "62", "63", "64", "65", "66", "67", "68", "69", "70", "71", "72", "73", "74", "75", "76", "77", "78", "79", "80", "81", "82", "83", "84", "85", "86", "87", "88", "89", "90", "91", "92", "93", "94", "95", "96", "97", "98", "99", "100", "101", "102", "103", "104", "105", "106", "107", "108", "109", "110", "111", "112", "113", "114", "115", "116", "117", "118", "119", "120", "121", "122", "123", "124", "125", "126", "127", "128", "129", "130", "131", "132", "133", "134", "135", "136", "137", "138", "139", "140", "141", "142"], "scores": [0.26526468992233276, 0.31136903166770935, 0.3947494328022003, 0.028616880998015404, 0.12368262559175491, 0.6761889457702637, 0.18384860455989838, 0.016279760748147964, 0.5743921995162964, 0.26056328415870667, 0.1393878012895584, 0.02565671317279339, 0.3656216561794281, 0.3222452402114868, 0.28588661551475525, 0.026246458292007446, 0.3337012231349945, 0.3309297561645508, 0.3091685175895691, 0.026200471445918083, 0.3305589258670807, 0.37708786129951477, 0.26928791403770447, 0.023065343499183655, 0.25900426506996155, 0.36051520705223083, 0.2620634138584137, 0.11841700971126556, 0.2233240008354187, 0.4450133144855499, 0.25500306487083435, 0.07665961980819702, 0.18379126489162445, 0.26776123046875, 0.5220513939857483, 0.026396116241812706, 0.3000873327255249, 0.42690324783325195, 0.2441500723361969, 0.028859367594122887, 0.30509352684020996, 0.4194311499595642, 0.24921196699142456, 0.02626333199441433, 0.3048079311847687, 0.40962740778923035, 0.264536589384079, 0.021028056740760803, 0.25874727964401245, 0.4368007779121399, 0.28623026609420776, 0.018221722915768623, 0.3306105434894562, 0.4446438252925873, 0.20107468962669373, 0.023670969530940056, 0.31091034412384033, 0.2209998518228531, 0.4427770972251892, 0.025312667712569237, 0.21933946013450623, 0.1708376258611679, 0.5723793506622314, 0.03744357451796532, 0.24788311123847961, 0.17402084171772003, 0.53537917137146, 0.04271690547466278, 0.2840900719165802, 0.29247963428497314, 0.3762901723384857, 0.04714011400938034, 0.3803826868534088, 0.3281170427799225, 0.20882923901081085, 0.08267108350992203, 0.8171897530555725, 0.07096709311008453, 0.08585929870605469, 0.025983858853578568, 0.2271835058927536, 0.4694358706474304, 0.23443220555782318, 0.06894843280315399, 0.15633752942085266, 0.7239208817481995, 0.10483476519584656, 0.014906816184520721, 0.5480332374572754, 0.28673723340034485, 0.13728955388069153, 0.027939969673752785, 0.29856133460998535, 0.27680495381355286, 0.3699708878993988, 0.05466284602880478, 0.29948291182518005, 0.22122766077518463, 0.4496172070503235, 0.029672253876924515, 0.10712569206953049, 0.5535433292388916, 0.32345902919769287, 0.015871912240982056, 0.1277066171169281, 0.5608329772949219, 0.29745247960090637, 0.014007906429469585, 0.1161661371588707, 0.7037799954414368, 0.16463929414749146, 0.015414590947329998, 0.2537328004837036, 0.299414724111557, 0.41640612483024597, 0.03044627420604229, 0.2648528218269348, 0.36329397559165955, 0.3497717082500458, 0.022081466391682625, 0.361200213432312, 0.2058635950088501, 0.39901694655418396, 0.0339193232357502, 0.21639566123485565, 0.5619857907295227, 0.20751485228538513, 0.01410371158272028, 0.07655538618564606, 0.48038023710250854, 0.41790780425071716, 0.02515658736228943, 0.11956349015235901, 0.4762526750564575, 0.3630412518978119, 0.041142597794532776, 0.07963531464338303, 0.4520701467990875, 0.43882209062576294, 0.02947244793176651, 0.21573203802108765, 0.5573577880859375, 0.21302524209022522, 0.013884910382330418, 0.21608397364616394, 0.46920692920684814, 0.233198344707489, 0.08151073753833771, 0.1879654973745346, 0.17424549162387848, 0.610481858253479, 0.027307098731398582, 0.37677720189094543, 0.22313229739665985, 0.3688344955444336, 0.031256046146154404, 0.30873793363571167, 0.34027376770973206, 0.32876652479171753, 0.022221723571419716, 0.3299980163574219, 0.3604545593261719, 0.2888911962509155, 0.020656201988458633, 0.3694249093532562, 0.30005747079849243, 0.3069234788417816, 0.02359411120414734, 0.4781462252140045, 0.2796957194805145, 0.21851307153701782, 0.023644955828785896, 0.5165450572967529, 0.17348533868789673, 0.2121257334947586, 0.09784381836652756, 0.49270859360694885, 0.2060355693101883, 0.25232425332069397, 0.04893159866333008, 0.22122560441493988, 0.2214193046092987, 0.5328813195228577, 0.024473821744322777, 0.2501458525657654, 0.24559935927391052, 0.47910115122795105, 0.025153620168566704, 0.4894499182701111, 0.2951465845108032, 0.1855868548154831, 0.02981668896973133, 0.2280278503894806, 0.32226431369781494, 0.42344042658805847, 0.026267437264323235, 0.33826661109924316, 0.3202526867389679, 0.3104792535305023, 0.03100152499973774, 0.3673833906650543, 0.25788307189941406, 0.3432404398918152, 0.03149313107132912, 0.2567426264286041, 0.5325806140899658, 0.19391988217830658, 0.016756854951381683, 0.3458024859428406, 0.5171970725059509, 0.1226910948753357, 0.014309404417872429, 0.16719113290309906, 0.6662344336509705, 0.1525590717792511, 0.014015335589647293, 0.24479688704013824, 0.4329912066459656, 0.2990574240684509, 0.023154443129897118, 0.2066638022661209, 0.5437918901443481, 0.23089471459388733, 0.018649613484740257, 0.4103381335735321, 0.27391648292541504, 0.2917134761810303, 0.024031948298215866, 0.20466962456703186, 0.6574594378471375, 0.12034977972507477, 0.017521142959594727, 0.2852693200111389, 0.1602623164653778, 0.5121128559112549, 0.04235546290874481, 0.3276505172252655, 0.15317028760910034, 0.4873296618461609, 0.031849589198827744, 0.3086165487766266, 0.1750275194644928, 0.4872353971004486, 0.029120558872818947, 0.35383424162864685, 0.3869205117225647, 0.22795116901397705, 0.0312940739095211, 0.43211665749549866, 0.3315967321395874, 0.1952507197856903, 0.04103584960103035, 0.3651525676250458, 0.27735501527786255, 0.33068162202835083, 0.0268107857555151, 0.4023112654685974, 0.26402580738067627, 0.3048614263534546, 0.028801530599594116, 0.2134694755077362, 0.5158758759498596, 0.2463909387588501, 0.02426372654736042, 0.3164801299571991, 0.22151091694831848, 0.4223935902118683, 0.039615385234355927, 0.29979202151298523, 0.22379812598228455, 0.43937572836875916, 0.037034157663583755, 0.3228578567504883, 0.2539026141166687, 0.3893771767616272, 0.033862411975860596, 0.26690033078193665, 0.2803582549095154, 0.43558454513549805, 0.01715685985982418, 0.18291935324668884, 0.19482511281967163, 0.5758129954338074, 0.046442508697509766, 0.18569490313529968, 0.19581514596939087, 0.5740344524383545, 0.04445551708340645, 0.47942841053009033, 0.20019984245300293, 0.28539860248565674, 0.034973062574863434, 0.5809491276741028, 0.16731910407543182, 0.21460431814193726, 0.03712748363614082, 0.38664910197257996, 0.19627144932746887, 0.3856372833251953, 0.03144213557243347, 0.43835392594337463, 0.2215554565191269, 0.3071450889110565, 0.032945506274700165, 0.6700895428657532, 0.21998265385627747, 0.09110092371702194, 0.0188269205391407, 0.37452980875968933, 0.3119345009326935, 0.24392792582511902, 0.06960775703191757, 0.34473830461502075, 0.25019028782844543, 0.37466511130332947, 0.030406340956687927, 0.473155677318573, 