{"metrics": {"ACC": 46.15384615384615, "F1": 34.62384482094725}, "predictions": [1, 1, 0, 1, 2, 1, 1, 1, 1, 1, 1, 2, 2, 0, 1, 2, 0, 0, 0, 0, 1, 1, 0, 0, 0, 1, 1, 1, 2, 0, 0, 1, 1, 1, 1, 1, 1, 2, 0, 0, 0, 0, 0, 0, 0, 2, 2, 1, 2, 1, 0, 1, 0, 1, 1, 1, 0, 1, 2, 0, 1, 1, 1, 1, 0, 1, 0, 0, 0, 2, 2, 2, 1, 1, 2, 0, 0, 0, 0, 1, 1, 0, 0, 1, 1, 2, 2, 2, 2, 0, 0, 0, 1, 1, 1, 1, 1, 2, 2, 1, 1, 0, 1, 2, 1, 2, 0, 1, 1, 0, 2, 1, 1, 0, 1, 1, 2, 1, 0, 0, 0, 0, 2, 2, 2, 0, 2, 1, 2, 0, 2, 0, 0, 0, 0, 0, 2, 2, 0, 1, 1, 0, 1], "uids": ["0", "1", "2", "3", "4", "5", "6", "7", "8", "9", "10", "11", "12", "13", "14", "15", "16", "17", "18", "19", "20", "21", "22", "23", "24", "25", "26", "27", "28", "29", "30", "31", "32", "33", "34", "35", "36", "37", "38", "39", "40", "41", "42", "43", "44", "45", "46", "47", "48", "49", "50", "51", "52", "53", "54", "55", "56", "57", "58", "59", "60", "61", "62", "63", "64", "65", "66", "67", "68", "69", "70", "71", "72", "73", "74", "75", "76", "77", "78", "79", "80", "81", "82", "83", "84", "85", "86", "87", "88", "89", "90", "91", "92", "93", "94", "95", "96", "97", "98", "99", "100", "101", "102", "103", "104", "105", "106", "107", "108", "109", "110", "111", "112", "113", "114", "115", "116", "117", "118", "119", "120", "121", "122", "123", "124", "125", "126", "127", "128", "129", "130", "131", "132", "133", "134", "135", "136", "137", "138", "139", "140", "141", "142"], "scores": [0.015858888626098633, 0.7338424324989319, 0.21510662138462067, 0.03519205003976822, 0.008905758149921894, 0.9053430557250977, 0.07532576471567154, 0.010425373911857605, 0.6695265173912048, 0.27651169896125793, 0.02171652391552925, 0.0322452113032341, 0.07810136675834656, 0.6555206775665283, 0.21071909368038177, 0.055658839643001556, 0.18824782967567444, 0.323507696390152, 0.42384663224220276, 0.06439779698848724, 0.23932573199272156, 0.3777987062931061, 0.3113635778427124, 0.07151197642087936, 0.031730763614177704, 0.875728964805603, 0.08447201550006866, 0.008068247698247433, 0.03464149683713913, 0.7653981447219849, 0.18849700689315796, 0.011463329195976257, 0.06670552492141724, 0.5616012811660767, 0.35779881477355957, 0.013894435949623585, 0.06708572059869766, 0.8771435618400574, 0.0357729010283947, 0.01999782957136631, 0.027273163199424744, 0.9407876133918762, 0.022927502170205116, 0.009011771529912949, 0.22992466390132904, 0.14511612057685852, 0.5855234861373901, 0.03943575173616409, 0.030832897871732712, 0.2056248039007187, 0.7280328869819641, 0.03550944849848747, 0.41698357462882996, 0.2976558208465576, 0.24832157790660858, 0.03703898563981056, 0.11497810482978821, 0.6418398022651672, 0.23378796875476837, 0.009394126012921333, 0.2698400616645813, 0.20947793126106262, 0.43193233013153076, 0.08874969184398651, 0.41983309388160706, 0.16861797869205475, 0.22550593316555023, 0.18604296445846558, 0.44142746925354004, 0.09432172775268555, 0.3219883441925049, 0.14226248860359192, 0.33070167899131775, 0.2991781234741211, 0.26337841153144836, 0.106741763651371, 0.9661930799484253, 0.005995301995426416, 0.018303468823432922, 0.009508167393505573, 0.01064051128923893, 0.9505311846733093, 0.034413572400808334, 0.004414722323417664, 0.006819867063313723, 0.9860964417457581, 0.003545771585777402, 0.0035379049368202686, 0.9048334956169128, 0.06889070570468903, 0.015594852156937122, 0.010681016370654106, 0.5334183573722839, 0.14545683562755585, 0.2848246097564697, 0.03630012646317482, 0.789513885974884, 0.03246753662824631, 0.16020560264587402, 0.01781294494867325, 0.012262832373380661, 0.6383153796195984, 0.335965096950531, 0.013456635177135468, 0.013174338266253471, 0.9135289788246155, 0.06763976067304611, 0.005656858440488577, 0.007552096154540777, 0.9086534976959229, 0.07196679711341858, 0.011827696114778519, 0.0998895913362503, 0.02513657882809639, 0.8002336025238037, 0.07474015653133392, 0.4961942732334137, 0.18686506152153015, 0.2176622450351715, 0.09927839040756226, 0.8102232217788696, 0.014236901886761189, 0.13876934349536896, 0.0367705337703228, 0.12372921407222748, 0.8394132852554321, 0.03371254727244377, 0.0031448546797037125, 0.004698355682194233, 0.8402346968650818, 0.14320097863674164, 0.011865983717143536, 0.008225778117775917, 0.8058684468269348, 0.17046061158180237, 0.015445192344486713, 0.0043153176084160805, 0.8770273923873901, 0.10842899233102798, 0.010228310711681843, 0.028121482580900192, 0.842581570148468, 0.11978887766599655, 0.009508127346634865, 0.009370170533657074, 0.9081820845603943, 0.07576840370893478, 0.0066794781014323235, 0.03435121476650238, 0.025887049734592438, 0.9237626194953918, 0.01599913276731968, 0.8103002309799194, 0.03203253820538521, 0.14322876930236816, 0.014438441023230553, 0.5369293093681335, 0.19039171934127808, 0.25422239303588867, 0.01845654472708702, 0.7526837587356567, 0.1720113903284073, 0.05910905823111534, 0.016195764765143394, 0.5192976593971252, 0.06573942303657532, 0.39858418703079224, 0.016378721222281456, 0.820445716381073, 0.14208737015724182, 0.029839565977454185, 0.00762731721624732, 0.9039087891578674, 0.01755647361278534, 0.028739886358380318, 0.04979472979903221, 0.8516165018081665, 0.08327017724514008, 0.03967846930027008, 0.02543490193784237, 0.12919479608535767, 0.021767525002360344, 0.8208490014076233, 0.028188683092594147, 0.11147358268499374, 0.08990030735731125, 0.7789910435676575, 0.019635044038295746, 0.255709707736969, 0.5374815464019775, 0.16086387634277344, 0.045944806188344955, 0.03850448504090309, 0.3544294834136963, 0.5870037078857422, 0.020062241703271866, 0.07144194096326828, 0.889697790145874, 0.030893100425601006, 0.007967140525579453, 0.5876536965370178, 0.2611510157585144, 0.13686196506023407, 0.014333358965814114, 0.21220095455646515, 0.7644724249839783, 0.019016342237591743, 0.00431023258715868, 0.6888872981071472, 0.274210661649704, 0.029475271701812744, 0.007426764350384474, 0.01707747019827366, 0.8711482286453247, 0.09528673440217972, 0.01648755744099617, 0.3241543173789978, 0.5223748683929443, 0.12759938836097717, 0.02587141841650009, 0.08669141680002213, 0.8194589614868164, 0.0827818512916565, 0.011067735031247139, 0.5360726118087769, 0.21545742452144623, 0.22697558999061584, 0.021494373679161072, 0.013464727438986301, 0.947910487651825, 0.03160221874713898, 0.00702256616204977, 0.11574799567461014, 0.09965544193983078, 0.7401583790779114, 0.04443811625242233, 0.5637763142585754, 0.2012217938899994, 0.1987188309431076, 0.036283016204833984, 0.17842887341976166, 0.7600946426391602, 0.05082622170448303, 0.010650251060724258, 0.1091931089758873, 0.8467862010002136, 0.025447232648730278, 0.018573442474007607, 0.3042352795600891, 0.4837052524089813, 0.0765293687582016, 0.13553008437156677, 0.2871975600719452, 0.4338078200817108, 0.2314063310623169, 0.04758834093809128, 0.5731744170188904, 0.2787512242794037, 0.12044400721788406, 0.027630358934402466, 0.024198655039072037, 0.6992883682250977, 0.23637180030345917, 0.040141262114048004, 0.8294183015823364, 0.05703751742839813, 0.09141496568918228, 0.022129179909825325, 0.6775043606758118, 0.08547496050596237, 0.21958982944488525, 0.017430832609534264, 0.4561420977115631, 0.30709871649742126, 0.21638864278793335, 0.020370637997984886, 0.17339007556438446, 0.3423340618610382, 0.4783192574977875, 0.005956506356596947, 0.04760781303048134, 0.12494514882564545, 0.7980046272277832, 0.0294424369931221, 0.07544926553964615, 0.04398248344659805, 0.848548948764801, 0.03201931715011597, 0.11473327875137329, 0.7821844816207886, 0.08004585653543472, 0.023036403581500053, 0.32082274556159973, 0.6167898774147034, 0.038681041449308395, 0.023706333711743355, 0.34053894877433777, 0.16416755318641663, 0.4477613866329193, 0.04753217473626137, 0.6220617890357971, 0.2494802325963974, 0.09128682315349579, 0.0371711291372776, 0.9557775259017944, 0.02772393263876438, 0.010093250311911106, 0.006405191030353308, 0.5788488984107971, 0.11358068883419037, 0.10671069473028183, 0.20085971057415009, 0.4479937255382538, 0.0662609413266182, 0.36738836765289307, 