{"metrics": {"ACC": 44.75524475524475, "F1": 33.21052631578947}, "predictions": [1, 1, 0, 1, 2, 1, 1, 1, 1, 1, 1, 2, 2, 0, 1, 2, 0, 0, 0, 0, 1, 1, 0, 0, 0, 1, 1, 1, 2, 0, 0, 1, 1, 1, 1, 1, 1, 2, 0, 0, 0, 0, 0, 0, 0, 2, 2, 1, 2, 1, 0, 1, 0, 1, 1, 1, 0, 1, 2, 0, 1, 1, 1, 1, 0, 1, 0, 0, 0, 2, 2, 2, 1, 1, 0, 0, 0, 0, 0, 1, 1, 0, 0, 1, 1, 2, 2, 2, 0, 0, 0, 0, 1, 1, 1, 1, 1, 2, 2, 1, 1, 0, 1, 2, 1, 1, 0, 1, 1, 0, 2, 1, 1, 0, 1, 1, 2, 1, 0, 0, 0, 0, 2, 2, 1, 0, 2, 1, 2, 0, 2, 0, 0, 0, 0, 0, 2, 2, 0, 1, 1, 0, 1], "uids": ["0", "1", "2", "3", "4", "5", "6", "7", "8", "9", "10", "11", "12", "13", "14", "15", "16", "17", "18", "19", "20", "21", "22", "23", "24", "25", "26", "27", "28", "29", "30", "31", "32", "33", "34", "35", "36", "37", "38", "39", "40", "41", "42", "43", "44", "45", "46", "47", "48", "49", "50", "51", "52", "53", "54", "55", "56", "57", "58", "59", "60", "61", "62", "63", "64", "65", "66", "67", "68", "69", "70", "71", "72", "73", "74", "75", "76", "77", "78", "79", "80", "81", "82", "83", "84", "85", "86", "87", "88", "89", "90", "91", "92", "93", "94", "95", "96", "97", "98", "99", "100", "101", "102", "103", "104", "105", "106", "107", "108", "109", "110", "111", "112", "113", "114", "115", "116", "117", "118", "119", "120", "121", "122", "123", "124", "125", "126", "127", "128", "129", "130", "131", "132", "133", "134", "135", "136", "137", "138", "139", "140", "141", "142"], "scores": [0.01372646726667881, 0.779269814491272, 0.17513780295848846, 0.0318659208714962, 0.008382459171116352, 0.9146254658699036, 0.06673484295606613, 0.010257244110107422, 0.6936728954315186, 0.25263330340385437, 0.019626418128609657, 0.03406735509634018, 0.07812561839818954, 0.6873225569725037, 0.18012548983097076, 0.05442628636956215, 0.24917742609977722, 0.3352523446083069, 0.3416444957256317, 0.07392577081918716, 0.3138820230960846, 0.3680129945278168, 0.23991885781288147, 0.07818608731031418, 0.027227353304624557, 0.8891366124153137, 0.07610595971345901, 0.007530059199780226, 0.03424728289246559, 0.7617351412773132, 0.19278205931186676, 0.011235587298870087, 0.07344141602516174, 0.6096138954162598, 0.3030727207660675, 0.013871941715478897, 0.07738599181175232, 0.8662616014480591, 0.03438226878643036, 0.021970095112919807, 0.027943352237343788, 0.9438550472259521, 0.019325871020555496, 0.008875757455825806, 0.242995023727417, 0.18365177512168884, 0.5311482548713684, 0.042204953730106354, 0.02863456681370735, 0.2574319839477539, 0.6776760816574097, 0.036257386207580566, 0.3880463242530823, 0.3399307429790497, 0.23355552554130554, 0.03846738114953041, 0.11618472635746002, 0.6827245354652405, 0.19186599552631378, 0.009224765002727509, 0.292234867811203, 0.2532966434955597, 0.35856473445892334, 0.09590377658605576, 0.4451565444469452, 0.180730402469635, 0.18388278782367706, 0.19023028016090393, 0.43436720967292786, 0.09579025954008102, 0.31902843713760376, 0.15081413090229034, 0.31396910548210144, 0.28956106305122375, 0.27939867973327637, 0.11707115918397903, 0.9686139822006226, 0.005612976849079132, 0.0165427103638649, 0.00923023372888565, 0.00952824205160141, 0.9551519751548767, 0.031242499127984047, 0.004077190533280373, 0.007078795228153467, 0.9864099621772766, 0.003056963672861457, 0.0034543373622000217, 0.9062553644180298, 0.07022949308156967, 0.013733006082475185, 0.009782126173377037, 0.6019184589385986, 0.13177786767482758, 0.23230642080307007, 0.033997274935245514, 0.8371134996414185, 0.030266674235463142, 0.11531003564596176, 0.01730990596115589, 0.011861087754368782, 0.668188214302063, 0.3063978850841522, 0.013552774675190449, 0.012328632175922394, 0.9252733588218689, 0.056914862245321274, 0.005483135115355253, 0.0074386270716786385, 0.9148678183555603, 0.06571608036756516, 0.01197748351842165, 0.11141302436590195, 0.02808537147939205, 0.7749668955802917, 0.0855347216129303, 0.5857728123664856, 0.16479937732219696, 0.1505354344844818, 0.09889232367277145, 0.8111459016799927, 0.013522552326321602, 0.13663479685783386, 0.03869667649269104, 0.14332950115203857, 0.8238115906715393, 0.029745928943157196, 0.0031130285933613777, 0.00420050323009491, 0.8654274344444275, 0.1191025897860527, 0.011269488371908665, 0.007416937034577131, 0.8305047750473022, 0.14743226766586304, 0.014646003022789955, 0.0038253876846283674, 0.8981466293334961, 0.08862696588039398, 0.009400913491845131, 0.027775440365076065, 0.8572168946266174, 0.10533314198255539, 0.00967444758862257, 0.008424556814134121, 0.9137582778930664, 0.07145471125841141, 0.006362540647387505, 0.04184029996395111, 0.029899870976805687, 0.910534143447876, 0.01772572472691536, 0.8611750602722168, 0.030012259259819984, 0.09511855244636536, 0.013694179244339466, 0.6176038980484009, 0.17575225234031677, 0.18651118874549866, 0.0201326385140419, 0.7809054255485535, 0.15394222736358643, 0.04778376594185829, 0.017368488013744354, 0.6167526245117188, 0.06714723259210587, 0.2998504042625427, 0.016249747946858406, 0.8415378332138062, 0.12808337807655334, 0.023050637915730476, 0.007328243926167488, 0.9134211540222168, 0.01714668981730938, 0.02344338595867157, 0.04598873853683472, 0.8735840916633606, 0.07024542987346649, 0.02991230972111225, 0.026258083060383797, 0.1364794820547104, 0.023277487605810165, 0.810567319393158, 0.029675759375095367, 0.1276726871728897, 0.11166911572217941, 0.7400580048561096, 0.020600125193595886, 0.29283571243286133, 0.5191181302070618, 0.13977810740470886, 0.04826812818646431, 0.039597269147634506, 0.38704389333724976, 0.5527836680412292, 0.020575152710080147, 0.07176265865564346, 0.8958146572113037, 0.025133570656180382, 0.0072891018353402615, 0.5900889039039612, 0.28301215171813965, 0.11347158998250961, 0.01342732273042202, 0.2222329080104828, 0.7553243637084961, 0.017966430634260178, 0.004476223606616259, 0.7522209286689758, 0.21208351850509644, 0.026988180354237556, 0.008707485161721706, 0.017174482345581055, 0.8939166069030762, 0.07329604774713516, 0.015612900257110596, 0.3687596023082733, 0.49727925658226013, 0.1051708534359932, 0.02879028022289276, 0.10495757311582565, 0.8182356357574463, 0.06531485915184021, 0.011492060497403145, 0.5874432921409607, 0.20909146964550018, 0.18209858238697052, 0.02136666513979435, 0.014426051639020443, 0.9454666972160339, 0.03235124051570892, 0.007756056729704142, 0.12708239257335663, 0.12544459104537964, 0.6987729072570801, 0.04870012030005455, 0.591744065284729, 0.22426944971084595, 0.146708145737648, 0.03727834299206734, 0.1864389330148697, 0.7678382396697998, 0.03491147980093956, 0.01081134658306837, 0.1290438175201416, 0.8271452188491821, 0.0227722879499197, 0.021038707345724106, 0.34058648347854614, 0.4426211416721344, 0.06808556616306305, 0.14870677888393402, 0.29312270879745483, 0.47558414936065674, 0.18539372086524963, 0.04589943587779999, 0.5809227228164673, 0.2975076138973236, 0.09463810920715332, 0.02693149819970131, 0.02131083607673645, 0.7297027707099915, 0.20902596414089203, 0.03996044024825096, 0.8507261276245117, 0.05098738148808479, 0.07738353312015533, 0.020903054624795914, 0.7225444912910461, 0.07866757363080978, 0.18170003592967987, 0.01708788424730301, 0.5296026468276978, 0.275126188993454, 0.17503035068511963, 0.02024080976843834, 0.18470735847949982, 0.3354977071285248, 0.47375884652137756, 0.006036036182194948, 0.0541347935795784, 0.15886546671390533, 0.7535143494606018, 0.03348537161946297, 0.08280247449874878, 0.04847434163093567, 0.8322888612747192, 0.03643430396914482, 0.1227835938334465, 0.7853448390960693, 0.06832394003868103, 0.023547623306512833, 0.36175185441970825, 0.5813168883323669, 0.032398771494627, 0.024532482028007507, 0.4188368320465088, 0.175568625330925, 0.35469764471054077, 0.05089690163731575, 0.6922367215156555, 0.208562970161438, 0.06574027985334396, 0.03346005454659462, 0.9553453922271729, 0.028775997459888458, 0.009720592759549618, 0.006157904863357544, 0.580452561378479, 0.1119513139128685, 0.10260190814733505, 0.20499415695667267, 0.517825722694397, 0.06557512283325195, 0.29502928256988525, 