{"metrics": {"ACC": 44.05594405594406, "F1": 32.16357021623144}, "predictions": [1, 1, 0, 1, 0, 0, 1, 1, 1, 1, 1, 0, 2, 0, 1, 0, 0, 0, 1, 0, 1, 1, 0, 0, 0, 1, 1, 1, 2, 0, 0, 1, 1, 1, 1, 1, 1, 2, 0, 0, 0, 0, 0, 0, 0, 2, 2, 1, 2, 1, 0, 1, 0, 1, 1, 1, 0, 1, 2, 0, 1, 1, 1, 1, 0, 1, 0, 0, 0, 1, 2, 2, 1, 1, 0, 0, 0, 0, 0, 1, 1, 0, 0, 1, 1, 1, 2, 2, 0, 0, 0, 0, 1, 1, 1, 1, 1, 2, 2, 1, 1, 0, 1, 2, 1, 1, 0, 1, 1, 0, 0, 1, 1, 0, 1, 1, 2, 1, 0, 0, 1, 0, 1, 2, 0, 0, 2, 1, 0, 0, 0, 0, 0, 0, 0, 0, 2, 2, 0, 1, 1, 0, 1], "uids": ["0", "1", "2", "3", "4", "5", "6", "7", "8", "9", "10", "11", "12", "13", "14", "15", "16", "17", "18", "19", "20", "21", "22", "23", "24", "25", "26", "27", "28", "29", "30", "31", "32", "33", "34", "35", "36", "37", "38", "39", "40", "41", "42", "43", "44", "45", "46", "47", "48", "49", "50", "51", "52", "53", "54", "55", "56", "57", "58", "59", "60", "61", "62", "63", "64", "65", "66", "67", "68", "69", "70", "71", "72", "73", "74", "75", "76", "77", "78", "79", "80", "81", "82", "83", "84", "85", "86", "87", "88", "89", "90", "91", "92", "93", "94", "95", "96", "97", "98", "99", "100", "101", "102", "103", "104", "105", "106", "107", "108", "109", "110", "111", "112", "113", "114", "115", "116", "117", "118", "119", "120", "121", "122", "123", "124", "125", "126", "127", "128", "129", "130", "131", "132", "133", "134", "135", "136", "137", "138", "139", "140", "141", "142"], "scores": [0.0288976039737463, 0.5929333567619324, 0.3352252244949341, 0.042943816632032394, 0.012323645874857903, 0.9397790431976318, 0.0399450808763504, 0.007952127605676651, 0.6644704937934875, 0.28014618158340454, 0.023567713797092438, 0.0318155512213707, 0.19308359920978546, 0.5618196725845337, 0.1856847107410431, 0.05941210687160492, 0.4138187766075134, 0.3136746287345886, 0.21676422655582428, 0.055742379277944565, 0.43214333057403564, 0.36222049593925476, 0.15117304027080536, 0.05446308106184006, 0.04380737990140915, 0.8427083492279053, 0.10270719975233078, 0.010777000337839127, 0.05840123072266579, 0.7006620764732361, 0.2266208529472351, 0.014315877109766006, 0.11744695156812668, 0.6316452026367188, 0.2350360006093979, 0.0158719252794981, 0.11285766214132309, 0.8003309965133667, 0.05778663232922554, 0.029024695977568626, 0.0547405369579792, 0.8953825235366821, 0.036956172436475754, 0.012920692563056946, 0.3569352626800537, 0.26096946001052856, 0.3473827838897705, 0.03471248969435692, 0.05969751253724098, 0.39164724946022034, 0.5152773857116699, 0.033377889543771744, 0.45588845014572144, 0.3622475564479828, 0.1516585797071457, 0.03020545095205307, 0.1593584418296814, 0.6696333289146423, 0.16133855283260345, 0.009669636376202106, 0.36212247610092163, 0.3111938238143921, 0.24074028432369232, 0.08594335615634918, 0.49367472529411316, 0.21789856255054474, 0.14420902729034424, 0.14421768486499786, 0.4140898883342743, 0.14027082920074463, 0.3020738959312439, 0.14356543123722076, 0.3037765920162201, 0.3419301211833954, 0.2607426047325134, 0.0935506522655487, 0.955842137336731, 0.008965276181697845, 0.022334937006235123, 0.012857593595981598, 0.019186142832040787, 0.9259200692176819, 0.048798348754644394, 0.006095453165471554, 0.013280360959470272, 0.9774425029754639, 0.004851089790463448, 0.004426052328199148, 0.8967440128326416, 0.08312949538230896, 0.01214559841901064, 0.007980979979038239, 0.5442790389060974, 0.1697685271501541, 0.24766355752944946, 0.038288988173007965, 0.8339531421661377, 0.045047447085380554, 0.10308867692947388, 0.017910752445459366, 0.016837352886795998, 0.7988320589065552, 0.17320896685123444, 0.011121643707156181, 0.018556885421276093, 0.9240037798881531, 0.0516386553645134, 0.005800698418170214, 0.01273393351584673, 0.9051287174224854, 0.07102106511592865, 0.011116424575448036, 0.17571701109409332, 0.06042630597949028, 0.6863977313041687, 0.07745898514986038, 0.41568824648857117, 0.3790852427482605, 0.14902141690254211, 0.05620509386062622, 0.7489610314369202, 0.029705096036195755, 0.18247655034065247, 0.03885723277926445, 0.1411667764186859, 0.8238686323165894, 0.031340550631284714, 0.003624074626713991, 0.007180164102464914, 0.8172696232795715, 0.1634484827518463, 0.012101705186069012, 0.010960632003843784, 0.7754650115966797, 0.1988718956708908, 0.014702469110488892, 0.007347962819039822, 0.8654193878173828, 0.11487063020467758, 0.01236200425773859, 0.033815763890743256, 0.8513903021812439, 0.10529370605945587, 0.009500300511717796, 0.016287926584482193, 0.865953266620636, 0.10899060219526291, 0.008768261410295963, 0.09324387460947037, 0.06389424949884415, 0.8235512971878052, 0.0193104799836874, 0.8156277537345886, 0.05238029733300209, 0.11555201560258865, 0.016440020874142647, 0.5230676531791687, 0.2695120573043823, 0.1909870207309723, 0.01643320731818676, 0.6843284964561462, 0.24252967536449432, 0.057625576853752136, 0.015516228973865509, 0.7266563177108765, 0.10895507782697678, 0.14804260432720184, 0.01634601131081581, 0.771263062953949, 0.19742648303508759, 0.021317683160305023, 0.00999277550727129, 0.8855195045471191, 0.027626169845461845, 0.02946733869612217, 0.057386983186006546, 0.8343445062637329, 0.09623640030622482, 0.03870973736047745, 0.030709408223628998, 0.1890585869550705, 0.03995291888713837, 0.738083004951477, 0.03290550038218498, 0.19144988059997559, 0.166642427444458, 0.6146758198738098, 0.02723190002143383, 0.4396060109138489, 0.48841461539268494, 0.04926241561770439, 0.02271692082285881, 0.05012929067015648, 0.26127830147743225, 0.6622776985168457, 0.02631474658846855, 0.10337433218955994, 0.8578522801399231, 0.028744110837578773, 0.010029221884906292, 0.6148977875709534, 0.30006447434425354, 0.07080937176942825, 0.014228380285203457, 0.1955714374780655, 0.7778996825218201, 0.02174876444041729, 0.004780194256454706, 0.5573353171348572, 0.4118713140487671, 0.02400387078523636, 0.00678945193067193, 0.03197323903441429, 0.8983393311500549, 0.05908259004354477, 0.01060487236827612, 0.25438788533210754, 0.6386869549751282, 0.08777233213186264, 0.019152823835611343, 0.10510744899511337, 0.8425828218460083, 0.04268479347229004, 0.009625056758522987, 0.6831157803535461, 0.15736305713653564, 0.13893631100654602, 0.020584816113114357, 0.02927185781300068, 0.9377027153968811, 0.025087954476475716, 0.007937357760965824, 0.3270362615585327, 0.18558648228645325, 0.43758395314216614, 0.04979318007826805, 0.710170328617096, 0.1704256385564804, 0.09350339323282242, 0.02590062841773033, 0.38493746519088745, 0.5485702753067017, 0.05287664756178856, 0.013615649193525314, 0.2005094587802887, 0.7440910935401917, 0.03192724287509918, 0.023472081869840622, 0.3991245627403259, 0.41417956352233887, 0.07483003288507462, 0.1118658110499382, 0.33917173743247986, 0.4552917778491974, 0.16248928010463715, 0.0430472157895565, 0.5799597501754761, 0.30089157819747925, 0.09283582866191864, 0.02631286345422268, 0.029249630868434906, 0.7691459655761719, 0.17013274133205414, 0.03147168084979057, 0.816224992275238, 0.08368846774101257, 0.07453008741140366, 0.02555646002292633, 0.712653398513794, 0.12122982740402222, 0.14668795466423035, 0.01942887343466282, 0.5342307090759277, 0.31789401173591614, 0.12904514372348785, 0.018830053508281708, 0.1304570436477661, 0.6067569851875305, 0.2576771080493927, 0.005108881741762161, 0.0702982246875763, 0.2020367980003357, 0.6953218579292297, 0.03234308585524559, 0.11439544707536697, 0.06834710389375687, 0.7813639640808105, 0.03589346632361412, 0.17248250544071198, 0.7446964383125305, 0.0598050095140934, 0.023016054183244705, 0.4013131856918335, 0.5412702560424805, 0.033540818840265274, 0.023875722661614418, 0.6015781164169312, 0.17469117045402527, 0.18290771543979645, 0.04082303121685982, 0.773216187953949, 0.15430518984794617, 0.0457107312977314, 0.026767853647470474, 0.9431090354919434, 0.041416481137275696, 0.00915954727679491, 0.006314969155937433, 0.5770262479782104, 0.1702248901128769, 0.0956854373216629, 0.15706342458724976, 0.5559937357902527, 0.08534949272871017, 0.272672176361084, 0.08598463982343674, 