{"metrics": {"ACC": 47.55244755244755, "F1": 35.53808353808354}, "predictions": [1, 1, 0, 1, 1, 1, 1, 1, 1, 1, 1, 1, 1, 1, 1, 2, 0, 0, 0, 0, 1, 1, 0, 0, 0, 1, 1, 1, 2, 1, 0, 1, 1, 1, 1, 1, 1, 2, 0, 2, 1, 0, 0, 0, 0, 2, 2, 1, 2, 1, 0, 1, 1, 1, 1, 1, 0, 1, 2, 2, 1, 1, 0, 0, 0, 1, 0, 0, 1, 1, 2, 2, 1, 0, 0, 0, 0, 0, 0, 0, 1, 0, 0, 1, 1, 2, 2, 2, 0, 0, 0, 0, 1, 1, 1, 1, 1, 2, 2, 1, 2, 0, 1, 2, 1, 1, 0, 2, 1, 0, 2, 1, 1, 0, 1, 1, 2, 2, 0, 0, 0, 1, 1, 2, 0, 0, 2, 1, 0, 0, 0, 0, 0, 0, 0, 0, 2, 2, 0, 0, 1, 0, 1], "uids": ["0", "1", "2", "3", "4", "5", "6", "7", "8", "9", "10", "11", "12", "13", "14", "15", "16", "17", "18", "19", "20", "21", "22", "23", "24", "25", "26", "27", "28", "29", "30", "31", "32", "33", "34", "35", "36", "37", "38", "39", "40", "41", "42", "43", "44", "45", "46", "47", "48", "49", "50", "51", "52", "53", "54", "55", "56", "57", "58", "59", "60", "61", "62", "63", "64", "65", "66", "67", "68", "69", "70", "71", "72", "73", "74", "75", "76", "77", "78", "79", "80", "81", "82", "83", "84", "85", "86", "87", "88", "89", "90", "91", "92", "93", "94", "95", "96", "97", "98", "99", "100", "101", "102", "103", "104", "105", "106", "107", "108", "109", "110", "111", "112", "113", "114", "115", "116", "117", "118", "119", "120", "121", "122", "123", "124", "125", "126", "127", "128", "129", "130", "131", "132", "133", "134", "135", "136", "137", "138", "139", "140", "141", "142"], "scores": [0.07445774227380753, 0.5761333107948303, 0.3109129071235657, 0.0384959876537323, 0.030471734702587128, 0.9030924439430237, 0.057460132986307144, 0.008975637145340443, 0.4785936772823334, 0.4486888647079468, 0.04908343404531479, 0.023634055629372597, 0.12815600633621216, 0.7130758762359619, 0.1405530571937561, 0.018215103074908257, 0.2514936923980713, 0.49288129806518555, 0.240316703915596, 0.015308338217437267, 0.247554749250412, 0.5920884609222412, 0.14588379859924316, 0.01447303406894207, 0.22685053944587708, 0.5701378583908081, 0.17210380733013153, 0.030907809734344482, 0.18926674127578735, 0.6075854897499084, 0.17712967097759247, 0.026018070057034492, 0.10551974177360535, 0.44872912764549255, 0.42769911885261536, 0.018051961436867714, 0.12599018216133118, 0.7558577656745911, 0.09608247131109238, 0.022069595754146576, 0.09475091099739075, 0.811980664730072, 0.07862716913223267, 0.014641208574175835, 0.2968060374259949, 0.3943397104740143, 0.28729748725891113, 0.021556727588176727, 0.1102781891822815, 0.49769315123558044, 0.3726876676082611, 0.01934097148478031, 0.31360262632369995, 0.5018072724342346, 0.1626862734556198, 0.02190381847321987, 0.24472525715827942, 0.48137712478637695, 0.25811049342155457, 0.01578710786998272, 0.30858898162841797, 0.2725464403629303, 0.3707653880119324, 0.04809919744729996, 0.4121893048286438, 0.23771677911281586, 0.2737293839454651, 0.07636448740959167, 0.5119478106498718, 0.19129043817520142, 0.23004889488220215, 0.06671283394098282, 0.4898020625114441, 0.15459461510181427, 0.20775450766086578, 0.14784878492355347, 0.8996129035949707, 0.02796773798763752, 0.053772710263729095, 0.018646687269210815, 0.1127655953168869, 0.7604615092277527, 0.10909301787614822, 0.01767989993095398, 0.04438979923725128, 0.93039870262146, 0.018205944448709488, 0.007005561608821154, 0.7339274883270264, 0.21620629727840424, 0.03555702790617943, 0.01430915854871273, 0.3667510747909546, 0.27966174483299255, 0.3097986876964569, 0.04378852620720863, 0.5607048273086548, 0.12730588018894196, 0.2918476462364197, 0.02014167420566082, 0.03286289423704147, 0.7410351037979126, 0.21566267311573029, 0.010439326986670494, 0.03460969030857086, 0.8507522940635681, 0.10870687663555145, 0.005931249354034662, 0.03621091693639755, 0.8847662806510925, 0.06942380964756012, 0.00959908775985241, 0.21586491167545319, 0.2041996866464615, 0.5463476181030273, 0.03358781337738037, 0.27424007654190063, 0.5473923087120056, 0.16775664687156677, 0.0106109119951725, 0.6887930035591125, 0.06763816624879837, 0.22201259434223175, 0.021556323394179344, 0.11266349256038666, 0.7598451375961304, 0.12152048200368881, 0.005970904603600502, 0.02774490788578987, 0.7190688252449036, 0.24064986407756805, 0.01253645308315754, 0.0384925976395607, 0.7011064291000366, 0.24243813753128052, 0.017962852492928505, 0.03982210159301758, 0.6415268182754517, 0.29967477917671204, 0.018976280465722084, 0.06427175551652908, 0.7762815356254578, 0.15049238502979279, 0.008954300545156002, 0.1079106330871582, 0.7059653401374817, 0.16601887345314026, 0.02010517567396164, 0.13605432212352753, 0.22701650857925415, 0.618925154209137, 0.018003977835178375, 0.4603787958621979, 0.1348661631345749, 0.38552287220954895, 0.01923225261271, 0.32275909185409546, 0.3213537931442261, 0.343629390001297, 0.01225769892334938, 0.3757989704608917, 0.4111829400062561, 0.2016851305961609, 0.011332959868013859, 0.6186001896858215, 0.2188304215669632, 0.14554131031036377, 0.017028072848916054, 0.5390285849571228, 0.3946874737739563, 0.05300891771912575, 0.013275021687150002, 0.6714614033699036, 0.07931133359670639, 0.1491590142250061, 0.10006824880838394, 0.5494058132171631, 0.2521124482154846, 0.16471204161643982, 0.03376968950033188, 0.19666489958763123, 0.11793871968984604, 0.6624271273612976, 0.022969240322709084, 0.18890336155891418, 0.23591670393943787, 0.5529562830924988, 0.022223664447665215, 0.39548444747924805, 0.5346958637237549, 0.05487370491027832, 0.014946000650525093, 0.09386037290096283, 0.33817657828330994, 0.541865348815918, 0.026097679510712624, 0.14951318502426147, 0.7253029346466064, 0.11303272843360901, 0.012151172384619713, 0.62533038854599, 0.22613586485385895, 0.1316327303647995, 0.016901051625609398, 0.21188315749168396, 0.6636906266212463, 0.11589545011520386, 0.008530835621058941, 0.41855984926223755, 0.5200903415679932, 0.051064349710941315, 0.010285509750247002, 0.06998714804649353, 0.8307533860206604, 0.09062054753303528, 0.008638863451778889, 0.1769745945930481, 0.6369087100028992, 0.17024420201778412, 0.0158725306391716, 0.09179369360208511, 0.8322705626487732, 0.06682642549276352, 0.009109240025281906, 0.48028039932250977, 0.2780803143978119, 0.21899090707302094, 0.022648407146334648, 0.08404427766799927, 0.8573153614997864, 0.047328121960163116, 0.011312347836792469, 0.22439134120941162, 0.17351774871349335, 0.5678678154945374, 0.03422310948371887, 0.2644449770450592, 0.29112380743026733, 0.4301050901412964, 0.014326127246022224, 0.15126338601112366, 0.5368614196777344, 0.3027550280094147, 0.009120170027017593, 0.25779813528060913, 0.6329458355903625, 0.08527878671884537, 0.023977218195796013, 0.4776051938533783, 0.34133636951446533, 0.10959424823522568, 0.0714641734957695, 0.38339972496032715, 0.3324558734893799, 0.25115567445755005, 0.032988689839839935, 0.4781568646430969, 0.2971358001232147, 0.20005089044570923, 0.02465643733739853, 0.08914066106081009, 0.7920819520950317, 0.10249964147806168, 0.01627773605287075, 0.5156461000442505, 0.23877456784248352, 0.20907115936279297, 0.03650819882750511, 0.41986218094825745, 0.25760218501091003, 0.293260395526886, 0.029275162145495415, 0.27759048342704773, 0.5407265424728394, 0.16204725205898285, 0.019635742530226707, 0.12810270488262177, 0.4405612647533417, 0.4243438243865967, 0.006992263253778219, 0.1198858693242073, 0.25439807772636414, 0.596635639667511, 0.029080374166369438, 0.21855102479457855, 0.19462887942790985, 0.5546350479125977, 0.03218504413962364, 0.36758923530578613, 0.4709208309650421, 0.13274800777435303, 0.028741905465722084, 0.5117514133453369, 0.37945446372032166, 0.08025272935628891, 0.028541404753923416, 0.42777326703071594, 0.2791469395160675, 0.2696862518787384, 0.023393679410219193, 0.5396485328674316, 0.3499200642108917, 0.08636555820703506, 0.024065809324383736, 0.8693544268608093, 0.09543484449386597, 0.025163298472762108, 0.010047277435660362, 0.3950512111186981, 0.37959912419319153, 0.11977656185626984, 0.10557308793067932, 0.423606812953949, 0.18305504322052002, 0.3499181568622589, 0.04342002421617508, 