{"metrics": {"ACC": 44.75524475524475, "F1": 32.71867228214005}, "predictions": [1, 1, 0, 1, 1, 1, 1, 1, 1, 1, 1, 2, 2, 1, 1, 0, 0, 0, 0, 0, 1, 1, 0, 0, 0, 1, 1, 1, 2, 1, 0, 1, 1, 1, 1, 1, 1, 2, 0, 0, 0, 0, 0, 0, 0, 2, 2, 1, 2, 1, 1, 1, 0, 1, 1, 1, 0, 1, 2, 0, 1, 1, 1, 1, 0, 1, 0, 0, 0, 2, 2, 2, 1, 1, 0, 0, 0, 0, 0, 1, 1, 0, 2, 1, 1, 1, 2, 2, 0, 0, 0, 0, 1, 1, 1, 1, 1, 2, 2, 1, 1, 0, 1, 2, 1, 1, 0, 1, 1, 0, 2, 1, 1, 0, 1, 1, 2, 1, 0, 0, 0, 1, 1, 2, 1, 0, 2, 1, 0, 0, 0, 0, 0, 0, 0, 0, 2, 2, 0, 1, 1, 0, 1], "uids": ["0", "1", "2", "3", "4", "5", "6", "7", "8", "9", "10", "11", "12", "13", "14", "15", "16", "17", "18", "19", "20", "21", "22", "23", "24", "25", "26", "27", "28", "29", "30", "31", "32", "33", "34", "35", "36", "37", "38", "39", "40", "41", "42", "43", "44", "45", "46", "47", "48", "49", "50", "51", "52", "53", "54", "55", "56", "57", "58", "59", "60", "61", "62", "63", "64", "65", "66", "67", "68", "69", "70", "71", "72", "73", "74", "75", "76", "77", "78", "79", "80", "81", "82", "83", "84", "85", "86", "87", "88", "89", "90", "91", "92", "93", "94", "95", "96", "97", "98", "99", "100", "101", "102", "103", "104", "105", "106", "107", "108", "109", "110", "111", "112", "113", "114", "115", "116", "117", "118", "119", "120", "121", "122", "123", "124", "125", "126", "127", "128", "129", "130", "131", "132", "133", "134", "135", "136", "137", "138", "139", "140", "141", "142"], "scores": [0.03165284916758537, 0.5001843571662903, 0.4252999424934387, 0.04286285117268562, 0.01672401838004589, 0.9035738706588745, 0.06931717693805695, 0.010384966619312763, 0.6814005374908447, 0.24193927645683289, 0.03804345428943634, 0.038616687059402466, 0.12425535917282104, 0.6864480972290039, 0.1514526605606079, 0.03784386068582535, 0.2251959592103958, 0.43362149596214294, 0.29947376251220703, 0.04170884191989899, 0.2916487753391266, 0.4577600657939911, 0.20827463269233704, 0.042316555976867676, 0.0754217579960823, 0.673908531665802, 0.2358066439628601, 0.014863095246255398, 0.07361134886741638, 0.5783438682556152, 0.33137843012809753, 0.016666313633322716, 0.10005597025156021, 0.6049426794052124, 0.278020977973938, 0.01698046550154686, 0.13759493827819824, 0.7373092770576477, 0.0867617279291153, 0.03833416849374771, 0.09884259849786758, 0.8164063096046448, 0.06295248121023178, 0.021798649802803993, 0.27026692032814026, 0.34116867184638977, 0.35592585802078247, 0.0326385498046875, 0.0736384242773056, 0.44855350255966187, 0.45108944177627563, 0.026718631386756897, 0.35226911306381226, 0.40013858675956726, 0.21146681904792786, 0.036125484853982925, 0.17292332649230957, 0.6238008141517639, 0.1904725581407547, 0.012803311459720135, 0.34157323837280273, 0.3066765069961548, 0.25754374265670776, 0.0942065641283989, 0.4496917724609375, 0.23145051300525665, 0.1704128384590149, 0.14844489097595215, 0.3850170969963074, 0.15765273571014404, 0.34931620955467224, 0.10801393538713455, 0.38688933849334717, 0.22596974670886993, 0.26211416721343994, 0.12502677738666534, 0.9414874315261841, 0.011938945390284061, 0.03262024372816086, 0.01395334955304861, 0.02783210575580597, 0.8585062623023987, 0.10581551492214203, 0.007846131920814514, 0.01725502870976925, 0.9699181914329529, 0.007838957943022251, 0.00498785637319088, 0.750067412853241, 0.20928257703781128, 0.030848711729049683, 0.009801198728382587, 0.5412232279777527, 0.15283891558647156, 0.2658022344112396, 0.04013554006814957, 0.7755555510520935, 0.052695780992507935, 0.14843720197677612, 0.023311441764235497, 0.018557792529463768, 0.7283506989479065, 0.2404966652393341, 0.012594790197908878, 0.018384592607617378, 0.8719707727432251, 0.10265481472015381, 0.006989836692810059, 0.016035757958889008, 0.8798065781593323, 0.09183823317289352, 0.012319490313529968, 0.15593871474266052, 0.0843898206949234, 0.6902979016304016, 0.06937354803085327, 0.3352930247783661, 0.36588382720947266, 0.24972757697105408, 0.0490955114364624, 0.6134441494941711, 0.030762799084186554, 0.31232625246047974, 0.043466877192258835, 0.11769486963748932, 0.7867593169212341, 0.09085079282522202, 0.004695007111877203, 0.007911681197583675, 0.8549290895462036, 0.12534306943416595, 0.01181612629443407, 0.013187534175813198, 0.789010763168335, 0.18372321128845215, 0.014078480191528797, 0.009110996499657631, 0.8539519906044006, 0.1233140304684639, 0.013622955419123173, 0.03712969273328781, 0.7954604029655457, 0.15602897107601166, 0.011380944401025772, 0.028886660933494568, 0.739180862903595, 0.2193022072315216, 0.012630284763872623, 0.10730920732021332, 0.09163324534893036, 0.7733252048492432, 0.02773231826722622, 0.7255784273147583, 0.06567049771547318, 0.18890085816383362, 0.019850222393870354, 0.4544970393180847, 0.22799967229366302, 0.2929767370223999, 0.02452656999230385, 0.627972424030304, 0.2440474033355713, 0.10606461763381958, 0.021915504708886147, 0.721358060836792, 0.08746610581874847, 0.1726503223180771, 0.018525458872318268, 0.7096326947212219, 0.22610785067081451, 0.05144065245985985, 0.012818772345781326, 0.8327155113220215, 0.04150302708148956, 0.04823169484734535, 0.0775497704744339, 0.7498496174812317, 0.12409058958292007, 0.07161460071802139, 0.0544452890753746, 0.12071170657873154, 0.03869191184639931, 0.8152688145637512, 0.025327568873763084, 0.11271063983440399, 0.16424459218978882, 0.7008498907089233, 0.022194931283593178, 0.32816949486732483, 0.563210129737854, 0.08642485737800598, 0.022195417433977127, 0.05433271825313568, 0.34834691882133484, 0.572378933429718, 0.024941425770521164, 0.09700966626405716, 0.8494181036949158, 0.041458163410425186, 0.012114045210182667, 0.24787965416908264, 0.6028028726577759, 0.1320439577102661, 0.017273588106036186, 0.21627263724803925, 0.6915274262428284, 0.08451543748378754, 0.0076844836585223675, 0.6522663235664368, 0.2721727192401886, 0.05983176827430725, 0.01572921872138977, 0.0318639874458313, 0.8833464980125427, 0.07299567013978958, 0.011793883517384529, 0.19900251924991608, 0.6274725198745728, 0.14898809790611267, 0.02453680895268917, 0.06469284743070602, 0.8711274266242981, 0.05550829693675041, 0.008671355433762074, 0.5800853371620178, 0.17765381932258606, 0.21851180493831635, 0.023749077692627907, 0.042135342955589294, 0.8878468871116638, 0.05696863681077957, 0.01304913405328989, 0.2254427969455719, 0.15449951589107513, 0.57784503698349, 0.04221261665225029, 0.4751981198787689, 0.21803373098373413, 0.276607483625412, 0.030160609632730484, 0.11519645154476166, 0.7672090530395508, 0.10854484140872955, 0.009049661457538605, 0.13961732387542725, 0.7814362049102783, 0.05433634668588638, 0.02461017109453678, 0.28923073410987854, 0.49751999974250793, 0.10620653629302979, 0.10704270750284195, 0.26289457082748413, 0.4838230311870575, 0.21316838264465332, 0.04011399298906326, 0.4534582197666168, 0.36199840903282166, 0.15683875977993011, 0.027704549953341484, 0.025380542501807213, 0.7567012310028076, 0.18900980055332184, 0.02890847437083721, 0.7258805632591248, 0.12934157252311707, 0.1085495576262474, 0.03622844070196152, 0.596400797367096, 0.15035215020179749, 0.22623929381370544, 0.027007775381207466, 0.4537976384162903, 0.31573471426963806, 0.20201542973518372, 0.028452280908823013, 0.09207256883382797, 0.4090039134025574, 0.49190181493759155, 0.007021649274975061, 0.061572156846523285, 0.31324881315231323, 0.5921928286552429, 0.03298615291714668, 0.08930668979883194, 0.0816427618265152, 0.7895033359527588, 0.03954719379544258, 0.21122127771377563, 0.6548075079917908, 0.09762396663427353, 0.03634718433022499, 0.3730771839618683, 0.5353376269340515, 0.05660717934370041, 0.03497804328799248, 0.5288251638412476, 0.1856074035167694, 0.2379656583070755, 0.04760175570845604, 0.6907038688659668, 0.19856582581996918, 0.0729532241821289, 0.037777047604322433, 0.8748201727867126, 0.08958947658538818, 0.028270190581679344, 0.007320152595639229, 0.5401408076286316, 0.1755857765674591, 0.11114616692066193, 0.17312730848789215, 0.5065189003944397, 0.10699843615293503, 0.3022899031639099, 0.08419282734394073, 