{"metrics": {"ACC": 44.05594405594406, "F1": 32.70774338443512}, "predictions": [1, 1, 0, 1, 1, 1, 1, 1, 1, 1, 1, 2, 2, 1, 1, 2, 0, 0, 0, 0, 1, 1, 0, 0, 0, 1, 1, 1, 2, 0, 0, 1, 1, 1, 1, 1, 1, 2, 0, 0, 0, 0, 0, 0, 0, 2, 2, 1, 2, 1, 0, 1, 0, 1, 1, 1, 0, 1, 2, 0, 1, 1, 1, 1, 0, 1, 0, 0, 0, 1, 2, 2, 1, 1, 2, 0, 0, 0, 0, 1, 1, 0, 0, 1, 1, 2, 2, 2, 0, 0, 0, 0, 1, 1, 1, 1, 1, 2, 2, 1, 1, 0, 1, 2, 1, 1, 0, 1, 1, 0, 2, 1, 1, 0, 1, 1, 2, 1, 0, 0, 0, 2, 2, 2, 2, 0, 2, 1, 2, 0, 0, 0, 0, 0, 0, 0, 2, 2, 0, 1, 1, 0, 1], "uids": ["0", "1", "2", "3", "4", "5", "6", "7", "8", "9", "10", "11", "12", "13", "14", "15", "16", "17", "18", "19", "20", "21", "22", "23", "24", "25", "26", "27", "28", "29", "30", "31", "32", "33", "34", "35", "36", "37", "38", "39", "40", "41", "42", "43", "44", "45", "46", "47", "48", "49", "50", "51", "52", "53", "54", "55", "56", "57", "58", "59", "60", "61", "62", "63", "64", "65", "66", "67", "68", "69", "70", "71", "72", "73", "74", "75", "76", "77", "78", "79", "80", "81", "82", "83", "84", "85", "86", "87", "88", "89", "90", "91", "92", "93", "94", "95", "96", "97", "98", "99", "100", "101", "102", "103", "104", "105", "106", "107", "108", "109", "110", "111", "112", "113", "114", "115", "116", "117", "118", "119", "120", "121", "122", "123", "124", "125", "126", "127", "128", "129", "130", "131", "132", "133", "134", "135", "136", "137", "138", "139", "140", "141", "142"], "scores": [0.017910491675138474, 0.7136949896812439, 0.23019950091838837, 0.03819502517580986, 0.009636862203478813, 0.9149694442749023, 0.0666470006108284, 0.008746637031435966, 0.606368899345398, 0.33451786637306213, 0.02530376985669136, 0.033809445798397064, 0.11264197528362274, 0.603215754032135, 0.21956270933151245, 0.0645795464515686, 0.3112100064754486, 0.3133302927017212, 0.31324994564056396, 0.06220976635813713, 0.3511483371257782, 0.3748348653316498, 0.21280835568904877, 0.06120836362242699, 0.03634633123874664, 0.8611379861831665, 0.09418237954378128, 0.008333319798111916, 0.04744405299425125, 0.7221084237098694, 0.2180323600769043, 0.012415139935910702, 0.08797895908355713, 0.6268187165260315, 0.2714957296848297, 0.01370658352971077, 0.07467398792505264, 0.8639199137687683, 0.04047934338450432, 0.020926661789417267, 0.03958464786410332, 0.9222584962844849, 0.0274750255048275, 0.010681808926165104, 0.23513834178447723, 0.16900290548801422, 0.5559785962104797, 0.03988017141819, 0.03541066125035286, 0.26343637704849243, 0.6638379096984863, 0.03731505572795868, 0.33440491557121277, 0.33722159266471863, 0.2932027280330658, 0.0351707898080349, 0.11274617910385132, 0.6570917367935181, 0.2208694964647293, 0.009292575530707836, 0.29806068539619446, 0.26769569516181946, 0.3474920094013214, 0.08675161749124527, 0.4356069564819336, 0.20077106356620789, 0.19807252287864685, 0.16554944217205048, 0.4392307996749878, 0.11378953605890274, 0.311367928981781, 0.13561169803142548, 0.334049791097641, 0.2508818507194519, 0.29667559266090393, 0.11839278042316437, 0.9641193747520447, 0.006949687376618385, 0.018393320962786674, 0.01053751353174448, 0.013406950049102306, 0.9403476119041443, 0.04142812639474869, 0.004817309323698282, 0.007838645949959755, 0.9846099615097046, 0.003911890089511871, 0.003639575559645891, 0.880910336971283, 0.09011819213628769, 0.017625609412789345, 0.011345786042511463, 0.5559777021408081, 0.1393216848373413, 0.26837071776390076, 0.03632982447743416, 0.8061125874519348, 0.03587086498737335, 0.13965493440628052, 0.01836170256137848, 0.01407286524772644, 0.7286169528961182, 0.24417932331562042, 0.013130823150277138, 0.01603105291724205, 0.9064540863037109, 0.07128575444221497, 0.0062291440553963184, 0.008931065909564495, 0.9055149555206299, 0.07426875084638596, 0.011285198852419853, 0.14456301927566528, 0.03653012216091156, 0.7345126867294312, 0.0843941867351532, 0.512590765953064, 0.1376495361328125, 0.24547147750854492, 0.10428820550441742, 0.7956554293632507, 0.018689770251512527, 0.14533080160617828, 0.04032391682267189, 0.14435403048992157, 0.8171659708023071, 0.035139597952365875, 0.003340428927913308, 0.00581629853695631, 0.8125157952308655, 0.16860638558864594, 0.013061461970210075, 0.010140445083379745, 0.7721927165985107, 0.20132578909397125, 0.016341036185622215, 0.0058942814357578754, 0.8594412207603455, 0.12295181304216385, 0.011712724342942238, 0.030413933098316193, 0.8521738648414612, 0.10831955820322037, 0.009092697873711586, 0.01201404258608818, 0.8795775175094604, 0.10088812559843063, 0.007520375773310661, 0.0575728602707386, 0.040524158626794815, 0.8839619755744934, 0.017940981313586235, 0.8168550729751587, 0.039693549275398254, 0.1284538358449936, 0.014997598715126514, 0.5066710114479065, 0.22954604029655457, 0.24584053456783295, 0.017942387610673904, 0.6928920745849609, 0.21981704235076904, 0.07086770981550217, 0.016423190012574196, 0.612387478351593, 0.08707629144191742, 0.28401002287864685, 0.01652616262435913, 0.8013755679130554, 0.15932343900203705, 0.030837588012218475, 0.008463372476398945, 0.9014725685119629, 0.02149309031665325, 0.031248711049556732, 0.04578562453389168, 0.8387613892555237, 0.08880135416984558, 0.04539545252919197, 0.027041783556342125, 0.15928339958190918, 0.030286850407719612, 0.7795253396034241, 0.030904477462172508, 0.1534118950366974, 0.13368858397006989, 0.6903471350669861, 0.022552428767085075, 0.31490182876586914, 0.517099916934967, 0.12902630865573883, 0.0389719158411026, 0.04803760349750519, 0.3778911530971527, 0.5524861812591553, 0.02158503234386444, 0.06259830296039581, 0.9029724597930908, 0.027468262240290642, 0.006960947532206774, 0.46684885025024414, 0.3962797522544861, 0.12290922552347183, 0.013962175697088242, 0.20728793740272522, 0.7651048898696899, 0.023049229755997658, 0.004557900596410036, 0.6718351244926453, 0.28481754660606384, 0.03486169874668121, 0.008485601283609867, 0.020916415378451347, 0.8766397833824158, 0.08821572363376617, 0.014228216372430325, 0.2920819818973541, 0.551679790019989, 0.13241241872310638, 0.023825883865356445, 0.07554757595062256, 0.8544019460678101, 0.06149699166417122, 0.00855349749326706, 0.5858585238456726, 0.1861981749534607, 0.20709075033664703, 0.020852576941251755, 0.016074756160378456, 0.9429638385772705, 0.03368262201547623, 0.007278762757778168, 0.16187459230422974, 0.14373694360256195, 0.6438784599304199, 0.05050993338227272, 0.5799980163574219, 0.21053850650787354, 0.1723673939704895, 0.03709612414240837, 0.2762391269207001, 0.6396633386611938, 0.06832136958837509, 0.01577615924179554, 0.10881432890892029, 0.8472171425819397, 0.026750732213258743, 0.017217742279171944, 0.273899108171463, 0.5494340062141418, 0.07138538360595703, 0.10528144240379333, 0.3173552453517914, 0.43470317125320435, 0.20426854491233826, 0.04367303475737572, 0.5664878487586975, 0.29285895824432373, 0.11437182873487473, 0.026281358674168587, 0.021741939708590508, 0.7164140343666077, 0.2240467369556427, 0.037797216325998306, 0.8163177967071533, 0.07370994985103607, 0.08711043000221252, 0.022861860692501068, 0.6789079308509827, 0.102908656001091, 0.2006016969680786, 0.017581691965460777, 0.48184049129486084, 0.3293837010860443, 0.17095832526683807, 0.017817361280322075, 0.15985944867134094, 0.45929038524627686, 0.3753957748413086, 0.005454309284687042, 0.05768584460020065, 0.16054408252239227, 0.7505199313163757, 0.03125009685754776, 0.07976815849542618, 0.05525596812367439, 0.8333390355110168, 0.03163689002394676, 0.11910156905651093, 0.7833266258239746, 0.07543386518955231, 0.022137926891446114, 0.24364282190799713, 0.6959320902824402, 0.039597973227500916, 0.020827066153287888, 0.3749166429042816, 0.18196433782577515, 0.39779555797576904, 0.045323438942432404, 0.653681755065918, 0.23173488676548004, 0.08196854591369629, 0.0326148197054863, 0.9402098655700684, 0.041697610169649124, 0.011715800501406193, 0.006376656237989664, 0.5662570595741272, 0.14259207248687744, 0.10890993475914001, 0.18224099278450012, 0.46863967180252075, 0.07547041773796082, 0.34276726841926575, 