{"metrics": {"ACC": 46.15384615384615, "F1": 34.449097056277694}, "predictions": [2, 2, 0, 0, 2, 2, 1, 1, 2, 2, 2, 2, 1, 0, 0, 2, 2, 1, 0, 0, 1, 1, 0, 2, 2, 2, 1, 1, 2, 2, 1, 1, 1, 1, 1, 1, 1, 2, 0, 1, 1, 2, 2, 0, 0, 2, 2, 1, 0, 2, 2, 1, 1, 1, 2, 2, 2, 1, 2, 2, 2, 2, 2, 2, 2, 0, 2, 2, 2, 2, 2, 2, 0, 0, 0, 0, 0, 1, 2, 1, 1, 1, 2, 1, 2, 2, 2, 2, 0, 1, 0, 1, 2, 0, 0, 0, 2, 2, 2, 2, 2, 1, 1, 2, 2, 2, 2, 2, 2, 2, 2, 2, 1, 1, 1, 1, 1, 2, 0, 2, 1, 2, 2, 2, 1, 0, 2, 1, 0, 0, 0, 0, 2, 2, 2, 0, 2, 2, 0, 0, 0, 0, 1], "uids": ["0", "1", "2", "3", "4", "5", "6", "7", "8", "9", "10", "11", "12", "13", "14", "15", "16", "17", "18", "19", "20", "21", "22", "23", "24", "25", "26", "27", "28", "29", "30", "31", "32", "33", "34", "35", "36", "37", "38", "39", "40", "41", "42", "43", "44", "45", "46", "47", "48", "49", "50", "51", "52", "53", "54", "55", "56", "57", "58", "59", "60", "61", "62", "63", "64", "65", "66", "67", "68", "69", "70", "71", "72", "73", "74", "75", "76", "77", "78", "79", "80", "81", "82", "83", "84", "85", "86", "87", "88", "89", "90", "91", "92", "93", "94", "95", "96", "97", "98", "99", "100", "101", "102", "103", "104", "105", "106", "107", "108", "109", "110", "111", "112", "113", "114", "115", "116", "117", "118", "119", "120", "121", "122", "123", "124", "125", "126", "127", "128", "129", "130", "131", "132", "133", "134", "135", "136", "137", "138", "139", "140", "141", "142"], "scores": [0.2612955868244171, 0.3185240626335144, 0.38822394609451294, 0.03195644170045853, 0.2109067738056183, 0.37451305985450745, 0.3819260001182556, 0.03265412896871567, 0.35734185576438904, 0.29802796244621277, 0.3120173513889313, 0.03261281177401543, 0.3724294602870941, 0.2643180191516876, 0.3302994966506958, 0.03295297548174858, 0.252684623003006, 0.325112521648407, 0.390036940574646, 0.03216585889458656, 0.24349461495876312, 0.3287458121776581, 0.39513954520225525, 0.03261999040842056, 0.2804991900920868, 0.4295673668384552, 0.2644473612308502, 0.02548607811331749, 0.2666381895542145, 0.45878350734710693, 0.25262027978897095, 0.021957997232675552, 0.263657808303833, 0.328635036945343, 0.3764896094799042, 0.031217554584145546, 0.2782778739929199, 0.33592477440834045, 0.35311466455459595, 0.03268273174762726, 0.2753668427467346, 0.33945780992507935, 0.35267579555511475, 0.032499607652425766, 0.2747524380683899, 0.3494116961956024, 0.34983620047569275, 0.02599968947470188, 0.3017711043357849, 0.34754377603530884, 0.32724881172180176, 0.0234362855553627, 0.3406161069869995, 0.32242754101753235, 0.3106168210506439, 0.026339542120695114, 0.3791036009788513, 0.27632108330726624, 0.3182973563671112, 0.026278013363480568, 0.2667125165462494, 0.3003900647163391, 0.4060288369655609, 0.02686852030456066, 0.2745758295059204, 0.29058411717414856, 0.40918394923210144, 0.02565614879131317, 0.25253668427467346, 0.41075822710990906, 0.307108074426651, 0.029597029089927673, 0.5213738679885864, 0.21988150477409363, 0.2187131941318512, 0.04003141075372696, 0.49962228536605835, 0.2398378700017929, 0.226624995470047, 0.03391479700803757, 0.24081704020500183, 0.46892133355140686, 0.26399505138397217, 0.026266474276781082, 0.2739938497543335, 0.4403218626976013, 0.26274746656417847, 0.022936727851629257, 0.38627544045448303, 0.3216843008995056, 0.265510231256485, 0.02652997151017189, 0.25728872418403625, 0.33363720774650574, 0.3759576082229614, 0.03311646357178688, 0.24171972274780273, 0.32081201672554016, 0.40274578332901, 0.034722473472356796, 0.24025222659111023, 0.35224777460098267, 0.3738359808921814, 0.033664047718048096, 0.22199243307113647, 0.3787524402141571, 0.36875736713409424, 0.030497755855321884, 0.2146628350019455, 0.43269068002700806, 0.32195061445236206, 0.03069591335952282, 0.22380827367305756, 0.3348754048347473, 0.40500715374946594, 0.03630911558866501, 0.2181338667869568, 0.3402956426143646, 0.4033392071723938, 0.03823128715157509, 0.25033509731292725, 0.35940811038017273, 0.35146355628967285, 0.03879322484135628, 0.2782428562641144, 0.3912090063095093, 0.3084442913532257, 0.02210383117198944, 0.21966946125030518, 0.3885979950428009, 0.3665984272956848, 0.02513422630727291, 0.23355045914649963, 0.38334372639656067, 0.3574036955833435, 0.025702066719532013, 0.21653999388217926, 0.39571842551231384, 0.36415648460388184, 0.02358505316078663, 0.25597432255744934, 0.3707577884197235, 0.34620532393455505, 0.027062539011240005, 0.2382892519235611, 0.47861310839653015, 0.25860318541526794, 0.02449449710547924, 0.2401069700717926, 0.2931082546710968, 0.4337588846683502, 0.03302587568759918, 0.34366893768310547, 0.28350478410720825, 0.33931803703308105, 0.033508360385894775, 0.26928627490997314, 0.352302610874176, 0.35012269020080566, 0.02828841842710972, 0.25992944836616516, 0.36006614565849304, 0.35194167494773865, 0.028062649071216583, 0.28927749395370483, 0.29728084802627563, 0.3798152506351471, 0.03362639993429184, 0.2943122386932373, 0.30097439885139465, 0.37275630235671997, 0.031957074999809265, 0.4685233533382416, 0.23618751764297485, 0.25930026173591614, 0.03598891943693161, 0.35412147641181946, 0.2840079665184021, 0.3332024812698364, 0.028668051585555077, 0.27595293521881104, 0.3083485960960388, 0.38399311900138855, 0.03170536831021309, 0.2752798795700073, 0.3343803584575653, 0.3566203713417053, 0.03371933847665787, 0.34512385725975037, 0.35165467858314514, 0.2737826704978943, 0.029438840225338936, 0.339568555355072, 0.32220932841300964, 0.31033289432525635, 0.027889259159564972, 0.2917657494544983, 0.30875498056411743, 0.36211976408958435, 0.03735947981476784, 0.32197320461273193, 0.30357667803764343, 0.3392544984817505, 0.035195644944906235, 0.26857268810272217, 0.41132277250289917, 0.2965877056121826, 0.023516874760389328, 0.24508672952651978, 0.3869633972644806, 0.3408255875110626, 0.027124332264065742, 0.25262778997421265, 0.3647526502609253, 0.3516606390476227, 0.030958980321884155, 0.24155263602733612, 0.3484116792678833, 0.37634095549583435, 0.03369472548365593, 0.22843462228775024, 0.3664090037345886, 0.3684123158454895, 0.036744020879268646, 0.33044543862342834, 0.2875690460205078, 0.3498939275741577, 0.03209153935313225, 0.28135445713996887, 0.4160235524177551, 0.2700134217739105, 0.03260856121778488, 0.31041795015335083, 0.27751681208610535, 0.37923794984817505, 0.03282727301120758, 0.30036383867263794, 0.2712646722793579, 0.3916461169719696, 0.03672534227371216, 0.3032274544239044, 0.2692813277244568, 0.3897385895252228, 0.03775263577699661, 0.28097283840179443, 0.32679620385169983, 0.3595958650112152, 0.03263513371348381, 0.2740911841392517, 0.340999037027359, 0.35162341594696045, 0.03328632935881615, 0.2685216963291168, 0.3116772770881653, 0.3936651349067688, 0.026135891675949097, 0.2620333135128021, 0.3181648254394531, 0.393844872713089, 0.025957047939300537, 0.3383347690105438, 0.3334493637084961, 0.30058467388153076, 0.027631141245365143, 0.27432897686958313, 0.3061907887458801, 0.38150596618652344, 0.03797432407736778, 0.2864934504032135, 0.2930968403816223, 0.3836832344532013, 0.036726467311382294, 0.25436708331108093, 0.32170945405960083, 0.38663825392723083, 0.037285175174474716, 0.25689247250556946, 0.3150222897529602, 0.3892410695552826, 0.03884412348270416, 0.31930992007255554, 0.2735099494457245, 0.37800151109695435, 0.029178619384765625, 0.32614681124687195, 0.26328495144844055, 0.38017046451568604, 0.03039773739874363, 0.39318186044692993, 0.2519086003303528, 0.32204023003578186, 0.03286939486861229, 0.41480621695518494, 0.2507508397102356, 0.3027993440628052, 0.031643591821193695, 0.34758344292640686, 0.2764243483543396, 0.34213000535964966, 0.033862218260765076, 0.3758973181247711, 0.27574020624160767, 0.31649675965309143, 0.03186569735407829, 0.4558057487010956, 0.31593331694602966, 0.20365729928016663, 0.02460371144115925, 0.3197532296180725, 0.3211471736431122, 0.3169229030609131, 0.042176753282547, 0.2718634009361267, 0.29506129026412964, 0.39649611711502075, 0.03657914325594902, 0.28744474053382874, 0.3574329912662506, 