{"metrics": {"ACC": 48.25174825174825, "F1": 35.84268230494645}, "predictions": [1, 1, 0, 1, 0, 0, 1, 1, 1, 1, 1, 2, 2, 0, 1, 2, 0, 0, 0, 0, 1, 1, 0, 0, 0, 1, 1, 1, 2, 0, 0, 1, 1, 1, 1, 1, 1, 2, 0, 0, 0, 0, 0, 0, 0, 2, 2, 0, 2, 1, 0, 1, 1, 1, 1, 1, 0, 1, 2, 0, 1, 1, 1, 0, 0, 1, 0, 0, 1, 1, 2, 2, 1, 1, 0, 0, 0, 0, 0, 1, 1, 0, 0, 1, 1, 2, 2, 2, 0, 0, 0, 0, 1, 1, 1, 1, 1, 2, 2, 1, 2, 0, 1, 2, 1, 1, 0, 2, 1, 0, 2, 1, 1, 0, 1, 1, 2, 2, 0, 0, 1, 0, 1, 2, 0, 0, 2, 1, 0, 0, 0, 0, 0, 0, 0, 0, 2, 2, 0, 1, 1, 0, 1], "uids": ["0", "1", "2", "3", "4", "5", "6", "7", "8", "9", "10", "11", "12", "13", "14", "15", "16", "17", "18", "19", "20", "21", "22", "23", "24", "25", "26", "27", "28", "29", "30", "31", "32", "33", "34", "35", "36", "37", "38", "39", "40", "41", "42", "43", "44", "45", "46", "47", "48", "49", "50", "51", "52", "53", "54", "55", "56", "57", "58", "59", "60", "61", "62", "63", "64", "65", "66", "67", "68", "69", "70", "71", "72", "73", "74", "75", "76", "77", "78", "79", "80", "81", "82", "83", "84", "85", "86", "87", "88", "89", "90", "91", "92", "93", "94", "95", "96", "97", "98", "99", "100", "101", "102", "103", "104", "105", "106", "107", "108", "109", "110", "111", "112", "113", "114", "115", "116", "117", "118", "119", "120", "121", "122", "123", "124", "125", "126", "127", "128", "129", "130", "131", "132", "133", "134", "135", "136", "137", "138", "139", "140", "141", "142"], "scores": [0.06093154475092888, 0.610648512840271, 0.27506232261657715, 0.05335761234164238, 0.01836831122636795, 0.9245456457138062, 0.04806351289153099, 0.009022451937198639, 0.48719412088394165, 0.4379931092262268, 0.049773119390010834, 0.025039667263627052, 0.21212396025657654, 0.5924127101898193, 0.14669294655323029, 0.048770416527986526, 0.5916197896003723, 0.17800669372081757, 0.18681979179382324, 0.043553758412599564, 0.6081896424293518, 0.23310509324073792, 0.12269888073205948, 0.03600635379552841, 0.15741349756717682, 0.6893525719642639, 0.12708409130573273, 0.026149768382310867, 0.1314472109079361, 0.6918041110038757, 0.15790972113609314, 0.018839003518223763, 0.09752074629068375, 0.47602108120918274, 0.4092331528663635, 0.017225030809640884, 0.14164243638515472, 0.7367276549339294, 0.09361482411623001, 0.02801515720784664, 0.07743434607982635, 0.8563022017478943, 0.052922673523426056, 0.013340822421014309, 0.32058051228523254, 0.24867726862430573, 0.40104544162750244, 0.02969679981470108, 0.10488969087600708, 0.3558006286621094, 0.510040283203125, 0.0292693842202425, 0.3980215787887573, 0.3590000867843628, 0.2122420072555542, 0.030736364424228668, 0.1921330690383911, 0.5225334763526917, 0.2713643014431, 0.013969187624752522, 0.30471715331077576, 0.14488078653812408, 0.48292776942253113, 0.06747432798147202, 0.4194856882095337, 0.14819768071174622, 0.309952050447464, 0.1223645806312561, 0.44719699025154114, 0.13496659696102142, 0.3256263732910156, 0.09221001714468002, 0.4049851894378662, 0.20476923882961273, 0.27371126413345337, 0.11653432995080948, 0.9404827952384949, 0.017967624589800835, 0.02711656130850315, 0.014433068223297596, 0.06420266628265381, 0.856225848197937, 0.06891904771327972, 0.010652466677129269, 0.03393068164587021, 0.9471482634544373, 0.012187131680548191, 0.006733923684805632, 0.7503479719161987, 0.20137423276901245, 0.03836894407868385, 0.009908895939588547, 0.5677404999732971, 0.15391892194747925, 0.24397027492523193, 0.034370239824056625, 0.7228266596794128, 0.06666526943445206, 0.1850033700466156, 0.0255047045648098, 0.02892920933663845, 0.6691246032714844, 0.28579187393188477, 0.016154224053025246, 0.03533860296010971, 0.8785203099250793, 0.07963145524263382, 0.006509627215564251, 0.020978771150112152, 0.8935385942459106, 0.07431551069021225, 0.01116710714995861, 0.17068031430244446, 0.09626591950654984, 0.6909213066101074, 0.04213245213031769, 0.4997941553592682, 0.2511977553367615, 0.22411774098873138, 0.02489035576581955, 0.67926025390625, 0.039835814386606216, 0.2496016025543213, 0.03130229562520981, 0.13421133160591125, 0.8050661087036133, 0.05567009001970291, 0.005052387248724699, 0.02200791798532009, 0.7500338554382324, 0.20893223583698273, 0.01902601309120655, 0.02849845588207245, 0.742555558681488, 0.20901745557785034, 0.01992855593562126, 0.026971964165568352, 0.6837548017501831, 0.2655417323112488, 0.023731568828225136, 0.05742886662483215, 0.8099002242088318, 0.1234431341290474, 0.00922786071896553, 0.053667448461055756, 0.811484158039093, 0.12130981683731079, 0.013538587838411331, 0.08561108261346817, 0.10877260565757751, 0.7784644961357117, 0.02715183049440384, 0.6861419081687927, 0.06921979784965515, 0.22475993633270264, 0.019878389313817024, 0.4560348093509674, 0.22758135199546814, 0.2961069941520691, 0.02027687057852745, 0.6301243901252747, 0.23433378338813782, 0.11649376899003983, 0.019048063084483147, 0.5591498613357544, 0.16227233409881592, 0.257656455039978, 0.02092132903635502, 0.6500107049942017, 0.29406142234802246, 0.044096026569604874, 0.011831840500235558, 0.7887425422668457, 0.04724833741784096, 0.09103693068027496, 0.07297215610742569, 0.6999006867408752, 0.16056731343269348, 0.10328781604766846, 0.03624420240521431, 0.16315095126628876, 0.05796603858470917, 0.751492977142334, 0.02739005722105503, 0.18230605125427246, 0.16494259238243103, 0.6264365315437317, 0.02631487138569355, 0.4692031443119049, 0.44403591752052307, 0.0682060569524765, 0.01855488494038582, 0.08491609990596771, 0.40561309456825256, 0.4843365252017975, 0.025134272873401642, 0.17420345544815063, 0.7355086803436279, 0.07710685580968857, 0.013180908747017384, 0.4181589186191559, 0.3864136040210724, 0.180650994181633, 0.014776481315493584, 0.19140373170375824, 0.7452239990234375, 0.05524780601263046, 0.008124549873173237, 0.3679101765155792, 0.5929072499275208, 0.031988516449928284, 0.007194042671471834, 0.046932999044656754, 0.8624079823493958, 0.08068838715553284, 0.009970627725124359, 0.2229035645723343, 0.6063680052757263, 0.15049433708190918, 0.02023404650390148, 0.09764543175697327, 0.8402576446533203, 0.05296078696846962, 0.00913623534142971, 0.5803632140159607, 0.20442494750022888, 0.1919528692960739, 0.023258941248059273, 0.05333556607365608, 0.9013640880584717, 0.03595124930143356, 0.009349094703793526, 0.2374708652496338, 0.11097005009651184, 0.6099413633346558, 0.041617803275585175, 0.5595306754112244, 0.16348996758460999, 0.24719412624835968, 0.029785241931676865, 0.31717735528945923, 0.5258944630622864, 0.14155539870262146, 0.015372784808278084, 0.15051467716693878, 0.7478771209716797, 0.07809228450059891, 0.023515885695815086, 0.2836533784866333, 0.5405997037887573, 0.1091306135058403, 0.06661627441644669, 0.3587314486503601, 0.308209091424942, 0.29340723156929016, 0.03965223208069801, 0.5272682905197144, 0.2418457567691803, 0.2035708725452423, 0.02731500193476677, 0.073243647813797, 0.7092146277427673, 0.18771739304065704, 0.029824355617165565, 0.5891295075416565, 0.17978467047214508, 0.19949953258037567, 0.03158621862530708, 0.4420616030693054, 0.18566665053367615, 0.3469301760196686, 0.02534155361354351, 0.35379594564437866, 0.38682472705841064, 0.23645693063735962, 0.022922435775399208, 0.22598892450332642, 0.4525725245475769, 0.31503593921661377, 0.006402592174708843, 0.09073949605226517, 0.20735932886600494, 0.6693454384803772, 0.032555729150772095, 0.1394924521446228, 0.11200793832540512, 0.7128713130950928, 0.03562823683023453, 0.22986631095409393, 0.5523440837860107, 0.17994223535060883, 0.03784731402993202, 0.3625166118144989, 0.5022627711296082, 0.10232973843812943, 0.032890867441892624, 0.4100726544857025, 0.16233548521995544, 0.3854514956474304, 0.04214039444923401, 0.6654187440872192, 0.18418483436107635, 0.1138753890991211, 0.036521073430776596, 0.8725350499153137, 0.09959513694047928, 0.02014874294400215, 0.0077211144380271435, 0.4894717037677765, 0.22105789184570312, 0.13324399292469025, 0.15622638165950775, 0.49023550748825073, 0.10983795672655106, 0.32844552397727966, 0.07148098945617676, 